/* interp_me - generated by tools/build_agc_pipes.py from interp_me.pipe. DO NOT EDIT.
 * Compiled with amdllpc -gfxip=10.1.3 (gfx1013); register values derived from
 * the PAL metadata in the resulting ELF's AMDGPU Metadata note. */
#ifndef EVO_AGC_PIPE_INTERP_ME_H
#define EVO_AGC_PIPE_INTERP_ME_H

#include "evo_agc_shader_header.h"

#define INTERP_ME_GS_ISA_BYTES 272u
#define INTERP_ME_PS_ISA_BYTES 15660u
#define INTERP_ME_GS_RSRC1 0x2a2c0081u
#define INTERP_ME_GS_RSRC2 0x00000008u
#define INTERP_ME_PS_RSRC1 0x022c00d3u
#define INTERP_ME_PS_RSRC2 0x00000004u
#define INTERP_ME_GE_CNTL 0x0000fc80u
#define INTERP_ME_SHADER_STAGES_EN 0x02412010u
#define INTERP_ME_GS_OUT_PRIM_TYPE 0x00000002u
#define INTERP_ME_DRAW_MODIFIER 0x0000000000000005ull
#define INTERP_ME_GS_USER_SGPRS 4u
#define INTERP_ME_PS_USER_SGPRS 2u
#define INTERP_ME_VS_CONST_TABLE_DWORD 1
#define INTERP_ME_VS_VERTEX_TABLE_DWORD -1
#define INTERP_ME_PS_CONST_TABLE_DWORD -1
#define INTERP_ME_PS_TEXTURE_TABLE_DWORD 1
#define INTERP_ME_VS_WRITE_COUNT 2u
#define INTERP_ME_PS_WRITE_COUNT 2u

/* PAL user_data_reg_map, for cross-checking the user-SGPR layout the runtime
 * writes at SH 0x8c (vertex) and 0x0c (pixel):
 *   gs: [268435456, 0, 268435459, 268435460, 4294967295, 4294967295, 4294967295, 4294967295, 4294967295, 4294967295, 4294967295, 4294967295, 4294967295, 4294967295, 4294967295, 4294967295, 4294967295, 4294967295, 4294967295, 4294967295, 4294967295, 4294967295, 4294967295, 4294967295, 4294967295, 4294967295, 4294967295, 4294967295, 4294967295, 4294967295, 4294967295, 4294967295]
 *   ps: [268435456, 0, 4294967295, 4294967295, 4294967295, 4294967295, 4294967295, 4294967295, 4294967295, 4294967295, 4294967295, 4294967295, 4294967295, 4294967295, 4294967295, 4294967295, 4294967295, 4294967295, 4294967295, 4294967295, 4294967295, 4294967295, 4294967295, 4294967295, 4294967295, 4294967295, 4294967295, 4294967295, 4294967295, 4294967295, 4294967295, 4294967295]
 * 0x10000003 = base vertex, 0x10000004 = base instance, 0x10000005 = draw index;
 * small values are descriptor-table slots in [ResourceMapping] order. */

static const uint8_t interp_me_gs_isa[272] __attribute__((aligned(256))) = {
    0xc1, 0x03, 0xfe, 0xbe, 0x03, 0xff, 0x81, 0x93, 0x18, 0x00, 0x04, 0x00, 0x02, 0xff, 0x84, 0x93,
    0x16, 0x00, 0x09, 0x00, 0x02, 0xff, 0x82, 0x93, 0x0c, 0x00, 0x09, 0x00, 0x09, 0x03, 0x80, 0xbe,
    0x01, 0x80, 0x07, 0xbf, 0x00, 0x00, 0x8a, 0xbf, 0x03, 0x00, 0x85, 0xbf, 0x04, 0x8c, 0x03, 0x8f,
    0x03, 0x02, 0x7c, 0x88, 0x09, 0x00, 0x90, 0xbf, 0x01, 0x00, 0x65, 0xd7, 0xc1, 0x00, 0x01, 0x00,
    0x01, 0x00, 0x6f, 0xd7, 0x01, 0x0a, 0x05, 0x04, 0x02, 0x02, 0x88, 0x7d, 0x6a, 0x3c, 0x83, 0xbe,
    0x1f, 0x00, 0x88, 0xbf, 0x00, 0x1f, 0x86, 0xbe, 0x0a, 0x0a, 0x04, 0x4a, 0x07, 0x03, 0x81, 0xbe,
    0x00, 0x03, 0x08, 0xf4, 0x00, 0x00, 0x00, 0xfa, 0x03, 0x00, 0x48, 0xd5, 0x02, 0x03, 0x05, 0x02,
    0x81, 0x04, 0x08, 0x36, 0xf2, 0x02, 0x04, 0x7e, 0x03, 0x23, 0x0a, 0x7e, 0x06, 0x00, 0x46, 0xd7,
    0x04, 0x03, 0x05, 0x03, 0x07, 0x00, 0x46, 0xd7, 0x03, 0x03, 0x05, 0x03, 0x04, 0x23, 0x10, 0x7e,
    0x80, 0x02, 0x08, 0x7e, 0xf2, 0x0a, 0x0a, 0x08, 0x06, 0x0b, 0x06, 0x7e, 0x07, 0x0b, 0x0c, 0x7e,
    0x7f, 0xc0, 0x8c, 0xbf, 0x01, 0x00, 0xa1, 0xbf, 0x06, 0x04, 0x28, 0xf4, 0x00, 0x00, 0x00, 0xfa,
    0x06, 0x00, 0x20, 0xf4, 0x14, 0x00, 0x00, 0xfa, 0x7f, 0xc0, 0x8c, 0xbf, 0x07, 0x00, 0x4b, 0xd5,
    0x12, 0x10, 0x42, 0x00, 0x08, 0x00, 0x4b, 0xd5, 0x13, 0x0a, 0x46, 0x00, 0x00, 0x02, 0x12, 0x7e,
    0x7e, 0x03, 0x7e, 0x88, 0x04, 0x02, 0x88, 0x7d, 0x6a, 0x3c, 0x80, 0xbe, 0x02, 0x00, 0x88, 0xbf,
    0x41, 0x09, 0x00, 0xf8, 0x00, 0x00, 0x00, 0x00, 0x0f, 0xff, 0x8c, 0xbf, 0x7e, 0x00, 0x7e, 0x88,
    0x02, 0x02, 0x88, 0x7d, 0x6a, 0x3c, 0x80, 0xbe, 0x04, 0x00, 0x88, 0xbf, 0xcf, 0x08, 0x00, 0xf8,
    0x03, 0x06, 0x04, 0x02, 0x07, 0x02, 0x00, 0xf8, 0x07, 0x08, 0x09, 0x00, 0x00, 0x00, 0x81, 0xbf,
};

static const uint8_t interp_me_ps_isa[15660] __attribute__((aligned(256))) = {
    0x7e, 0x04, 0x98, 0xbe, 0x7e, 0x0a, 0xfe, 0xbe, 0x01, 0x03, 0x9a, 0xbe, 0x00, 0x1f, 0x80, 0xbe,
    0x02, 0x03, 0xfc, 0xbe, 0x01, 0x03, 0x9b, 0xbe, 0x01, 0x00, 0xa1, 0xbf, 0x0d, 0x02, 0x0c, 0xf4,
    0x00, 0x00, 0x00, 0xfa, 0x0d, 0x04, 0x0c, 0xf4, 0x60, 0x00, 0x00, 0xfa, 0x00, 0x00, 0x08, 0xc8,
    0x00, 0x01, 0x0c, 0xc8, 0xff, 0x02, 0x08, 0x7e, 0x00, 0x00, 0x20, 0xc0, 0xff, 0x02, 0x18, 0x7e,
    0x00, 0x00, 0xc0, 0xbf, 0xff, 0x02, 0x5c, 0x7e, 0x00, 0x00, 0xc0, 0x3f, 0x01, 0x00, 0x09, 0xc8,
    0x01, 0x01, 0x0d, 0xc8, 0xff, 0x02, 0x40, 0x7e, 0x00, 0x00, 0x20, 0x40, 0x7f, 0xc0, 0x8c, 0xbf,
    0x05, 0x00, 0x4e, 0xd5, 0x0a, 0x12, 0x78, 0x02, 0x0a, 0xff, 0x80, 0x93, 0x0e, 0x00, 0x0e, 0x00,
    0x0b, 0xff, 0x81, 0x93, 0x0c, 0x00, 0x04, 0x00, 0x00, 0x81, 0x00, 0x81, 0x12, 0xff, 0x84, 0x93,
    0x0e, 0x00, 0x0e, 0x00, 0x05, 0x05, 0x06, 0x7e, 0x00, 0x01, 0x00, 0x90, 0x13, 0xff, 0x9c, 0x93,
    0x0c, 0x00, 0x04, 0x00, 0x04, 0x81, 0x04, 0x81, 0x00, 0x81, 0x80, 0x84, 0x03, 0xff, 0x03, 0x87,
    0xff, 0x3f, 0x00, 0x00, 0x00, 0x8f, 0x05, 0x81, 0x03, 0x81, 0x03, 0x81, 0x05, 0x84, 0x05, 0x90,
    0x03, 0x01, 0x01, 0x90, 0x04, 0x1c, 0x03, 0x90, 0x01, 0x81, 0x81, 0x84, 0x05, 0x0c, 0x0e, 0x7e,
    0x01, 0x8f, 0x04, 0x81, 0x05, 0x00, 0x4e, 0xd5, 0x12, 0x22, 0x78, 0x02, 0x04, 0x84, 0x04, 0x90,
    0x00, 0x0c, 0x92, 0x7e, 0x04, 0x0c, 0x0c, 0x7e, 0x03, 0x0f, 0x06, 0x10, 0x05, 0x05, 0x3a, 0x7e,
    0x07, 0x57, 0x0a, 0x7e, 0x01, 0x0c, 0x94, 0x7e, 0x02, 0x0d, 0x04, 0x10, 0x03, 0x49, 0x06, 0x7e,
    0x1d, 0xff, 0x1d, 0x87, 0xff, 0x3f, 0x00, 0x00, 0x06, 0x57, 0x0c, 0x7e, 0x1d, 0x81, 0x1d, 0x81,
    0x02, 0x49, 0x04, 0x7e, 0xf0, 0x06, 0x06, 0x06, 0x1d, 0x1c, 0x00, 0x90, 0x03, 0x81, 0x83, 0x84,
    0x00, 0x81, 0x80, 0x84, 0xf0, 0x04, 0x04, 0x06, 0x0d, 0x01, 0x08, 0xf4, 0x80, 0x00, 0x00, 0xfa,
    0x03, 0x0c, 0x0e, 0x7e, 0x03, 0x93, 0x06, 0x10, 0x00, 0x0c, 0x10, 0x7e, 0x02, 0x95, 0x04, 0x10,
    0x13, 0xff, 0x00, 0x87, 0xff, 0xff, 0xff, 0x0f, 0x07, 0x57, 0x96, 0x7e, 0x03, 0x0b, 0x90, 0x10,
    0x08, 0x57, 0x98, 0x7e, 0x02, 0x0d, 0x8e, 0x10, 0x13, 0x80, 0x04, 0xbf, 0x13, 0x00, 0x13, 0x85,
    0x19, 0x00, 0x4b, 0xd5, 0x48, 0xff, 0xc5, 0x03, 0x00, 0x00, 0x80, 0x3e, 0x47, 0x09, 0x04, 0x58,
    0x00, 0x00, 0x80, 0x3e, 0xff, 0x90, 0x08, 0x56, 0x00, 0x00, 0x80, 0x3e, 0x47, 0x19, 0x06, 0x58,
    0x00, 0x00, 0x80, 0x3e, 0x05, 0x00, 0x4b, 0xd5, 0x47, 0xff, 0xc5, 0x03, 0x00, 0x00, 0x80, 0x3e,
    0x06, 0x00, 0x4b, 0xd5, 0x47, 0xff, 0xc1, 0x03, 0x00, 0x00, 0x80, 0x3e, 0x42, 0x80, 0x08, 0xd5,
    0x02, 0x99, 0x02, 0x00, 0x33, 0x80, 0x08, 0xd5, 0x04, 0x97, 0x02, 0x00, 0x32, 0x80, 0x08, 0xd5,
    0x03, 0x99, 0x02, 0x00, 0x44, 0x80, 0x08, 0xd5, 0x05, 0x99, 0x02, 0x00, 0x7f, 0xc0, 0x8c, 0xbf,
    0x08, 0x03, 0x80, 0xf0, 0x32, 0x02, 0x24, 0x00, 0x0a, 0x03, 0x80, 0xf0, 0x42, 0x04, 0x24, 0x00,
    0x33, 0x00, 0x00, 0x00, 0x47, 0x5d, 0x10, 0x58, 0x00, 0x00, 0x80, 0x3e, 0x3b, 0x80, 0x08, 0xd5,
    0x06, 0x99, 0x02, 0x00, 0x0a, 0x03, 0x80, 0xf0, 0x44, 0x06, 0x24, 0x00, 0x33, 0x00, 0x00, 0x00,
    0x47, 0x41, 0x14, 0x58, 0x00, 0x00, 0x80, 0x3e, 0xff, 0x90, 0x18, 0x56, 0x00, 0x00, 0x80, 0x3e,
    0x45, 0x80, 0x08, 0xd5, 0x08, 0x99, 0x02, 0x00, 0x3c, 0x80, 0x08, 0xd5, 0x19, 0x97, 0x02, 0x00,
    0xff, 0x90, 0x40, 0x56, 0x00, 0x00, 0x80, 0x3e, 0x46, 0x80, 0x08, 0xd5, 0x0a, 0x99, 0x02, 0x00,
    0x43, 0x80, 0x08, 0xd5, 0x0c, 0x97, 0x02, 0x00, 0x0a, 0x03, 0x80, 0xf0, 0x45, 0x0a, 0x24, 0x00,
    0x33, 0x00, 0x00, 0x00, 0x0a, 0x03, 0x80, 0xf0, 0x3b, 0x08, 0x24, 0x00, 0x33, 0x00, 0x00, 0x00,
    0x0a, 0x03, 0x80, 0xf0, 0x46, 0x0c, 0x24, 0x00, 0x33, 0x00, 0x00, 0x00, 0x08, 0x03, 0x80, 0xf0,
    0x42, 0x0e, 0x24, 0x00, 0x0a, 0x03, 0x80, 0xf0, 0x32, 0x10, 0x24, 0x00, 0x43, 0x00, 0x00, 0x00,
    0x0a, 0x03, 0x80, 0xf0, 0x44, 0x12, 0x24, 0x00, 0x43, 0x00, 0x00, 0x00, 0x0a, 0x03, 0x80, 0xf0,
    0x3b, 0x14, 0x24, 0x00, 0x43, 0x00, 0x00, 0x00, 0x0a, 0x03, 0x80, 0xf0, 0x45, 0x16, 0x24, 0x00,
    0x43, 0x00, 0x00, 0x00, 0x0a, 0x03, 0x80, 0xf0, 0x46, 0x18, 0x24, 0x00, 0x43, 0x00, 0x00, 0x00,
    0x0a, 0x03, 0x80, 0xf0, 0x42, 0x1a, 0x24, 0x00, 0x3c, 0x00, 0x00, 0x00, 0x0a, 0x03, 0x80, 0xf0,
    0x32, 0x1c, 0x24, 0x00, 0x3c, 0x00, 0x00, 0x00, 0x0a, 0x03, 0x80, 0xf0, 0x44, 0x1e, 0x24, 0x00,
    0x3c, 0x00, 0x00, 0x00, 0x21, 0x00, 0x4b, 0xd5, 0x48, 0xff, 0xc1, 0x03, 0x00, 0x00, 0x80, 0x3e,
    0xff, 0x90, 0x5c, 0x56, 0x00, 0x00, 0x80, 0x3e, 0x4d, 0x80, 0x08, 0xd5, 0x20, 0x97, 0x02, 0x00,
    0x80, 0x03, 0x80, 0xbe, 0x43, 0x80, 0x08, 0xd5, 0x21, 0x97, 0x02, 0x00, 0x0a, 0x03, 0x80, 0xf0,
    0x42, 0x20, 0x24, 0x00, 0x4d, 0x00, 0x00, 0x00, 0x08, 0x03, 0x80, 0xf0, 0x42, 0x22, 0x24, 0x00,
    0x0a, 0x03, 0x80, 0xf0, 0x44, 0x24, 0x24, 0x00, 0x43, 0x00, 0x00, 0x00, 0x0a, 0x03, 0x80, 0xf0,
    0x44, 0x26, 0x24, 0x00, 0x4d, 0x00, 0x00, 0x00, 0x0a, 0x03, 0x80, 0xf0, 0x45, 0x28, 0x24, 0x00,
    0x3c, 0x00, 0x00, 0x00, 0x0a, 0x03, 0x80, 0xf0, 0x45, 0x2a, 0x24, 0x00, 0x43, 0x00, 0x00, 0x00,
    0x0a, 0x03, 0x80, 0xf0, 0x45, 0x2c, 0x24, 0x00, 0x4d, 0x00, 0x00, 0x00, 0x75, 0x7f, 0x8c, 0xbf,
    0x02, 0x07, 0x06, 0x08, 0x74, 0x7f, 0x8c, 0xbf, 0x04, 0x0b, 0x0a, 0x08, 0x73, 0x7f, 0x8c, 0xbf,
    0x06, 0x0f, 0x0e, 0x08, 0x03, 0x03, 0x03, 0xd5, 0x03, 0x0b, 0x02, 0x00, 0x03, 0x01, 0x03, 0xd5,
    0x07, 0x07, 0x02, 0x00, 0x72, 0x7f, 0x8c, 0xbf, 0x0a, 0x17, 0x0e, 0x08, 0x71, 0x7f, 0x8c, 0xbf,
    0x08, 0x13, 0x0a, 0x08, 0x80, 0x02, 0x12, 0x7e, 0x80, 0x02, 0x16, 0x7e, 0x03, 0x01, 0x03, 0xd5,
    0x05, 0x07, 0x02, 0x00, 0x70, 0x7f, 0x8c, 0xbf, 0x0c, 0x1b, 0x0a, 0x08, 0x03, 0x01, 0x03, 0xd5,
    0x07, 0x07, 0x02, 0x00, 0x7f, 0x3f, 0x8c, 0xbf, 0x0e, 0x1f, 0x0e, 0x08, 0x03, 0x01, 0x03, 0xd5,
    0x05, 0x07, 0x02, 0x00, 0x7e, 0x3f, 0x8c, 0xbf, 0x10, 0x23, 0x0a, 0x08, 0x03, 0x01, 0x03, 0xd5,
    0x07, 0x07, 0x02, 0x00, 0x7d, 0x3f, 0x8c, 0xbf, 0x12, 0x27, 0x0e, 0x08, 0x03, 0x01, 0x03, 0xd5,
    0x05, 0x07, 0x02, 0x00, 0x7c, 0x3f, 0x8c, 0xbf, 0x14, 0x2b, 0x0a, 0x08, 0x03, 0x01, 0x03, 0xd5,
    0x07, 0x07, 0x02, 0x00, 0x7b, 0x3f, 0x8c, 0xbf, 0x16, 0x2f, 0x0e, 0x08, 0x03, 0x01, 0x03, 0xd5,
    0x05, 0x07, 0x02, 0x00, 0x7a, 0x3f, 0x8c, 0xbf, 0x18, 0x33, 0x0a, 0x08, 0x03, 0x01, 0x03, 0xd5,
    0x07, 0x07, 0x02, 0x00, 0x79, 0x3f, 0x8c, 0xbf, 0x1a, 0x37, 0x0e, 0x08, 0x03, 0x01, 0x03, 0xd5,
    0x05, 0x07, 0x02, 0x00, 0x05, 0x80, 0x08, 0xd5, 0x2e, 0x97, 0x02, 0x00, 0x0a, 0x03, 0x80, 0xf0,
    0x32, 0x2e, 0x24, 0x00, 0x43, 0x00, 0x00, 0x00, 0x0a, 0x03, 0x80, 0xf0, 0x32, 0x30, 0x24, 0x00,
    0x05, 0x00, 0x00, 0x00, 0x0a, 0x03, 0x80, 0xf0, 0x32, 0x32, 0x24, 0x00, 0x4d, 0x00, 0x00, 0x00,
    0x08, 0x03, 0x80, 0xf0, 0x3b, 0x34, 0x24, 0x00, 0x0a, 0x03, 0x80, 0xf0, 0x3b, 0x36, 0x24, 0x00,
    0x43, 0x00, 0x00, 0x00, 0x0a, 0x03, 0x80, 0xf0, 0x3b, 0x38, 0x24, 0x00, 0x05, 0x00, 0x00, 0x00,
    0x0a, 0x03, 0x80, 0xf0, 0x3b, 0x3a, 0x24, 0x00, 0x4d, 0x00, 0x00, 0x00, 0x0a, 0x03, 0x80, 0xf0,
    0x46, 0x3c, 0x24, 0x00, 0x3c, 0x00, 0x00, 0x00, 0x0a, 0x03, 0x80, 0xf0, 0x46, 0x3e, 0x24, 0x00,
    0x43, 0x00, 0x00, 0x00, 0x0a, 0x03, 0x80, 0xf0, 0x46, 0x40, 0x24, 0x00, 0x05, 0x00, 0x00, 0x00,
    0x0a, 0x03, 0x80, 0xf0, 0x42, 0x42, 0x24, 0x00, 0x05, 0x00, 0x00, 0x00, 0x03, 0x01, 0x03, 0xd5,
    0x07, 0x07, 0x02, 0x00, 0x73, 0x7f, 0x8c, 0xbf, 0x1c, 0x3b, 0x0e, 0x08, 0x03, 0x01, 0x03, 0xd5,
    0x07, 0x07, 0x02, 0x00, 0x72, 0x7f, 0x8c, 0xbf, 0x1e, 0x3f, 0x0e, 0x08, 0x03, 0x01, 0x03, 0xd5,
    0x07, 0x07, 0x02, 0x00, 0x77, 0x3f, 0x8c, 0xbf, 0x34, 0x6b, 0x0e, 0x08, 0x03, 0x01, 0x03, 0xd5,
    0x07, 0x07, 0x02, 0x00, 0x28, 0x53, 0x0e, 0x08, 0x03, 0x01, 0x03, 0xd5, 0x07, 0x07, 0x02, 0x00,
    0x73, 0x3f, 0x8c, 0xbf, 0x3c, 0x7b, 0x0e, 0x08, 0x03, 0x01, 0x03, 0xd5, 0x07, 0x07, 0x02, 0x00,
    0x22, 0x47, 0x0e, 0x08, 0x03, 0x01, 0x03, 0xd5, 0x07, 0x07, 0x02, 0x00, 0x2e, 0x5f, 0x0e, 0x08,
    0x03, 0x01, 0x03, 0xd5, 0x07, 0x07, 0x02, 0x00, 0x24, 0x4b, 0x0e, 0x08, 0x03, 0x01, 0x03, 0xd5,
    0x07, 0x07, 0x02, 0x00, 0x36, 0x6f, 0x0e, 0x08, 0x03, 0x01, 0x03, 0xd5, 0x07, 0x07, 0x02, 0x00,
    0x2a, 0x57, 0x0e, 0x08, 0x03, 0x01, 0x03, 0xd5, 0x07, 0x07, 0x02, 0x00, 0x72, 0x3f, 0x8c, 0xbf,
    0x3e, 0x7f, 0x0e, 0x08, 0x03, 0x01, 0x03, 0xd5, 0x07, 0x07, 0x02, 0x00, 0x70, 0x3f, 0x8c, 0xbf,
    0x42, 0x87, 0x0e, 0x08, 0x0a, 0x03, 0x80, 0xf0, 0x44, 0x43, 0x24, 0x00, 0x05, 0x00, 0x00, 0x00,
    0x03, 0x01, 0x03, 0xd5, 0x07, 0x07, 0x02, 0x00, 0x30, 0x63, 0x0e, 0x08, 0x03, 0x01, 0x03, 0xd5,
    0x07, 0x07, 0x02, 0x00, 0x70, 0x3f, 0x8c, 0xbf, 0x43, 0x89, 0x0e, 0x08, 0x0a, 0x03, 0x80, 0xf0,
    0x45, 0x44, 0x24, 0x00, 0x05, 0x00, 0x00, 0x00, 0x03, 0x01, 0x03, 0xd5, 0x07, 0x07, 0x02, 0x00,
    0x38, 0x73, 0x0e, 0x08, 0x03, 0x01, 0x03, 0xd5, 0x07, 0x07, 0x02, 0x00, 0xff, 0x8e, 0x0e, 0x10,
    0x00, 0x00, 0x80, 0x3e, 0x70, 0x3f, 0x8c, 0xbf, 0x44, 0x8b, 0x0a, 0x08, 0x0a, 0x03, 0x80, 0xf0,
    0x46, 0x45, 0x24, 0x00, 0x4d, 0x00, 0x00, 0x00, 0x03, 0x01, 0x03, 0xd5, 0x05, 0x07, 0x02, 0x00,
    0x40, 0x83, 0x0a, 0x08, 0x03, 0x01, 0x03, 0xd5, 0x05, 0x07, 0x02, 0x00, 0x20, 0x43, 0x0a, 0x08,
    0x03, 0x01, 0x03, 0xd5, 0x05, 0x07, 0x02, 0x00, 0x32, 0x67, 0x0a, 0x08, 0x03, 0x01, 0x03, 0xd5,
    0x05, 0x07, 0x02, 0x00, 0x26, 0x4f, 0x0a, 0x08, 0x03, 0x01, 0x03, 0xd5, 0x05, 0x07, 0x02, 0x00,
    0x3a, 0x77, 0x0a, 0x08, 0x03, 0x01, 0x03, 0xd5, 0x05, 0x07, 0x02, 0x00, 0x2c, 0x5b, 0x0a, 0x08,
    0x03, 0x01, 0x03, 0xd5, 0x05, 0x07, 0x02, 0x00, 0x70, 0x3f, 0x8c, 0xbf, 0x45, 0x8d, 0x0a, 0x08,
    0x03, 0x01, 0x03, 0xd5, 0x05, 0x07, 0x02, 0x00, 0xff, 0x90, 0x0a, 0x10, 0x00, 0x00, 0x80, 0x3e,
    0x03, 0x00, 0x82, 0xbf, 0x00, 0x81, 0x00, 0x81, 0x00, 0x89, 0x07, 0xbf, 0x46, 0x01, 0x84, 0xbf,
    0x00, 0x84, 0x06, 0xbf, 0xfb, 0xff, 0x85, 0xbf, 0x00, 0xff, 0x01, 0x87, 0xff, 0x00, 0x00, 0x00,
    0xab, 0x00, 0x01, 0xb8, 0x01, 0x89, 0x01, 0x90, 0x01, 0xff, 0x03, 0x93, 0xfd, 0x00, 0x00, 0x00,
    0x01, 0xc1, 0x01, 0x81, 0x03, 0x00, 0x03, 0x81, 0x01, 0x1a, 0x81, 0xbe, 0x03, 0xff, 0x03, 0x87,
    0xff, 0x00, 0x00, 0x00, 0x01, 0x0a, 0x1e, 0x7e, 0x03, 0xc1, 0x03, 0x81, 0x03, 0x0a, 0x1a, 0x7e,
    0xff, 0x1e, 0x26, 0x10, 0x00, 0x00, 0x00, 0x41, 0x0f, 0x0b, 0x1e, 0x58, 0x00, 0x00, 0x00, 0x41,
    0xff, 0x1a, 0x22, 0x10, 0x00, 0x00, 0x00, 0x41, 0x0d, 0x0f, 0x1a, 0x58, 0x00, 0x00, 0x00, 0x41,
    0xff, 0x1e, 0x2e, 0x06, 0x00, 0x00, 0x20, 0xc0, 0xff, 0x1a, 0x2a, 0x06, 0x00, 0x00, 0x20, 0xc0,
    0xff, 0x1a, 0x36, 0x06, 0x00, 0x00, 0xc0, 0xbf, 0x17, 0x80, 0x08, 0xd5, 0x17, 0x97, 0x02, 0x00,
    0x15, 0x80, 0x08, 0xd5, 0x15, 0x99, 0x02, 0x00, 0x1b, 0x80, 0x08, 0xd5, 0x1b, 0x99, 0x02, 0x00,
    0x0a, 0x02, 0x80, 0xf0, 0x15, 0x19, 0x24, 0x00, 0x17, 0x00, 0x00, 0x00, 0x0a, 0x02, 0x80, 0xf0,
    0x1b, 0x1d, 0x24, 0x00, 0x17, 0x00, 0x00, 0x00, 0x71, 0x3f, 0x8c, 0xbf, 0x04, 0x33, 0x32, 0x08,
    0x70, 0x3f, 0x8c, 0xbf, 0x02, 0x3b, 0x3a, 0x08, 0x19, 0x03, 0x03, 0xd5, 0x1d, 0x33, 0x02, 0x00,
    0xf1, 0x1a, 0x3a, 0x06, 0x1d, 0x80, 0x08, 0xd5, 0x1d, 0x99, 0x02, 0x00, 0x0a, 0x02, 0x80, 0xf0,
    0x1d, 0x1f, 0x24, 0x00, 0x17, 0x00, 0x00, 0x00, 0x70, 0x3f, 0x8c, 0xbf, 0x06, 0x3f, 0x3e, 0x08,
    0x19, 0x01, 0x03, 0xd5, 0x1f, 0x33, 0x02, 0x00, 0xf0, 0x1a, 0x3e, 0x06, 0x1f, 0x80, 0x08, 0xd5,
    0x1f, 0x99, 0x02, 0x00, 0x0a, 0x02, 0x80, 0xf0, 0x1f, 0x21, 0x24, 0x00, 0x17, 0x00, 0x00, 0x00,
    0x70, 0x3f, 0x8c, 0xbf, 0x08, 0x43, 0x42, 0x08, 0x19, 0x01, 0x03, 0xd5, 0x21, 0x33, 0x02, 0x00,
    0xff, 0x1a, 0x42, 0x06, 0x00, 0x00, 0xc0, 0x3f, 0xff, 0x1a, 0x1a, 0x06, 0x00, 0x00, 0x20, 0x40,
    0x21, 0x80, 0x08, 0xd5, 0x21, 0x99, 0x02, 0x00, 0x0d, 0x80, 0x08, 0xd5, 0x0d, 0x99, 0x02, 0x00,
    0x0a, 0x02, 0x80, 0xf0, 0x21, 0x23, 0x24, 0x00, 0x17, 0x00, 0x00, 0x00, 0x0a, 0x02, 0x80, 0xf0,
    0x0d, 0x17, 0x24, 0x00, 0x17, 0x00, 0x00, 0x00, 0x71, 0x3f, 0x8c, 0xbf, 0x0a, 0x47, 0x46, 0x08,
    0x70, 0x3f, 0x8c, 0xbf, 0x0c, 0x2f, 0x2e, 0x08, 0x19, 0x01, 0x03, 0xd5, 0x23, 0x33, 0x02, 0x00,
    0x17, 0x01, 0x03, 0xd5, 0x17, 0x33, 0x02, 0x00, 0xff, 0x1e, 0x32, 0x06, 0x00, 0x00, 0xc0, 0xbf,
    0x19, 0x80, 0x08, 0xd5, 0x19, 0x97, 0x02, 0x00, 0x0a, 0x02, 0x80, 0xf0, 0x15, 0x23, 0x24, 0x00,
    0x19, 0x00, 0x00, 0x00, 0x70, 0x3f, 0x8c, 0xbf, 0x0e, 0x47, 0x46, 0x08, 0x17, 0x01, 0x03, 0xd5,
    0x23, 0x2f, 0x02, 0x00, 0x0a, 0x02, 0x80, 0xf0, 0x1b, 0x23, 0x24, 0x00, 0x19, 0x00, 0x00, 0x00,
    0x70, 0x3f, 0x8c, 0xbf, 0x10, 0x47, 0x46, 0x08, 0x17, 0x01, 0x03, 0xd5, 0x23, 0x2f, 0x02, 0x00,
    0x0a, 0x02, 0x80, 0xf0, 0x1d, 0x23, 0x24, 0x00, 0x19, 0x00, 0x00, 0x00, 0x70, 0x3f, 0x8c, 0xbf,
    0x12, 0x47, 0x46, 0x08, 0x17, 0x01, 0x03, 0xd5, 0x23, 0x2f, 0x02, 0x00, 0x0a, 0x02, 0x80, 0xf0,
    0x1f, 0x23, 0x24, 0x00, 0x19, 0x00, 0x00, 0x00, 0x70, 0x3f, 0x8c, 0xbf, 0x14, 0x47, 0x46, 0x08,
    0x17, 0x01, 0x03, 0xd5, 0x23, 0x2f, 0x02, 0x00, 0x0a, 0x02, 0x80, 0xf0, 0x21, 0x23, 0x24, 0x00,
    0x19, 0x00, 0x00, 0x00, 0x0a, 0x02, 0x80, 0xf0, 0x0d, 0x19, 0x24, 0x00, 0x19, 0x00, 0x00, 0x00,
    0x71, 0x3f, 0x8c, 0xbf, 0x16, 0x47, 0x46, 0x08, 0x70, 0x3f, 0x8c, 0xbf, 0x18, 0x33, 0x32, 0x08,
    0x17, 0x01, 0x03, 0xd5, 0x23, 0x2f, 0x02, 0x00, 0x17, 0x01, 0x03, 0xd5, 0x19, 0x2f, 0x02, 0x00,
    0xf1, 0x1e, 0x32, 0x06, 0x19, 0x80, 0x08, 0xd5, 0x19, 0x97, 0x02, 0x00, 0x0a, 0x02, 0x80, 0xf0,
    0x15, 0x23, 0x24, 0x00, 0x19, 0x00, 0x00, 0x00, 0x70, 0x3f, 0x8c, 0xbf, 0x1a, 0x47, 0x46, 0x08,
    0x17, 0x01, 0x03, 0xd5, 0x23, 0x2f, 0x02, 0x00, 0x0a, 0x02, 0x80, 0xf0, 0x1b, 0x23, 0x24, 0x00,
    0x19, 0x00, 0x00, 0x00, 0x70, 0x3f, 0x8c, 0xbf, 0x1c, 0x47, 0x46, 0x08, 0x17, 0x01, 0x03, 0xd5,
    0x23, 0x2f, 0x02, 0x00, 0x0a, 0x02, 0x80, 0xf0, 0x1d, 0x23, 0x24, 0x00, 0x19, 0x00, 0x00, 0x00,
    0x70, 0x3f, 0x8c, 0xbf, 0x1e, 0x47, 0x46, 0x08, 0x17, 0x01, 0x03, 0xd5, 0x23, 0x2f, 0x02, 0x00,
    0x0a, 0x02, 0x80, 0xf0, 0x1f, 0x23, 0x24, 0x00, 0x19, 0x00, 0x00, 0x00, 0x70, 0x3f, 0x8c, 0xbf,
    0x34, 0x47, 0x46, 0x08, 0x17, 0x01, 0x03, 0xd5, 0x23, 0x2f, 0x02, 0x00, 0x0a, 0x02, 0x80, 0xf0,
    0x21, 0x23, 0x24, 0x00, 0x19, 0x00, 0x00, 0x00, 0x0a, 0x02, 0x80, 0xf0, 0x0d, 0x19, 0x24, 0x00,
    0x19, 0x00, 0x00, 0x00, 0x71, 0x3f, 0x8c, 0xbf, 0x28, 0x47, 0x46, 0x08, 0x70, 0x3f, 0x8c, 0xbf,
    0x3c, 0x33, 0x32, 0x08, 0x17, 0x01, 0x03, 0xd5, 0x23, 0x2f, 0x02, 0x00, 0x17, 0x01, 0x03, 0xd5,
    0x19, 0x2f, 0x02, 0x00, 0xf0, 0x1e, 0x32, 0x06, 0x19, 0x80, 0x08, 0xd5, 0x19, 0x97, 0x02, 0x00,
    0x0a, 0x02, 0x80, 0xf0, 0x15, 0x23, 0x24, 0x00, 0x19, 0x00, 0x00, 0x00, 0x70, 0x3f, 0x8c, 0xbf,
    0x22, 0x47, 0x46, 0x08, 0x17, 0x01, 0x03, 0xd5, 0x23, 0x2f, 0x02, 0x00, 0x0a, 0x02, 0x80, 0xf0,
    0x1b, 0x23, 0x24, 0x00, 0x19, 0x00, 0x00, 0x00, 0x70, 0x3f, 0x8c, 0xbf, 0x2e, 0x47, 0x46, 0x08,
    0x17, 0x01, 0x03, 0xd5, 0x23, 0x2f, 0x02, 0x00, 0x0a, 0x02, 0x80, 0xf0, 0x1d, 0x23, 0x24, 0x00,
    0x19, 0x00, 0x00, 0x00, 0x70, 0x3f, 0x8c, 0xbf, 0x24, 0x47, 0x46, 0x08, 0x17, 0x01, 0x03, 0xd5,
    0x23, 0x2f, 0x02, 0x00, 0x0a, 0x02, 0x80, 0xf0, 0x1f, 0x23, 0x24, 0x00, 0x19, 0x00, 0x00, 0x00,
    0x70, 0x3f, 0x8c, 0xbf, 0x36, 0x47, 0x46, 0x08, 0x17, 0x01, 0x03, 0xd5, 0x23, 0x2f, 0x02, 0x00,
    0x0a, 0x02, 0x80, 0xf0, 0x21, 0x23, 0x24, 0x00, 0x19, 0x00, 0x00, 0x00, 0x0a, 0x02, 0x80, 0xf0,
    0x0d, 0x19, 0x24, 0x00, 0x19, 0x00, 0x00, 0x00, 0x71, 0x3f, 0x8c, 0xbf, 0x2a, 0x47, 0x46, 0x08,
    0x70, 0x3f, 0x8c, 0xbf, 0x3e, 0x33, 0x32, 0x08, 0x17, 0x01, 0x03, 0xd5, 0x23, 0x2f, 0x02, 0x00,
    0x17, 0x01, 0x03, 0xd5, 0x19, 0x2f, 0x02, 0x00, 0xff, 0x1e, 0x32, 0x06, 0x00, 0x00, 0xc0, 0x3f,
    0xff, 0x1e, 0x1e, 0x06, 0x00, 0x00, 0x20, 0x40, 0x19, 0x80, 0x08, 0xd5, 0x19, 0x97, 0x02, 0x00,
    0x0f, 0x80, 0x08, 0xd5, 0x0f, 0x97, 0x02, 0x00, 0x0a, 0x02, 0x80, 0xf0, 0x15, 0x23, 0x24, 0x00,
    0x19, 0x00, 0x00, 0x00, 0x0a, 0x02, 0x80, 0xf0, 0x15, 0x15, 0x24, 0x00, 0x0f, 0x00, 0x00, 0x00,
    0x71, 0x3f, 0x8c, 0xbf, 0x42, 0x47, 0x46, 0x08, 0x17, 0x01, 0x03, 0xd5, 0x23, 0x2f, 0x02, 0x00,
    0x0a, 0x02, 0x80, 0xf0, 0x1b, 0x23, 0x24, 0x00, 0x19, 0x00, 0x00, 0x00, 0x70, 0x3f, 0x8c, 0xbf,
    0x30, 0x47, 0x46, 0x08, 0x17, 0x01, 0x03, 0xd5, 0x23, 0x2f, 0x02, 0x00, 0x0a, 0x02, 0x80, 0xf0,
    0x1d, 0x23, 0x24, 0x00, 0x19, 0x00, 0x00, 0x00, 0x70, 0x3f, 0x8c, 0xbf, 0x43, 0x47, 0x46, 0x08,
    0x17, 0x01, 0x03, 0xd5, 0x23, 0x2f, 0x02, 0x00, 0x0a, 0x02, 0x80, 0xf0, 0x1f, 0x23, 0x24, 0x00,
    0x19, 0x00, 0x00, 0x00, 0x70, 0x3f, 0x8c, 0xbf, 0x38, 0x47, 0x46, 0x08, 0x17, 0x01, 0x03, 0xd5,
    0x23, 0x2f, 0x02, 0x00, 0x0a, 0x02, 0x80, 0xf0, 0x21, 0x23, 0x24, 0x00, 0x19, 0x00, 0x00, 0x00,
    0x0a, 0x02, 0x80, 0xf0, 0x0d, 0x19, 0x24, 0x00, 0x19, 0x00, 0x00, 0x00, 0x0a, 0x02, 0x80, 0xf0,
    0x0d, 0x0d, 0x24, 0x00, 0x0f, 0x00, 0x00, 0x00, 0x20, 0x2b, 0x2a, 0x08, 0x72, 0x3f, 0x8c, 0xbf,
    0x44, 0x47, 0x46, 0x08, 0x71, 0x3f, 0x8c, 0xbf, 0x40, 0x33, 0x32, 0x08, 0x70, 0x3f, 0x8c, 0xbf,
    0x45, 0x1b, 0x1a, 0x08, 0x17, 0x01, 0x03, 0xd5, 0x23, 0x2f, 0x02, 0x00, 0x17, 0x01, 0x03, 0xd5,
    0x19, 0x2f, 0x02, 0x00, 0x15, 0x01, 0x03, 0xd5, 0x15, 0x2f, 0x02, 0x00, 0x0a, 0x02, 0x80, 0xf0,
    0x1b, 0x17, 0x24, 0x00, 0x0f, 0x00, 0x00, 0x00, 0x70, 0x3f, 0x8c, 0xbf, 0x32, 0x2f, 0x2e, 0x08,
    0x15, 0x01, 0x03, 0xd5, 0x17, 0x2b, 0x02, 0x00, 0x0a, 0x02, 0x80, 0xf0, 0x1d, 0x17, 0x24, 0x00,
    0x0f, 0x00, 0x00, 0x00, 0x70, 0x3f, 0x8c, 0xbf, 0x26, 0x2f, 0x2e, 0x08, 0x15, 0x01, 0x03, 0xd5,
    0x17, 0x2b, 0x02, 0x00, 0x0a, 0x02, 0x80, 0xf0, 0x1f, 0x17, 0x24, 0x00, 0x0f, 0x00, 0x00, 0x00,
    0x70, 0x3f, 0x8c, 0xbf, 0x3a, 0x2f, 0x2e, 0x08, 0x15, 0x01, 0x03, 0xd5, 0x17, 0x2b, 0x02, 0x00,
    0x0a, 0x02, 0x80, 0xf0, 0x21, 0x17, 0x24, 0x00, 0x0f, 0x00, 0x00, 0x00, 0x0f, 0x03, 0x03, 0xd5,
    0x11, 0x27, 0x02, 0x00, 0x70, 0x3f, 0x8c, 0xbf, 0x2c, 0x2f, 0x2e, 0x08, 0x15, 0x01, 0x03, 0xd5,
    0x17, 0x2b, 0x02, 0x00, 0x0d, 0x01, 0x03, 0xd5, 0x0d, 0x2b, 0x02, 0x00, 0xff, 0x1e, 0x1a, 0x56,
    0x0a, 0xd7, 0x23, 0x3c, 0x0d, 0x07, 0x02, 0x7c, 0x03, 0x1b, 0x06, 0x02, 0x09, 0x23, 0x12, 0x02,
    0x0b, 0x27, 0x16, 0x02, 0xb7, 0xfe, 0x82, 0xbf, 0x09, 0x03, 0x1a, 0x7e, 0x0b, 0x03, 0x1e, 0x7e,
    0x80, 0x03, 0x80, 0xbe, 0x03, 0x00, 0x82, 0xbf, 0x00, 0x81, 0x00, 0x81, 0x00, 0x89, 0x07, 0xbf,
    0x44, 0x01, 0x84, 0xbf, 0x00, 0x84, 0x06, 0xbf, 0xfb, 0xff, 0x85, 0xbf, 0x00, 0xff, 0x01, 0x87,
    0xff, 0x00, 0x00, 0x00, 0xab, 0x00, 0x01, 0xb8, 0x01, 0x89, 0x01, 0x90, 0x01, 0xff, 0x03, 0x93,
    0xfd, 0x00, 0x00, 0x00, 0x01, 0xc1, 0x01, 0x81, 0x03, 0x00, 0x03, 0x81, 0x01, 0x1a, 0x81, 0xbe,
    0x03, 0xff, 0x03, 0x87, 0xff, 0x00, 0x00, 0x00, 0x01, 0x0a, 0x26, 0x7e, 0x03, 0xc1, 0x03, 0x81,
    0x03, 0x0a, 0x22, 0x7e, 0x13, 0x00, 0x4b, 0xd5, 0xf6, 0x26, 0x2e, 0x04, 0x11, 0x00, 0x4b, 0xd5,
    0xf6, 0x22, 0x26, 0x04, 0x13, 0x0b, 0x2e, 0x06, 0x11, 0x0f, 0x2a, 0x06, 0xff, 0x2e, 0x36, 0x06,
    0x00, 0x00, 0x20, 0xc0, 0xff, 0x2a, 0x32, 0x06, 0x00, 0x00, 0x20, 0xc0, 0xff, 0x2a, 0x3e, 0x06,
    0x00, 0x00, 0xc0, 0xbf, 0x1b, 0x80, 0x08, 0xd5, 0x1b, 0x97, 0x02, 0x00, 0x19, 0x80, 0x08, 0xd5,
    0x19, 0x99, 0x02, 0x00, 0x1f, 0x80, 0x08, 0xd5, 0x1f, 0x99, 0x02, 0x00, 0x0a, 0x02, 0x80, 0xf0,
    0x19, 0x1d, 0x24, 0x00, 0x1b, 0x00, 0x00, 0x00, 0x0a, 0x02, 0x80, 0xf0, 0x1f, 0x21, 0x24, 0x00,
    0x1b, 0x00, 0x00, 0x00, 0x71, 0x3f, 0x8c, 0xbf, 0x04, 0x3b, 0x3a, 0x08, 0x70, 0x3f, 0x8c, 0xbf,
    0x02, 0x43, 0x42, 0x08, 0x1d, 0x03, 0x03, 0xd5, 0x21, 0x3b, 0x02, 0x00, 0xf1, 0x2a, 0x42, 0x06,
    0x21, 0x80, 0x08, 0xd5, 0x21, 0x99, 0x02, 0x00, 0x0a, 0x02, 0x80, 0xf0, 0x21, 0x23, 0x24, 0x00,
    0x1b, 0x00, 0x00, 0x00, 0x70, 0x3f, 0x8c, 0xbf, 0x06, 0x47, 0x46, 0x08, 0x1d, 0x01, 0x03, 0xd5,
    0x23, 0x3b, 0x02, 0x00, 0xf0, 0x2a, 0x46, 0x06, 0x23, 0x80, 0x08, 0xd5, 0x23, 0x99, 0x02, 0x00,
    0x0a, 0x02, 0x80, 0xf0, 0x23, 0x25, 0x24, 0x00, 0x1b, 0x00, 0x00, 0x00, 0x70, 0x3f, 0x8c, 0xbf,
    0x08, 0x4b, 0x4a, 0x08, 0x1d, 0x01, 0x03, 0xd5, 0x25, 0x3b, 0x02, 0x00, 0xff, 0x2a, 0x4a, 0x06,
    0x00, 0x00, 0xc0, 0x3f, 0xff, 0x2a, 0x2a, 0x06, 0x00, 0x00, 0x20, 0x40, 0x25, 0x80, 0x08, 0xd5,
    0x25, 0x99, 0x02, 0x00, 0x15, 0x80, 0x08, 0xd5, 0x15, 0x99, 0x02, 0x00, 0x0a, 0x02, 0x80, 0xf0,
    0x25, 0x27, 0x24, 0x00, 0x1b, 0x00, 0x00, 0x00, 0x0a, 0x02, 0x80, 0xf0, 0x15, 0x1b, 0x24, 0x00,
    0x1b, 0x00, 0x00, 0x00, 0x71, 0x3f, 0x8c, 0xbf, 0x0a, 0x4f, 0x4e, 0x08, 0x70, 0x3f, 0x8c, 0xbf,
    0x0c, 0x37, 0x36, 0x08, 0x1d, 0x01, 0x03, 0xd5, 0x27, 0x3b, 0x02, 0x00, 0x1b, 0x01, 0x03, 0xd5,
    0x1b, 0x3b, 0x02, 0x00, 0xff, 0x2e, 0x3a, 0x06, 0x00, 0x00, 0xc0, 0xbf, 0x1d, 0x80, 0x08, 0xd5,
    0x1d, 0x97, 0x02, 0x00, 0x0a, 0x02, 0x80, 0xf0, 0x19, 0x27, 0x24, 0x00, 0x1d, 0x00, 0x00, 0x00,
    0x70, 0x3f, 0x8c, 0xbf, 0x0e, 0x4f, 0x4e, 0x08, 0x1b, 0x01, 0x03, 0xd5, 0x27, 0x37, 0x02, 0x00,
    0x0a, 0x02, 0x80, 0xf0, 0x1f, 0x27, 0x24, 0x00, 0x1d, 0x00, 0x00, 0x00, 0x70, 0x3f, 0x8c, 0xbf,
    0x10, 0x4f, 0x4e, 0x08, 0x1b, 0x01, 0x03, 0xd5, 0x27, 0x37, 0x02, 0x00, 0x0a, 0x02, 0x80, 0xf0,
    0x21, 0x27, 0x24, 0x00, 0x1d, 0x00, 0x00, 0x00, 0x70, 0x3f, 0x8c, 0xbf, 0x12, 0x4f, 0x4e, 0x08,
    0x1b, 0x01, 0x03, 0xd5, 0x27, 0x37, 0x02, 0x00, 0x0a, 0x02, 0x80, 0xf0, 0x23, 0x27, 0x24, 0x00,
    0x1d, 0x00, 0x00, 0x00, 0x70, 0x3f, 0x8c, 0xbf, 0x14, 0x4f, 0x4e, 0x08, 0x1b, 0x01, 0x03, 0xd5,
    0x27, 0x37, 0x02, 0x00, 0x0a, 0x02, 0x80, 0xf0, 0x25, 0x27, 0x24, 0x00, 0x1d, 0x00, 0x00, 0x00,
    0x0a, 0x02, 0x80, 0xf0, 0x15, 0x1d, 0x24, 0x00, 0x1d, 0x00, 0x00, 0x00, 0x71, 0x3f, 0x8c, 0xbf,
    0x16, 0x4f, 0x4e, 0x08, 0x70, 0x3f, 0x8c, 0xbf, 0x18, 0x3b, 0x3a, 0x08, 0x1b, 0x01, 0x03, 0xd5,
    0x27, 0x37, 0x02, 0x00, 0x1b, 0x01, 0x03, 0xd5, 0x1d, 0x37, 0x02, 0x00, 0xf1, 0x2e, 0x3a, 0x06,
    0x1d, 0x80, 0x08, 0xd5, 0x1d, 0x97, 0x02, 0x00, 0x0a, 0x02, 0x80, 0xf0, 0x19, 0x27, 0x24, 0x00,
    0x1d, 0x00, 0x00, 0x00, 0x70, 0x3f, 0x8c, 0xbf, 0x1a, 0x4f, 0x4e, 0x08, 0x1b, 0x01, 0x03, 0xd5,
    0x27, 0x37, 0x02, 0x00, 0x0a, 0x02, 0x80, 0xf0, 0x1f, 0x27, 0x24, 0x00, 0x1d, 0x00, 0x00, 0x00,
    0x70, 0x3f, 0x8c, 0xbf, 0x1c, 0x4f, 0x4e, 0x08, 0x1b, 0x01, 0x03, 0xd5, 0x27, 0x37, 0x02, 0x00,
    0x0a, 0x02, 0x80, 0xf0, 0x21, 0x27, 0x24, 0x00, 0x1d, 0x00, 0x00, 0x00, 0x70, 0x3f, 0x8c, 0xbf,
    0x1e, 0x4f, 0x4e, 0x08, 0x1b, 0x01, 0x03, 0xd5, 0x27, 0x37, 0x02, 0x00, 0x0a, 0x02, 0x80, 0xf0,
    0x23, 0x27, 0x24, 0x00, 0x1d, 0x00, 0x00, 0x00, 0x70, 0x3f, 0x8c, 0xbf, 0x34, 0x4f, 0x4e, 0x08,
    0x1b, 0x01, 0x03, 0xd5, 0x27, 0x37, 0x02, 0x00, 0x0a, 0x02, 0x80, 0xf0, 0x25, 0x27, 0x24, 0x00,
    0x1d, 0x00, 0x00, 0x00, 0x0a, 0x02, 0x80, 0xf0, 0x15, 0x1d, 0x24, 0x00, 0x1d, 0x00, 0x00, 0x00,
    0x71, 0x3f, 0x8c, 0xbf, 0x28, 0x4f, 0x4e, 0x08, 0x70, 0x3f, 0x8c, 0xbf, 0x3c, 0x3b, 0x3a, 0x08,
    0x1b, 0x01, 0x03, 0xd5, 0x27, 0x37, 0x02, 0x00, 0x1b, 0x01, 0x03, 0xd5, 0x1d, 0x37, 0x02, 0x00,
    0xf0, 0x2e, 0x3a, 0x06, 0x1d, 0x80, 0x08, 0xd5, 0x1d, 0x97, 0x02, 0x00, 0x0a, 0x02, 0x80, 0xf0,
    0x19, 0x27, 0x24, 0x00, 0x1d, 0x00, 0x00, 0x00, 0x70, 0x3f, 0x8c, 0xbf, 0x22, 0x4f, 0x4e, 0x08,
    0x1b, 0x01, 0x03, 0xd5, 0x27, 0x37, 0x02, 0x00, 0x0a, 0x02, 0x80, 0xf0, 0x1f, 0x27, 0x24, 0x00,
    0x1d, 0x00, 0x00, 0x00, 0x70, 0x3f, 0x8c, 0xbf, 0x2e, 0x4f, 0x4e, 0x08, 0x1b, 0x01, 0x03, 0xd5,
    0x27, 0x37, 0x02, 0x00, 0x0a, 0x02, 0x80, 0xf0, 0x21, 0x27, 0x24, 0x00, 0x1d, 0x00, 0x00, 0x00,
    0x70, 0x3f, 0x8c, 0xbf, 0x24, 0x4f, 0x4e, 0x08, 0x1b, 0x01, 0x03, 0xd5, 0x27, 0x37, 0x02, 0x00,
    0x0a, 0x02, 0x80, 0xf0, 0x23, 0x27, 0x24, 0x00, 0x1d, 0x00, 0x00, 0x00, 0x70, 0x3f, 0x8c, 0xbf,
    0x36, 0x4f, 0x4e, 0x08, 0x1b, 0x01, 0x03, 0xd5, 0x27, 0x37, 0x02, 0x00, 0x0a, 0x02, 0x80, 0xf0,
    0x25, 0x27, 0x24, 0x00, 0x1d, 0x00, 0x00, 0x00, 0x0a, 0x02, 0x80, 0xf0, 0x15, 0x1d, 0x24, 0x00,
    0x1d, 0x00, 0x00, 0x00, 0x71, 0x3f, 0x8c, 0xbf, 0x2a, 0x4f, 0x4e, 0x08, 0x70, 0x3f, 0x8c, 0xbf,
    0x3e, 0x3b, 0x3a, 0x08, 0x1b, 0x01, 0x03, 0xd5, 0x27, 0x37, 0x02, 0x00, 0x1b, 0x01, 0x03, 0xd5,
    0x1d, 0x37, 0x02, 0x00, 0xff, 0x2e, 0x3a, 0x06, 0x00, 0x00, 0xc0, 0x3f, 0xff, 0x2e, 0x2e, 0x06,
    0x00, 0x00, 0x20, 0x40, 0x1d, 0x80, 0x08, 0xd5, 0x1d, 0x97, 0x02, 0x00, 0x17, 0x80, 0x08, 0xd5,
    0x17, 0x97, 0x02, 0x00, 0x0a, 0x02, 0x80, 0xf0, 0x19, 0x27, 0x24, 0x00, 0x1d, 0x00, 0x00, 0x00,
    0x0a, 0x02, 0x80, 0xf0, 0x19, 0x19, 0x24, 0x00, 0x17, 0x00, 0x00, 0x00, 0x71, 0x3f, 0x8c, 0xbf,
    0x42, 0x4f, 0x4e, 0x08, 0x1b, 0x01, 0x03, 0xd5, 0x27, 0x37, 0x02, 0x00, 0x0a, 0x02, 0x80, 0xf0,
    0x1f, 0x27, 0x24, 0x00, 0x1d, 0x00, 0x00, 0x00, 0x70, 0x3f, 0x8c, 0xbf, 0x30, 0x4f, 0x4e, 0x08,
    0x1b, 0x01, 0x03, 0xd5, 0x27, 0x37, 0x02, 0x00, 0x0a, 0x02, 0x80, 0xf0, 0x21, 0x27, 0x24, 0x00,
    0x1d, 0x00, 0x00, 0x00, 0x70, 0x3f, 0x8c, 0xbf, 0x43, 0x4f, 0x4e, 0x08, 0x1b, 0x01, 0x03, 0xd5,
    0x27, 0x37, 0x02, 0x00, 0x0a, 0x02, 0x80, 0xf0, 0x23, 0x27, 0x24, 0x00, 0x1d, 0x00, 0x00, 0x00,
    0x70, 0x3f, 0x8c, 0xbf, 0x38, 0x4f, 0x4e, 0x08, 0x1b, 0x01, 0x03, 0xd5, 0x27, 0x37, 0x02, 0x00,
    0x0a, 0x02, 0x80, 0xf0, 0x25, 0x27, 0x24, 0x00, 0x1d, 0x00, 0x00, 0x00, 0x0a, 0x02, 0x80, 0xf0,
    0x15, 0x1d, 0x24, 0x00, 0x1d, 0x00, 0x00, 0x00, 0x0a, 0x02, 0x80, 0xf0, 0x15, 0x15, 0x24, 0x00,
    0x17, 0x00, 0x00, 0x00, 0x20, 0x33, 0x32, 0x08, 0x72, 0x3f, 0x8c, 0xbf, 0x44, 0x4f, 0x4e, 0x08,
    0x71, 0x3f, 0x8c, 0xbf, 0x40, 0x3b, 0x3a, 0x08, 0x70, 0x3f, 0x8c, 0xbf, 0x45, 0x2b, 0x2a, 0x08,
    0x1b, 0x01, 0x03, 0xd5, 0x27, 0x37, 0x02, 0x00, 0x1b, 0x01, 0x03, 0xd5, 0x1d, 0x37, 0x02, 0x00,
    0x19, 0x01, 0x03, 0xd5, 0x19, 0x37, 0x02, 0x00, 0x0a, 0x02, 0x80, 0xf0, 0x1f, 0x1b, 0x24, 0x00,
    0x17, 0x00, 0x00, 0x00, 0x70, 0x3f, 0x8c, 0xbf, 0x32, 0x37, 0x36, 0x08, 0x19, 0x01, 0x03, 0xd5,
    0x1b, 0x33, 0x02, 0x00, 0x0a, 0x02, 0x80, 0xf0, 0x21, 0x1b, 0x24, 0x00, 0x17, 0x00, 0x00, 0x00,
    0x70, 0x3f, 0x8c, 0xbf, 0x26, 0x37, 0x36, 0x08, 0x19, 0x01, 0x03, 0xd5, 0x1b, 0x33, 0x02, 0x00,
    0x0a, 0x02, 0x80, 0xf0, 0x23, 0x1b, 0x24, 0x00, 0x17, 0x00, 0x00, 0x00, 0x70, 0x3f, 0x8c, 0xbf,
    0x3a, 0x37, 0x36, 0x08, 0x19, 0x01, 0x03, 0xd5, 0x1b, 0x33, 0x02, 0x00, 0x0a, 0x02, 0x80, 0xf0,
    0x25, 0x1b, 0x24, 0x00, 0x17, 0x00, 0x00, 0x00, 0x17, 0x03, 0x03, 0xd5, 0x11, 0x27, 0x02, 0x00,
    0x70, 0x3f, 0x8c, 0xbf, 0x2c, 0x37, 0x36, 0x08, 0x19, 0x01, 0x03, 0xd5, 0x1b, 0x33, 0x02, 0x00,
    0x15, 0x01, 0x03, 0xd5, 0x15, 0x33, 0x02, 0x00, 0xff, 0x2e, 0x2a, 0x56, 0x0a, 0xd7, 0x23, 0x3c,
    0x15, 0x07, 0x02, 0x7c, 0x03, 0x2b, 0x06, 0x02, 0x0d, 0x23, 0x1a, 0x02, 0x0f, 0x27, 0x1e, 0x02,
    0xb9, 0xfe, 0x82, 0xbf, 0x0d, 0x03, 0x12, 0x7e, 0x0f, 0x03, 0x16, 0x7e, 0x80, 0x03, 0x80, 0xbe,
    0x03, 0x00, 0x82, 0xbf, 0x00, 0x81, 0x00, 0x81, 0x00, 0x89, 0x07, 0xbf, 0x44, 0x01, 0x84, 0xbf,
    0x00, 0x84, 0x06, 0xbf, 0xfb, 0xff, 0x85, 0xbf, 0x00, 0xff, 0x01, 0x87, 0xff, 0x00, 0x00, 0x00,
    0xab, 0x00, 0x01, 0xb8, 0x01, 0x89, 0x01, 0x90, 0x01, 0xff, 0x03, 0x93, 0xfd, 0x00, 0x00, 0x00,
    0x01, 0xc1, 0x01, 0x81, 0x03, 0x00, 0x03, 0x81, 0x01, 0x1a, 0x81, 0xbe, 0x03, 0xff, 0x03, 0x87,
    0xff, 0x00, 0x00, 0x00, 0x01, 0x0a, 0x26, 0x7e, 0x03, 0xc1, 0x03, 0x81, 0x03, 0x0a, 0x22, 0x7e,
    0x13, 0x00, 0x4b, 0xd5, 0xf4, 0x26, 0x3e, 0x04, 0x11, 0x00, 0x4b, 0xd5, 0xf4, 0x22, 0x36, 0x04,
    0x13, 0x0b, 0x2e, 0x06, 0x11, 0x0f, 0x2a, 0x06, 0xff, 0x2e, 0x36, 0x06, 0x00, 0x00, 0x20, 0xc0,
    0xff, 0x2a, 0x32, 0x06, 0x00, 0x00, 0x20, 0xc0, 0xff, 0x2a, 0x3e, 0x06, 0x00, 0x00, 0xc0, 0xbf,
    0x1b, 0x80, 0x08, 0xd5, 0x1b, 0x97, 0x02, 0x00, 0x19, 0x80, 0x08, 0xd5, 0x19, 0x99, 0x02, 0x00,
    0x1f, 0x80, 0x08, 0xd5, 0x1f, 0x99, 0x02, 0x00, 0x0a, 0x02, 0x80, 0xf0, 0x19, 0x1d, 0x24, 0x00,
    0x1b, 0x00, 0x00, 0x00, 0x0a, 0x02, 0x80, 0xf0, 0x1f, 0x21, 0x24, 0x00, 0x1b, 0x00, 0x00, 0x00,
    0x71, 0x3f, 0x8c, 0xbf, 0x04, 0x3b, 0x3a, 0x08, 0x70, 0x3f, 0x8c, 0xbf, 0x02, 0x43, 0x42, 0x08,
    0x1d, 0x03, 0x03, 0xd5, 0x21, 0x3b, 0x02, 0x00, 0xf1, 0x2a, 0x42, 0x06, 0x21, 0x80, 0x08, 0xd5,
    0x21, 0x99, 0x02, 0x00, 0x0a, 0x02, 0x80, 0xf0, 0x21, 0x23, 0x24, 0x00, 0x1b, 0x00, 0x00, 0x00,
    0x70, 0x3f, 0x8c, 0xbf, 0x06, 0x47, 0x46, 0x08, 0x1d, 0x01, 0x03, 0xd5, 0x23, 0x3b, 0x02, 0x00,
    0xf0, 0x2a, 0x46, 0x06, 0x23, 0x80, 0x08, 0xd5, 0x23, 0x99, 0x02, 0x00, 0x0a, 0x02, 0x80, 0xf0,
    0x23, 0x25, 0x24, 0x00, 0x1b, 0x00, 0x00, 0x00, 0x70, 0x3f, 0x8c, 0xbf, 0x08, 0x4b, 0x4a, 0x08,
    0x1d, 0x01, 0x03, 0xd5, 0x25, 0x3b, 0x02, 0x00, 0xff, 0x2a, 0x4a, 0x06, 0x00, 0x00, 0xc0, 0x3f,
    0xff, 0x2a, 0x2a, 0x06, 0x00, 0x00, 0x20, 0x40, 0x25, 0x80, 0x08, 0xd5, 0x25, 0x99, 0x02, 0x00,
    0x15, 0x80, 0x08, 0xd5, 0x15, 0x99, 0x02, 0x00, 0x0a, 0x02, 0x80, 0xf0, 0x25, 0x27, 0x24, 0x00,
    0x1b, 0x00, 0x00, 0x00, 0x0a, 0x02, 0x80, 0xf0, 0x15, 0x1b, 0x24, 0x00, 0x1b, 0x00, 0x00, 0x00,
    0x71, 0x3f, 0x8c, 0xbf, 0x0a, 0x4f, 0x4e, 0x08, 0x70, 0x3f, 0x8c, 0xbf, 0x0c, 0x37, 0x36, 0x08,
    0x1d, 0x01, 0x03, 0xd5, 0x27, 0x3b, 0x02, 0x00, 0x1b, 0x01, 0x03, 0xd5, 0x1b, 0x3b, 0x02, 0x00,
    0xff, 0x2e, 0x3a, 0x06, 0x00, 0x00, 0xc0, 0xbf, 0x1d, 0x80, 0x08, 0xd5, 0x1d, 0x97, 0x02, 0x00,
    0x0a, 0x02, 0x80, 0xf0, 0x19, 0x27, 0x24, 0x00, 0x1d, 0x00, 0x00, 0x00, 0x70, 0x3f, 0x8c, 0xbf,
    0x0e, 0x4f, 0x4e, 0x08, 0x1b, 0x01, 0x03, 0xd5, 0x27, 0x37, 0x02, 0x00, 0x0a, 0x02, 0x80, 0xf0,
    0x1f, 0x27, 0x24, 0x00, 0x1d, 0x00, 0x00, 0x00, 0x70, 0x3f, 0x8c, 0xbf, 0x10, 0x4f, 0x4e, 0x08,
    0x1b, 0x01, 0x03, 0xd5, 0x27, 0x37, 0x02, 0x00, 0x0a, 0x02, 0x80, 0xf0, 0x21, 0x27, 0x24, 0x00,
    0x1d, 0x00, 0x00, 0x00, 0x70, 0x3f, 0x8c, 0xbf, 0x12, 0x4f, 0x4e, 0x08, 0x1b, 0x01, 0x03, 0xd5,
    0x27, 0x37, 0x02, 0x00, 0x0a, 0x02, 0x80, 0xf0, 0x23, 0x27, 0x24, 0x00, 0x1d, 0x00, 0x00, 0x00,
    0x70, 0x3f, 0x8c, 0xbf, 0x14, 0x4f, 0x4e, 0x08, 0x1b, 0x01, 0x03, 0xd5, 0x27, 0x37, 0x02, 0x00,
    0x0a, 0x02, 0x80, 0xf0, 0x25, 0x27, 0x24, 0x00, 0x1d, 0x00, 0x00, 0x00, 0x0a, 0x02, 0x80, 0xf0,
    0x15, 0x1d, 0x24, 0x00, 0x1d, 0x00, 0x00, 0x00, 0x71, 0x3f, 0x8c, 0xbf, 0x16, 0x4f, 0x4e, 0x08,
    0x70, 0x3f, 0x8c, 0xbf, 0x18, 0x3b, 0x3a, 0x08, 0x1b, 0x01, 0x03, 0xd5, 0x27, 0x37, 0x02, 0x00,
    0x1b, 0x01, 0x03, 0xd5, 0x1d, 0x37, 0x02, 0x00, 0xf1, 0x2e, 0x3a, 0x06, 0x1d, 0x80, 0x08, 0xd5,
    0x1d, 0x97, 0x02, 0x00, 0x0a, 0x02, 0x80, 0xf0, 0x19, 0x27, 0x24, 0x00, 0x1d, 0x00, 0x00, 0x00,
    0x70, 0x3f, 0x8c, 0xbf, 0x1a, 0x4f, 0x4e, 0x08, 0x1b, 0x01, 0x03, 0xd5, 0x27, 0x37, 0x02, 0x00,
    0x0a, 0x02, 0x80, 0xf0, 0x1f, 0x27, 0x24, 0x00, 0x1d, 0x00, 0x00, 0x00, 0x70, 0x3f, 0x8c, 0xbf,
    0x1c, 0x4f, 0x4e, 0x08, 0x1b, 0x01, 0x03, 0xd5, 0x27, 0x37, 0x02, 0x00, 0x0a, 0x02, 0x80, 0xf0,
    0x21, 0x27, 0x24, 0x00, 0x1d, 0x00, 0x00, 0x00, 0x70, 0x3f, 0x8c, 0xbf, 0x1e, 0x4f, 0x4e, 0x08,
    0x1b, 0x01, 0x03, 0xd5, 0x27, 0x37, 0x02, 0x00, 0x0a, 0x02, 0x80, 0xf0, 0x23, 0x27, 0x24, 0x00,
    0x1d, 0x00, 0x00, 0x00, 0x70, 0x3f, 0x8c, 0xbf, 0x34, 0x4f, 0x4e, 0x08, 0x1b, 0x01, 0x03, 0xd5,
    0x27, 0x37, 0x02, 0x00, 0x0a, 0x02, 0x80, 0xf0, 0x25, 0x27, 0x24, 0x00, 0x1d, 0x00, 0x00, 0x00,
    0x0a, 0x02, 0x80, 0xf0, 0x15, 0x1d, 0x24, 0x00, 0x1d, 0x00, 0x00, 0x00, 0x71, 0x3f, 0x8c, 0xbf,
    0x28, 0x4f, 0x4e, 0x08, 0x70, 0x3f, 0x8c, 0xbf, 0x3c, 0x3b, 0x3a, 0x08, 0x1b, 0x01, 0x03, 0xd5,
    0x27, 0x37, 0x02, 0x00, 0x1b, 0x01, 0x03, 0xd5, 0x1d, 0x37, 0x02, 0x00, 0xf0, 0x2e, 0x3a, 0x06,
    0x1d, 0x80, 0x08, 0xd5, 0x1d, 0x97, 0x02, 0x00, 0x0a, 0x02, 0x80, 0xf0, 0x19, 0x27, 0x24, 0x00,
    0x1d, 0x00, 0x00, 0x00, 0x70, 0x3f, 0x8c, 0xbf, 0x22, 0x4f, 0x4e, 0x08, 0x1b, 0x01, 0x03, 0xd5,
    0x27, 0x37, 0x02, 0x00, 0x0a, 0x02, 0x80, 0xf0, 0x1f, 0x27, 0x24, 0x00, 0x1d, 0x00, 0x00, 0x00,
    0x70, 0x3f, 0x8c, 0xbf, 0x2e, 0x4f, 0x4e, 0x08, 0x1b, 0x01, 0x03, 0xd5, 0x27, 0x37, 0x02, 0x00,
    0x0a, 0x02, 0x80, 0xf0, 0x21, 0x27, 0x24, 0x00, 0x1d, 0x00, 0x00, 0x00, 0x70, 0x3f, 0x8c, 0xbf,
    0x24, 0x4f, 0x4e, 0x08, 0x1b, 0x01, 0x03, 0xd5, 0x27, 0x37, 0x02, 0x00, 0x0a, 0x02, 0x80, 0xf0,
    0x23, 0x27, 0x24, 0x00, 0x1d, 0x00, 0x00, 0x00, 0x70, 0x3f, 0x8c, 0xbf, 0x36, 0x4f, 0x4e, 0x08,
    0x1b, 0x01, 0x03, 0xd5, 0x27, 0x37, 0x02, 0x00, 0x0a, 0x02, 0x80, 0xf0, 0x25, 0x27, 0x24, 0x00,
    0x1d, 0x00, 0x00, 0x00, 0x0a, 0x02, 0x80, 0xf0, 0x15, 0x1d, 0x24, 0x00, 0x1d, 0x00, 0x00, 0x00,
    0x71, 0x3f, 0x8c, 0xbf, 0x2a, 0x4f, 0x4e, 0x08, 0x70, 0x3f, 0x8c, 0xbf, 0x3e, 0x3b, 0x3a, 0x08,
    0x1b, 0x01, 0x03, 0xd5, 0x27, 0x37, 0x02, 0x00, 0x1b, 0x01, 0x03, 0xd5, 0x1d, 0x37, 0x02, 0x00,
    0xff, 0x2e, 0x3a, 0x06, 0x00, 0x00, 0xc0, 0x3f, 0xff, 0x2e, 0x2e, 0x06, 0x00, 0x00, 0x20, 0x40,
    0x1d, 0x80, 0x08, 0xd5, 0x1d, 0x97, 0x02, 0x00, 0x17, 0x80, 0x08, 0xd5, 0x17, 0x97, 0x02, 0x00,
    0x0a, 0x02, 0x80, 0xf0, 0x19, 0x27, 0x24, 0x00, 0x1d, 0x00, 0x00, 0x00, 0x0a, 0x02, 0x80, 0xf0,
    0x19, 0x19, 0x24, 0x00, 0x17, 0x00, 0x00, 0x00, 0x71, 0x3f, 0x8c, 0xbf, 0x42, 0x4f, 0x4e, 0x08,
    0x1b, 0x01, 0x03, 0xd5, 0x27, 0x37, 0x02, 0x00, 0x0a, 0x02, 0x80, 0xf0, 0x1f, 0x27, 0x24, 0x00,
    0x1d, 0x00, 0x00, 0x00, 0x70, 0x3f, 0x8c, 0xbf, 0x30, 0x4f, 0x4e, 0x08, 0x1b, 0x01, 0x03, 0xd5,
    0x27, 0x37, 0x02, 0x00, 0x0a, 0x02, 0x80, 0xf0, 0x21, 0x27, 0x24, 0x00, 0x1d, 0x00, 0x00, 0x00,
    0x70, 0x3f, 0x8c, 0xbf, 0x43, 0x4f, 0x4e, 0x08, 0x1b, 0x01, 0x03, 0xd5, 0x27, 0x37, 0x02, 0x00,
    0x0a, 0x02, 0x80, 0xf0, 0x23, 0x27, 0x24, 0x00, 0x1d, 0x00, 0x00, 0x00, 0x70, 0x3f, 0x8c, 0xbf,
    0x38, 0x4f, 0x4e, 0x08, 0x1b, 0x01, 0x03, 0xd5, 0x27, 0x37, 0x02, 0x00, 0x0a, 0x02, 0x80, 0xf0,
    0x25, 0x27, 0x24, 0x00, 0x1d, 0x00, 0x00, 0x00, 0x0a, 0x02, 0x80, 0xf0, 0x15, 0x1d, 0x24, 0x00,
    0x1d, 0x00, 0x00, 0x00, 0x0a, 0x02, 0x80, 0xf0, 0x15, 0x15, 0x24, 0x00, 0x17, 0x00, 0x00, 0x00,
    0x20, 0x33, 0x32, 0x08, 0x72, 0x3f, 0x8c, 0xbf, 0x44, 0x4f, 0x4e, 0x08, 0x71, 0x3f, 0x8c, 0xbf,
    0x40, 0x3b, 0x3a, 0x08, 0x70, 0x3f, 0x8c, 0xbf, 0x45, 0x2b, 0x2a, 0x08, 0x1b, 0x01, 0x03, 0xd5,
    0x27, 0x37, 0x02, 0x00, 0x1b, 0x01, 0x03, 0xd5, 0x1d, 0x37, 0x02, 0x00, 0x19, 0x01, 0x03, 0xd5,
    0x19, 0x37, 0x02, 0x00, 0x0a, 0x02, 0x80, 0xf0, 0x1f, 0x1b, 0x24, 0x00, 0x17, 0x00, 0x00, 0x00,
    0x70, 0x3f, 0x8c, 0xbf, 0x32, 0x37, 0x36, 0x08, 0x19, 0x01, 0x03, 0xd5, 0x1b, 0x33, 0x02, 0x00,
    0x0a, 0x02, 0x80, 0xf0, 0x21, 0x1b, 0x24, 0x00, 0x17, 0x00, 0x00, 0x00, 0x70, 0x3f, 0x8c, 0xbf,
    0x26, 0x37, 0x36, 0x08, 0x19, 0x01, 0x03, 0xd5, 0x1b, 0x33, 0x02, 0x00, 0x0a, 0x02, 0x80, 0xf0,
    0x23, 0x1b, 0x24, 0x00, 0x17, 0x00, 0x00, 0x00, 0x70, 0x3f, 0x8c, 0xbf, 0x3a, 0x37, 0x36, 0x08,
    0x19, 0x01, 0x03, 0xd5, 0x1b, 0x33, 0x02, 0x00, 0x0a, 0x02, 0x80, 0xf0, 0x25, 0x1b, 0x24, 0x00,
    0x17, 0x00, 0x00, 0x00, 0x17, 0x03, 0x03, 0xd5, 0x11, 0x27, 0x02, 0x00, 0x70, 0x3f, 0x8c, 0xbf,
    0x2c, 0x37, 0x36, 0x08, 0x19, 0x01, 0x03, 0xd5, 0x1b, 0x33, 0x02, 0x00, 0x15, 0x01, 0x03, 0xd5,
    0x15, 0x33, 0x02, 0x00, 0xff, 0x2e, 0x2a, 0x56, 0x0a, 0xd7, 0x23, 0x3c, 0x15, 0x07, 0x02, 0x7c,
    0x03, 0x2b, 0x06, 0x02, 0x09, 0x23, 0x12, 0x02, 0x0b, 0x27, 0x16, 0x02, 0xb9, 0xfe, 0x82, 0xbf,
    0x09, 0x03, 0x6e, 0x7e, 0x0b, 0x03, 0x6a, 0x7e, 0x80, 0x03, 0x80, 0xbe, 0x03, 0x00, 0x82, 0xbf,
    0x00, 0x81, 0x00, 0x81, 0x00, 0x89, 0x07, 0xbf, 0x42, 0x01, 0x84, 0xbf, 0x00, 0x84, 0x06, 0xbf,
    0xfb, 0xff, 0x85, 0xbf, 0x00, 0xff, 0x01, 0x87, 0xff, 0x00, 0x00, 0x00, 0xab, 0x00, 0x01, 0xb8,
    0x01, 0x89, 0x01, 0x90, 0x01, 0xff, 0x03, 0x93, 0xfd, 0x00, 0x00, 0x00, 0x01, 0xc1, 0x01, 0x81,
    0x03, 0x00, 0x03, 0x81, 0x01, 0x1a, 0x81, 0xbe, 0x03, 0xff, 0x03, 0x87, 0xff, 0x00, 0x00, 0x00,
    0x01, 0x0a, 0x1e, 0x7e, 0x03, 0xc1, 0x03, 0x81, 0x03, 0x0a, 0x1a, 0x7e, 0x0b, 0x1f, 0x1e, 0x06,
    0x09, 0x1b, 0x1a, 0x06, 0x0f, 0x0b, 0x26, 0x06, 0x0d, 0x0f, 0x22, 0x06, 0xff, 0x26, 0x2e, 0x06,
    0x00, 0x00, 0x20, 0xc0, 0xff, 0x22, 0x2a, 0x06, 0x00, 0x00, 0x20, 0xc0, 0xff, 0x22, 0x36, 0x06,
    0x00, 0x00, 0xc0, 0xbf, 0x17, 0x80, 0x08, 0xd5, 0x17, 0x97, 0x02, 0x00, 0x15, 0x80, 0x08, 0xd5,
    0x15, 0x99, 0x02, 0x00, 0x1b, 0x80, 0x08, 0xd5, 0x1b, 0x99, 0x02, 0x00, 0x0a, 0x02, 0x80, 0xf0,
    0x15, 0x19, 0x24, 0x00, 0x17, 0x00, 0x00, 0x00, 0x0a, 0x02, 0x80, 0xf0, 0x1b, 0x1d, 0x24, 0x00,
    0x17, 0x00, 0x00, 0x00, 0x71, 0x3f, 0x8c, 0xbf, 0x04, 0x33, 0x32, 0x08, 0x70, 0x3f, 0x8c, 0xbf,
    0x02, 0x3b, 0x3a, 0x08, 0x19, 0x03, 0x03, 0xd5, 0x1d, 0x33, 0x02, 0x00, 0xf1, 0x22, 0x3a, 0x06,
    0x1d, 0x80, 0x08, 0xd5, 0x1d, 0x99, 0x02, 0x00, 0x0a, 0x02, 0x80, 0xf0, 0x1d, 0x1f, 0x24, 0x00,
    0x17, 0x00, 0x00, 0x00, 0x70, 0x3f, 0x8c, 0xbf, 0x06, 0x3f, 0x3e, 0x08, 0x19, 0x01, 0x03, 0xd5,
    0x1f, 0x33, 0x02, 0x00, 0xf0, 0x22, 0x3e, 0x06, 0x1f, 0x80, 0x08, 0xd5, 0x1f, 0x99, 0x02, 0x00,
    0x0a, 0x02, 0x80, 0xf0, 0x1f, 0x21, 0x24, 0x00, 0x17, 0x00, 0x00, 0x00, 0x70, 0x3f, 0x8c, 0xbf,
    0x08, 0x43, 0x42, 0x08, 0x19, 0x01, 0x03, 0xd5, 0x21, 0x33, 0x02, 0x00, 0xff, 0x22, 0x42, 0x06,
    0x00, 0x00, 0xc0, 0x3f, 0xff, 0x22, 0x22, 0x06, 0x00, 0x00, 0x20, 0x40, 0x21, 0x80, 0x08, 0xd5,
    0x21, 0x99, 0x02, 0x00, 0x11, 0x80, 0x08, 0xd5, 0x11, 0x99, 0x02, 0x00, 0x0a, 0x02, 0x80, 0xf0,
    0x21, 0x23, 0x24, 0x00, 0x17, 0x00, 0x00, 0x00, 0x0a, 0x02, 0x80, 0xf0, 0x11, 0x17, 0x24, 0x00,
    0x17, 0x00, 0x00, 0x00, 0x71, 0x3f, 0x8c, 0xbf, 0x0a, 0x47, 0x46, 0x08, 0x70, 0x3f, 0x8c, 0xbf,
    0x0c, 0x2f, 0x2e, 0x08, 0x19, 0x01, 0x03, 0xd5, 0x23, 0x33, 0x02, 0x00, 0x17, 0x01, 0x03, 0xd5,
    0x17, 0x33, 0x02, 0x00, 0xff, 0x26, 0x32, 0x06, 0x00, 0x00, 0xc0, 0xbf, 0x19, 0x80, 0x08, 0xd5,
    0x19, 0x97, 0x02, 0x00, 0x0a, 0x02, 0x80, 0xf0, 0x15, 0x23, 0x24, 0x00, 0x19, 0x00, 0x00, 0x00,
    0x70, 0x3f, 0x8c, 0xbf, 0x0e, 0x47, 0x46, 0x08, 0x17, 0x01, 0x03, 0xd5, 0x23, 0x2f, 0x02, 0x00,
    0x0a, 0x02, 0x80, 0xf0, 0x1b, 0x23, 0x24, 0x00, 0x19, 0x00, 0x00, 0x00, 0x70, 0x3f, 0x8c, 0xbf,
    0x10, 0x47, 0x46, 0x08, 0x17, 0x01, 0x03, 0xd5, 0x23, 0x2f, 0x02, 0x00, 0x0a, 0x02, 0x80, 0xf0,
    0x1d, 0x23, 0x24, 0x00, 0x19, 0x00, 0x00, 0x00, 0x70, 0x3f, 0x8c, 0xbf, 0x12, 0x47, 0x46, 0x08,
    0x17, 0x01, 0x03, 0xd5, 0x23, 0x2f, 0x02, 0x00, 0x0a, 0x02, 0x80, 0xf0, 0x1f, 0x23, 0x24, 0x00,
    0x19, 0x00, 0x00, 0x00, 0x70, 0x3f, 0x8c, 0xbf, 0x14, 0x47, 0x46, 0x08, 0x17, 0x01, 0x03, 0xd5,
    0x23, 0x2f, 0x02, 0x00, 0x0a, 0x02, 0x80, 0xf0, 0x21, 0x23, 0x24, 0x00, 0x19, 0x00, 0x00, 0x00,
    0x0a, 0x02, 0x80, 0xf0, 0x11, 0x19, 0x24, 0x00, 0x19, 0x00, 0x00, 0x00, 0x71, 0x3f, 0x8c, 0xbf,
    0x16, 0x47, 0x46, 0x08, 0x70, 0x3f, 0x8c, 0xbf, 0x18, 0x33, 0x32, 0x08, 0x17, 0x01, 0x03, 0xd5,
    0x23, 0x2f, 0x02, 0x00, 0x17, 0x01, 0x03, 0xd5, 0x19, 0x2f, 0x02, 0x00, 0xf1, 0x26, 0x32, 0x06,
    0x19, 0x80, 0x08, 0xd5, 0x19, 0x97, 0x02, 0x00, 0x0a, 0x02, 0x80, 0xf0, 0x15, 0x23, 0x24, 0x00,
    0x19, 0x00, 0x00, 0x00, 0x70, 0x3f, 0x8c, 0xbf, 0x1a, 0x47, 0x46, 0x08, 0x17, 0x01, 0x03, 0xd5,
    0x23, 0x2f, 0x02, 0x00, 0x0a, 0x02, 0x80, 0xf0, 0x1b, 0x23, 0x24, 0x00, 0x19, 0x00, 0x00, 0x00,
    0x70, 0x3f, 0x8c, 0xbf, 0x1c, 0x47, 0x46, 0x08, 0x17, 0x01, 0x03, 0xd5, 0x23, 0x2f, 0x02, 0x00,
    0x0a, 0x02, 0x80, 0xf0, 0x1d, 0x23, 0x24, 0x00, 0x19, 0x00, 0x00, 0x00, 0x70, 0x3f, 0x8c, 0xbf,
    0x1e, 0x47, 0x46, 0x08, 0x17, 0x01, 0x03, 0xd5, 0x23, 0x2f, 0x02, 0x00, 0x0a, 0x02, 0x80, 0xf0,
    0x1f, 0x23, 0x24, 0x00, 0x19, 0x00, 0x00, 0x00, 0x70, 0x3f, 0x8c, 0xbf, 0x34, 0x47, 0x46, 0x08,
    0x17, 0x01, 0x03, 0xd5, 0x23, 0x2f, 0x02, 0x00, 0x0a, 0x02, 0x80, 0xf0, 0x21, 0x23, 0x24, 0x00,
    0x19, 0x00, 0x00, 0x00, 0x0a, 0x02, 0x80, 0xf0, 0x11, 0x19, 0x24, 0x00, 0x19, 0x00, 0x00, 0x00,
    0x71, 0x3f, 0x8c, 0xbf, 0x28, 0x47, 0x46, 0x08, 0x70, 0x3f, 0x8c, 0xbf, 0x3c, 0x33, 0x32, 0x08,
    0x17, 0x01, 0x03, 0xd5, 0x23, 0x2f, 0x02, 0x00, 0x17, 0x01, 0x03, 0xd5, 0x19, 0x2f, 0x02, 0x00,
    0xf0, 0x26, 0x32, 0x06, 0x19, 0x80, 0x08, 0xd5, 0x19, 0x97, 0x02, 0x00, 0x0a, 0x02, 0x80, 0xf0,
    0x15, 0x23, 0x24, 0x00, 0x19, 0x00, 0x00, 0x00, 0x70, 0x3f, 0x8c, 0xbf, 0x22, 0x47, 0x46, 0x08,
    0x17, 0x01, 0x03, 0xd5, 0x23, 0x2f, 0x02, 0x00, 0x0a, 0x02, 0x80, 0xf0, 0x1b, 0x23, 0x24, 0x00,
    0x19, 0x00, 0x00, 0x00, 0x70, 0x3f, 0x8c, 0xbf, 0x2e, 0x47, 0x46, 0x08, 0x17, 0x01, 0x03, 0xd5,
    0x23, 0x2f, 0x02, 0x00, 0x0a, 0x02, 0x80, 0xf0, 0x1d, 0x23, 0x24, 0x00, 0x19, 0x00, 0x00, 0x00,
    0x70, 0x3f, 0x8c, 0xbf, 0x24, 0x47, 0x46, 0x08, 0x17, 0x01, 0x03, 0xd5, 0x23, 0x2f, 0x02, 0x00,
    0x0a, 0x02, 0x80, 0xf0, 0x1f, 0x23, 0x24, 0x00, 0x19, 0x00, 0x00, 0x00, 0x70, 0x3f, 0x8c, 0xbf,
    0x36, 0x47, 0x46, 0x08, 0x17, 0x01, 0x03, 0xd5, 0x23, 0x2f, 0x02, 0x00, 0x0a, 0x02, 0x80, 0xf0,
    0x21, 0x23, 0x24, 0x00, 0x19, 0x00, 0x00, 0x00, 0x0a, 0x02, 0x80, 0xf0, 0x11, 0x19, 0x24, 0x00,
    0x19, 0x00, 0x00, 0x00, 0x71, 0x3f, 0x8c, 0xbf, 0x2a, 0x47, 0x46, 0x08, 0x70, 0x3f, 0x8c, 0xbf,
    0x3e, 0x33, 0x32, 0x08, 0x17, 0x01, 0x03, 0xd5, 0x23, 0x2f, 0x02, 0x00, 0x17, 0x01, 0x03, 0xd5,
    0x19, 0x2f, 0x02, 0x00, 0xff, 0x26, 0x32, 0x06, 0x00, 0x00, 0xc0, 0x3f, 0xff, 0x26, 0x26, 0x06,
    0x00, 0x00, 0x20, 0x40, 0x19, 0x80, 0x08, 0xd5, 0x19, 0x97, 0x02, 0x00, 0x13, 0x80, 0x08, 0xd5,
    0x13, 0x97, 0x02, 0x00, 0x0a, 0x02, 0x80, 0xf0, 0x15, 0x23, 0x24, 0x00, 0x19, 0x00, 0x00, 0x00,
    0x0a, 0x02, 0x80, 0xf0, 0x15, 0x15, 0x24, 0x00, 0x13, 0x00, 0x00, 0x00, 0x71, 0x3f, 0x8c, 0xbf,
    0x42, 0x47, 0x46, 0x08, 0x17, 0x01, 0x03, 0xd5, 0x23, 0x2f, 0x02, 0x00, 0x0a, 0x02, 0x80, 0xf0,
    0x1b, 0x23, 0x24, 0x00, 0x19, 0x00, 0x00, 0x00, 0x70, 0x3f, 0x8c, 0xbf, 0x30, 0x47, 0x46, 0x08,
    0x17, 0x01, 0x03, 0xd5, 0x23, 0x2f, 0x02, 0x00, 0x0a, 0x02, 0x80, 0xf0, 0x1d, 0x23, 0x24, 0x00,
    0x19, 0x00, 0x00, 0x00, 0x70, 0x3f, 0x8c, 0xbf, 0x43, 0x47, 0x46, 0x08, 0x17, 0x01, 0x03, 0xd5,
    0x23, 0x2f, 0x02, 0x00, 0x0a, 0x02, 0x80, 0xf0, 0x1f, 0x23, 0x24, 0x00, 0x19, 0x00, 0x00, 0x00,
    0x70, 0x3f, 0x8c, 0xbf, 0x38, 0x47, 0x46, 0x08, 0x17, 0x01, 0x03, 0xd5, 0x23, 0x2f, 0x02, 0x00,
    0x0a, 0x02, 0x80, 0xf0, 0x21, 0x23, 0x24, 0x00, 0x19, 0x00, 0x00, 0x00, 0x0a, 0x02, 0x80, 0xf0,
    0x11, 0x19, 0x24, 0x00, 0x19, 0x00, 0x00, 0x00, 0x0a, 0x02, 0x80, 0xf0, 0x11, 0x11, 0x24, 0x00,
    0x13, 0x00, 0x00, 0x00, 0x20, 0x2b, 0x2a, 0x08, 0x72, 0x3f, 0x8c, 0xbf, 0x44, 0x47, 0x46, 0x08,
    0x71, 0x3f, 0x8c, 0xbf, 0x40, 0x33, 0x32, 0x08, 0x70, 0x3f, 0x8c, 0xbf, 0x45, 0x23, 0x22, 0x08,
    0x17, 0x01, 0x03, 0xd5, 0x23, 0x2f, 0x02, 0x00, 0x17, 0x01, 0x03, 0xd5, 0x19, 0x2f, 0x02, 0x00,
    0x15, 0x01, 0x03, 0xd5, 0x15, 0x2f, 0x02, 0x00, 0x0a, 0x02, 0x80, 0xf0, 0x1b, 0x17, 0x24, 0x00,
    0x13, 0x00, 0x00, 0x00, 0x70, 0x3f, 0x8c, 0xbf, 0x32, 0x2f, 0x2e, 0x08, 0x15, 0x01, 0x03, 0xd5,
    0x17, 0x2b, 0x02, 0x00, 0x0a, 0x02, 0x80, 0xf0, 0x1d, 0x17, 0x24, 0x00, 0x13, 0x00, 0x00, 0x00,
    0x70, 0x3f, 0x8c, 0xbf, 0x26, 0x2f, 0x2e, 0x08, 0x15, 0x01, 0x03, 0xd5, 0x17, 0x2b, 0x02, 0x00,
    0x0a, 0x02, 0x80, 0xf0, 0x1f, 0x17, 0x24, 0x00, 0x13, 0x00, 0x00, 0x00, 0x70, 0x3f, 0x8c, 0xbf,
    0x3a, 0x2f, 0x2e, 0x08, 0x15, 0x01, 0x03, 0xd5, 0x17, 0x2b, 0x02, 0x00, 0x0a, 0x02, 0x80, 0xf0,
    0x21, 0x17, 0x24, 0x00, 0x13, 0x00, 0x00, 0x00, 0x13, 0x03, 0x03, 0xd5, 0x0d, 0x1f, 0x02, 0x00,
    0x70, 0x3f, 0x8c, 0xbf, 0x2c, 0x2f, 0x2e, 0x08, 0x15, 0x01, 0x03, 0xd5, 0x17, 0x2b, 0x02, 0x00,
    0x11, 0x01, 0x03, 0xd5, 0x11, 0x2b, 0x02, 0x00, 0xff, 0x26, 0x22, 0x56, 0x0a, 0xd7, 0x23, 0x3c,
    0x11, 0x07, 0x02, 0x7c, 0x03, 0x23, 0x06, 0x02, 0x37, 0x1b, 0x6e, 0x02, 0x35, 0x1f, 0x6a, 0x02,
    0xbb, 0xfe, 0x82, 0xbf, 0x02, 0x03, 0xfc, 0xbe, 0x0b, 0xff, 0x00, 0x87, 0xff, 0xff, 0xff, 0x0f,
    0x00, 0x02, 0x00, 0xc8, 0x0b, 0x80, 0x04, 0xbf, 0xff, 0x8e, 0x04, 0x06, 0x00, 0x00, 0xf0, 0xc0,
    0x0b, 0x00, 0x0b, 0x85, 0x02, 0x00, 0xa1, 0xbf, 0x0d, 0x05, 0x08, 0xf4, 0x20, 0x00, 0x00, 0xfa,
    0x0d, 0x00, 0x0c, 0xf4, 0x30, 0x00, 0x00, 0xfa, 0x0d, 0x04, 0x08, 0xf4, 0x50, 0x00, 0x00, 0xfa,
    0x01, 0x02, 0x01, 0xc8, 0x49, 0x55, 0x02, 0x7e, 0xff, 0x90, 0x06, 0x06, 0x00, 0x00, 0xf0, 0xc0,
    0x3f, 0x00, 0x4b, 0xd5, 0xf6, 0x6e, 0x1e, 0x05, 0x80, 0x03, 0x9c, 0xbe, 0xf0, 0x00, 0x00, 0x06,
    0x00, 0x11, 0x50, 0x7e, 0x4a, 0x55, 0x00, 0x7e, 0x43, 0x80, 0x08, 0xd5, 0x03, 0x03, 0x02, 0x00,
    0x42, 0x80, 0x08, 0xd5, 0x02, 0x01, 0x02, 0x00, 0x7f, 0xc0, 0x8c, 0xbf, 0x08, 0x07, 0x80, 0xf0,
    0x42, 0x03, 0xa2, 0x00, 0x70, 0x3f, 0x8c, 0xbf, 0xff, 0x08, 0x04, 0x10, 0xa2, 0x45, 0x16, 0x3f,
    0xff, 0x06, 0x04, 0x56, 0x87, 0x16, 0x99, 0x3e, 0xff, 0x8e, 0x06, 0x06, 0x00, 0x00, 0x90, 0xc0,
    0xff, 0x0a, 0x04, 0x56, 0xd5, 0x78, 0xe9, 0x3d, 0x2e, 0x80, 0x08, 0xd5, 0x03, 0x01, 0x02, 0x00,
    0x0a, 0x07, 0x80, 0xf0, 0x2e, 0x04, 0xa2, 0x00, 0x43, 0x00, 0x00, 0x00, 0x70, 0x3f, 0x8c, 0xbf,
    0xff, 0x0a, 0x06, 0x10, 0xa2, 0x45, 0x16, 0x3f, 0xff, 0x08, 0x06, 0x56, 0x87, 0x16, 0x99, 0x3e,
    0xff, 0x8e, 0x08, 0x06, 0x00, 0x00, 0xc0, 0xbf, 0xff, 0x0c, 0x06, 0x56, 0xd5, 0x78, 0xe9, 0x3d,
    0x44, 0x80, 0x08, 0xd5, 0x04, 0x01, 0x02, 0x00, 0x0a, 0x07, 0x80, 0xf0, 0x44, 0x05, 0xa2, 0x00,
    0x43, 0x00, 0x00, 0x00, 0x70, 0x3f, 0x8c, 0xbf, 0xff, 0x0c, 0x08, 0x10, 0xa2, 0x45, 0x16, 0x3f,
    0xff, 0x0a, 0x08, 0x56, 0x87, 0x16, 0x99, 0x3e, 0xff, 0x8e, 0x0a, 0x06, 0x00, 0x00, 0xc0, 0x3f,
    0xff, 0x0e, 0x08, 0x56, 0xd5, 0x78, 0xe9, 0x3d, 0x2c, 0x80, 0x08, 0xd5, 0x05, 0x01, 0x02, 0x00,
    0x0a, 0x07, 0x80, 0xf0, 0x2c, 0x06, 0xa2, 0x00, 0x43, 0x00, 0x00, 0x00, 0x70, 0x3f, 0x8c, 0xbf,
    0xff, 0x0e, 0x0a, 0x10, 0xa2, 0x45, 0x16, 0x3f, 0xff, 0x0c, 0x0a, 0x56, 0x87, 0x16, 0x99, 0x3e,
    0xff, 0x8e, 0x0c, 0x06, 0x00, 0x00, 0x90, 0x40, 0xff, 0x10, 0x0a, 0x56, 0xd5, 0x78, 0xe9, 0x3d,
    0x2d, 0x80, 0x08, 0xd5, 0x06, 0x01, 0x02, 0x00, 0x0a, 0x07, 0x80, 0xf0, 0x2d, 0x07, 0xa2, 0x00,
    0x43, 0x00, 0x00, 0x00, 0x70, 0x3f, 0x8c, 0xbf, 0xff, 0x10, 0x0c, 0x10, 0xa2, 0x45, 0x16, 0x3f,
    0xff, 0x0e, 0x0c, 0x56, 0x87, 0x16, 0x99, 0x3e, 0xff, 0x8e, 0x0e, 0x06, 0x00, 0x00, 0xf0, 0x40,
    0xff, 0x12, 0x0c, 0x56, 0xd5, 0x78, 0xe9, 0x3d, 0x29, 0x80, 0x08, 0xd5, 0x07, 0x01, 0x02, 0x00,
    0x0a, 0x07, 0x80, 0xf0, 0x29, 0x08, 0xa2, 0x00, 0x43, 0x00, 0x00, 0x00, 0x70, 0x3f, 0x8c, 0xbf,
    0xff, 0x12, 0x0e, 0x10, 0xa2, 0x45, 0x16, 0x3f, 0xff, 0x10, 0x0e, 0x56, 0x87, 0x16, 0x99, 0x3e,
    0xff, 0x90, 0x10, 0x06, 0x00, 0x00, 0x90, 0xc0, 0xff, 0x14, 0x0e, 0x56, 0xd5, 0x78, 0xe9, 0x3d,
    0x45, 0x80, 0x08, 0xd5, 0x08, 0x03, 0x02, 0x00, 0x0a, 0x07, 0x80, 0xf0, 0x42, 0x09, 0xa2, 0x00,
    0x45, 0x00, 0x00, 0x00, 0x70, 0x3f, 0x8c, 0xbf, 0xff, 0x14, 0x10, 0x10, 0xa2, 0x45, 0x16, 0x3f,
    0xff, 0x12, 0x10, 0x56, 0x87, 0x16, 0x99, 0x3e, 0xff, 0x16, 0x10, 0x56, 0xd5, 0x78, 0xe9, 0x3d,
    0x0a, 0x07, 0x80, 0xf0, 0x2e, 0x0a, 0xa2, 0x00, 0x45, 0x00, 0x00, 0x00, 0x70, 0x3f, 0x8c, 0xbf,
    0xff, 0x16, 0x12, 0x10, 0xa2, 0x45, 0x16, 0x3f, 0xff, 0x14, 0x12, 0x56, 0x87, 0x16, 0x99, 0x3e,
    0xff, 0x18, 0x12, 0x56, 0xd5, 0x78, 0xe9, 0x3d, 0x08, 0x07, 0x80, 0xf0, 0x44, 0x0b, 0xa2, 0x00,
    0x70, 0x3f, 0x8c, 0xbf, 0xff, 0x18, 0x14, 0x10, 0xa2, 0x45, 0x16, 0x3f, 0xff, 0x16, 0x14, 0x56,
    0x87, 0x16, 0x99, 0x3e, 0xff, 0x1a, 0x14, 0x56, 0xd5, 0x78, 0xe9, 0x3d, 0x0a, 0x07, 0x80, 0xf0,
    0x2c, 0x0c, 0xa2, 0x00, 0x45, 0x00, 0x00, 0x00, 0x70, 0x3f, 0x8c, 0xbf, 0xff, 0x1a, 0x16, 0x10,
    0xa2, 0x45, 0x16, 0x3f, 0xff, 0x18, 0x16, 0x56, 0x87, 0x16, 0x99, 0x3e, 0xff, 0x1c, 0x16, 0x56,
    0xd5, 0x78, 0xe9, 0x3d, 0x0a, 0x07, 0x80, 0xf0, 0x2d, 0x0d, 0xa2, 0x00, 0x45, 0x00, 0x00, 0x00,
    0x70, 0x3f, 0x8c, 0xbf, 0xff, 0x1c, 0x18, 0x10, 0xa2, 0x45, 0x16, 0x3f, 0xff, 0x1a, 0x18, 0x56,
    0x87, 0x16, 0x99, 0x3e, 0xff, 0x1e, 0x18, 0x56, 0xd5, 0x78, 0xe9, 0x3d, 0x0a, 0x07, 0x80, 0xf0,
    0x29, 0x0e, 0xa2, 0x00, 0x45, 0x00, 0x00, 0x00, 0x70, 0x3f, 0x8c, 0xbf, 0xff, 0x1e, 0x1a, 0x10,
    0xa2, 0x45, 0x16, 0x3f, 0xff, 0x1c, 0x1a, 0x56, 0x87, 0x16, 0x99, 0x3e, 0xff, 0x90, 0x1c, 0x06,
    0x00, 0x00, 0xc0, 0xbf, 0xff, 0x20, 0x1a, 0x56, 0xd5, 0x78, 0xe9, 0x3d, 0x2a, 0x80, 0x08, 0xd5,
    0x0e, 0x03, 0x02, 0x00, 0x0a, 0x07, 0x80, 0xf0, 0x42, 0x0f, 0xa2, 0x00, 0x2a, 0x00, 0x00, 0x00,
    0x70, 0x3f, 0x8c, 0xbf, 0xff, 0x20, 0x1c, 0x10, 0xa2, 0x45, 0x16, 0x3f, 0xff, 0x1e, 0x1c, 0x56,
    0x87, 0x16, 0x99, 0x3e, 0xff, 0x22, 0x1c, 0x56, 0xd5, 0x78, 0xe9, 0x3d, 0x0a, 0x07, 0x80, 0xf0,
    0x2e, 0x10, 0xa2, 0x00, 0x2a, 0x00, 0x00, 0x00, 0x70, 0x3f, 0x8c, 0xbf, 0xff, 0x22, 0x1e, 0x10,
    0xa2, 0x45, 0x16, 0x3f, 0xff, 0x20, 0x1e, 0x56, 0x87, 0x16, 0x99, 0x3e, 0xff, 0x24, 0x1e, 0x56,
    0xd5, 0x78, 0xe9, 0x3d, 0x0a, 0x07, 0x80, 0xf0, 0x44, 0x11, 0xa2, 0x00, 0x2a, 0x00, 0x00, 0x00,
    0x70, 0x3f, 0x8c, 0xbf, 0xff, 0x24, 0x20, 0x10, 0xa2, 0x45, 0x16, 0x3f, 0xff, 0x22, 0x20, 0x56,
    0x87, 0x16, 0x99, 0x3e, 0xff, 0x26, 0x20, 0x56, 0xd5, 0x78, 0xe9, 0x3d, 0x0a, 0x07, 0x80, 0xf0,
    0x2c, 0x12, 0xa2, 0x00, 0x2a, 0x00, 0x00, 0x00, 0x70, 0x3f, 0x8c, 0xbf, 0xff, 0x26, 0x22, 0x10,
    0xa2, 0x45, 0x16, 0x3f, 0xff, 0x24, 0x22, 0x56, 0x87, 0x16, 0x99, 0x3e, 0xff, 0x28, 0x22, 0x56,
    0xd5, 0x78, 0xe9, 0x3d, 0x0a, 0x07, 0x80, 0xf0, 0x2d, 0x13, 0xa2, 0x00, 0x2a, 0x00, 0x00, 0x00,
    0x70, 0x3f, 0x8c, 0xbf, 0xff, 0x28, 0x24, 0x10, 0xa2, 0x45, 0x16, 0x3f, 0xff, 0x26, 0x24, 0x56,
    0x87, 0x16, 0x99, 0x3e, 0xff, 0x2a, 0x24, 0x56, 0xd5, 0x78, 0xe9, 0x3d, 0x08, 0x07, 0x80, 0xf0,
    0x29, 0x14, 0xa2, 0x00, 0x70, 0x3f, 0x8c, 0xbf, 0xff, 0x2a, 0x26, 0x10, 0xa2, 0x45, 0x16, 0x3f,
    0xff, 0x28, 0x26, 0x56, 0x87, 0x16, 0x99, 0x3e, 0xff, 0x90, 0x28, 0x06, 0x00, 0x00, 0xc0, 0x3f,
    0xff, 0x2c, 0x26, 0x56, 0xd5, 0x78, 0xe9, 0x3d, 0x30, 0x80, 0x08, 0xd5, 0x14, 0x03, 0x02, 0x00,
    0x0a, 0x07, 0x80, 0xf0, 0x42, 0x15, 0xa2, 0x00, 0x30, 0x00, 0x00, 0x00, 0x70, 0x3f, 0x8c, 0xbf,
    0xff, 0x2c, 0x28, 0x10, 0xa2, 0x45, 0x16, 0x3f, 0xff, 0x2a, 0x28, 0x56, 0x87, 0x16, 0x99, 0x3e,
    0xff, 0x2e, 0x28, 0x56, 0xd5, 0x78, 0xe9, 0x3d, 0x0a, 0x07, 0x80, 0xf0, 0x2e, 0x16, 0xa2, 0x00,
    0x30, 0x00, 0x00, 0x00, 0x70, 0x3f, 0x8c, 0xbf, 0xff, 0x2e, 0x2a, 0x10, 0xa2, 0x45, 0x16, 0x3f,
    0xff, 0x2c, 0x2a, 0x56, 0x87, 0x16, 0x99, 0x3e, 0xff, 0x30, 0x2a, 0x56, 0xd5, 0x78, 0xe9, 0x3d,
    0x0a, 0x07, 0x80, 0xf0, 0x44, 0x17, 0xa2, 0x00, 0x30, 0x00, 0x00, 0x00, 0x70, 0x3f, 0x8c, 0xbf,
    0xff, 0x30, 0x2c, 0x10, 0xa2, 0x45, 0x16, 0x3f, 0xff, 0x2e, 0x2c, 0x56, 0x87, 0x16, 0x99, 0x3e,
    0xff, 0x32, 0x2c, 0x56, 0xd5, 0x78, 0xe9, 0x3d, 0x0a, 0x07, 0x80, 0xf0, 0x2c, 0x18, 0xa2, 0x00,
    0x30, 0x00, 0x00, 0x00, 0x70, 0x3f, 0x8c, 0xbf, 0xff, 0x32, 0x2e, 0x10, 0xa2, 0x45, 0x16, 0x3f,
    0xff, 0x30, 0x2e, 0x56, 0x87, 0x16, 0x99, 0x3e, 0xff, 0x34, 0x2e, 0x56, 0xd5, 0x78, 0xe9, 0x3d,
    0x0a, 0x07, 0x80, 0xf0, 0x2d, 0x19, 0xa2, 0x00, 0x30, 0x00, 0x00, 0x00, 0x70, 0x3f, 0x8c, 0xbf,
    0xff, 0x34, 0x30, 0x10, 0xa2, 0x45, 0x16, 0x3f, 0xff, 0x32, 0x30, 0x56, 0x87, 0x16, 0x99, 0x3e,
    0xff, 0x36, 0x30, 0x56, 0xd5, 0x78, 0xe9, 0x3d, 0x0a, 0x07, 0x80, 0xf0, 0x29, 0x1a, 0xa2, 0x00,
    0x30, 0x00, 0x00, 0x00, 0x70, 0x3f, 0x8c, 0xbf, 0xff, 0x36, 0x32, 0x10, 0xa2, 0x45, 0x16, 0x3f,
    0xff, 0x34, 0x32, 0x56, 0x87, 0x16, 0x99, 0x3e, 0xff, 0x90, 0x34, 0x06, 0x00, 0x00, 0x90, 0x40,
    0xff, 0x38, 0x32, 0x56, 0xd5, 0x78, 0xe9, 0x3d, 0x34, 0x80, 0x08, 0xd5, 0x1a, 0x03, 0x02, 0x00,
    0x0a, 0x07, 0x80, 0xf0, 0x42, 0x1b, 0xa2, 0x00, 0x34, 0x00, 0x00, 0x00, 0x70, 0x3f, 0x8c, 0xbf,
    0xff, 0x38, 0x34, 0x10, 0xa2, 0x45, 0x16, 0x3f, 0xff, 0x36, 0x34, 0x56, 0x87, 0x16, 0x99, 0x3e,
    0xff, 0x3a, 0x34, 0x56, 0xd5, 0x78, 0xe9, 0x3d, 0x0a, 0x07, 0x80, 0xf0, 0x2e, 0x1c, 0xa2, 0x00,
    0x34, 0x00, 0x00, 0x00, 0x70, 0x3f, 0x8c, 0xbf, 0xff, 0x3a, 0x36, 0x10, 0xa2, 0x45, 0x16, 0x3f,
    0xff, 0x38, 0x36, 0x56, 0x87, 0x16, 0x99, 0x3e, 0xff, 0x3c, 0x36, 0x56, 0xd5, 0x78, 0xe9, 0x3d,
    0x0a, 0x07, 0x80, 0xf0, 0x44, 0x1d, 0xa2, 0x00, 0x34, 0x00, 0x00, 0x00, 0x70, 0x3f, 0x8c, 0xbf,
    0xff, 0x3c, 0x38, 0x10, 0xa2, 0x45, 0x16, 0x3f, 0xff, 0x3a, 0x38, 0x56, 0x87, 0x16, 0x99, 0x3e,
    0xff, 0x3e, 0x38, 0x56, 0xd5, 0x78, 0xe9, 0x3d, 0x0a, 0x07, 0x80, 0xf0, 0x2c, 0x1e, 0xa2, 0x00,
    0x34, 0x00, 0x00, 0x00, 0x70, 0x3f, 0x8c, 0xbf, 0xff, 0x3e, 0x3a, 0x10, 0xa2, 0x45, 0x16, 0x3f,
    0xff, 0x3c, 0x3a, 0x56, 0x87, 0x16, 0x99, 0x3e, 0xff, 0x40, 0x3a, 0x56, 0xd5, 0x78, 0xe9, 0x3d,
    0x0a, 0x07, 0x80, 0xf0, 0x2d, 0x1f, 0xa2, 0x00, 0x34, 0x00, 0x00, 0x00, 0x70, 0x3f, 0x8c, 0xbf,
    0xff, 0x40, 0x3c, 0x10, 0xa2, 0x45, 0x16, 0x3f, 0xff, 0x3e, 0x3c, 0x56, 0x87, 0x16, 0x99, 0x3e,
    0xff, 0x42, 0x3c, 0x56, 0xd5, 0x78, 0xe9, 0x3d, 0x0a, 0x07, 0x80, 0xf0, 0x29, 0x20, 0xa2, 0x00,
    0x34, 0x00, 0x00, 0x00, 0x70, 0x3f, 0x8c, 0xbf, 0xff, 0x42, 0x3e, 0x10, 0xa2, 0x45, 0x16, 0x3f,
    0xff, 0x40, 0x3e, 0x56, 0x87, 0x16, 0x99, 0x3e, 0xff, 0x90, 0x40, 0x06, 0x00, 0x00, 0xf0, 0x40,
    0xff, 0x44, 0x3e, 0x56, 0xd5, 0x78, 0xe9, 0x3d, 0x2f, 0x80, 0x08, 0xd5, 0x20, 0x03, 0x02, 0x00,
    0x0a, 0x07, 0x80, 0xf0, 0x42, 0x21, 0xa2, 0x00, 0x2f, 0x00, 0x00, 0x00, 0x0a, 0x07, 0x80, 0xf0,
    0x29, 0x38, 0xa2, 0x00, 0x2f, 0x00, 0x00, 0x00, 0x71, 0x3f, 0x8c, 0xbf, 0xff, 0x44, 0x40, 0x10,
    0xa2, 0x45, 0x16, 0x3f, 0xff, 0x42, 0x40, 0x56, 0x87, 0x16, 0x99, 0x3e, 0xff, 0x46, 0x40, 0x56,
    0xd5, 0x78, 0xe9, 0x3d, 0x08, 0x07, 0x80, 0xf0, 0x2e, 0x22, 0xa2, 0x00, 0x70, 0x3f, 0x8c, 0xbf,
    0xff, 0x46, 0x42, 0x10, 0xa2, 0x45, 0x16, 0x3f, 0xff, 0x44, 0x42, 0x56, 0x87, 0x16, 0x99, 0x3e,
    0xff, 0x48, 0x42, 0x56, 0xd5, 0x78, 0xe9, 0x3d, 0x0a, 0x07, 0x80, 0xf0, 0x44, 0x23, 0xa2, 0x00,
    0x2f, 0x00, 0x00, 0x00, 0x70, 0x3f, 0x8c, 0xbf, 0xff, 0x48, 0x44, 0x10, 0xa2, 0x45, 0x16, 0x3f,
    0xff, 0x46, 0x44, 0x56, 0x87, 0x16, 0x99, 0x3e, 0xff, 0x4a, 0x44, 0x56, 0xd5, 0x78, 0xe9, 0x3d,
    0x0a, 0x07, 0x80, 0xf0, 0x2c, 0x24, 0xa2, 0x00, 0x2f, 0x00, 0x00, 0x00, 0x70, 0x3f, 0x8c, 0xbf,
    0xff, 0x4a, 0x46, 0x10, 0xa2, 0x45, 0x16, 0x3f, 0xff, 0x48, 0x46, 0x56, 0x87, 0x16, 0x99, 0x3e,
    0xff, 0x4c, 0x46, 0x56, 0xd5, 0x78, 0xe9, 0x3d, 0x0a, 0x07, 0x80, 0xf0, 0x2d, 0x25, 0xa2, 0x00,
    0x2f, 0x00, 0x00, 0x00, 0xe3, 0xff, 0xa3, 0xbf, 0x03, 0xff, 0x08, 0x87, 0xff, 0xff, 0xff, 0x0f,
    0x03, 0x80, 0x04, 0xbf, 0x03, 0x08, 0x03, 0x85, 0x80, 0x04, 0x88, 0xbe, 0x70, 0x3f, 0x8c, 0xbf,
    0xff, 0x4c, 0x48, 0x10, 0xa2, 0x45, 0x16, 0x3f, 0xf6, 0x6e, 0x4c, 0x10, 0xff, 0x4a, 0x48, 0x56,
    0x87, 0x16, 0x99, 0x3e, 0xff, 0x72, 0x4a, 0x10, 0xa2, 0x45, 0x16, 0x3f, 0x39, 0x00, 0x4b, 0xd5,
    0xf6, 0x6a, 0x22, 0x05, 0xff, 0x4e, 0x48, 0x56, 0xd5, 0x78, 0xe9, 0x3d, 0xf6, 0x6a, 0x4e, 0x10,
    0xff, 0x7e, 0x6a, 0x06, 0x00, 0x00, 0xf0, 0xc0, 0xff, 0x72, 0x6c, 0x06, 0x00, 0x00, 0xf0, 0xc0,
    0xff, 0x70, 0x4a, 0x56, 0x87, 0x16, 0x99, 0x3e, 0x31, 0x80, 0x08, 0xd5, 0x35, 0x01, 0x02, 0x00,
    0x32, 0x80, 0x08, 0xd5, 0x36, 0x03, 0x02, 0x00, 0xff, 0x74, 0x4a, 0x56, 0xd5, 0x78, 0xe9, 0x3d,
    0x08, 0x07, 0x80, 0xf0, 0x31, 0x35, 0x80, 0x00, 0x70, 0x3f, 0x8c, 0xbf, 0xff, 0x6a, 0x6a, 0x10,
    0x87, 0x16, 0x99, 0x3e, 0xff, 0x6c, 0x6a, 0x56, 0xa2, 0x45, 0x16, 0x3f, 0xff, 0x6e, 0x6a, 0x56,
    0xd5, 0x78, 0xe9, 0x3d, 0x02, 0x6b, 0x70, 0x08, 0xff, 0x7e, 0x6a, 0x06, 0x00, 0x00, 0x90, 0xc0,
    0x3a, 0x80, 0x08, 0xd5, 0x35, 0x01, 0x02, 0x00, 0x0a, 0x07, 0x80, 0xf0, 0x3a, 0x35, 0x80, 0x00,
    0x32, 0x00, 0x00, 0x00, 0x70, 0x3f, 0x8c, 0xbf, 0xff, 0x6a, 0x6a, 0x10, 0x87, 0x16, 0x99, 0x3e,
    0xff, 0x6c, 0x6a, 0x56, 0xa2, 0x45, 0x16, 0x3f, 0xff, 0x6e, 0x6a, 0x56, 0xd5, 0x78, 0xe9, 0x3d,
    0x03, 0x6b, 0x6a, 0x08, 0x3c, 0x03, 0x03, 0xd5, 0x35, 0x71, 0x02, 0x00, 0xff, 0x7e, 0x6a, 0x06,
    0x00, 0x00, 0xc0, 0xbf, 0x38, 0x80, 0x08, 0xd5, 0x35, 0x01, 0x02, 0x00, 0x0a, 0x07, 0x80, 0xf0,
    0x38, 0x35, 0x80, 0x00, 0x32, 0x00, 0x00, 0x00, 0x70, 0x3f, 0x8c, 0xbf, 0xff, 0x6a, 0x6a, 0x10,
    0x87, 0x16, 0x99, 0x3e, 0xff, 0x6c, 0x6a, 0x56, 0xa2, 0x45, 0x16, 0x3f, 0xff, 0x7e, 0x6c, 0x06,
    0x00, 0x00, 0xc0, 0x3f, 0xff, 0x6e, 0x6a, 0x56, 0xd5, 0x78, 0xe9, 0x3d, 0x37, 0x80, 0x08, 0xd5,
    0x36, 0x01, 0x02, 0x00, 0x04, 0x6b, 0x6a, 0x08, 0x35, 0x01, 0x03, 0xd5, 0x35, 0x79, 0x02, 0x00,
    0x0a, 0x07, 0x80, 0xf0, 0x37, 0x3c, 0x80, 0x00, 0x32, 0x00, 0x00, 0x00, 0x70, 0x3f, 0x8c, 0xbf,
    0xff, 0x78, 0x6c, 0x10, 0x87, 0x16, 0x99, 0x3e, 0xff, 0x7a, 0x6c, 0x56, 0xa2, 0x45, 0x16, 0x3f,
    0xff, 0x7c, 0x6c, 0x56, 0xd5, 0x78, 0xe9, 0x3d, 0x05, 0x6d, 0x6c, 0x08, 0x35, 0x01, 0x03, 0xd5,
    0x36, 0x6b, 0x02, 0x00, 0xff, 0x7e, 0x6c, 0x06, 0x00, 0x00, 0x90, 0x40, 0x36, 0x80, 0x08, 0xd5,
    0x36, 0x01, 0x02, 0x00, 0x0a, 0x07, 0x80, 0xf0, 0x36, 0x3c, 0x80, 0x00, 0x32, 0x00, 0x00, 0x00,
    0x70, 0x3f, 0x8c, 0xbf, 0xff, 0x78, 0x78, 0x10, 0x87, 0x16, 0x99, 0x3e, 0xff, 0x7a, 0x78, 0x56,
    0xa2, 0x45, 0x16, 0x3f, 0xff, 0x7c, 0x78, 0x56, 0xd5, 0x78, 0xe9, 0x3d, 0x06, 0x79, 0x78, 0x08,
    0x41, 0x01, 0x03, 0xd5, 0x3c, 0x6b, 0x02, 0x00, 0xff, 0x7e, 0x6a, 0x06, 0x00, 0x00, 0xf0, 0x40,
    0x35, 0x80, 0x08, 0xd5, 0x35, 0x01, 0x02, 0x00, 0x0a, 0x07, 0x80, 0xf0, 0x35, 0x3c, 0x80, 0x00,
    0x32, 0x00, 0x00, 0x00, 0x70, 0x3f, 0x8c, 0xbf, 0xff, 0x78, 0x78, 0x10, 0x87, 0x16, 0x99, 0x3e,
    0xff, 0x7a, 0x78, 0x56, 0xa2, 0x45, 0x16, 0x3f, 0xff, 0x7c, 0x78, 0x56, 0xd5, 0x78, 0xe9, 0x3d,
    0x07, 0x79, 0x78, 0x08, 0x3f, 0x01, 0x03, 0xd5, 0x3c, 0x83, 0x02, 0x00, 0xff, 0x72, 0x78, 0x06,
    0x00, 0x00, 0x90, 0xc0, 0x32, 0x80, 0x08, 0xd5, 0x3c, 0x03, 0x02, 0x00, 0x08, 0x07, 0x80, 0xf0,
    0x31, 0x3c, 0x80, 0x00, 0x70, 0x3f, 0x8c, 0xbf, 0xff, 0x78, 0x78, 0x10, 0x87, 0x16, 0x99, 0x3e,
    0xff, 0x7a, 0x78, 0x56, 0xa2, 0x45, 0x16, 0x3f, 0xff, 0x7c, 0x78, 0x56, 0xd5, 0x78, 0xe9, 0x3d,
    0x08, 0x79, 0x78, 0x08, 0x3f, 0x01, 0x03, 0xd5, 0x3c, 0x7f, 0x02, 0x00, 0x0a, 0x07, 0x80, 0xf0,
    0x3a, 0x3c, 0x80, 0x00, 0x32, 0x00, 0x00, 0x00, 0x70, 0x3f, 0x8c, 0xbf, 0xff, 0x78, 0x78, 0x10,
    0x87, 0x16, 0x99, 0x3e, 0xff, 0x7a, 0x78, 0x56, 0xa2, 0x45, 0x16, 0x3f, 0xff, 0x7c, 0x78, 0x56,
    0xd5, 0x78, 0xe9, 0x3d, 0x09, 0x79, 0x78, 0x08, 0x3f, 0x01, 0x03, 0xd5, 0x3c, 0x7f, 0x02, 0x00,
    0x0a, 0x07, 0x80, 0xf0, 0x38, 0x3c, 0x80, 0x00, 0x32, 0x00, 0x00, 0x00, 0x70, 0x3f, 0x8c, 0xbf,
    0xff, 0x78, 0x78, 0x10, 0x87, 0x16, 0x99, 0x3e, 0xff, 0x7a, 0x78, 0x56, 0xa2, 0x45, 0x16, 0x3f,
    0xff, 0x7c, 0x78, 0x56, 0xd5, 0x78, 0xe9, 0x3d, 0x0a, 0x79, 0x78, 0x08, 0x3f, 0x01, 0x03, 0xd5,
    0x3c, 0x7f, 0x02, 0x00, 0x0a, 0x07, 0x80, 0xf0, 0x37, 0x3c, 0x80, 0x00, 0x32, 0x00, 0x00, 0x00,
    0x70, 0x3f, 0x8c, 0xbf, 0xff, 0x78, 0x78, 0x10, 0x87, 0x16, 0x99, 0x3e, 0xff, 0x7a, 0x78, 0x56,
    0xa2, 0x45, 0x16, 0x3f, 0xff, 0x7c, 0x78, 0x56, 0xd5, 0x78, 0xe9, 0x3d, 0x0b, 0x79, 0x78, 0x08,
    0x3f, 0x01, 0x03, 0xd5, 0x3c, 0x7f, 0x02, 0x00, 0x0a, 0x07, 0x80, 0xf0, 0x36, 0x3c, 0x80, 0x00,
    0x32, 0x00, 0x00, 0x00, 0x70, 0x3f, 0x8c, 0xbf, 0xff, 0x78, 0x78, 0x10, 0x87, 0x16, 0x99, 0x3e,
    0xff, 0x7a, 0x78, 0x56, 0xa2, 0x45, 0x16, 0x3f, 0xff, 0x7c, 0x78, 0x56, 0xd5, 0x78, 0xe9, 0x3d,
    0x0c, 0x79, 0x78, 0x08, 0x3f, 0x01, 0x03, 0xd5, 0x3c, 0x7f, 0x02, 0x00, 0x0a, 0x07, 0x80, 0xf0,
    0x35, 0x3c, 0x80, 0x00, 0x32, 0x00, 0x00, 0x00, 0x70, 0x3f, 0x8c, 0xbf, 0xff, 0x78, 0x78, 0x10,
    0x87, 0x16, 0x99, 0x3e, 0xff, 0x7a, 0x78, 0x56, 0xa2, 0x45, 0x16, 0x3f, 0xff, 0x7c, 0x78, 0x56,
    0xd5, 0x78, 0xe9, 0x3d, 0x0d, 0x79, 0x78, 0x08, 0x3f, 0x01, 0x03, 0xd5, 0x3c, 0x7f, 0x02, 0x00,
    0xff, 0x72, 0x78, 0x06, 0x00, 0x00, 0xc0, 0xbf, 0x32, 0x80, 0x08, 0xd5, 0x3c, 0x03, 0x02, 0x00,
    0x08, 0x07, 0x80, 0xf0, 0x31, 0x3c, 0x80, 0x00, 0x70, 0x3f, 0x8c, 0xbf, 0xff, 0x78, 0x78, 0x10,
    0x87, 0x16, 0x99, 0x3e, 0xff, 0x7a, 0x78, 0x56, 0xa2, 0x45, 0x16, 0x3f, 0xff, 0x7c, 0x78, 0x56,
    0xd5, 0x78, 0xe9, 0x3d, 0x0e, 0x79, 0x78, 0x08, 0x3f, 0x01, 0x03, 0xd5, 0x3c, 0x7f, 0x02, 0x00,
    0x0a, 0x07, 0x80, 0xf0, 0x3a, 0x3c, 0x80, 0x00, 0x32, 0x00, 0x00, 0x00, 0x70, 0x3f, 0x8c, 0xbf,
    0xff, 0x78, 0x78, 0x10, 0x87, 0x16, 0x99, 0x3e, 0xff, 0x7a, 0x78, 0x56, 0xa2, 0x45, 0x16, 0x3f,
    0xff, 0x7c, 0x78, 0x56, 0xd5, 0x78, 0xe9, 0x3d, 0x0f, 0x79, 0x78, 0x08, 0x3f, 0x01, 0x03, 0xd5,
    0x3c, 0x7f, 0x02, 0x00, 0x0a, 0x07, 0x80, 0xf0, 0x38, 0x3c, 0x80, 0x00, 0x32, 0x00, 0x00, 0x00,
    0x70, 0x3f, 0x8c, 0xbf, 0xff, 0x78, 0x78, 0x10, 0x87, 0x16, 0x99, 0x3e, 0xff, 0x7a, 0x78, 0x56,
    0xa2, 0x45, 0x16, 0x3f, 0xff, 0x7c, 0x78, 0x56, 0xd5, 0x78, 0xe9, 0x3d, 0x10, 0x79, 0x78, 0x08,
    0x3f, 0x01, 0x03, 0xd5, 0x3c, 0x7f, 0x02, 0x00, 0x0a, 0x07, 0x80, 0xf0, 0x37, 0x3c, 0x80, 0x00,
    0x32, 0x00, 0x00, 0x00, 0x70, 0x3f, 0x8c, 0xbf, 0xff, 0x78, 0x78, 0x10, 0x87, 0x16, 0x99, 0x3e,
    0xff, 0x7a, 0x78, 0x56, 0xa2, 0x45, 0x16, 0x3f, 0xff, 0x7c, 0x78, 0x56, 0xd5, 0x78, 0xe9, 0x3d,
    0x11, 0x79, 0x78, 0x08, 0x3f, 0x01, 0x03, 0xd5, 0x3c, 0x7f, 0x02, 0x00, 0x0a, 0x07, 0x80, 0xf0,
    0x36, 0x3c, 0x80, 0x00, 0x32, 0x00, 0x00, 0x00, 0x70, 0x3f, 0x8c, 0xbf, 0xff, 0x78, 0x78, 0x10,
    0x87, 0x16, 0x99, 0x3e, 0xff, 0x7a, 0x78, 0x56, 0xa2, 0x45, 0x16, 0x3f, 0xff, 0x7c, 0x78, 0x56,
    0xd5, 0x78, 0xe9, 0x3d, 0x12, 0x79, 0x78, 0x08, 0x3f, 0x01, 0x03, 0xd5, 0x3c, 0x7f, 0x02, 0x00,
    0x0a, 0x07, 0x80, 0xf0, 0x35, 0x3c, 0x80, 0x00, 0x32, 0x00, 0x00, 0x00, 0x70, 0x3f, 0x8c, 0xbf,
    0xff, 0x78, 0x78, 0x10, 0x87, 0x16, 0x99, 0x3e, 0xff, 0x7a, 0x78, 0x56, 0xa2, 0x45, 0x16, 0x3f,
    0xff, 0x7c, 0x78, 0x56, 0xd5, 0x78, 0xe9, 0x3d, 0x13, 0x79, 0x78, 0x08, 0x3f, 0x01, 0x03, 0xd5,
    0x3c, 0x7f, 0x02, 0x00, 0xff, 0x72, 0x78, 0x06, 0x00, 0x00, 0xc0, 0x3f, 0x32, 0x80, 0x08, 0xd5,
    0x3c, 0x03, 0x02, 0x00, 0x08, 0x07, 0x80, 0xf0, 0x31, 0x3c, 0x80, 0x00, 0x70, 0x3f, 0x8c, 0xbf,
    0xff, 0x78, 0x78, 0x10, 0x87, 0x16, 0x99, 0x3e, 0xff, 0x7a, 0x78, 0x56, 0xa2, 0x45, 0x16, 0x3f,
    0xff, 0x7c, 0x78, 0x56, 0xd5, 0x78, 0xe9, 0x3d, 0x14, 0x79, 0x78, 0x08, 0x3f, 0x01, 0x03, 0xd5,
    0x3c, 0x7f, 0x02, 0x00, 0x0a, 0x07, 0x80, 0xf0, 0x3a, 0x3c, 0x80, 0x00, 0x32, 0x00, 0x00, 0x00,
    0x70, 0x3f, 0x8c, 0xbf, 0xff, 0x78, 0x78, 0x10, 0x87, 0x16, 0x99, 0x3e, 0xff, 0x7a, 0x78, 0x56,
    0xa2, 0x45, 0x16, 0x3f, 0xff, 0x7c, 0x78, 0x56, 0xd5, 0x78, 0xe9, 0x3d, 0x15, 0x79, 0x78, 0x08,
    0x3f, 0x01, 0x03, 0xd5, 0x3c, 0x7f, 0x02, 0x00, 0x0a, 0x07, 0x80, 0xf0, 0x38, 0x3c, 0x80, 0x00,
    0x32, 0x00, 0x00, 0x00, 0x70, 0x3f, 0x8c, 0xbf, 0xff, 0x78, 0x78, 0x10, 0x87, 0x16, 0x99, 0x3e,
    0xff, 0x7a, 0x78, 0x56, 0xa2, 0x45, 0x16, 0x3f, 0xff, 0x7c, 0x78, 0x56, 0xd5, 0x78, 0xe9, 0x3d,
    0x16, 0x79, 0x78, 0x08, 0x3f, 0x01, 0x03, 0xd5, 0x3c, 0x7f, 0x02, 0x00, 0x0a, 0x07, 0x80, 0xf0,
    0x37, 0x3c, 0x80, 0x00, 0x32, 0x00, 0x00, 0x00, 0x70, 0x3f, 0x8c, 0xbf, 0xff, 0x78, 0x78, 0x10,
    0x87, 0x16, 0x99, 0x3e, 0xff, 0x7a, 0x78, 0x56, 0xa2, 0x45, 0x16, 0x3f, 0xff, 0x7c, 0x78, 0x56,
    0xd5, 0x78, 0xe9, 0x3d, 0x17, 0x79, 0x78, 0x08, 0x3f, 0x01, 0x03, 0xd5, 0x3c, 0x7f, 0x02, 0x00,
    0x0a, 0x07, 0x80, 0xf0, 0x36, 0x3c, 0x80, 0x00, 0x32, 0x00, 0x00, 0x00, 0x70, 0x3f, 0x8c, 0xbf,
    0xff, 0x78, 0x78, 0x10, 0x87, 0x16, 0x99, 0x3e, 0xff, 0x7a, 0x78, 0x56, 0xa2, 0x45, 0x16, 0x3f,
    0xff, 0x7c, 0x78, 0x56, 0xd5, 0x78, 0xe9, 0x3d, 0x18, 0x79, 0x78, 0x08, 0x3f, 0x01, 0x03, 0xd5,
    0x3c, 0x7f, 0x02, 0x00, 0x0a, 0x07, 0x80, 0xf0, 0x35, 0x3c, 0x80, 0x00, 0x32, 0x00, 0x00, 0x00,
    0x70, 0x3f, 0x8c, 0xbf, 0xff, 0x78, 0x78, 0x10, 0x87, 0x16, 0x99, 0x3e, 0xff, 0x7a, 0x78, 0x56,
    0xa2, 0x45, 0x16, 0x3f, 0xff, 0x7c, 0x78, 0x56, 0xd5, 0x78, 0xe9, 0x3d, 0x19, 0x79, 0x78, 0x08,
    0x3f, 0x01, 0x03, 0xd5, 0x3c, 0x7f, 0x02, 0x00, 0xff, 0x72, 0x78, 0x06, 0x00, 0x00, 0x90, 0x40,
    0xff, 0x72, 0x72, 0x06, 0x00, 0x00, 0xf0, 0x40, 0x32, 0x80, 0x08, 0xd5, 0x3c, 0x03, 0x02, 0x00,
    0x08, 0x07, 0x80, 0xf0, 0x31, 0x3c, 0x80, 0x00, 0x70, 0x3f, 0x8c, 0xbf, 0xff, 0x78, 0x78, 0x10,
    0x87, 0x16, 0x99, 0x3e, 0xff, 0x7a, 0x78, 0x56, 0xa2, 0x45, 0x16, 0x3f, 0xff, 0x7c, 0x78, 0x56,
    0xd5, 0x78, 0xe9, 0x3d, 0x1a, 0x79, 0x78, 0x08, 0x3f, 0x01, 0x03, 0xd5, 0x3c, 0x7f, 0x02, 0x00,
    0x0a, 0x07, 0x80, 0xf0, 0x3a, 0x3c, 0x80, 0x00, 0x32, 0x00, 0x00, 0x00, 0x70, 0x3f, 0x8c, 0xbf,
    0xff, 0x78, 0x78, 0x10, 0x87, 0x16, 0x99, 0x3e, 0xff, 0x7a, 0x78, 0x56, 0xa2, 0x45, 0x16, 0x3f,
    0xff, 0x7c, 0x78, 0x56, 0xd5, 0x78, 0xe9, 0x3d, 0x1b, 0x79, 0x78, 0x08, 0x3f, 0x01, 0x03, 0xd5,
    0x3c, 0x7f, 0x02, 0x00, 0x0a, 0x07, 0x80, 0xf0, 0x38, 0x3c, 0x80, 0x00, 0x32, 0x00, 0x00, 0x00,
    0x70, 0x3f, 0x8c, 0xbf, 0xff, 0x78, 0x78, 0x10, 0x87, 0x16, 0x99, 0x3e, 0xff, 0x7a, 0x78, 0x56,
    0xa2, 0x45, 0x16, 0x3f, 0xff, 0x7c, 0x78, 0x56, 0xd5, 0x78, 0xe9, 0x3d, 0x1c, 0x79, 0x78, 0x08,
    0x3f, 0x01, 0x03, 0xd5, 0x3c, 0x7f, 0x02, 0x00, 0x0a, 0x07, 0x80, 0xf0, 0x37, 0x3c, 0x80, 0x00,
    0x32, 0x00, 0x00, 0x00, 0x70, 0x3f, 0x8c, 0xbf, 0xff, 0x78, 0x78, 0x10, 0x87, 0x16, 0x99, 0x3e,
    0xff, 0x7a, 0x78, 0x56, 0xa2, 0x45, 0x16, 0x3f, 0xff, 0x7c, 0x78, 0x56, 0xd5, 0x78, 0xe9, 0x3d,
    0x1d, 0x79, 0x78, 0x08, 0x3f, 0x01, 0x03, 0xd5, 0x3c, 0x7f, 0x02, 0x00, 0x0a, 0x07, 0x80, 0xf0,
    0x36, 0x3c, 0x80, 0x00, 0x32, 0x00, 0x00, 0x00, 0x70, 0x3f, 0x8c, 0xbf, 0xff, 0x78, 0x78, 0x10,
    0x87, 0x16, 0x99, 0x3e, 0xff, 0x7a, 0x78, 0x56, 0xa2, 0x45, 0x16, 0x3f, 0xff, 0x7c, 0x78, 0x56,
    0xd5, 0x78, 0xe9, 0x3d, 0x1e, 0x79, 0x78, 0x08, 0x3f, 0x01, 0x03, 0xd5, 0x3c, 0x7f, 0x02, 0x00,
    0x0a, 0x07, 0x80, 0xf0, 0x35, 0x3c, 0x80, 0x00, 0x32, 0x00, 0x00, 0x00, 0x32, 0x80, 0x08, 0xd5,
    0x39, 0x03, 0x02, 0x00, 0x70, 0x3f, 0x8c, 0xbf, 0xff, 0x78, 0x78, 0x10, 0x87, 0x16, 0x99, 0x3e,
    0xff, 0x7a, 0x78, 0x56, 0xa2, 0x45, 0x16, 0x3f, 0xff, 0x7c, 0x78, 0x56, 0xd5, 0x78, 0xe9, 0x3d,
    0x1f, 0x79, 0x78, 0x08, 0x3e, 0x01, 0x03, 0xd5, 0x3c, 0x7f, 0x02, 0x00, 0x08, 0x07, 0x80, 0xf0,
    0x31, 0x3b, 0x80, 0x00, 0x70, 0x3f, 0x8c, 0xbf, 0xff, 0x76, 0x72, 0x10, 0x87, 0x16, 0x99, 0x3e,
    0xff, 0x78, 0x72, 0x56, 0xa2, 0x45, 0x16, 0x3f, 0xff, 0x7a, 0x72, 0x56, 0xd5, 0x78, 0xe9, 0x3d,
    0x20, 0x73, 0x72, 0x08, 0x3c, 0x01, 0x03, 0xd5, 0x39, 0x7d, 0x02, 0x00, 0x0a, 0x07, 0x80, 0xf0,
    0x3a, 0x39, 0x80, 0x00, 0x32, 0x00, 0x00, 0x00, 0x70, 0x3f, 0x8c, 0xbf, 0xff, 0x72, 0x72, 0x10,
    0x87, 0x16, 0x99, 0x3e, 0xff, 0x74, 0x72, 0x56, 0xa2, 0x45, 0x16, 0x3f, 0xff, 0x76, 0x72, 0x56,
    0xd5, 0x78, 0xe9, 0x3d, 0x21, 0x73, 0x72, 0x08, 0x3b, 0x01, 0x03, 0xd5, 0x39, 0x79, 0x02, 0x00,
    0x0a, 0x07, 0x80, 0xf0, 0x38, 0x38, 0x80, 0x00, 0x32, 0x00, 0x00, 0x00, 0x70, 0x3f, 0x8c, 0xbf,
    0xff, 0x70, 0x70, 0x10, 0x87, 0x16, 0x99, 0x3e, 0xff, 0x72, 0x70, 0x56, 0xa2, 0x45, 0x16, 0x3f,
    0xff, 0x74, 0x70, 0x56, 0xd5, 0x78, 0xe9, 0x3d, 0x22, 0x71, 0x70, 0x08, 0x3a, 0x01, 0x03, 0xd5,
    0x38, 0x77, 0x02, 0x00, 0x0a, 0x07, 0x80, 0xf0, 0x37, 0x37, 0x80, 0x00, 0x32, 0x00, 0x00, 0x00,
    0x70, 0x3f, 0x8c, 0xbf, 0xff, 0x6e, 0x6e, 0x10, 0x87, 0x16, 0x99, 0x3e, 0xff, 0x70, 0x6e, 0x56,
    0xa2, 0x45, 0x16, 0x3f, 0xff, 0x72, 0x6e, 0x56, 0xd5, 0x78, 0xe9, 0x3d, 0x23, 0x6f, 0x6e, 0x08,
    0x39, 0x01, 0x03, 0xd5, 0x37, 0x75, 0x02, 0x00, 0x0a, 0x07, 0x80, 0xf0, 0x36, 0x36, 0x80, 0x00,
    0x32, 0x00, 0x00, 0x00, 0x70, 0x3f, 0x8c, 0xbf, 0xff, 0x6c, 0x6c, 0x10, 0x87, 0x16, 0x99, 0x3e,
    0xff, 0x6e, 0x6c, 0x56, 0xa2, 0x45, 0x16, 0x3f, 0xff, 0x70, 0x6c, 0x56, 0xd5, 0x78, 0xe9, 0x3d,
    0x24, 0x6d, 0x6c, 0x08, 0x38, 0x01, 0x03, 0xd5, 0x36, 0x73, 0x02, 0x00, 0x0a, 0x07, 0x80, 0xf0,
    0x35, 0x35, 0x80, 0x00, 0x32, 0x00, 0x00, 0x00, 0x70, 0x3f, 0x8c, 0xbf, 0xff, 0x6a, 0x6a, 0x10,
    0x87, 0x16, 0x99, 0x3e, 0xff, 0x6c, 0x6a, 0x56, 0xa2, 0x45, 0x16, 0x3f, 0xff, 0x6e, 0x6a, 0x56,
    0xd5, 0x78, 0xe9, 0x3d, 0x25, 0x6b, 0x6a, 0x08, 0x35, 0x01, 0x03, 0xd5, 0x35, 0x71, 0x02, 0x00,
    0x08, 0x07, 0x80, 0xf0, 0x42, 0x36, 0x80, 0x00, 0x70, 0x3f, 0x8c, 0xbf, 0xff, 0x6c, 0x6c, 0x10,
    0x87, 0x16, 0x99, 0x3e, 0xff, 0x6e, 0x6c, 0x56, 0xa2, 0x45, 0x16, 0x3f, 0xff, 0x70, 0x6c, 0x56,
    0xd5, 0x78, 0xe9, 0x3d, 0x02, 0x6d, 0x72, 0x08, 0x0a, 0x07, 0x80, 0xf0, 0x2e, 0x36, 0x80, 0x00,
    0x43, 0x00, 0x00, 0x00, 0x70, 0x3f, 0x8c, 0xbf, 0xff, 0x6c, 0x6c, 0x10, 0x87, 0x16, 0x99, 0x3e,
    0xff, 0x6e, 0x6c, 0x56, 0xa2, 0x45, 0x16, 0x3f, 0xff, 0x70, 0x6c, 0x56, 0xd5, 0x78, 0xe9, 0x3d,
    0x03, 0x6d, 0x6c, 0x08, 0x39, 0x03, 0x03, 0xd5, 0x36, 0x73, 0x02, 0x00, 0x0a, 0x07, 0x80, 0xf0,
    0x44, 0x36, 0x80, 0x00, 0x43, 0x00, 0x00, 0x00, 0x70, 0x3f, 0x8c, 0xbf, 0xff, 0x6c, 0x6c, 0x10,
    0x87, 0x16, 0x99, 0x3e, 0xff, 0x6e, 0x6c, 0x56, 0xa2, 0x45, 0x16, 0x3f, 0xff, 0x70, 0x6c, 0x56,
    0xd5, 0x78, 0xe9, 0x3d, 0x04, 0x6d, 0x6c, 0x08, 0x39, 0x01, 0x03, 0xd5, 0x36, 0x73, 0x02, 0x00,
    0x0a, 0x07, 0x80, 0xf0, 0x2c, 0x36, 0x80, 0x00, 0x43, 0x00, 0x00, 0x00, 0x70, 0x3f, 0x8c, 0xbf,
    0xff, 0x6c, 0x6c, 0x10, 0x87, 0x16, 0x99, 0x3e, 0xff, 0x6e, 0x6c, 0x56, 0xa2, 0x45, 0x16, 0x3f,
    0xff, 0x70, 0x6c, 0x56, 0xd5, 0x78, 0xe9, 0x3d, 0x05, 0x6d, 0x6c, 0x08, 0x39, 0x01, 0x03, 0xd5,
    0x36, 0x73, 0x02, 0x00, 0x0a, 0x07, 0x80, 0xf0, 0x2d, 0x36, 0x80, 0x00, 0x43, 0x00, 0x00, 0x00,
    0x70, 0x3f, 0x8c, 0xbf, 0xff, 0x6c, 0x6c, 0x10, 0x87, 0x16, 0x99, 0x3e, 0xff, 0x6e, 0x6c, 0x56,
    0xa2, 0x45, 0x16, 0x3f, 0xff, 0x70, 0x6c, 0x56, 0xd5, 0x78, 0xe9, 0x3d, 0x06, 0x6d, 0x6c, 0x08,
    0x39, 0x01, 0x03, 0xd5, 0x36, 0x73, 0x02, 0x00, 0x0a, 0x07, 0x80, 0xf0, 0x29, 0x36, 0x80, 0x00,
    0x43, 0x00, 0x00, 0x00, 0x70, 0x3f, 0x8c, 0xbf, 0xff, 0x6c, 0x64, 0x10, 0x87, 0x16, 0x99, 0x3e,
    0xff, 0x6e, 0x64, 0x56, 0xa2, 0x45, 0x16, 0x3f, 0xff, 0x70, 0x64, 0x56, 0xd5, 0x78, 0xe9, 0x3d,
    0x0a, 0x07, 0x80, 0xf0, 0x42, 0x36, 0x80, 0x00, 0x45, 0x00, 0x00, 0x00, 0x07, 0x65, 0x64, 0x08,
    0x32, 0x01, 0x03, 0xd5, 0x32, 0x73, 0x02, 0x00, 0x70, 0x3f, 0x8c, 0xbf, 0xff, 0x6c, 0x6c, 0x10,
    0x87, 0x16, 0x99, 0x3e, 0xff, 0x6e, 0x6c, 0x56, 0xa2, 0x45, 0x16, 0x3f, 0xff, 0x70, 0x6c, 0x56,
    0xd5, 0x78, 0xe9, 0x3d, 0x08, 0x6d, 0x6c, 0x08, 0x32, 0x01, 0x03, 0xd5, 0x36, 0x65, 0x02, 0x00,
    0x0a, 0x07, 0x80, 0xf0, 0x2e, 0x36, 0x80, 0x00, 0x45, 0x00, 0x00, 0x00, 0x70, 0x3f, 0x8c, 0xbf,
    0xff, 0x6c, 0x6c, 0x10, 0x87, 0x16, 0x99, 0x3e, 0xff, 0x6e, 0x6c, 0x56, 0xa2, 0x45, 0x16, 0x3f,
    0xff, 0x70, 0x6c, 0x56, 0xd5, 0x78, 0xe9, 0x3d, 0x09, 0x6d, 0x6c, 0x08, 0x32, 0x01, 0x03, 0xd5,
    0x36, 0x65, 0x02, 0x00, 0x08, 0x07, 0x80, 0xf0, 0x44, 0x36, 0x80, 0x00, 0x70, 0x3f, 0x8c, 0xbf,
    0xff, 0x6c, 0x6c, 0x10, 0x87, 0x16, 0x99, 0x3e, 0xff, 0x6e, 0x6c, 0x56, 0xa2, 0x45, 0x16, 0x3f,
    0xff, 0x70, 0x6c, 0x56, 0xd5, 0x78, 0xe9, 0x3d, 0x0a, 0x6d, 0x6c, 0x08, 0x32, 0x01, 0x03, 0xd5,
    0x36, 0x65, 0x02, 0x00, 0x0a, 0x07, 0x80, 0xf0, 0x2c, 0x36, 0x80, 0x00, 0x45, 0x00, 0x00, 0x00,
    0x70, 0x3f, 0x8c, 0xbf, 0xff, 0x6c, 0x6c, 0x10, 0x87, 0x16, 0x99, 0x3e, 0xff, 0x6e, 0x6c, 0x56,
    0xa2, 0x45, 0x16, 0x3f, 0xff, 0x70, 0x6c, 0x56, 0xd5, 0x78, 0xe9, 0x3d, 0x0b, 0x6d, 0x6c, 0x08,
    0x32, 0x01, 0x03, 0xd5, 0x36, 0x65, 0x02, 0x00, 0x0a, 0x07, 0x80, 0xf0, 0x2d, 0x36, 0x80, 0x00,
    0x45, 0x00, 0x00, 0x00, 0x70, 0x3f, 0x8c, 0xbf, 0xff, 0x6c, 0x6c, 0x10, 0x87, 0x16, 0x99, 0x3e,
    0xff, 0x6e, 0x6c, 0x56, 0xa2, 0x45, 0x16, 0x3f, 0xff, 0x70, 0x6c, 0x56, 0xd5, 0x78, 0xe9, 0x3d,
    0x0c, 0x6d, 0x6c, 0x08, 0x32, 0x01, 0x03, 0xd5, 0x36, 0x65, 0x02, 0x00, 0x0a, 0x07, 0x80, 0xf0,
    0x29, 0x36, 0x80, 0x00, 0x45, 0x00, 0x00, 0x00, 0x70, 0x3f, 0x8c, 0xbf, 0xff, 0x6c, 0x62, 0x10,
    0x87, 0x16, 0x99, 0x3e, 0xff, 0x6e, 0x62, 0x56, 0xa2, 0x45, 0x16, 0x3f, 0xff, 0x70, 0x62, 0x56,
    0xd5, 0x78, 0xe9, 0x3d, 0x0a, 0x07, 0x80, 0xf0, 0x42, 0x36, 0x80, 0x00, 0x2a, 0x00, 0x00, 0x00,
    0x0d, 0x63, 0x62, 0x08, 0x31, 0x01, 0x03, 0xd5, 0x31, 0x65, 0x02, 0x00, 0x70, 0x3f, 0x8c, 0xbf,
    0xff, 0x6c, 0x64, 0x10, 0x87, 0x16, 0x99, 0x3e, 0xff, 0x6e, 0x64, 0x56, 0xa2, 0x45, 0x16, 0x3f,
    0xff, 0x70, 0x64, 0x56, 0xd5, 0x78, 0xe9, 0x3d, 0x0a, 0x07, 0x80, 0xf0, 0x2e, 0x36, 0x80, 0x00,
    0x2a, 0x00, 0x00, 0x00, 0x0e, 0x65, 0x64, 0x08, 0x31, 0x01, 0x03, 0xd5, 0x32, 0x63, 0x02, 0x00,
    0x70, 0x3f, 0x8c, 0xbf, 0xff, 0x6c, 0x64, 0x10, 0x87, 0x16, 0x99, 0x3e, 0xff, 0x6e, 0x64, 0x56,
    0xa2, 0x45, 0x16, 0x3f, 0xff, 0x70, 0x64, 0x56, 0xd5, 0x78, 0xe9, 0x3d, 0x0a, 0x07, 0x80, 0xf0,
    0x44, 0x36, 0x80, 0x00, 0x2a, 0x00, 0x00, 0x00, 0x0f, 0x65, 0x64, 0x08, 0x31, 0x01, 0x03, 0xd5,
    0x32, 0x63, 0x02, 0x00, 0x70, 0x3f, 0x8c, 0xbf, 0xff, 0x6c, 0x64, 0x10, 0x87, 0x16, 0x99, 0x3e,
    0xff, 0x6e, 0x64, 0x56, 0xa2, 0x45, 0x16, 0x3f, 0xff, 0x70, 0x64, 0x56, 0xd5, 0x78, 0xe9, 0x3d,
    0x0a, 0x07, 0x80, 0xf0, 0x2c, 0x36, 0x80, 0x00, 0x2a, 0x00, 0x00, 0x00, 0x10, 0x65, 0x64, 0x08,
    0x31, 0x01, 0x03, 0xd5, 0x32, 0x63, 0x02, 0x00, 0x70, 0x3f, 0x8c, 0xbf, 0xff, 0x6c, 0x64, 0x10,
    0x87, 0x16, 0x99, 0x3e, 0xff, 0x6e, 0x64, 0x56, 0xa2, 0x45, 0x16, 0x3f, 0xff, 0x70, 0x64, 0x56,
    0xd5, 0x78, 0xe9, 0x3d, 0x0a, 0x07, 0x80, 0xf0, 0x2d, 0x36, 0x80, 0x00, 0x2a, 0x00, 0x00, 0x00,
    0x11, 0x65, 0x64, 0x08, 0x31, 0x01, 0x03, 0xd5, 0x32, 0x63, 0x02, 0x00, 0x70, 0x3f, 0x8c, 0xbf,
    0xff, 0x6c, 0x64, 0x10, 0x87, 0x16, 0x99, 0x3e, 0xff, 0x6e, 0x64, 0x56, 0xa2, 0x45, 0x16, 0x3f,
    0xff, 0x70, 0x64, 0x56, 0xd5, 0x78, 0xe9, 0x3d, 0x12, 0x65, 0x64, 0x08, 0x36, 0x01, 0x03, 0xd5,
    0x32, 0x63, 0x02, 0x00, 0x08, 0x07, 0x80, 0xf0, 0x29, 0x31, 0x80, 0x00, 0x70, 0x3f, 0x8c, 0xbf,
    0xff, 0x62, 0x62, 0x10, 0x87, 0x16, 0x99, 0x3e, 0xff, 0x64, 0x62, 0x56, 0xa2, 0x45, 0x16, 0x3f,
    0xff, 0x66, 0x62, 0x56, 0xd5, 0x78, 0xe9, 0x3d, 0x13, 0x63, 0x62, 0x08, 0x36, 0x01, 0x03, 0xd5,
    0x31, 0x6d, 0x02, 0x00, 0x0a, 0x07, 0x80, 0xf0, 0x42, 0x31, 0x80, 0x00, 0x30, 0x00, 0x00, 0x00,
    0x70, 0x3f, 0x8c, 0xbf, 0xff, 0x62, 0x62, 0x10, 0x87, 0x16, 0x99, 0x3e, 0xff, 0x64, 0x62, 0x56,
    0xa2, 0x45, 0x16, 0x3f, 0xff, 0x66, 0x62, 0x56, 0xd5, 0x78, 0xe9, 0x3d, 0x14, 0x63, 0x62, 0x08,
    0x36, 0x01, 0x03, 0xd5, 0x31, 0x6d, 0x02, 0x00, 0x0a, 0x07, 0x80, 0xf0, 0x2e, 0x31, 0x80, 0x00,
    0x30, 0x00, 0x00, 0x00, 0x70, 0x3f, 0x8c, 0xbf, 0xff, 0x62, 0x62, 0x10, 0x87, 0x16, 0x99, 0x3e,
    0xff, 0x64, 0x62, 0x56, 0xa2, 0x45, 0x16, 0x3f, 0xff, 0x66, 0x62, 0x56, 0xd5, 0x78, 0xe9, 0x3d,
    0x15, 0x63, 0x62, 0x08, 0x36, 0x01, 0x03, 0xd5, 0x31, 0x6d, 0x02, 0x00, 0x0a, 0x07, 0x80, 0xf0,
    0x44, 0x31, 0x80, 0x00, 0x30, 0x00, 0x00, 0x00, 0x70, 0x3f, 0x8c, 0xbf, 0xff, 0x62, 0x62, 0x10,
    0x87, 0x16, 0x99, 0x3e, 0xff, 0x64, 0x62, 0x56, 0xa2, 0x45, 0x16, 0x3f, 0xff, 0x66, 0x62, 0x56,
    0xd5, 0x78, 0xe9, 0x3d, 0x16, 0x63, 0x62, 0x08, 0x36, 0x01, 0x03, 0xd5, 0x31, 0x6d, 0x02, 0x00,
    0x0a, 0x07, 0x80, 0xf0, 0x2c, 0x31, 0x80, 0x00, 0x30, 0x00, 0x00, 0x00, 0x70, 0x3f, 0x8c, 0xbf,
    0xff, 0x62, 0x62, 0x10, 0x87, 0x16, 0x99, 0x3e, 0xff, 0x64, 0x62, 0x56, 0xa2, 0x45, 0x16, 0x3f,
    0xff, 0x66, 0x62, 0x56, 0xd5, 0x78, 0xe9, 0x3d, 0x17, 0x63, 0x62, 0x08, 0x36, 0x01, 0x03, 0xd5,
    0x31, 0x6d, 0x02, 0x00, 0x0a, 0x07, 0x80, 0xf0, 0x2d, 0x31, 0x80, 0x00, 0x30, 0x00, 0x00, 0x00,
    0x70, 0x3f, 0x8c, 0xbf, 0xff, 0x62, 0x62, 0x10, 0x87, 0x16, 0x99, 0x3e, 0xff, 0x64, 0x62, 0x56,
    0xa2, 0x45, 0x16, 0x3f, 0xff, 0x66, 0x62, 0x56, 0xd5, 0x78, 0xe9, 0x3d, 0x18, 0x63, 0x62, 0x08,
    0x33, 0x01, 0x03, 0xd5, 0x31, 0x6d, 0x02, 0x00, 0x0a, 0x07, 0x80, 0xf0, 0x29, 0x30, 0x80, 0x00,
    0x30, 0x00, 0x00, 0x00, 0x70, 0x3f, 0x8c, 0xbf, 0xff, 0x60, 0x60, 0x10, 0x87, 0x16, 0x99, 0x3e,
    0xff, 0x62, 0x60, 0x56, 0xa2, 0x45, 0x16, 0x3f, 0xff, 0x64, 0x60, 0x56, 0xd5, 0x78, 0xe9, 0x3d,
    0x19, 0x61, 0x60, 0x08, 0x33, 0x01, 0x03, 0xd5, 0x30, 0x67, 0x02, 0x00, 0x0a, 0x07, 0x80, 0xf0,
    0x42, 0x30, 0x80, 0x00, 0x34, 0x00, 0x00, 0x00, 0x70, 0x3f, 0x8c, 0xbf, 0xff, 0x60, 0x60, 0x10,
    0x87, 0x16, 0x99, 0x3e, 0xff, 0x62, 0x60, 0x56, 0xa2, 0x45, 0x16, 0x3f, 0xff, 0x64, 0x60, 0x56,
    0xd5, 0x78, 0xe9, 0x3d, 0x1a, 0x61, 0x60, 0x08, 0x33, 0x01, 0x03, 0xd5, 0x30, 0x67, 0x02, 0x00,
    0x0a, 0x07, 0x80, 0xf0, 0x2e, 0x30, 0x80, 0x00, 0x34, 0x00, 0x00, 0x00, 0x70, 0x3f, 0x8c, 0xbf,
    0xff, 0x60, 0x60, 0x10, 0x87, 0x16, 0x99, 0x3e, 0xff, 0x62, 0x60, 0x56, 0xa2, 0x45, 0x16, 0x3f,
    0xff, 0x64, 0x60, 0x56, 0xd5, 0x78, 0xe9, 0x3d, 0x1b, 0x61, 0x60, 0x08, 0x33, 0x01, 0x03, 0xd5,
    0x30, 0x67, 0x02, 0x00, 0x0a, 0x07, 0x80, 0xf0, 0x44, 0x30, 0x80, 0x00, 0x34, 0x00, 0x00, 0x00,
    0x70, 0x3f, 0x8c, 0xbf, 0xff, 0x60, 0x60, 0x10, 0x87, 0x16, 0x99, 0x3e, 0xff, 0x62, 0x60, 0x56,
    0xa2, 0x45, 0x16, 0x3f, 0xff, 0x64, 0x60, 0x56, 0xd5, 0x78, 0xe9, 0x3d, 0x1c, 0x61, 0x60, 0x08,
    0x33, 0x01, 0x03, 0xd5, 0x30, 0x67, 0x02, 0x00, 0x0a, 0x07, 0x80, 0xf0, 0x2c, 0x30, 0x80, 0x00,
    0x34, 0x00, 0x00, 0x00, 0x70, 0x3f, 0x8c, 0xbf, 0xff, 0x60, 0x60, 0x10, 0x87, 0x16, 0x99, 0x3e,
    0xff, 0x62, 0x60, 0x56, 0xa2, 0x45, 0x16, 0x3f, 0xff, 0x64, 0x60, 0x56, 0xd5, 0x78, 0xe9, 0x3d,
    0x1d, 0x61, 0x60, 0x08, 0x33, 0x01, 0x03, 0xd5, 0x30, 0x67, 0x02, 0x00, 0x0a, 0x07, 0x80, 0xf0,
    0x2d, 0x30, 0x80, 0x00, 0x34, 0x00, 0x00, 0x00, 0x70, 0x3f, 0x8c, 0xbf, 0xff, 0x60, 0x60, 0x10,
    0x87, 0x16, 0x99, 0x3e, 0xff, 0x62, 0x60, 0x56, 0xa2, 0x45, 0x16, 0x3f, 0xff, 0x64, 0x60, 0x56,
    0xd5, 0x78, 0xe9, 0x3d, 0x1e, 0x61, 0x60, 0x08, 0x33, 0x01, 0x03, 0xd5, 0x30, 0x67, 0x02, 0x00,
    0x0a, 0x07, 0x80, 0xf0, 0x29, 0x30, 0x80, 0x00, 0x34, 0x00, 0x00, 0x00, 0x70, 0x3f, 0x8c, 0xbf,
    0xff, 0x60, 0x60, 0x10, 0x87, 0x16, 0x99, 0x3e, 0xff, 0x62, 0x60, 0x56, 0xa2, 0x45, 0x16, 0x3f,
    0xff, 0x64, 0x60, 0x56, 0xd5, 0x78, 0xe9, 0x3d, 0x1f, 0x61, 0x60, 0x08, 0x33, 0x01, 0x03, 0xd5,
    0x30, 0x67, 0x02, 0x00, 0x0a, 0x07, 0x80, 0xf0, 0x42, 0x30, 0x80, 0x00, 0x2f, 0x00, 0x00, 0x00,
    0x70, 0x3f, 0x8c, 0xbf, 0xff, 0x60, 0x54, 0x10, 0x87, 0x16, 0x99, 0x3e, 0xff, 0x62, 0x54, 0x56,
    0xa2, 0x45, 0x16, 0x3f, 0xff, 0x64, 0x54, 0x56, 0xd5, 0x78, 0xe9, 0x3d, 0x08, 0x07, 0x80, 0xf0,
    0x2e, 0x30, 0x80, 0x00, 0x20, 0x55, 0x54, 0x08, 0x2a, 0x01, 0x03, 0xd5, 0x2a, 0x67, 0x02, 0x00,
    0x70, 0x3f, 0x8c, 0xbf, 0xff, 0x60, 0x5c, 0x10, 0x87, 0x16, 0x99, 0x3e, 0xff, 0x62, 0x5c, 0x56,
    0xa2, 0x45, 0x16, 0x3f, 0xff, 0x64, 0x5c, 0x56, 0xd5, 0x78, 0xe9, 0x3d, 0x0a, 0x07, 0x80, 0xf0,
    0x44, 0x30, 0x80, 0x00, 0x2f, 0x00, 0x00, 0x00, 0x21, 0x5d, 0x5c, 0x08, 0x2a, 0x01, 0x03, 0xd5,
    0x2e, 0x55, 0x02, 0x00, 0x70, 0x3f, 0x8c, 0xbf, 0xff, 0x60, 0x56, 0x10, 0x87, 0x16, 0x99, 0x3e,
    0xff, 0x62, 0x56, 0x56, 0xa2, 0x45, 0x16, 0x3f, 0xff, 0x64, 0x56, 0x56, 0xd5, 0x78, 0xe9, 0x3d,
    0x22, 0x57, 0x56, 0x08, 0x2e, 0x01, 0x03, 0xd5, 0x2b, 0x55, 0x02, 0x00, 0x0a, 0x07, 0x80, 0xf0,
    0x2c, 0x2a, 0x80, 0x00, 0x2f, 0x00, 0x00, 0x00, 0x70, 0x3f, 0x8c, 0xbf, 0xff, 0x54, 0x54, 0x10,
    0x87, 0x16, 0x99, 0x3e, 0xff, 0x56, 0x54, 0x56, 0xa2, 0x45, 0x16, 0x3f, 0xff, 0x58, 0x54, 0x56,
    0xd5, 0x78, 0xe9, 0x3d, 0x23, 0x55, 0x54, 0x08, 0x2e, 0x01, 0x03, 0xd5, 0x2a, 0x5d, 0x02, 0x00,
    0x0a, 0x07, 0x80, 0xf0, 0x2d, 0x2a, 0x80, 0x00, 0x2f, 0x00, 0x00, 0x00, 0x70, 0x3f, 0x8c, 0xbf,
    0xff, 0x54, 0x54, 0x10, 0x87, 0x16, 0x99, 0x3e, 0xff, 0x56, 0x54, 0x56, 0xa2, 0x45, 0x16, 0x3f,
    0xff, 0x58, 0x54, 0x56, 0xd5, 0x78, 0xe9, 0x3d, 0x24, 0x55, 0x54, 0x08, 0x2c, 0x01, 0x03, 0xd5,
    0x2a, 0x5d, 0x02, 0x00, 0x0a, 0x07, 0x80, 0xf0, 0x29, 0x29, 0x80, 0x00, 0x2f, 0x00, 0x00, 0x00,
    0x70, 0x3f, 0x8c, 0xbf, 0xff, 0x52, 0x52, 0x10, 0x87, 0x16, 0x99, 0x3e, 0xff, 0x54, 0x52, 0x56,
    0xa2, 0x45, 0x16, 0x3f, 0xff, 0x56, 0x52, 0x56, 0xd5, 0x78, 0xe9, 0x3d, 0x25, 0x53, 0x52, 0x08,
    0x29, 0x01, 0x03, 0xd5, 0x29, 0x59, 0x02, 0x00, 0x29, 0x6b, 0x06, 0x7c, 0x35, 0x53, 0x58, 0x02,
    0x2b, 0x00, 0x01, 0xd5, 0x26, 0x01, 0xa9, 0x01, 0x2a, 0x00, 0x01, 0xd5, 0x27, 0x01, 0xa9, 0x01,
    0x82, 0x50, 0x08, 0x7d, 0x2c, 0x03, 0x5a, 0x7e, 0x28, 0x00, 0x01, 0xd5, 0x84, 0x04, 0xa9, 0x01,
    0x0d, 0x00, 0x82, 0xbf, 0x1c, 0x81, 0x1c, 0x81, 0x2f, 0x03, 0x54, 0x7e, 0x1c, 0x84, 0x06, 0xbf,
    0x2e, 0x03, 0x56, 0x7e, 0xc1, 0x80, 0x8e, 0x85, 0x0a, 0x7e, 0x8a, 0x8a, 0x0e, 0x7e, 0x8e, 0x87,
    0x0a, 0x0e, 0x8a, 0x88, 0x7e, 0x0c, 0xfe, 0x88, 0x7e, 0x0a, 0x8c, 0x87, 0x0c, 0x08, 0x88, 0x88,
    0x7e, 0x08, 0xfe, 0x8a, 0x2b, 0x02, 0x88, 0xbf, 0x1c, 0x50, 0x82, 0x7d, 0x0a, 0x7e, 0x8a, 0x88,
    0x6a, 0x24, 0x8c, 0xbe, 0xf7, 0xff, 0x88, 0xbf, 0x2b, 0x03, 0x5c, 0x7e, 0x2a, 0x03, 0x5e, 0x7e,
    0x1c, 0x97, 0x0e, 0x8f, 0x80, 0x03, 0x8f, 0xbe, 0xf4, 0x0e, 0x8e, 0x81, 0x03, 0x00, 0x82, 0xbf,
    0x0f, 0x81, 0x0f, 0x81, 0x0f, 0x89, 0x07, 0xbf, 0xe6, 0xff, 0x84, 0xbf, 0x0f, 0x84, 0x06, 0xbf,
    0xfb, 0xff, 0x85, 0xbf, 0x0f, 0xff, 0x14, 0x87, 0xff, 0x00, 0x00, 0x00, 0xab, 0x00, 0x14, 0xb8,
    0x14, 0x89, 0x14, 0x90, 0x14, 0xff, 0x15, 0x93, 0xfd, 0x00, 0x00, 0x00, 0x14, 0xc1, 0x14, 0x81,
    0x15, 0x0f, 0x15, 0x81, 0x14, 0x1a, 0x94, 0xbe, 0x15, 0xff, 0x15, 0x87, 0xff, 0x00, 0x00, 0x00,
    0x14, 0x0a, 0x62, 0x7e, 0x15, 0xc1, 0x15, 0x81, 0x15, 0x0a, 0x60, 0x7e, 0x31, 0x00, 0x4b, 0xd5,
    0x0e, 0x62, 0xaa, 0x04, 0x30, 0x00, 0x4b, 0xd5, 0x0e, 0x60, 0xae, 0x04, 0x31, 0x91, 0x6e, 0x06,
    0x30, 0x8f, 0x78, 0x06, 0xff, 0x6e, 0x66, 0x06, 0x00, 0x00, 0xf0, 0xc0, 0xff, 0x78, 0x64, 0x06,
    0x00, 0x00, 0xf0, 0xc0, 0x40, 0x80, 0x08, 0xd5, 0x33, 0x03, 0x02, 0x00, 0x3f, 0x80, 0x08, 0xd5,
    0x32, 0x01, 0x02, 0x00, 0x08, 0x07, 0x80, 0xf0, 0x3f, 0x32, 0x80, 0x00, 0x70, 0x3f, 0x8c, 0xbf,
    0xff, 0x64, 0x64, 0x10, 0x87, 0x16, 0x99, 0x3e, 0xff, 0x66, 0x64, 0x56, 0xa2, 0x45, 0x16, 0x3f,
    0xff, 0x68, 0x64, 0x56, 0xd5, 0x78, 0xe9, 0x3d, 0x02, 0x65, 0x6a, 0x08, 0xff, 0x78, 0x64, 0x06,
    0x00, 0x00, 0x90, 0xc0, 0x3d, 0x80, 0x08, 0xd5, 0x32, 0x01, 0x02, 0x00, 0x0a, 0x07, 0x80, 0xf0,
    0x3d, 0x32, 0x80, 0x00, 0x40, 0x00, 0x00, 0x00, 0x70, 0x3f, 0x8c, 0xbf, 0xff, 0x64, 0x64, 0x10,
    0x87, 0x16, 0x99, 0x3e, 0xff, 0x66, 0x64, 0x56, 0xa2, 0x45, 0x16, 0x3f, 0xff, 0x68, 0x64, 0x56,
    0xd5, 0x78, 0xe9, 0x3d, 0x03, 0x65, 0x64, 0x08, 0x39, 0x03, 0x03, 0xd5, 0x32, 0x6b, 0x02, 0x00,
    0xff, 0x78, 0x64, 0x06, 0x00, 0x00, 0xc0, 0xbf, 0x35, 0x80, 0x08, 0xd5, 0x32, 0x01, 0x02, 0x00,
    0x0a, 0x07, 0x80, 0xf0, 0x35, 0x32, 0x80, 0x00, 0x40, 0x00, 0x00, 0x00, 0x70, 0x3f, 0x8c, 0xbf,
    0xff, 0x64, 0x64, 0x10, 0x87, 0x16, 0x99, 0x3e, 0xff, 0x66, 0x64, 0x56, 0xa2, 0x45, 0x16, 0x3f,
    0xff, 0x78, 0x66, 0x06, 0x00, 0x00, 0xc0, 0x3f, 0xff, 0x68, 0x64, 0x56, 0xd5, 0x78, 0xe9, 0x3d,
    0x34, 0x80, 0x08, 0xd5, 0x33, 0x01, 0x02, 0x00, 0x04, 0x65, 0x64, 0x08, 0x32, 0x01, 0x03, 0xd5,
    0x32, 0x73, 0x02, 0x00, 0x0a, 0x07, 0x80, 0xf0, 0x34, 0x39, 0x80, 0x00, 0x40, 0x00, 0x00, 0x00,
    0x70, 0x3f, 0x8c, 0xbf, 0xff, 0x72, 0x66, 0x10, 0x87, 0x16, 0x99, 0x3e, 0xff, 0x74, 0x66, 0x56,
    0xa2, 0x45, 0x16, 0x3f, 0xff, 0x76, 0x66, 0x56, 0xd5, 0x78, 0xe9, 0x3d, 0x05, 0x67, 0x66, 0x08,
    0x32, 0x01, 0x03, 0xd5, 0x33, 0x65, 0x02, 0x00, 0xff, 0x78, 0x66, 0x06, 0x00, 0x00, 0x90, 0x40,
    0x33, 0x80, 0x08, 0xd5, 0x33, 0x01, 0x02, 0x00, 0x0a, 0x07, 0x80, 0xf0, 0x33, 0x39, 0x80, 0x00,
    0x40, 0x00, 0x00, 0x00, 0x70, 0x3f, 0x8c, 0xbf, 0xff, 0x72, 0x72, 0x10, 0x87, 0x16, 0x99, 0x3e,
    0xff, 0x74, 0x72, 0x56, 0xa2, 0x45, 0x16, 0x3f, 0xff, 0x76, 0x72, 0x56, 0xd5, 0x78, 0xe9, 0x3d,
    0x06, 0x73, 0x72, 0x08, 0x3e, 0x01, 0x03, 0xd5, 0x39, 0x65, 0x02, 0x00, 0xff, 0x78, 0x64, 0x06,
    0x00, 0x00, 0xf0, 0x40, 0x32, 0x80, 0x08, 0xd5, 0x32, 0x01, 0x02, 0x00, 0x0a, 0x07, 0x80, 0xf0,
    0x32, 0x39, 0x80, 0x00, 0x40, 0x00, 0x00, 0x00, 0x70, 0x3f, 0x8c, 0xbf, 0xff, 0x72, 0x72, 0x10,
    0x87, 0x16, 0x99, 0x3e, 0xff, 0x74, 0x72, 0x56, 0xa2, 0x45, 0x16, 0x3f, 0xff, 0x76, 0x72, 0x56,
    0xd5, 0x78, 0xe9, 0x3d, 0x07, 0x73, 0x72, 0x08, 0x3c, 0x01, 0x03, 0xd5, 0x39, 0x7d, 0x02, 0x00,
    0xff, 0x6e, 0x72, 0x06, 0x00, 0x00, 0x90, 0xc0, 0x40, 0x80, 0x08, 0xd5, 0x39, 0x03, 0x02, 0x00,
    0x08, 0x07, 0x80, 0xf0, 0x3f, 0x39, 0x80, 0x00, 0x70, 0x3f, 0x8c, 0xbf, 0xff, 0x72, 0x72, 0x10,
    0x87, 0x16, 0x99, 0x3e, 0xff, 0x74, 0x72, 0x56, 0xa2, 0x45, 0x16, 0x3f, 0xff, 0x76, 0x72, 0x56,
    0xd5, 0x78, 0xe9, 0x3d, 0x08, 0x73, 0x72, 0x08, 0x3c, 0x01, 0x03, 0xd5, 0x39, 0x79, 0x02, 0x00,
    0x0a, 0x07, 0x80, 0xf0, 0x3d, 0x39, 0x80, 0x00, 0x40, 0x00, 0x00, 0x00, 0x70, 0x3f, 0x8c, 0xbf,
    0xff, 0x72, 0x72, 0x10, 0x87, 0x16, 0x99, 0x3e, 0xff, 0x74, 0x72, 0x56, 0xa2, 0x45, 0x16, 0x3f,
    0xff, 0x76, 0x72, 0x56, 0xd5, 0x78, 0xe9, 0x3d, 0x09, 0x73, 0x72, 0x08, 0x3c, 0x01, 0x03, 0xd5,
    0x39, 0x79, 0x02, 0x00, 0x0a, 0x07, 0x80, 0xf0, 0x35, 0x39, 0x80, 0x00, 0x40, 0x00, 0x00, 0x00,
    0x70, 0x3f, 0x8c, 0xbf, 0xff, 0x72, 0x72, 0x10, 0x87, 0x16, 0x99, 0x3e, 0xff, 0x74, 0x72, 0x56,
    0xa2, 0x45, 0x16, 0x3f, 0xff, 0x76, 0x72, 0x56, 0xd5, 0x78, 0xe9, 0x3d, 0x0a, 0x73, 0x72, 0x08,
    0x3c, 0x01, 0x03, 0xd5, 0x39, 0x79, 0x02, 0x00, 0x0a, 0x07, 0x80, 0xf0, 0x34, 0x39, 0x80, 0x00,
    0x40, 0x00, 0x00, 0x00, 0x70, 0x3f, 0x8c, 0xbf, 0xff, 0x72, 0x72, 0x10, 0x87, 0x16, 0x99, 0x3e,
    0xff, 0x74, 0x72, 0x56, 0xa2, 0x45, 0x16, 0x3f, 0xff, 0x76, 0x72, 0x56, 0xd5, 0x78, 0xe9, 0x3d,
    0x0b, 0x73, 0x72, 0x08, 0x3c, 0x01, 0x03, 0xd5, 0x39, 0x79, 0x02, 0x00, 0x0a, 0x07, 0x80, 0xf0,
    0x33, 0x39, 0x80, 0x00, 0x40, 0x00, 0x00, 0x00, 0x70, 0x3f, 0x8c, 0xbf, 0xff, 0x72, 0x72, 0x10,
    0x87, 0x16, 0x99, 0x3e, 0xff, 0x74, 0x72, 0x56, 0xa2, 0x45, 0x16, 0x3f, 0xff, 0x76, 0x72, 0x56,
    0xd5, 0x78, 0xe9, 0x3d, 0x0c, 0x73, 0x72, 0x08, 0x3c, 0x01, 0x03, 0xd5, 0x39, 0x79, 0x02, 0x00,
    0x0a, 0x07, 0x80, 0xf0, 0x32, 0x39, 0x80, 0x00, 0x40, 0x00, 0x00, 0x00, 0x70, 0x3f, 0x8c, 0xbf,
    0xff, 0x72, 0x72, 0x10, 0x87, 0x16, 0x99, 0x3e, 0xff, 0x74, 0x72, 0x56, 0xa2, 0x45, 0x16, 0x3f,
    0xff, 0x76, 0x72, 0x56, 0xd5, 0x78, 0xe9, 0x3d, 0x0d, 0x73, 0x72, 0x08, 0x3c, 0x01, 0x03, 0xd5,
    0x39, 0x79, 0x02, 0x00, 0xff, 0x6e, 0x72, 0x06, 0x00, 0x00, 0xc0, 0xbf, 0x40, 0x80, 0x08, 0xd5,
    0x39, 0x03, 0x02, 0x00, 0x08, 0x07, 0x80, 0xf0, 0x3f, 0x39, 0x80, 0x00, 0x70, 0x3f, 0x8c, 0xbf,
    0xff, 0x72, 0x72, 0x10, 0x87, 0x16, 0x99, 0x3e, 0xff, 0x74, 0x72, 0x56, 0xa2, 0x45, 0x16, 0x3f,
    0xff, 0x76, 0x72, 0x56, 0xd5, 0x78, 0xe9, 0x3d, 0x0e, 0x73, 0x72, 0x08, 0x3c, 0x01, 0x03, 0xd5,
    0x39, 0x79, 0x02, 0x00, 0x0a, 0x07, 0x80, 0xf0, 0x3d, 0x39, 0x80, 0x00, 0x40, 0x00, 0x00, 0x00,
    0x70, 0x3f, 0x8c, 0xbf, 0xff, 0x72, 0x72, 0x10, 0x87, 0x16, 0x99, 0x3e, 0xff, 0x74, 0x72, 0x56,
    0xa2, 0x45, 0x16, 0x3f, 0xff, 0x76, 0x72, 0x56, 0xd5, 0x78, 0xe9, 0x3d, 0x0f, 0x73, 0x72, 0x08,
    0x3c, 0x01, 0x03, 0xd5, 0x39, 0x79, 0x02, 0x00, 0x0a, 0x07, 0x80, 0xf0, 0x35, 0x39, 0x80, 0x00,
    0x40, 0x00, 0x00, 0x00, 0x70, 0x3f, 0x8c, 0xbf, 0xff, 0x72, 0x72, 0x10, 0x87, 0x16, 0x99, 0x3e,
    0xff, 0x74, 0x72, 0x56, 0xa2, 0x45, 0x16, 0x3f, 0xff, 0x76, 0x72, 0x56, 0xd5, 0x78, 0xe9, 0x3d,
    0x10, 0x73, 0x72, 0x08, 0x3c, 0x01, 0x03, 0xd5, 0x39, 0x79, 0x02, 0x00, 0x0a, 0x07, 0x80, 0xf0,
    0x34, 0x39, 0x80, 0x00, 0x40, 0x00, 0x00, 0x00, 0x70, 0x3f, 0x8c, 0xbf, 0xff, 0x72, 0x72, 0x10,
    0x87, 0x16, 0x99, 0x3e, 0xff, 0x74, 0x72, 0x56, 0xa2, 0x45, 0x16, 0x3f, 0xff, 0x76, 0x72, 0x56,
    0xd5, 0x78, 0xe9, 0x3d, 0x11, 0x73, 0x72, 0x08, 0x3c, 0x01, 0x03, 0xd5, 0x39, 0x79, 0x02, 0x00,
    0x0a, 0x07, 0x80, 0xf0, 0x33, 0x39, 0x80, 0x00, 0x40, 0x00, 0x00, 0x00, 0x70, 0x3f, 0x8c, 0xbf,
    0xff, 0x72, 0x72, 0x10, 0x87, 0x16, 0x99, 0x3e, 0xff, 0x74, 0x72, 0x56, 0xa2, 0x45, 0x16, 0x3f,
    0xff, 0x76, 0x72, 0x56, 0xd5, 0x78, 0xe9, 0x3d, 0x12, 0x73, 0x72, 0x08, 0x3c, 0x01, 0x03, 0xd5,
    0x39, 0x79, 0x02, 0x00, 0x0a, 0x07, 0x80, 0xf0, 0x32, 0x39, 0x80, 0x00, 0x40, 0x00, 0x00, 0x00,
    0x70, 0x3f, 0x8c, 0xbf, 0xff, 0x72, 0x72, 0x10, 0x87, 0x16, 0x99, 0x3e, 0xff, 0x74, 0x72, 0x56,
    0xa2, 0x45, 0x16, 0x3f, 0xff, 0x76, 0x72, 0x56, 0xd5, 0x78, 0xe9, 0x3d, 0x13, 0x73, 0x72, 0x08,
    0x3c, 0x01, 0x03, 0xd5, 0x39, 0x79, 0x02, 0x00, 0xff, 0x6e, 0x72, 0x06, 0x00, 0x00, 0xc0, 0x3f,
    0x40, 0x80, 0x08, 0xd5, 0x39, 0x03, 0x02, 0x00, 0x08, 0x07, 0x80, 0xf0, 0x3f, 0x39, 0x80, 0x00,
    0x70, 0x3f, 0x8c, 0xbf, 0xff, 0x72, 0x72, 0x10, 0x87, 0x16, 0x99, 0x3e, 0xff, 0x74, 0x72, 0x56,
    0xa2, 0x45, 0x16, 0x3f, 0xff, 0x76, 0x72, 0x56, 0xd5, 0x78, 0xe9, 0x3d, 0x14, 0x73, 0x72, 0x08,
    0x3c, 0x01, 0x03, 0xd5, 0x39, 0x79, 0x02, 0x00, 0x0a, 0x07, 0x80, 0xf0, 0x3d, 0x39, 0x80, 0x00,
    0x40, 0x00, 0x00, 0x00, 0x70, 0x3f, 0x8c, 0xbf, 0xff, 0x72, 0x72, 0x10, 0x87, 0x16, 0x99, 0x3e,
    0xff, 0x74, 0x72, 0x56, 0xa2, 0x45, 0x16, 0x3f, 0xff, 0x76, 0x72, 0x56, 0xd5, 0x78, 0xe9, 0x3d,
    0x15, 0x73, 0x72, 0x08, 0x3c, 0x01, 0x03, 0xd5, 0x39, 0x79, 0x02, 0x00, 0x0a, 0x07, 0x80, 0xf0,
    0x35, 0x39, 0x80, 0x00, 0x40, 0x00, 0x00, 0x00, 0x70, 0x3f, 0x8c, 0xbf, 0xff, 0x72, 0x72, 0x10,
    0x87, 0x16, 0x99, 0x3e, 0xff, 0x74, 0x72, 0x56, 0xa2, 0x45, 0x16, 0x3f, 0xff, 0x76, 0x72, 0x56,
    0xd5, 0x78, 0xe9, 0x3d, 0x16, 0x73, 0x72, 0x08, 0x3c, 0x01, 0x03, 0xd5, 0x39, 0x79, 0x02, 0x00,
    0x0a, 0x07, 0x80, 0xf0, 0x34, 0x39, 0x80, 0x00, 0x40, 0x00, 0x00, 0x00, 0x70, 0x3f, 0x8c, 0xbf,
    0xff, 0x72, 0x72, 0x10, 0x87, 0x16, 0x99, 0x3e, 0xff, 0x74, 0x72, 0x56, 0xa2, 0x45, 0x16, 0x3f,
    0xff, 0x76, 0x72, 0x56, 0xd5, 0x78, 0xe9, 0x3d, 0x17, 0x73, 0x72, 0x08, 0x3c, 0x01, 0x03, 0xd5,
    0x39, 0x79, 0x02, 0x00, 0x0a, 0x07, 0x80, 0xf0, 0x33, 0x39, 0x80, 0x00, 0x40, 0x00, 0x00, 0x00,
    0x70, 0x3f, 0x8c, 0xbf, 0xff, 0x72, 0x72, 0x10, 0x87, 0x16, 0x99, 0x3e, 0xff, 0x74, 0x72, 0x56,
    0xa2, 0x45, 0x16, 0x3f, 0xff, 0x76, 0x72, 0x56, 0xd5, 0x78, 0xe9, 0x3d, 0x18, 0x73, 0x72, 0x08,
    0x3c, 0x01, 0x03, 0xd5, 0x39, 0x79, 0x02, 0x00, 0x0a, 0x07, 0x80, 0xf0, 0x32, 0x39, 0x80, 0x00,
    0x40, 0x00, 0x00, 0x00, 0x70, 0x3f, 0x8c, 0xbf, 0xff, 0x72, 0x72, 0x10, 0x87, 0x16, 0x99, 0x3e,
    0xff, 0x74, 0x72, 0x56, 0xa2, 0x45, 0x16, 0x3f, 0xff, 0x76, 0x72, 0x56, 0xd5, 0x78, 0xe9, 0x3d,
    0x19, 0x73, 0x72, 0x08, 0x3c, 0x01, 0x03, 0xd5, 0x39, 0x79, 0x02, 0x00, 0xff, 0x6e, 0x72, 0x06,
    0x00, 0x00, 0x90, 0x40, 0xff, 0x6e, 0x6e, 0x06, 0x00, 0x00, 0xf0, 0x40, 0x3e, 0x80, 0x08, 0xd5,
    0x39, 0x03, 0x02, 0x00, 0x40, 0x80, 0x08, 0xd5, 0x37, 0x03, 0x02, 0x00, 0x0a, 0x07, 0x80, 0xf0,
    0x3f, 0x39, 0x80, 0x00, 0x3e, 0x00, 0x00, 0x00, 0x70, 0x3f, 0x8c, 0xbf, 0xff, 0x72, 0x72, 0x10,
    0x87, 0x16, 0x99, 0x3e, 0xff, 0x74, 0x72, 0x56, 0xa2, 0x45, 0x16, 0x3f, 0xff, 0x76, 0x72, 0x56,
    0xd5, 0x78, 0xe9, 0x3d, 0x1a, 0x73, 0x72, 0x08, 0x3c, 0x01, 0x03, 0xd5, 0x39, 0x79, 0x02, 0x00,
    0x08, 0x07, 0x80, 0xf0, 0x3d, 0x39, 0x80, 0x00, 0x70, 0x3f, 0x8c, 0xbf, 0xff, 0x72, 0x72, 0x10,
    0x87, 0x16, 0x99, 0x3e, 0xff, 0x74, 0x72, 0x56, 0xa2, 0x45, 0x16, 0x3f, 0xff, 0x76, 0x72, 0x56,
    0xd5, 0x78, 0xe9, 0x3d, 0x1b, 0x73, 0x72, 0x08, 0x3c, 0x01, 0x03, 0xd5, 0x39, 0x79, 0x02, 0x00,
    0x0a, 0x07, 0x80, 0xf0, 0x35, 0x39, 0x80, 0x00, 0x3e, 0x00, 0x00, 0x00, 0x70, 0x3f, 0x8c, 0xbf,
    0xff, 0x72, 0x72, 0x10, 0x87, 0x16, 0x99, 0x3e, 0xff, 0x74, 0x72, 0x56, 0xa2, 0x45, 0x16, 0x3f,
    0xff, 0x76, 0x72, 0x56, 0xd5, 0x78, 0xe9, 0x3d, 0x1c, 0x73, 0x72, 0x08, 0x3c, 0x01, 0x03, 0xd5,
    0x39, 0x79, 0x02, 0x00, 0x0a, 0x07, 0x80, 0xf0, 0x34, 0x39, 0x80, 0x00, 0x3e, 0x00, 0x00, 0x00,
    0x70, 0x3f, 0x8c, 0xbf, 0xff, 0x72, 0x72, 0x10, 0x87, 0x16, 0x99, 0x3e, 0xff, 0x74, 0x72, 0x56,
    0xa2, 0x45, 0x16, 0x3f, 0xff, 0x76, 0x72, 0x56, 0xd5, 0x78, 0xe9, 0x3d, 0x1d, 0x73, 0x72, 0x08,
    0x3c, 0x01, 0x03, 0xd5, 0x39, 0x79, 0x02, 0x00, 0x0a, 0x07, 0x80, 0xf0, 0x33, 0x39, 0x80, 0x00,
    0x3e, 0x00, 0x00, 0x00, 0x70, 0x3f, 0x8c, 0xbf, 0xff, 0x72, 0x72, 0x10, 0x87, 0x16, 0x99, 0x3e,
    0xff, 0x74, 0x72, 0x56, 0xa2, 0x45, 0x16, 0x3f, 0xff, 0x76, 0x72, 0x56, 0xd5, 0x78, 0xe9, 0x3d,
    0x1e, 0x73, 0x72, 0x08, 0x3c, 0x01, 0x03, 0xd5, 0x39, 0x79, 0x02, 0x00, 0x0a, 0x07, 0x80, 0xf0,
    0x32, 0x39, 0x80, 0x00, 0x3e, 0x00, 0x00, 0x00, 0x70, 0x3f, 0x8c, 0xbf, 0xff, 0x72, 0x72, 0x10,
    0x87, 0x16, 0x99, 0x3e, 0xff, 0x74, 0x72, 0x56, 0xa2, 0x45, 0x16, 0x3f, 0xff, 0x76, 0x72, 0x56,
    0xd5, 0x78, 0xe9, 0x3d, 0x1f, 0x73, 0x72, 0x08, 0x3a, 0x01, 0x03, 0xd5, 0x39, 0x79, 0x02, 0x00,
    0x08, 0x07, 0x80, 0xf0, 0x3f, 0x37, 0x80, 0x00, 0x70, 0x3f, 0x8c, 0xbf, 0xff, 0x6e, 0x6e, 0x10,
    0x87, 0x16, 0x99, 0x3e, 0xff, 0x70, 0x6e, 0x56, 0xa2, 0x45, 0x16, 0x3f, 0xff, 0x72, 0x6e, 0x56,
    0xd5, 0x78, 0xe9, 0x3d, 0x20, 0x6f, 0x6e, 0x08, 0x39, 0x01, 0x03, 0xd5, 0x37, 0x75, 0x02, 0x00,
    0x0a, 0x07, 0x80, 0xf0, 0x3d, 0x36, 0x80, 0x00, 0x40, 0x00, 0x00, 0x00, 0x70, 0x3f, 0x8c, 0xbf,
    0xff, 0x6c, 0x6c, 0x10, 0x87, 0x16, 0x99, 0x3e, 0xff, 0x6e, 0x6c, 0x56, 0xa2, 0x45, 0x16, 0x3f,
    0xff, 0x70, 0x6c, 0x56, 0xd5, 0x78, 0xe9, 0x3d, 0x21, 0x6d, 0x6c, 0x08, 0x38, 0x01, 0x03, 0xd5,
    0x36, 0x73, 0x02, 0x00, 0x0a, 0x07, 0x80, 0xf0, 0x35, 0x35, 0x80, 0x00, 0x40, 0x00, 0x00, 0x00,
    0x70, 0x3f, 0x8c, 0xbf, 0xff, 0x6a, 0x6a, 0x10, 0x87, 0x16, 0x99, 0x3e, 0xff, 0x6c, 0x6a, 0x56,
    0xa2, 0x45, 0x16, 0x3f, 0xff, 0x6e, 0x6a, 0x56, 0xd5, 0x78, 0xe9, 0x3d, 0x22, 0x6b, 0x6a, 0x08,
    0x37, 0x01, 0x03, 0xd5, 0x35, 0x71, 0x02, 0x00, 0x0a, 0x07, 0x80, 0xf0, 0x34, 0x34, 0x80, 0x00,
    0x40, 0x00, 0x00, 0x00, 0x70, 0x3f, 0x8c, 0xbf, 0xff, 0x68, 0x68, 0x10, 0x87, 0x16, 0x99, 0x3e,
    0xff, 0x6a, 0x68, 0x56, 0xa2, 0x45, 0x16, 0x3f, 0xff, 0x6c, 0x68, 0x56, 0xd5, 0x78, 0xe9, 0x3d,
    0x23, 0x69, 0x68, 0x08, 0x36, 0x01, 0x03, 0xd5, 0x34, 0x6f, 0x02, 0x00, 0x0a, 0x07, 0x80, 0xf0,
    0x33, 0x33, 0x80, 0x00, 0x40, 0x00, 0x00, 0x00, 0x70, 0x3f, 0x8c, 0xbf, 0xff, 0x66, 0x66, 0x10,
    0x87, 0x16, 0x99, 0x3e, 0xff, 0x68, 0x66, 0x56, 0xa2, 0x45, 0x16, 0x3f, 0xff, 0x6a, 0x66, 0x56,
    0xd5, 0x78, 0xe9, 0x3d, 0x24, 0x67, 0x66, 0x08, 0x35, 0x01, 0x03, 0xd5, 0x33, 0x6d, 0x02, 0x00,
    0x0a, 0x07, 0x80, 0xf0, 0x32, 0x32, 0x80, 0x00, 0x40, 0x00, 0x00, 0x00, 0x70, 0x3f, 0x8c, 0xbf,
    0xff, 0x64, 0x64, 0x10, 0x87, 0x16, 0x99, 0x3e, 0xff, 0x66, 0x64, 0x56, 0xa2, 0x45, 0x16, 0x3f,
    0x30, 0x4d, 0x66, 0x08, 0xff, 0x68, 0x64, 0x56, 0xd5, 0x78, 0xe9, 0x3d, 0x31, 0x4f, 0x68, 0x08,
    0x25, 0x65, 0x64, 0x08, 0x33, 0x03, 0x03, 0xd5, 0x33, 0x69, 0x02, 0x00, 0x32, 0x01, 0x03, 0xd5,
    0x32, 0x6b, 0x02, 0x00, 0x33, 0x65, 0x66, 0x58, 0x0a, 0xd7, 0xa3, 0x3c, 0x33, 0x5b, 0x02, 0x7c,
    0x2d, 0x67, 0x5a, 0x02, 0x2c, 0x65, 0x58, 0x02, 0x2e, 0x61, 0x5c, 0x02, 0x2f, 0x63, 0x5e, 0x02,
    0xdf, 0xfd, 0x82, 0xbf, 0x7e, 0x08, 0xfe, 0x88, 0x7e, 0x18, 0xfe, 0x87, 0x03, 0x05, 0x00, 0x06,
    0xff, 0x03, 0x80, 0xbe, 0x39, 0x8e, 0xe3, 0x3c, 0x04, 0x01, 0x00, 0x06, 0x05, 0x01, 0x00, 0x06,
    0x06, 0x01, 0x00, 0x06, 0x07, 0x01, 0x00, 0x06, 0x08, 0x01, 0x00, 0x06, 0x09, 0x01, 0x00, 0x06,
    0x0a, 0x01, 0x00, 0x06, 0x0b, 0x01, 0x00, 0x06, 0x0c, 0x01, 0x00, 0x06, 0x0d, 0x01, 0x00, 0x06,
    0x0e, 0x01, 0x00, 0x06, 0x0f, 0x01, 0x00, 0x06, 0x10, 0x01, 0x00, 0x06, 0x11, 0x01, 0x00, 0x06,
    0x12, 0x01, 0x00, 0x06, 0x13, 0x01, 0x00, 0x06, 0x14, 0x01, 0x00, 0x06, 0x15, 0x01, 0x00, 0x06,
    0x16, 0x01, 0x00, 0x06, 0x17, 0x01, 0x00, 0x06, 0x18, 0x01, 0x00, 0x06, 0x19, 0x01, 0x00, 0x06,
    0x1a, 0x01, 0x00, 0x06, 0x1b, 0x01, 0x00, 0x06, 0x1c, 0x01, 0x00, 0x06, 0x1d, 0x01, 0x00, 0x06,
    0x1e, 0x01, 0x00, 0x06, 0x1f, 0x01, 0x00, 0x06, 0x20, 0x01, 0x00, 0x06, 0x21, 0x01, 0x00, 0x06,
    0x22, 0x01, 0x00, 0x06, 0x23, 0x01, 0x00, 0x06, 0x24, 0x01, 0x00, 0x06, 0x25, 0x01, 0x00, 0x06,
    0xff, 0x00, 0x04, 0x56, 0x39, 0x8e, 0xe3, 0xbc, 0xff, 0x00, 0x06, 0x56, 0x39, 0x8e, 0xe3, 0xbc,
    0xff, 0x00, 0x08, 0x56, 0x39, 0x8e, 0xe3, 0xbc, 0xff, 0x00, 0x0a, 0x56, 0x39, 0x8e, 0xe3, 0xbc,
    0xff, 0x00, 0x0c, 0x56, 0x39, 0x8e, 0xe3, 0xbc, 0xff, 0x00, 0x0e, 0x56, 0x39, 0x8e, 0xe3, 0xbc,
    0x01, 0x03, 0x03, 0xd5, 0x03, 0x05, 0x02, 0x00, 0xff, 0x00, 0x10, 0x56, 0x39, 0x8e, 0xe3, 0xbc,
    0xff, 0x00, 0x12, 0x56, 0x39, 0x8e, 0xe3, 0xbc, 0xff, 0x00, 0x14, 0x56, 0x39, 0x8e, 0xe3, 0xbc,
    0xff, 0x00, 0x16, 0x56, 0x39, 0x8e, 0xe3, 0xbc, 0x01, 0x01, 0x03, 0xd5, 0x04, 0x03, 0x02, 0x00,
    0xff, 0x00, 0x18, 0x56, 0x39, 0x8e, 0xe3, 0xbc, 0xff, 0x00, 0x1a, 0x56, 0x39, 0x8e, 0xe3, 0xbc,
    0xff, 0x00, 0x1c, 0x56, 0x39, 0x8e, 0xe3, 0xbc, 0xff, 0x00, 0x1e, 0x56, 0x39, 0x8e, 0xe3, 0xbc,
    0x01, 0x01, 0x03, 0xd5, 0x05, 0x03, 0x02, 0x00, 0xff, 0x00, 0x20, 0x56, 0x39, 0x8e, 0xe3, 0xbc,
    0xff, 0x00, 0x22, 0x56, 0x39, 0x8e, 0xe3, 0xbc, 0xff, 0x00, 0x24, 0x56, 0x39, 0x8e, 0xe3, 0xbc,
    0xff, 0x00, 0x26, 0x56, 0x39, 0x8e, 0xe3, 0xbc, 0x01, 0x01, 0x03, 0xd5, 0x06, 0x03, 0x02, 0x00,
    0xff, 0x00, 0x28, 0x56, 0x39, 0x8e, 0xe3, 0xbc, 0xff, 0x00, 0x2a, 0x56, 0x39, 0x8e, 0xe3, 0xbc,
    0xff, 0x00, 0x2c, 0x56, 0x39, 0x8e, 0xe3, 0xbc, 0xff, 0x00, 0x2e, 0x56, 0x39, 0x8e, 0xe3, 0xbc,
    0x01, 0x01, 0x03, 0xd5, 0x07, 0x03, 0x02, 0x00, 0xff, 0x00, 0x30, 0x56, 0x39, 0x8e, 0xe3, 0xbc,
    0xff, 0x00, 0x32, 0x56, 0x39, 0x8e, 0xe3, 0xbc, 0xff, 0x00, 0x34, 0x56, 0x39, 0x8e, 0xe3, 0xbc,
    0xff, 0x00, 0x36, 0x56, 0x39, 0x8e, 0xe3, 0xbc, 0x01, 0x01, 0x03, 0xd5, 0x08, 0x03, 0x02, 0x00,
    0xff, 0x00, 0x38, 0x56, 0x39, 0x8e, 0xe3, 0xbc, 0xff, 0x00, 0x3a, 0x56, 0x39, 0x8e, 0xe3, 0xbc,
    0xff, 0x00, 0x3c, 0x56, 0x39, 0x8e, 0xe3, 0xbc, 0xff, 0x00, 0x3e, 0x56, 0x39, 0x8e, 0xe3, 0xbc,
    0x01, 0x01, 0x03, 0xd5, 0x09, 0x03, 0x02, 0x00, 0xff, 0x00, 0x40, 0x56, 0x39, 0x8e, 0xe3, 0xbc,
    0xff, 0x00, 0x42, 0x56, 0x39, 0x8e, 0xe3, 0xbc, 0xff, 0x00, 0x44, 0x56, 0x39, 0x8e, 0xe3, 0xbc,
    0xff, 0x00, 0x46, 0x56, 0x39, 0x8e, 0xe3, 0xbc, 0x01, 0x01, 0x03, 0xd5, 0x0a, 0x03, 0x02, 0x00,
    0xff, 0x00, 0x48, 0x56, 0x39, 0x8e, 0xe3, 0xbc, 0xff, 0x00, 0x4a, 0x56, 0x39, 0x8e, 0xe3, 0xbc,
    0xff, 0x52, 0x04, 0x10, 0x39, 0x8e, 0xe3, 0x3c, 0xff, 0x58, 0x06, 0x10, 0x39, 0x8e, 0xe3, 0x3c,
    0x01, 0x01, 0x03, 0xd5, 0x0b, 0x03, 0x02, 0x00, 0x01, 0x01, 0x03, 0xd5, 0x0c, 0x03, 0x02, 0x00,
    0x01, 0x01, 0x03, 0xd5, 0x0d, 0x03, 0x02, 0x00, 0x01, 0x01, 0x03, 0xd5, 0x0e, 0x03, 0x02, 0x00,
    0x01, 0x01, 0x03, 0xd5, 0x0f, 0x03, 0x02, 0x00, 0x01, 0x01, 0x03, 0xd5, 0x10, 0x03, 0x02, 0x00,
    0x01, 0x01, 0x03, 0xd5, 0x11, 0x03, 0x02, 0x00, 0x01, 0x01, 0x03, 0xd5, 0x12, 0x03, 0x02, 0x00,
    0x01, 0x01, 0x03, 0xd5, 0x13, 0x03, 0x02, 0x00, 0x01, 0x01, 0x03, 0xd5, 0x14, 0x03, 0x02, 0x00,
    0x01, 0x01, 0x03, 0xd5, 0x15, 0x03, 0x02, 0x00, 0x01, 0x01, 0x03, 0xd5, 0x16, 0x03, 0x02, 0x00,
    0x01, 0x01, 0x03, 0xd5, 0x17, 0x03, 0x02, 0x00, 0x01, 0x01, 0x03, 0xd5, 0x18, 0x03, 0x02, 0x00,
    0x01, 0x01, 0x03, 0xd5, 0x19, 0x03, 0x02, 0x00, 0x01, 0x01, 0x03, 0xd5, 0x1a, 0x03, 0x02, 0x00,
    0x01, 0x01, 0x03, 0xd5, 0x1b, 0x03, 0x02, 0x00, 0x01, 0x01, 0x03, 0xd5, 0x1c, 0x03, 0x02, 0x00,
    0x01, 0x01, 0x03, 0xd5, 0x1d, 0x03, 0x02, 0x00, 0x01, 0x01, 0x03, 0xd5, 0x1e, 0x03, 0x02, 0x00,
    0x01, 0x01, 0x03, 0xd5, 0x1f, 0x03, 0x02, 0x00, 0x01, 0x01, 0x03, 0xd5, 0x20, 0x03, 0x02, 0x00,
    0x01, 0x01, 0x03, 0xd5, 0x21, 0x03, 0x02, 0x00, 0x01, 0x01, 0x03, 0xd5, 0x22, 0x03, 0x02, 0x00,
    0x01, 0x01, 0x03, 0xd5, 0x23, 0x03, 0x02, 0x00, 0x00, 0x01, 0x03, 0xd5, 0x24, 0x03, 0x02, 0x00,
    0x00, 0x01, 0x03, 0xd5, 0x25, 0x01, 0x02, 0x00, 0xff, 0x00, 0x02, 0x10, 0x39, 0x8e, 0xe3, 0x3c,
    0x00, 0x00, 0x00, 0x5a, 0x8f, 0xc2, 0x75, 0x3c, 0xff, 0x03, 0x80, 0xbe, 0x5d, 0x74, 0x91, 0x40,
    0xff, 0x02, 0x08, 0x7c, 0xa6, 0x9b, 0x44, 0x3c, 0xff, 0x04, 0x02, 0x20, 0x6f, 0x12, 0x83, 0x3b,
    0x00, 0x55, 0x00, 0x7e, 0x03, 0x05, 0x04, 0x02, 0x01, 0x55, 0x02, 0x7e, 0x04, 0x00, 0x01, 0xd5,
    0x2b, 0x01, 0xa9, 0x01, 0x03, 0x00, 0x4b, 0xd5, 0x29, 0xff, 0x09, 0x84, 0x39, 0x8e, 0xe3, 0x3c,
    0x01, 0x80, 0x08, 0xd5, 0x03, 0x03, 0x02, 0x00, 0xff, 0x04, 0x06, 0x10, 0x77, 0x0b, 0xbf, 0xbf,
    0x00, 0x02, 0x02, 0x5a, 0xe8, 0xa2, 0x0b, 0xbe, 0x03, 0x01, 0x00, 0x42, 0x17, 0x7e, 0xb5, 0x3f,
    0x01, 0x80, 0x10, 0xd5, 0x01, 0x03, 0x02, 0x00, 0x00, 0x80, 0x10, 0xd5, 0x00, 0x01, 0x02, 0x00,
    0x01, 0x03, 0x06, 0x10, 0x00, 0x01, 0x0a, 0x10, 0xf5, 0x00, 0x00, 0x5a, 0x00, 0x00, 0x40, 0x40,
    0xf5, 0x02, 0x02, 0x5a, 0x00, 0x00, 0x40, 0x40, 0xff, 0x06, 0x06, 0x10, 0x33, 0x33, 0x33, 0x3f,
    0x05, 0x01, 0x00, 0x10, 0x03, 0x03, 0x02, 0x5a, 0x9a, 0x99, 0x99, 0x3e, 0x03, 0x00, 0x01, 0xd5,
    0x2a, 0x01, 0xa9, 0x01, 0x00, 0x03, 0x00, 0x10, 0x04, 0x07, 0x02, 0x5e, 0x02, 0x01, 0x00, 0x5e,
    0x0f, 0x1c, 0x00, 0xf8, 0x01, 0x00, 0x00, 0x00, 0x00, 0x00, 0x81, 0xbf,
};

static const evo_agc_reg_t interp_me_pre_raster_cx[] = {
    {0x1ffu, 0x00000080u},
    {0x2d3u, 0x00020001u},
    {0x207u, 0x00000000u},
    {0x1c2u, 0x00000001u},
    {0x1c3u, 0x00000004u},
    {0x1b1u, 0x00000000u},
    {0x2abu, 0x00000001u},
    {0x2e4u, 0x00000000u},
    {0x2ceu, 0x00000001u},
    {0x291u, 0x2004007eu}
};

static const evo_agc_reg_t interp_me_pixel_cx[] = {
    {0x08fu, 0x0000000fu},
    {0x203u, 0x00000810u},
    {0x310u, 0x00000000u},
    {0x1b8u, 0x01000000u},
    {0x1b4u, 0x00000002u},
    {0x1b3u, 0x00000002u},
    {0x1b6u, 0x00000001u},
    {0x1c5u, 0x00000004u},
    {0x1c4u, 0x00000000u}
};

static const evo_agc_reg_t interp_me_ps_input_cntl[] = {
    {0x191u, 0x00000000u}
};

static const evo_agc_shader_metadata_t interp_me_metadata = {
    .gs_isa = interp_me_gs_isa,
    .gs_isa_bytes = 272u,
    .ps_isa = interp_me_ps_isa,
    .ps_isa_bytes = 15660u,
    .gs_rsrc1 = INTERP_ME_GS_RSRC1,
    .gs_rsrc2 = INTERP_ME_GS_RSRC2,
    .ps_rsrc1 = INTERP_ME_PS_RSRC1,
    .ps_rsrc2 = INTERP_ME_PS_RSRC2,
    .ge_cntl = INTERP_ME_GE_CNTL,
    .shader_stages_en = INTERP_ME_SHADER_STAGES_EN,
    .gs_out_prim_type = INTERP_ME_GS_OUT_PRIM_TYPE,
    .draw_modifier = INTERP_ME_DRAW_MODIFIER,
    .pre_raster_cx = interp_me_pre_raster_cx,
    .pre_raster_cx_count = 10u,
    .pixel_cx = interp_me_pixel_cx,
    .pixel_cx_count = 9u,
    .ps_input_cntl = interp_me_ps_input_cntl,
    .ps_input_cntl_count = 1u,
    .vs_user_sgpr_count = 2u,
    .ps_user_sgpr_count = 2u,
    .vs_const_table_dword = 1,
    .vs_vertex_table_dword = -1,
    .ps_const_table_dword = -1,
    .ps_texture_table_dword = 1,
};

#endif /* EVO_AGC_PIPE_INTERP_ME_H */
