#ifndef BROWSER_ICON_ASSETS_H
#define BROWSER_ICON_ASSETS_H

#define BR_ICON_FOLDER_W 72
#define BR_ICON_FOLDER_H 72
static const unsigned int BR_ICON_FOLDER[] = {
  0x00000000,0x00000000,0x00000000,0x00000000,0x00000000,0x00000000,0x00000000,0x00000000,
  0x00000000,0x00000000,0x00000000,0x00000000,0x01010000,0x01010000,0x01010100,0x01010100,
  0x01010100,0x01010100,0x01010100,0x01010100,0x01010100,0x01010100,0x01010100,0x01010100,
  0x01010100,0x01010100,0x01010100,0x01010100,0x01010100,0x01010100,0x01010100,0x01010100,
  0x01010100,0x01010100,0x01010100,0x01010000,0x01010000,0x00000000,0x00000000,0x00000000,
  0x00000000,0x00000000,0x00000000,0x00000000,0x00000000,0x00000000,0x00000000,0x00000000,
  0x00000000,0x00000000,0x00000000,0x00000000,0x00000000,0x00000000,0x00000000,0x00000000,
  0x00000000,0x00000000,0x00000000,0x00000000,0x00000000,0x00000000,0x00000000,0x00000000,
  0x00000000,0x00000000,0x00000000,0x00000000,0x00000000,0x00000000,0x00000000,0x00000000,
  0x00000000,0x00000000,0x00000000,0x00000000,0x00000000,0x00000000,0x00000000,0x00000000,
  0x00000000,0x01010000,0x01010100,0x01010100,0x01010100,0x01010100,0x01010100,0x01010100,
  0x01010100,0x02020100,0x02020100,0x02020200,0x02020200,0x02020200,0x02020200,0x02020200,
  0x02020200,0x02020200,0x02020200,0x02020200,0x02020200,0x02020200,0x02020100,0x02020100,
  0x01010100,0x01010100,0x01010100,0x01010100,0x01010100,0x01010100,0x01010100,0x01010000,
  0x00000000,0x00000000,0x00000000,0x00000000,0x00000000,0x00000000,0x00000000,0x00000000,
  0x00000000,0x00000000,0x00000000,0x00000000,0x00000000,0x00000000,0x00000000,0x00000000,
  0x00000000,0x00000000,0x00000000,0x00000000,0x00000000,0x00000000,0x00000000,0x00000000,
  0x00000000,0x00000000,0x00000000,0x00000000,0x00000000,0x00000000,0x00000000,0x00000000,
  0x00000000,0x00000000,0x00000000,0x00000000,0x00000000,0x00000000,0x00000000,0x01010000,
  0x01010100,0x01010100,0x01010100,0x01010100,0x02020100,0x02020100,0x02020200,0x02020200,
  0x02020200,0x03030200,0x03030200,0x03030200,0x03030300,0x03030300,0x03030300,0x03030300,
  0x03030300,0x03030300,0x03030300,0x03030300,0x03030300,0x03030200,0x03030200,0x03030200,
  0x02020200,0x02020200,0x02020200,0x02020100,0x02020100,0x01010100,0x01010100,0x01010100,
  0x01010100,0x01010100,0x01010000,0x00000000,0x00000000,0x00000000,0x00000000,0x00000000,
  0x00000000,0x00000000,0x00000000,0x00000000,0x00000000,0x00000000,0x00000000,0x00000000,
  0x00000000,0x00000000,0x00000000,0x00000000,0x00000000,0x00000000,0x00000000,0x00000000,
  0x00000000,0x00000000,0x00000000,0x00000000,0x00000000,0x00000000,0x00000000,0x00000000,
  0x00000000,0x00000000,0x00000000,0x00000000,0x00000000,0x01010100,0x01010100,0x01010100,
  0x01010100,0x01010100,0x02020100,0x02020200,0x02020200,0x03030200,0x03030200,0x03030300,
  0x04040300,0x04040300,0x04040300,0x04040400,0x05050400,0x05050400,0x05050400,0x05050400,
  0x05050400,0x05050400,0x05050400,0x05050400,0x05050400,0x04040400,0x04040300,0x04040300,
  0x04040300,0x03030300,0x03030300,0x03030200,0x03030200,0x02020200,0x02020200,0x02020100,
  0x01010100,0x01010100,0x01010100,0x01010100,0x01010100,0x01010000,0x00000000,0x00000000,
  0x00000000,0x00000000,0x00000000,0x00000000,0x00000000,0x00000000,0x00000000,0x00000000,
  0x00000000,0x00000000,0x00000000,0x00000000,0x00000000,0x00000000,0x00000000,0x00000000,
  0x00000000,0x00000000,0x00000000,0x00000000,0x00000000,0x00000000,0x00000000,0x00000000,
  0x00000000,0x00000000,0x00000000,0x00000000,0x01010100,0x01010100,0x01010100,0x01010100,
  0x02020100,0x02020200,0x02020200,0x03030200,0x03030300,0x04040300,0x04040400,0x05050400,
  0x05050400,0x06060500,0x06060500,0x07070500,0x07070600,0x07070600,0x07070600,0x07070600,
  0x07070600,0x07070600,0x07070600,0x07070600,0x07070600,0x07070500,0x06060500,0x06060500,
  0x05050500,0x05050400,0x05050400,0x04040300,0x04040300,0x03030300,0x03030200,0x03030200,
  0x02020200,0x02020200,0x02020100,0x01010100,0x01010100,0x01010100,0x01010100,0x01010100,
  0x01010100,0x01010000,0x01010000,0x01010000,0x00000000,0x00000000,0x00000000,0x00000000,
  0x00000000,0x00000000,0x00000000,0x00000000,0x00000000,0x00000000,0x00000000,0x00000000,
  0x00000000,0x00000000,0x00000000,0x00000000,0x00000000,0x00000000,0x00000000,0x00000000,
  0x00000000,0x00000000,0x01010000,0x01010100,0x01010100,0x01010100,0x02020100,0x02020200,
  0x02020200,0x03030200,0x04040300,0x04040300,0x05050400,0x06060400,0x06060500,0x07070600,
  0x07070600,0x08080700,0x09090700,0x09090700,0x09090800,0x0A0A0800,0x0A0A0800,0x0A0A0800,
  0x0A0A0800,0x0A0A0800,0x0A0A0800,0x0A0A0800,0x0A0A0800,0x09090800,0x09090700,0x08080700,
  0x08080700,0x07070600,0x07070600,0x06060500,0x06060500,0x05050400,0x04040400,0x04040300,
  0x04040300,0x03030300,0x03030200,0x02020200,0x02020200,0x02020200,0x02020100,0x02020100,
  0x02020100,0x01010100,0x01010100,0x01010100,0x01010100,0x01010100,0x01010100,0x01010100,
  0x01010100,0x01010100,0x01010100,0x01010100,0x01010000,0x01010000,0x00000000,0x00000000,
  0x00000000,0x00000000,0x00000000,0x00000000,0x00000000,0x00000000,0x00000000,0x00000000,
  0x00000000,0x01010000,0x01010100,0x01010100,0x01010100,0x02020200,0x02020200,0x03030200,
  0x03030300,0x04040300,0x05050400,0x06060500,0x07070500,0x07070600,0x08080700,0x09090800,
  0x0A0A0800,0x0B0B0900,0x0C0C0900,0x0C0C0A00,0x0D0D0B00,0x0D0D0B00,0x0D0D0B00,0x0E0E0B00,
  0x0E0E0B00,0x0E0E0B00,0x0E0E0B00,0x0D0D0B00,0x0D0D0B00,0x0D0D0A00,0x0C0C0A00,0x0B0B0A00,
  0x0B0B0900,0x0A0A0800,0x09090800,0x09090700,0x08080700,0x07070600,0x06060500,0x06060500,
  0x05050400,0x05050400,0x04040300,0x04040300,0x04040300,0x03030300,0x03030300,0x03030200,
  0x03030200,0x02020200,0x02020200,0x02020200,0x02020200,0x02020200,0x02020200,0x02020100,
  0x02020100,0x01010100,0x01010100,0x01010100,0x01010100,0x01010100,0x01010100,0x01010100,
  0x01010000,0x00000000,0x00000000,0x00000000,0x00000000,0x00000000,0x00000000,0x00000000,
  0x01010000,0x01010100,0x01010100,0x01010100,0x02020200,0x02020200,0x03030200,0x04040300,
  0x05050400,0x06060500,0x07070500,0x08080600,0x09090700,0x0A0A0800,0x0B0B0900,0x0C0C0A00,
  0x0D0D0B00,0x0E0E0C00,0x0F0F0C00,0x10100D00,0x11110E00,0x11110E00,0x12120F00,0x12120F00,
  0x12120F00,0x12120F00,0x12120F00,0x12120F00,0x11110E00,0x11110E00,0x10100D00,0x0F0F0D00,
  0x0E0E0C00,0x0E0E0B00,0x0D0D0B00,0x0C0C0A00,0x0B0B0900,0x0A0A0800,0x09090800,0x08080700,
  0x07080600,0x07070600,0x06060500,0x06060500,0x05050400,0x05050400,0x05050400,0x04040400,
  0x04040300,0x04040300,0x04040300,0x03030300,0x03030300,0x03030300,0x03030200,0x03030200,
  0x03030200,0x02020200,0x02020200,0x02020200,0x02020100,0x02020100,0x01010100,0x01010100,
  0x01010100,0x01010100,0x01010000,0x00000000,0x00000000,0x00000000,0x00000000,0x00000000,
  0x01010100,0x01010100,0x02020100,0x02020200,0x03030200,0x03030300,0x04040300,0x05050400,
  0x06060500,0x07070600,0x09090700,0x0A0A0800,0x0B0B0900,0x0D0D0A00,0x0E0E0C00,0x10100D00,
  0x11110E00,0x12120F00,0x14141000,0x15151100,0x16161200,0x16161200,0x17171300,0x17171300,
  0x17181300,0x17181300,0x17171300,0x17171300,0x16171300,0x16161200,0x15151100,0x14141100,
  0x13131000,0x12120F00,0x11110E00,0x10100D00,0x0E0F0C00,0x0D0D0B00,0x0C0C0A00,0x0B0C0900,
  0x0A0A0900,0x090A0800,0x09090700,0x08080700,0x08080600,0x07070600,0x07070600,0x06070500,
  0x06060500,0x06060500,0x05060500,0x05050400,0x05050400,0x05050400,0x04050400,0x04040400,
  0x04040300,0x04040300,0x03030300,0x03030300,0x03030200,0x02020200,0x02020200,0x02020100,
  0x01020100,0x01010100,0x01010100,0x01010100,0x01010100,0x01010000,0x00000000,0x00000000,
  0x01010100,0x01010100,0x02020200,0x03030200,0x03030300,0x04040400,0x05050400,0x07070500,
  0x08080700,0x09090800,0x0B0B0900,0x0D0D0A00,0x0F0F0C00,0x10110D00,0x12120F00,0x14141100,
  0x16161200,0x17171300,0x19191400,0x1A1A1600,0x1B1B1700,0x1C1C1700,0x1D1D1800,0x1D1E1800,
  0x1E1E1900,0x1E1E1900,0x1D1E1800,0x1D1D1800,0x1C1D1700,0x1B1C1700,0x1B1B1600,0x191A1500,
  0x18181400,0x17171300,0x15161200,0x14141000,0x13131000,0x11120E00,0x10100D00,0x0F0F0C00,
  0x0E0E0C00,0x0D0D0B00,0x0C0C0A00,0x0B0B0900,0x0A0B0900,0x0A0A0800,0x090A0800,0x09090700,
  0x08090700,0x08080700,0x08080700,0x07080600,0x07070600,0x07070600,0x06070500,0x06060500,
  0x06060500,0x05050400,0x05050400,0x04040400,0x04040300,0x03040300,0x03030200,0x02030200,
  0x02020200,0x02020100,0x01010100,0x01010100,0x01010100,0x01010100,0x01010000,0x00000000,
  0x01010100,0x02020100,0x03030200,0x03030300,0x04040300,0x05050500,0x07070500,0x08080700,
  0x0A0A0800,0x0C0C0A00,0x0E0E0C00,0x10100D00,0x12120F00,0x15151100,0x17171300,0x19191500,
  0x1B1B1600,0x1D1D1800,0x1F1F1900,0x21211B00,0x22221C00,0x23231D00,0x24241E00,0x25251E00,
  0x25251F00,0x25251F00,0x25251E00,0x24241E00,0x23241D00,0x22231C00,0x21221B00,0x20201A00,
  0x1E1E1900,0x1D1D1800,0x1B1C1700,0x191A1500,0x18181400,0x16171200,0x14151100,0x13141000,
  0x12120F00,0x10110E00,0x10100D00,0x0E0F0C00,0x0E0E0C00,0x0D0E0B00,0x0C0D0B00,0x0C0C0A00,
  0x0B0C0A00,0x0B0B0900,0x0A0B0900,0x0A0A0800,0x090A0800,0x090A0800,0x09090700,0x08090700,
  0x08080700,0x07070600,0x07070600,0x06060500,0x05060400,0x05050400,0x04040300,0x03040300,
  0x03030200,0x02030200,0x02020200,0x02020100,0x01010100,0x01010100,0x01010100,0x01010100,
  0x02020100,0x02020200,0x03030300,0x04040300,0x05050400,0x07070600,0x09090700,0x0A0A0900,
  0x0D0D0A00,0x0F0F0C00,0x11110E00,0x14141000,0x16171300,0x19191500,0x1C1C1700,0x1F1F1900,
  0x21211C00,0x24241D00,0x26261F00,0x28282100,0x2A2A2200,0x2B2B2300,0x2C2C2400,0x2D2D2500,
  0x2D2D2500,0x2D2D2500,0x2D2D2500,0x2C2D2400,0x2B2C2400,0x2A2B2300,0x29292200,0x27272000,
  0x25261F00,0x23241D00,0x21221C00,0x1F201A00,0x1D1E1900,0x1B1C1700,0x1A1B1600,0x18191400,
  0x16171300,0x15161200,0x14151100,0x12141000,0x11130F00,0x10120E00,0x10110E00,0x0F100D00,
  0x0F100D00,0x0E0F0C00,0x0D0F0C00,0x0D0E0B00,0x0C0D0B00,0x0C0D0A00,0x0B0C0A00,0x0B0C0900,
  0x0A0B0900,0x090A0800,0x09090700,0x08080700,0x07070600,0x06070500,0x05060500,0x05050400,
  0x04040300,0x03040300,0x03030200,0x02020200,0x02020200,0x01020100,0x01010100,0x01010100,
  0x02020200,0x03030200,0x04040300,0x05050400,0x07070500,0x08080700,0x0B0B0800,0x0D0D0B00,
  0x0F0F0D00,0x12120F00,0x15151100,0x18181400,0x1B1C1700,0x1F1F1900,0x22221C00,0x25251F00,
  0x28282100,0x2B2B2300,0x2D2E2600,0x30302800,0x32322900,0x33342B00,0x34352B00,0x35362C00,
  0x36362D00,0x36372D00,0x36362C00,0x35362C00,0x34352B00,0x32332A00,0x31322900,0xFFFFF596,
  0xFFFFF596,0xFFFFF596,0x282A2200,0x26272000,0x24251E00,0x21231C00,0x1F211B00,0x1D1F1900,
  0x1B1D1700,0x191B1600,0x181A1500,0x17191400,0x16181300,0x15171200,0x14161100,0x13151100,
  0x12141000,0x12140F00,0x11130F00,0x10120E00,0x10110E00,0x0F110D00,0x0E100D00,0x0E0F0C00,
  0x0D0E0B00,0x0C0D0A00,0x0B0C0A00,0x0A0B0900,0x090A0800,0x08090700,0x07070600,0x06070500,
  0x05060400,0x04050400,0x04040300,0x03030300,0x02030200,0x02020200,0x01010100,0x01010100,
  0x03030200,0x04040300,0x05050400,0x06060500,0x08080700,0x0A0A0800,0x0D0D0A00,0x0F0F0D00,
  0x12120F00,0x16161200,0x19191500,0x1D1D1800,0x20211B00,0x24251E00,0x28282100,0x2C2C2400,
  0x2F302700,0x33332A00,0x36362C00,0x38392F00,0x3B3B3100,0x3C3D3200,0x3E3F3300,0x3F403400,
  0x3F403500,0x3F403500,0x3F403400,0x3E3F3400,0x3D3E3300,0x3B3D3100,0xFFFFF596,0xFFFFF596,
  0xFFFFF596,0xFFFFF596,0xFFFFF596,0x2D2F2600,0x2B2D2400,0x282A2200,0x25282000,0x23261E00,
  0x21241D00,0x1F221B00,0x1E201A00,0x1C1F1800,0x1B1D1700,0x191C1600,0x181B1600,0x171A1500,
  0x171A1400,0x16191300,0x15181300,0x14171200,0x14161100,0x13151100,0x12141000,0x11130F00,
  0x10120E00,0x0F110D00,0x0E0F0C00,0x0D0E0B00,0x0B0D0A00,0x0A0B0900,0x090A0800,0x08080700,
  0x07070600,0x06060500,0x05050400,0x04040300,0x03030300,0x03030200,0x02020200,0x02020100,
  0x03030300,0x04040300,0x06060500,0x07080600,0x0A0A0800,0x0C0C0A00,0x0F0F0C00,0x12120F00,
  0x16161200,0x191A1500,0x1E1E1900,0x22221C00,0x26272000,0x2A2B2300,0x2F2F2700,0x33342A00,
  0x37382E00,0x3B3B3100,0x3E3F3400,0x41423600,0x44453800,0x46473A00,0x47493B00,0x494A3D00,
  0x494B3D00,0x494B3D00,0x494A3D00,0x48493C00,0x46483B00,0x44473900,0xFFFFF596,0xFFFFF596,
  0xFFFFF596,0xFFFFF596,0xFFFFF596,0x35382D00,0x32352B00,0x2F322800,0x2C302600,0x2A2D2400,
  0x272B2200,0x25292000,0x23271F00,0x21251E00,0x20241C00,0x1F231B00,0x1D211A00,0x1C201A00,
  0x1C1F1900,0x1B1E1800,0x1A1E1700,0x191C1600,0x181B1500,0x171A1500,0x16191400,0x15181300,
  0x14161200,0x12151000,0x11130F00,0x10110E00,0x0E100C00,0x0D0E0B00,0x0B0C0A00,0x0A0B0900,
  0x08090700,0x07080600,0x06060500,0x05050400,0x04040300,0x03030300,0x03030200,0x02020200,
  0x04040300,0x05050400,0x07070600,0x09090700,0x0B0C0900,0x0E0E0C00,0x12120E00,0x15151200,
  0x19191500,0x1E1E1900,0x22231C00,0x27282000,0x2C2D2400,0x31322800,0x36362D00,0x3A3B3100,
  0x3F403400,0x43443800,0x47483B00,0x4B4C3E00,0x4D4F4000,0x50514200,0x51534400,0x52554500,
  0x53554600,0x53554600,0x53554500,0x51544400,0x50534300,0x4E514200,0xFFFFF596,0xFFFFF596,
  0xFFFFF596,0xFFFFF596,0xFFFFF596,0x3D413400,0x3A3E3200,0x363B2F00,0x33382D00,0x30352A00,
  0x2E332800,0x2B302600,0x292F2500,0x272D2300,0x262B2200,0x242A2100,0x23282000,0x22271F00,
  0x21261E00,0x20251D00,0x1F241C00,0x1E231B00,0x1D221A00,0x1C201900,0x1B1F1800,0x1A1D1700,
  0x181B1600,0x17191400,0x15181300,0x13161100,0x11130F00,0x10110E00,0x0E0F0C00,0x0C0D0B00,
  0x0A0B0900,0x090A0800,0x07080600,0x06060500,0x05050400,0x04040300,0x03030300,0x03030200,
  0x05050400,0x06060500,0x08080700,0x0A0B0900,0x0D0E0B00,0x10110E00,0x14141100,0x18191400,
  0x1D1D1800,0x22221C00,0x27282000,0x2C2D2500,0x32332900,0x37382E00,0x3D3E3300,0x42433700,
  0x47493B00,0x4C4D3F00,0x50524300,0x54564600,0x57594900,0x595C4B00,0x5B5E4C00,0x5C5F4E00,
  0x5D604E00,0x5D604E00,0x5C604E00,0x5B5F4D00,0x5A5E4C00,0x575C4A00,0x55594800,0xFFFFF596,
  0xFFFFF596,0xFFFFF596,0x484D3E00,0x454A3B00,0x41473900,0x3E443600,0x3B413400,0x373E3100,
  0x343B2F00,0x32392D00,0x30372B00,0x2E352900,0x2C332800,0x2A312700,0x29302600,0x282F2500,
  0x272E2300,0x262C2200,0x252B2200,0x242A2100,0x22281F00,0x21271E00,0x20251D00,0x1E231C00,
  0x1D211A00,0x1B1F1800,0x191D1600,0x171A1500,0x15181300,0x13151100,0x11130F00,0x0F100D00,
  0x0D0E0B00,0x0B0C0900,0x090A0800,0x07080700,0x06070500,0x05050400,0x04040300,0x03030300,
  0x06060500,0x07070600,0x090A0800,0x0C0C0A00,0x0F0F0D00,0x13131000,0x17171300,0x1B1C1700,
  0x21211B00,0x26272000,0x2C2D2500,0x32332A00,0x38392F00,0x3E403400,0x44453900,0x4A4B3E00,
  0xFFFFD200,0xFFFFD200,0xFFFFD200,0xFFFFD200,0xFFFFD200,0xFFFFD200,0xFFFFD200,0xFFFFD200,
  0xFFFFD200,0xFFFFD200,0xFFFFD200,0xFFFFD200,0xFFFFD200,0xFFFFD200,0xFFFFD200,0xFFFFD200,
  0xFFFFD200,0x545B4900,0x50574600,0x4D544300,0x49514000,0x454D3D00,0x424A3B00,0x3F473800,
  0x3B443600,0x38423300,0x363F3100,0x343D3000,0x323B2E00,0x303A2D00,0x2F382C00,0x2E372B00,
  0x2D362900,0x2C342800,0x2B332700,0x29312600,0x28302500,0x272E2300,0x252C2200,0x242A2000,
  0x22271F00,0x20251D00,0x1E221A00,0x1B1F1800,0x191C1600,0x16191400,0x14161200,0x12140F00,
  0x0F110D00,0x0D0E0B00,0x0B0C0900,0x090A0800,0x07080600,0x06060500,0x05050400,0x04040300,
  0x06070500,0x08080700,0x0B0B0900,0x0E0E0B00,0x11120E00,0x15161200,0x1A1A1500,0x1F201A00,
  0x25251F00,0x2B2C2400,0x31322900,0x37392E00,0x3E403400,0x44473900,0x4B4D3F00,0xFFFFD200,
  0xFFFFD200,0xFFFFD200,0xFFFFD200,0xFFFFD200,0xFFFFD200,0xFFFFD200,0xFFFFD200,0xFFFFD200,
  0xFFFFD200,0xFFFFD200,0xFFFFD200,0xFFFFD200,0xFFFFD200,0xFFFFD200,0xFFFFD200,0xFFFFD200,
  0xFFFFD200,0xFFFFD200,0x58614D00,0x545E4A00,0x515A4700,0x4D574400,0x49544200,0x45503F00,
  0x424D3C00,0x3F4B3A00,0x3D483800,0x3A463600,0x38443500,0x37423300,0x35413200,0x343F3100,
  0x333E2F00,0x313C2E00,0x313B2D00,0x2F392C00,0x2E382A00,0x2C352900,0x2B332800,0x29312600,
  0x272E2400,0x252B2100,0x22281F00,0x20241C00,0x1D211A00,0x1A1E1700,0x171A1500,0x15171200,
  0x12141000,0x0F110D00,0x0D0E0B00,0x0B0B0900,0x090A0800,0x07080600,0x06060500,0x05050400,
  0x07070600,0x090A0800,0x0C0C0A00,0x0F100D00,0x13141000,0x18181400,0x1D1D1800,0x22231D00,
  0x292A2200,0x2F302800,0x36382D00,0x3D3F3300,0x44463900,0x4B4E3F00,0xFFFFD200,0xFFFFD200,
  0xFFFFD200,0xFFFFD200,0xFFFFD200,0xFFFFD200,0xFFFFD200,0xFFFFD200,0xFFFFD200,0xFFFFD200,
  0xFFFFD200,0xFFFFD200,0xFFFFD200,0xFFFFD200,0xFFFFD200,0xFFFFD200,0xFFFFD200,0xFFFFD200,
  0xFFFFD200,0xFFFFD200,0xFFFFD200,0x5B675100,0x57634E00,0x53604B00,0x4F5D4800,0x4C594500,
  0x48564300,0x45534000,0x42513E00,0x404F3C00,0x3E4D3B00,0x3C4B3900,0x3B4A3800,0x39483700,
  0x38463600,0x37453400,0x36433300,0x35413200,0x33403000,0x323D2F00,0x303B2D00,0x2E382B00,
  0x2C352900,0x2A312600,0x272E2300,0x242A2100,0x21261E00,0x1E221B00,0x1B1E1800,0x181B1500,
  0x14171200,0x12140F00,0x0F100D00,0x0C0D0B00,0x0A0B0900,0x08090700,0x07070600,0x06060500,
  0x08080700,0x0A0B0900,0x0D0E0B00,0x11120E00,0x15161200,0x1A1B1600,0x20201A00,0x26272000,
  0x2C2E2500,0x33352B00,0x3B3D3100,0x42453800,0x494D3E00,0x51544400,0xFFFFD200,0xFFFFD200,
  0xFFFFD200,0xFFFFD200,0xFFFFD200,0xFFFFD200,0xFFFFD200,0xFFFFD200,0xFFFFD200,0xFFFFD200,
  0xFFFFD200,0xFFFFD200,0xFFFFD200,0xFFFFD200,0xFFFFD200,0xFFFFD200,0xFFFFD200,0xFFFFD200,
  0xFFFFD200,0xFFFFD200,0xFFFFD200,0x62705800,0x5E6D5500,0x59695100,0x55664F00,0x51624C00,
  0x4E5F4900,0x4A5C4600,0x485A4400,0x45574200,0x43554100,0x42533F00,0x40523E00,0x3F503D00,
  0x3E4F3B00,0x3C4D3A00,0x3C4C3900,0x3A493800,0x39473600,0x37453400,0x36423300,0x333F3000,
  0x313B2E00,0x2E382B00,0x2C342800,0x28302500,0x252B2200,0x22271E00,0x1E231B00,0x1B1E1800,
  0x171A1500,0x14161200,0x11130F00,0x0E0F0C00,0x0C0D0A00,0x0A0A0800,0x08080700,0x07070500,
  0x09090800,0x0C0C0A00,0x0F0F0D00,0x13131000,0x17181300,0x1C1D1800,0x23241D00,0x292A2300,
  0x30322800,0x373A2F00,0x3F423500,0x474A3C00,0x4F534300,0x565B4A00,0xFFFFD200,0xFFFFD200,
  0xFFFFD200,0xFFFFD200,0x78806700,0x7D856B00,0x80896E00,0x838D7100,0x86907300,0x87927500,
  0x88937500,0x88937600,0x86937500,0x85917400,0x83907300,0x808E7000,0x7C8B6E00,0xFFFFD200,
  0xFFFFD200,0xFFFFD200,0xFFFFD200,0x67795E00,0x63755B00,0x5E715700,0x5A6E5400,0x566A5100,
  0x53674F00,0x4F644C00,0x4C624A00,0x4A604800,0x485E4700,0x465C4500,0x455A4400,0x43584300,
  0x42574100,0x41554000,0x40543F00,0x3F513D00,0x3E4F3B00,0x3C4D3A00,0x3B4A3800,0x38463600,
  0x36423300,0x333E3000,0x303A2C00,0x2D352900,0x29312600,0x252C2200,0x22271F00,0x1E221B00,
  0x1A1E1700,0x17191400,0x13151100,0x10110E00,0x0D0F0B00,0x0B0C0900,0x090A0800,0x08080600,
  0x0A0B0800,0x0D0D0B00,0x10110E00,0x14151100,0x191A1500,0x1F201A00,0x25261F00,0x2C2E2500,
  0x33362B00,0x3B3E3200,0x43473900,0x4B4F4000,0x53584700,0x5B614E00,0xFFFFD200,0xFFFFD200,
  0xFFFFD200,0xFFFFD200,0xFFFFD200,0xFFFFD200,0xFFFFD200,0xFFFFD200,0xFFFFD200,0xFFFFD200,
  0xFFFFD200,0xFFFFD200,0xFFFFD200,0xFFFFD200,0xFFFFD200,0xFFFFD200,0xFFFFD200,0xFFFFD200,
  0xFFFFD200,0xFFFFD200,0xFFFFD200,0xFFFFD200,0xFFFFD200,0xFFFFD200,0xFFFFD200,0xFFFFD200,
  0xFFFFD200,0xFFFFD200,0xFFFFD200,0xFFFFD200,0xFFFFD200,0xFFFFD200,0xFFFFD200,0xFFFFD200,
  0xFFFFD200,0xFFFFD200,0xFFFFD200,0xFFFFD200,0xFFFFD200,0xFFFFD200,0xFFFFD200,0xFFFFD200,
  0xFFFFD200,0xFFFFD200,0x34403100,0x313B2D00,0x2D362900,0x29312600,0x252B2200,0x21261E00,
  0x1D211A00,0x191C1600,0x15181300,0x12141000,0x0F100D00,0x0C0D0B00,0x0A0B0900,0x09090700,
  0x0B0C0900,0x0E0F0B00,0x12120F00,0x16171200,0x1B1C1700,0x21221C00,0x28292100,0x2E312800,
  0x36392E00,0x3E423500,0x474B3C00,0x4F544400,0x575E4B00,0xFFFFD200,0xFFFFD200,0xFFFFD200,
  0xFFFFD200,0xFFFFD200,0xFFFFD200,0xFFFFD200,0xFFFFD200,0xFFFFD200,0xFFFFD200,0xFFFFD200,
  0xFFFFD200,0xFFFFD200,0xFFFFD200,0xFFFFD200,0xFFFFD200,0xFFFFD200,0xFFFFD200,0xFFFFD200,
  0xFFFFD200,0xFFFFD200,0xFFFFD200,0xFFFFD200,0xFFFFD200,0xFFFFD200,0xFFFFD200,0xFFFFD200,
  0xFFFFD200,0xFFFFD200,0xFFFFD200,0xFFFFD200,0xFFFFD200,0xFFFFD200,0xFFFFD200,0xFFFFD200,
  0xFFFFD200,0xFFFFD200,0xFFFFD200,0xFFFFD200,0xFFFFD200,0xFFFFD200,0xFFFFD200,0xFFFFD200,
  0xFFFFD200,0xFFFFD200,0xFFFFD200,0x35413100,0x313B2D00,0x2D352900,0x28302500,0x242A2100,
  0x1F241D00,0x1B1F1800,0x171A1500,0x14161100,0x11120E00,0x0E0F0C00,0x0B0C0900,0x090A0800,
  0x0C0C0A00,0x0F100C00,0x13141000,0x18191400,0x1D1E1800,0x23241E00,0x2A2C2300,0x31342A00,
  0x393D3100,0x41463800,0x4A4F4000,0x52594700,0xFFFFD200,0xFFFFD200,0xFFFFD200,0xFFFFD200,
  0xFFFFD200,0xFFFFD200,0xFFFFD200,0xFFFFD200,0xFFFFD200,0xFFFFD200,0xFFFFD200,0xFFFFD200,
  0xFFFFD200,0xFFFFD200,0xFFFFD200,0xFFFFD200,0xFFFFD200,0xFFFFD200,0xFFFFD200,0xFFFFD200,
  0xFFFFD200,0xFFFFD200,0xFFFFD200,0xFFFFD200,0xFFFFD200,0xFFFFD200,0xFFFFD200,0xFFFFD200,
  0xFFFFD200,0xFFFFD200,0xFFFFD200,0xFFFFD200,0xFFFFD200,0xFFFFD200,0xFFFFD200,0xFFFFD200,
  0xFFFFD200,0xFFFFD200,0xFFFFD200,0xFFFFD200,0xFFFFD200,0xFFFFD200,0xFFFFD200,0xFFFFD200,
  0xFFFFD200,0xFFFFD200,0xFFFFD200,0xFFFFD200,0x34403100,0x303A2C00,0x2C342800,0x272E2300,
  0x22281F00,0x1E221A00,0x191D1700,0x15181300,0x12141000,0x0F100D00,0x0C0D0A00,0x0A0B0900,
  0x0D0D0B00,0x10110D00,0x14151100,0x191A1500,0x1E201A00,0x24261F00,0x2C2E2500,0x33362C00,
  0x3C403300,0x44493B00,0x4D534200,0xFFFFD200,0xFFFFD200,0xFFFFD200,0xFFFFD200,0xFFFFD200,
  0xFFFFD200,0xFFFFD200,0xFFFFD200,0xFFFFD200,0xFFFFD200,0xFFFFD200,0xFFFFD200,0xFFFFD200,
  0xFFFFD200,0xFFFFD200,0xFFFFD200,0xFFFFD200,0xFFFFD200,0xFFFFD200,0xFFFFD200,0xFFFFD200,
  0xFFFFD200,0xFFFFD200,0xFFFFD200,0xFFFFD200,0xFFFFD200,0xFFFFD200,0xFFFFD200,0xFFFFD200,
  0xFFFFD200,0xFFFFD200,0xFFFFD200,0xFFFFD200,0xFFFFD200,0xFFFFD200,0xFFFFD200,0xFFFFD200,
  0xFFFFD200,0xFFFFD200,0xFFFFD200,0xFFFFD200,0xFFFFD200,0xFFFFD200,0xFFFFD200,0xFFFFD200,
  0xFFFFD200,0xFFFFD200,0xFFFFD200,0xFFFFD200,0xFFFFD200,0x333E3000,0x2E382B00,0x2A312600,
  0x242B2100,0x20251C00,0x1B1F1800,0x171A1400,0x14161100,0x10120E00,0x0D0F0B00,0x0B0C0900,
  0x0E0E0B00,0x11120E00,0x15161200,0x1A1B1600,0x1F211B00,0x26282100,0x2D302700,0x35392E00,
  0x3D423500,0x464C3D00,0x4E564400,0xFFFFD200,0xFFFFD200,0xFFFFD200,0xFFFFD200,0xFFFFD200,
  0xFFFFD200,0xFFFFD200,0x9C946F00,0x9F997200,0xA19C7400,0xA39E7600,0xA5A17700,0xA5A27800,
  0xA5A37900,0xA4A37900,0xA3A37800,0xA1A17700,0x9F9F7600,0x9C9F7400,0x999C7200,0xFFFFD200,
  0xFFFFD200,0xFFFFD200,0xFFFFD200,0x88906600,0x848E6400,0x818B6200,0x7E895F00,0x7A875E00,
  0x78855C00,0x75845A00,0x74825900,0x72815800,0x70805800,0x6F805700,0x6E7F5600,0x6E7E5600,
  0x6E7D5500,0x6E7C5400,0x6E7B5400,0x6D795300,0x6D785200,0x6C765100,0x6A744F00,0x69724E00,
  0x676E4C00,0xFFFFD200,0xFFFFD200,0xFFFFD200,0xFFFFD200,0x36423300,0x313C2E00,0x2C352900,
  0x272E2400,0x22271E00,0x1D211A00,0x191C1600,0x15171200,0x11130F00,0x0F100C00,0x0C0D0A00,
  0x0F0F0C00,0x12130F00,0x16171300,0x1B1D1700,0x20231C00,0x272A2200,0x2F322800,0x363B2F00,
  0x3F443600,0x474E3E00,0x50584600,0xFFFFD200,0xFFFFD200,0xFFFFD200,0xFFFFD200,0xFFFFD200,
  0xFFFFD200,0xFFFFD200,0xFFFFD200,0xFFFFD200,0xFFFFD200,0xFFFFD200,0xFFFFD200,0xFFFFD200,
  0xFFFFD200,0xFFFFD200,0xFFFFD200,0xFFFFD200,0xFFFFD200,0xFFFFD200,0xFFFFD200,0xFFFFD200,
  0xFFFFD200,0xFFFFD200,0xFFFFD200,0x87926700,0x83906400,0x808D6200,0x7D8B6000,0x79895E00,
  0x77885D00,0x74865C00,0x73855A00,0x72845900,0x70835900,0x6F825800,0x6F825700,0x6E815700,
  0x6E805700,0x6E7F5600,0x6E7E5600,0x6E7D5500,0x6E7B5400,0x6E795300,0x6D775200,0x6B754F00,
  0x69714E00,0xFFFFD200,0xFFFFD200,0xFFFFD200,0xFFFFD200,0x38463500,0x343F3000,0x2F382B00,
  0x29312600,0x242A2000,0x1F231C00,0x1A1E1700,0x16191400,0x12151000,0x10110D00,0x0D0E0B00,
  0x0F100D00,0x13141000,0x17181400,0x1C1E1800,0x21241D00,0x282B2300,0x30342900,0x373C3000,
  0x40463800,0x48504000,0x515A4700,0xFFFFD200,0xFFFFD200,0xFFFFD200,0xFFFFD200,0xFFFFD200,
  0xFFFFD200,0xFFFFD200,0xFFFFD200,0xFFFFD200,0xFFFFD200,0xFFFFD200,0xFFFFD200,0xFFFFD200,
  0xFFFFD200,0xFFFFD200,0xFFFFD200,0xFFFFD200,0xFFFFD200,0xFFFFD200,0xFFFFD200,0xFFFFD200,
  0xFFFFD200,0xFFFFD200,0xFFFFD200,0x84926700,0x81916400,0x7E8F6200,0x7B8D6000,0x788B5F00,
  0x76895E00,0x74885C00,0x72875B00,0x71865A00,0x70855A00,0x6F845900,0x6E845900,0x6E835900,
  0x6E835800,0x6E815700,0x6F815700,0x6F805600,0x6F7E5600,0x6F7C5400,0x6E7A5300,0x6D775100,
  0x6B744F00,0xFFFFD200,0xFFFFD200,0xFFFFD200,0xFFFFD200,0x3B4A3800,0x36423300,0x313B2D00,
  0x2B332800,0x262C2200,0x20251D00,0x1B1F1900,0x181A1500,0x13161100,0x10120E00,0x0E0E0C00,
  0x10110D00,0x13141000,0x17191400,0x1D1F1800,0x22251E00,0x292C2400,0x30352A00,0x383E3100,
  0x41483900,0x48524100,0x515C4800,0xFFFFD200,0xFFFFD200,0xFFFFD200,0xFFFFD200,0xFFFFD200,
  0xFFFFD200,0xFFFFD200,0xFFFFD200,0xFFFFD200,0xFFFFD200,0xFFFFD200,0xFFFFD200,0xFFFFD200,
  0xFFFFD200,0xFFFFD200,0xFFFFD200,0xFFFFD200,0xFFFFD200,0xFFFFD200,0xFFFFD200,0xFFFFD200,
  0xFFFFD200,0xFFFFD200,0x84956800,0x81936600,0x7E916400,0x7B8F6200,0x798E6000,0x768C5F00,
  0x748A5D00,0x718A5C00,0x70885B00,0x6F885B00,0x6E875A00,0x6E865A00,0x6E865900,0x6E855900,
  0x6E845900,0x6E845900,0x6F835800,0x6F815700,0x6F805700,0x6F7E5600,0x6E7C5500,0x6E795300,
  0x6C765100,0xFFFFD200,0xFFFFD200,0xFFFFD200,0xFFFFD200,0x3C4D3A00,0x37453500,0x323D2F00,
  0x2C352900,0x272E2300,0x21271F00,0x1D211A00,0x191B1600,0x14171200,0x11130F00,0x0F0F0C00,
  0x11110E00,0x14151100,0x181A1500,0x1E1F1900,0x23261E00,0x292D2400,0x31362B00,0x383F3200,
  0x41493900,0x48534100,0x515D4800,0xFFFFD200,0xFFFFD200,0xFFFFD200,0xFFFFD200,0x8A886300,
  0xFFFFD200,0xFFFFD200,0xFFFFD200,0xFFFFD200,0xFFFFD200,0xFFFFD200,0xFFFFD200,0xFFFFD200,
  0xFFFFD200,0xFFFFD200,0xFFFFD200,0xFFFFD200,0xFFFFD200,0xFFFFD200,0xFFFFD200,0xFFFFD200,
  0xFFFFD200,0x83966800,0x80946600,0x7E936500,0x7A916200,0x788F6100,0x758E5F00,0x738C5E00,
  0x718B5D00,0x6E8A5C00,0x6E895B00,0x6D885A00,0x6D885A00,0x6C875A00,0x6C875A00,0x6C865900,
  0x6D865900,0x6E855900,0x6E845900,0x6F835900,0x6F825700,0x6F805700,0x6E7E5600,0x6E7B5400,
  0x6D785200,0xFFFFD200,0xFFFFD200,0xFFFFD200,0xFFFFD200,0x3E4F3B00,0x39473600,0x343F3000,
  0x2E372B00,0x28302500,0x23282000,0x1E221B00,0x1A1D1700,0x15181300,0x12140F00,0x0F100D00,
  0x11120E00,0x14151100,0x181A1500,0x1E201A00,0x23261F00,0x2A2E2500,0x31372B00,0x38403200,
  0x414A3A00,0x48534200,0x505D4900,0xFFFFD200,0xFFFFD200,0xFFFFD200,0xFFFFD200,0x88886200,
  0x8C8D6600,0x8F926900,0x92966C00,0x939A6E00,0x949C7000,0x959D7100,0x949F7200,0x939F7200,
  0x92A07200,0x92A07100,0x909F7100,0x8D9E6F00,0x8C9D6E00,0x899C6C00,0x879A6B00,0x83986900,
  0x81966800,0x7E956600,0x7B936400,0x79926300,0x76906100,0x748F5F00,0x718D5E00,0x6F8C5D00,
  0x6E8B5C00,0x6C8A5B00,0x6B895A00,0x6A895A00,0x6A895A00,0x6A885A00,0x6A885A00,0x6A875900,
  0x6B875900,0x6C865900,0x6D865900,0x6E845900,0x6E835800,0x6F815700,0x6E805600,0x6E7C5400,
  0x6D795300,0xFFFFD200,0xFFFFD200,0xFFFFD200,0xFFFFD200,0x3F513D00,0x3A493800,0x35413200,
  0x2F392C00,0x29312600,0x232A2100,0x1E231B00,0x1A1E1700,0x16191400,0x13141000,0x10110D00,
  0x11120E00,0x15161100,0x191B1600,0x1E211A00,0x23271F00,0x2A2F2500,0x31372B00,0x38403300,
  0x414A3A00,0x48544200,0x4F5E4800,0xFFFFD200,0xFFFFD200,0xFFFFD200,0xFFFFD200,0x86876100,
  0x898C6500,0x8C916800,0x8E956A00,0x8F986C00,0x909A6E00,0x909B6E00,0x8F9C6F00,0x8E9D6F00,
  0x8D9D6F00,0x8C9D6E00,0x8A9C6D00,0x889C6C00,0x869A6B00,0x83996A00,0x81986800,0x7E976700,
  0x7C956500,0x79946400,0x77926200,0x74916100,0x728F5F00,0x6F8E5E00,0x6E8C5C00,0x6C8B5C00,
  0x6A8A5B00,0x698A5A00,0x68895A00,0x68895A00,0x68895900,0x68895A00,0x68885900,0x69875900,
  0x69875900,0x6B875900,0x6C865900,0x6D865900,0x6E845900,0x6E835800,0x6E805700,0x6E7E5500,
  0x6D7A5300,0xFFFFD200,0xFFFFD200,0xFFFFD200,0xFFFFD200,0x3F533E00,0x3B4B3900,0x36433300,
  0x2F3A2D00,0x2A322600,0x242B2200,0x1F241C00,0x1B1E1800,0x161A1400,0x13151000,0x10110E00,
  0x11120E00,0x15161100,0x191B1600,0x1E211A00,0x23271F00,0x2A2F2500,0x31382C00,0x38413300,
  0x404B3A00,0x47544100,0x4E5E4800,0xFFFFD200,0xFFFFD200,0xFFFFD200,0xFFFFD200,0x83866000,
  0x868C6300,0x88906600,0x8A936800,0x8B966A00,0x8B986B00,0x8B996C00,0x8A9A6D00,0x889B6C00,
  0x889B6C00,0x869B6B00,0x849A6B00,0x83996900,0x80986800,0x7E976700,0x7C966500,0x79946400,
  0x77936300,0x74916100,0x72916000,0x708F5F00,0x6E8E5E00,0x6C8D5C00,0x698C5B00,0x698A5A00,
  0x678A5A00,0x658A5900,0x65895900,0x65885900,0x65885900,0x65885900,0x66885900,0x67885900,
  0x68875900,0x69875900,0x6A875900,0x6C865900,0x6D855900,0x6E835800,0x6E815700,0x6E7E5600,
  0x6D7B5400,0xFFFFD200,0xFFFFD200,0xFFFFD200,0xFFFFD200,0x40543F00,0x3B4C3900,0x36443300,
  0x303B2D00,0x2B332700,0x252C2200,0x20251D00,0x1C1F1800,0x171A1500,0x14161100,0x11120E00,
  0x12120F00,0x15161200,0x191C1600,0x1F211A00,0x23281F00,0x2A2F2600,0x31382C00,0x38413300,
  0x3F4B3A00,0x46544100,0x4D5E4800,0xFFFFD200,0xFFFFD200,0xFFFFD200,0xFFFFD200,0x80855F00,
  0x838A6200,0x848E6400,0x86926700,0x87956700,0x87966900,0x86976900,0x85986900,0x83986900,
  0x82986900,0x81986800,0x7F976700,0x7D976700,0x7B956500,0x79956400,0x76936300,0x74936200,
  0x73916000,0x6F905F00,0x6E8F5E00,0x6C8E5D00,0x698C5C00,0x688C5B00,0x668B5A00,0x658A5900,
  0x648A5900,0x63895800,0x63895800,0x63885800,0x63885800,0x64885800,0x64885800,0x65885900,
  0x67885900,0x68875900,0x69875900,0x6B875900,0x6C865900,0x6E845900,0x6E825700,0x6E7F5600,
  0x6D7C5400,0xFFFFD200,0xFFFFD200,0xFFFFD200,0xFFFFD200,0x40553F00,0x3C4D3A00,0x37453400,
  0x313C2E00,0x2B342800,0x252C2300,0x20251D00,0x1C201900,0x171B1500,0x14161100,0x11120E00,
  0x12130F00,0x15171200,0x191C1600,0x1E211A00,0x23281F00,0x292F2500,0x31382B00,0x37413200,
  0x3F4B3900,0x45544100,0x4B5D4700,0xFFFFD200,0xFFFFD200,0xFFFFD200,0xFFFFD200,0x7E855D00,
  0x7F896000,0x818D6200,0x83906400,0x83926600,0x83946600,0x82956600,0x80956700,0x7E956700,
  0x7D966600,0x7C966500,0x79956500,0x78946300,0x76936300,0x74936100,0x71916000,0x6F906000,
  0x6E8F5E00,0x6B8E5D00,0x698D5C00,0x688C5B00,0x668B5B00,0x658B5900,0x648A5900,0x63895800,
  0x61895800,0x60885700,0x60885700,0x61885700,0x61885700,0x62885800,0x63885800,0x64885800,
  0x65885900,0x67885900,0x69875900,0x6A875900,0x6B865900,0x6D845900,0x6D835700,0x6E805600,
  0x6C7D5400,0xFFFFD200,0xFFFFD200,0xFFFFD200,0xFFFFD200,0x41564000,0x3C4E3B00,0x37463500,
  0x313D2E00,0x2C352800,0x262D2300,0x20261D00,0x1C201900,0x171B1500,0x14161100,0x11120E00,
  0x12130F00,0x15171200,0x191C1600,0x1E211A00,0x23281F00,0x292F2500,0x30382B00,0x36413200,
  0x3E4A3900,0x44534000,0x4A5C4600,0xFFFFD200,0xFFFFD200,0xFFFFD200,0xFFFFD200,0x7B835C00,
  0x7D875F00,0x7E8B6100,0x7F8E6300,0x7E916300,0x7E926400,0x7D936400,0x7C936400,0x7A936400,
  0x79946400,0x77936300,0x75936200,0x73926100,0x71906000,0x6E905F00,0x6D8F5E00,0x6B8E5D00,
  0x698D5C00,0x688D5B00,0x668C5B00,0x648B5A00,0x648A5900,0x628A5900,0x61895800,0x60895700,
  0x5F885700,0x5F885700,0x5F885700,0x5F885700,0x60885700,0x61885700,0x62885800,0x63885800,
  0x64885800,0x66885900,0x68875900,0x6A875900,0x6B865900,0x6D855900,0x6D835700,0x6D805600,
  0x6C7D5500,0xFFFFD200,0xFFFFD200,0xFFFFD200,0xFFFFD200,0x41574000,0x3C4F3B00,0x38463500,
  0x313D2F00,0x2C352800,0x262D2300,0x21261E00,0x1D201900,0x181B1500,0x15161200,0x12120F00,
  0x12130F00,0x15171200,0x191C1600,0x1E211A00,0x23281F00,0x292F2500,0x30372B00,0x36403200,
  0x3D4A3800,0x43533F00,0x485C4500,0xFFFFD200,0xFFFFD200,0xFFFFD200,0xFFFFD200,0x79835A00,
  0x7A875D00,0x7B8A5F00,0x7C8D6100,0x7B8F6200,0x7A906200,0x79906200,0x78916200,0x76916200,
  0x74916100,0x73916000,0x71906000,0x6F905F00,0x6D8F5E00,0x6B8E5D00,0x698D5C00,0x688D5B00,
  0x668B5B00,0x648B5A00,0x648B5900,0x628A5900,0x61895800,0x60895700,0x5F895700,0x5F885700,
  0x5E885700,0x5E885600,0x5E885600,0x5F885700,0x5F885700,0x60885700,0x61885700,0x62885800,
  0x64885800,0x66885900,0x68885900,0x69875900,0x6B875900,0x6D855900,0x6D835800,0x6D805600,
  0x6C7D5500,0xFFFFD200,0xFFFFD200,0xFFFFD200,0xFFFFD200,0x41574000,0x3D4F3B00,0x38473500,
  0x323E2F00,0x2C352900,0x262D2400,0x21271E00,0x1D211A00,0x181C1600,0x15171200,0x12130F00,
  0x12130F00,0x15171200,0x191C1600,0x1E211A00,0x22271F00,0x282F2500,0x2F372B00,0x35403100,
  0x3C493800,0x41523F00,0x475B4400,0xFFFFD200,0xFFFFD200,0xFFFFD200,0xFFFFD200,0x76815A00,
  0x78855C00,0x79895E00,0x798B5F00,0x788D6000,0x788E6000,0x768F6000,0x748F6000,0x738F6000,
  0x718F5F00,0x6F905F00,0x6E8F5E00,0x6C8E5D00,0x698D5C00,0x688D5B00,0x668C5B00,0x648B5A00,
  0x648A5900,0x628A5900,0x61895800,0x60895800,0x5F895700,0x5F885700,0x5E885600,0x5D875600,
  0x5D875600,0x5C875600,0x5D875600,0x5E885600,0x5F885700,0x5F885700,0x61885700,0x62885800,
  0x64885800,0x66885900,0x68885800,0x69875900,0x6B875900,0x6D855900,0x6D835800,0x6D805600,
  0x6C7D5500,0xFFFFD200,0xFFFFD200,0xFFFFD200,0xFFFFD200,0x41574100,0x3D4F3C00,0x38473500,
  0x323E2F00,0x2C352900,0x262E2400,0x21271E00,0x1D211A00,0x181C1600,0x15171200,0x12130F00,
  0x12130F00,0x15171200,0x181C1600,0x1E211A00,0x22271F00,0x282F2500,0x2E372A00,0x343F3100,
  0x3B493700,0x40513E00,0x465A4400,0xFFFFD200,0xFFFFD200,0xFFFFD200,0xFFFFD200,0x74805800,
  0x76845B00,0x76875C00,0x778A5E00,0x758C5E00,0x758D5F00,0x748D5F00,0x728D5F00,0x708E5E00,
  0x6E8E5E00,0x6D8E5E00,0x6B8E5D00,0x698D5C00,0x678B5B00,0x658B5A00,0x648B5900,0x638A5900,
  0x62895800,0x60895700,0x5F895700,0x5F885700,0x5E885700,0x5D875600,0x5D875600,0x5C875500,
  0x5C875600,0x5C875500,0x5C875600,0x5E875600,0x5F885700,0x5F885700,0x61885700,0x62885800,
  0x64885800,0x66885900,0x68875800,0x69875900,0x6B875900,0x6D855900,0x6D835800,0x6D805600,
  0x6C7D5500,0xFFFFD200,0xFFFFD200,0xFFFFD200,0xFFFFD200,0x41574000,0x3D4F3B00,0x38473500,
  0x323E2F00,0x2C352900,0x262D2400,0x21271E00,0x1D211A00,0x181C1600,0x15171200,0x12130F00,
  0x12120F00,0x15161200,0x181B1600,0x1D211A00,0x22271E00,0x272E2400,0x2E362A00,0x343F3000,
  0x3A483700,0x3F513D00,0x45594300,0xFFFFD200,0xFFFFD200,0xFFFFD200,0xFFFFD200,0x737F5800,
  0x74835A00,0x74865C00,0x75895D00,0x748A5D00,0x738C5E00,0x728C5D00,0x708C5E00,0x6E8C5D00,
  0x6C8C5D00,0x6A8D5C00,0x698C5B00,0x688C5B00,0x658B5A00,0x648A5900,0x63895900,0x61895800,
  0x61885700,0x5F885700,0x5F885700,0x5E885700,0x5E885600,0x5D875600,0x5C875500,0x5C875500,
  0x5C875500,0x5C875500,0x5D875600,0x5E875600,0x5F885700,0x60885700,0x61885700,0x63885800,
  0x64885800,0x66885900,0x68875800,0x6A875900,0x6B865900,0x6D855900,0x6D835700,0x6D805600,
  0x6C7D5500,0xFFFFD200,0xFFFFD200,0xFFFFD200,0xFFFFD200,0x41574000,0x3C4F3B00,0x38463500,
  0x313D2F00,0x2C352800,0x262D2300,0x21261E00,0x1D201900,0x181B1500,0x15161200,0x12120F00,
  0x11120E00,0x15161100,0x181B1500,0x1D201900,0x21261E00,0x272D2400,0x2D352900,0x333E3000,
  0x39473600,0x3F503C00,0x44584200,0xFFFFD200,0xFFFFD200,0xFFFFD200,0xFFFFD200,0x727E5700,
  0x73825900,0x74855A00,0x74885C00,0x738A5C00,0x728A5D00,0x708B5D00,0x6E8B5C00,0x6D8B5C00,
  0x6B8C5C00,0x698C5B00,0x688B5B00,0x668A5A00,0x648A5900,0x63895900,0x62895800,0x60885700,
  0x60885700,0x5F885700,0x5F885700,0x5E875600,0x5E875600,0x5D875500,0x5D865500,0x5D865500,
  0x5D865500,0x5D865500,0x5D875600,0x5F875600,0x5F875700,0x61885700,0x62885700,0x63885800,
  0x65885800,0x67875900,0x69875800,0x6A875900,0x6B865900,0x6D845900,0x6D835700,0x6E805600,
  0x6C7D5400,0xFFFFD200,0xFFFFD200,0xFFFFD200,0xFFFFD200,0x41564000,0x3C4E3B00,0x37463500,
  0x313D2E00,0x2C352800,0x262D2300,0x20261D00,0x1C201900,0x171B1500,0x14161100,0x11120E00,
  0x11120E00,0x14161100,0x171B1500,0x1D201900,0x21261D00,0x262D2300,0x2C352800,0x323D2F00,
  0x39463500,0x3E4E3B00,0x43574100,0xFFFFD200,0xFFFFD200,0xFFFFD200,0xFFFFD200,0x707E5600,
  0x72815800,0x72845900,0x73865B00,0x71885B00,0x718A5C00,0x6F895C00,0x6E8A5C00,0x6C8A5C00,
  0x6A8A5B00,0x698A5A00,0x688A5A00,0x668A5900,0x64895900,0x63885800,0x62885700,0x60885700,
  0x60875700,0x5F875600,0x5F875600,0x5F865600,0x5E865600,0x5E865600,0x5E865600,0x5E865600,
  0x5E865600,0x5E865600,0x5F865600,0x5F865600,0x60875700,0x62875700,0x63885700,0x64885800,
  0x66875800,0x68875900,0x69875800,0x6B875900,0x6C865900,0x6E845900,0x6E825700,0x6E7F5600,
  0x6D7C5400,0xFFFFD200,0xFFFFD200,0xFFFFD200,0xFFFFD200,0x40553F00,0x3C4D3A00,0x37453400,
  0x313C2E00,0x2B342800,0x252C2300,0x20251D00,0x1C201900,0x171B1500,0x14161100,0x11120E00,
  0x11120E00,0x14161100,0x171A1500,0x1C1F1900,0x20251D00,0x252C2300,0x2C342800,0x313C2E00,
  0x38453400,0x3D4D3A00,0x42554000,0xFFFFD200,0xFFFFD200,0xFFFFD200,0xFFFFD200,0x6F7C5500,
  0x717F5700,0x71835900,0x72855A00,0x71875B00,0x70885B00,0x6F885B00,0x6E895B00,0x6C895B00,
  0x6A895A00,0x698A5A00,0x68895A00,0x66885900,0x64885800,0x63885700,0x62875700,0x61875700,
  0x61875600,0x60875600,0x60875600,0x5F865600,0x5F865600,0x5F865600,0x5F865600,0x5F865600,
  0x5F865600,0x5F865600,0x5F865600,0x61875700,0x62875700,0x64875800,0x64875800,0x65875800,
  0x67875900,0x69875900,0x6A865800,0x6C865900,0x6D855900,0x6E835800,0x6E815700,0x6E7E5600,
  0x6D7B5400,0xFFFFD200,0xFFFFD200,0xFFFFD200,0xFFFFD200,0x40543F00,0x3B4C3900,0x36443300,
  0x303B2D00,0x2B332700,0x252C2200,0x20251D00,0x1C1F1800,0x171A1500,0x14161100,0x11120E00,
  0x10110E00,0x13151000,0x161A1400,0x1B1E1800,0x1F241C00,0x252B2200,0x2B322700,0x303B2D00,
  0x37433300,0x3C4C3900,0x41543F00,0xFFFFD200,0xFFFFD200,0xFFFFD200,0xFFFFD200,0x6F7B5400,
  0x707E5600,0x71815800,0x71845900,0x70865A00,0x70875B00,0x6E885B00,0x6E885A00,0x6C885A00,
  0x6A895A00,0x69895A00,0x68885900,0x67885900,0x65875800,0x64875800,0x64875700,0x63875700,
  0x62865600,0x61865600,0x61865600,0x61865600,0x61855600,0x60855600,0x60855600,0x61855600,
  0x61865600,0x61865600,0x62865600,0x63865700,0x64875800,0x65875800,0x66875800,0x67875800,
  0x69875900,0x6A865900,0x6C865900,0x6D865900,0x6E845900,0x6E835800,0x6E805700,0x6E7E5500,
  0x6D7A5300,0xFFFFD200,0xFFFFD200,0xFFFFD200,0xFFFFD200,0x3F533E00,0x3B4B3900,0x36433300,
  0x2F3A2D00,0x2A322600,0x242B2200,0x1F241C00,0x1B1E1800,0x161A1400,0x13151000,0x10110E00,
  0x10110D00,0x13141000,0x16191400,0x1B1E1700,0x1F231B00,0x242A2100,0x2A312600,0x2F392C00,
  0x35423200,0x3A4A3800,0x3F523D00,0xFFFFD200,0xFFFFD200,0xFFFFD200,0xFFFFD200,0x6E795400,
  0x707D5600,0x70805700,0x71835900,0x70855900,0x70865A00,0x6F865A00,0x6E865A00,0x6C875A00,
  0x6B875A00,0x6A875900,0x69875900,0x68875800,0x67865800,0x65875800,0x64865700,0x64865700,
  0x64855600,0x63855600,0x63855600,0x63855600,0x63855600,0x63855600,0x63855600,0x63855600,
  0x63855600,0x64855600,0x64855700,0x65865700,0x65865800,0x67865800,0x68875800,0x69865800,
  0x6A865900,0x6C865900,0x6D855900,0x6E845900,0x6E835800,0x6F815700,0x6E805600,0x6E7C5400,
  0x6D795300,0xFFFFD200,0xFFFFD200,0xFFFFD200,0xFFFFD200,0x3F513D00,0x3A493800,0x35413200,
  0x2F392C00,0x29312600,0x232A2100,0x1E231B00,0x1A1E1700,0x16191400,0x13141000,0x10110D00,
  0x0F100D00,0x12140F00,0x15181300,0x1A1D1700,0x1E221B00,0x23292000,0x29302500,0x2E372B00,
  0x34403100,0x39483700,0x3E4F3C00,0xFFFFD200,0xFFFFD200,0xFFFFD200,0xFFFFD200,0x6E785200,
  0x6F7B5400,0x707E5600,0x71815800,0x70835800,0x70845900,0x6F845900,0x6E855900,0x6D865900,
  0x6C865900,0x6B865900,0x6A865800,0x69865800,0x68865800,0x67865700,0x66855700,0x65855700,
  0x65845600,0x64845600,0x64845600,0x64845600,0x64845600,0x64845600,0x64845600,0x64845600,
  0x64845600,0x65845600,0x65855700,0x67855700,0x68855800,0x69865800,0x69865800,0x6A865800,
  0x6C855900,0x6D845900,0x6E845900,0x6E835800,0x6F825700,0x6F805700,0x6E7E5600,0x6E7B5400,
  0x6D785200,0xFFFFD200,0xFFFFD200,0xFFFFD200,0xFFFFD200,0x3E4F3B00,0x39473600,0x343F3000,
  0x2E372B00,0x28302500,0x23282000,0x1E221B00,0x1A1D1700,0x15181300,0x12140F00,0x0F100D00,
  0x0F0F0C00,0x11130F00,0x14171200,0x191B1600,0x1D211A00,0x22271F00,0x272E2300,0x2C352900,
  0x333E2F00,0x38453500,0x3D4D3A00,0xFFFFD200,0xFFFFD200,0xFFFFD200,0xFFFFD200,0x6D765100,
  0x6E795300,0x6F7C5500,0x707F5600,0x70815700,0x70825800,0x6F835800,0x6E835900,0x6E845900,
  0x6C845900,0x6C845900,0x6B845800,0x69845800,0x69845700,0x68845700,0x68845700,0x67845700,
  0x67835600,0x66835600,0x66835600,0x66835600,0x66835600,0x66835600,0x66835600,0x66835600,
  0x66835600,0x67835700,0x67845700,0x69845700,0x69845700,0x6A845800,0x6B845800,0x6B845800,
  0x6D845800,0x6E835800,0x6E825700,0x6F815700,0x6F805700,0x6F7E5600,0x6E7C5500,0x6E795300,
  0x6C765100,0xFFFFD200,0xFFFFD200,0xFFFFD200,0xFFFFD200,0x3C4D3A00,0x37453500,0x323D2F00,
  0x2C352900,0x272E2300,0x21271F00,0x1D211A00,0x191B1600,0x14171200,0x11130F00,0x0F0F0C00,
  0x0E0E0C00,0x10120E00,0x13161100,0x181A1500,0x1C1F1900,0x20251D00,0x262C2200,0x2B332800,
  0x313B2D00,0x36423300,0x3B4A3800,0xFFFFD200,0xFFFFD200,0xFFFFD200,0xFFFFD200,0x6B744F00,
  0x6D775200,0x6E7A5400,0x6F7C5500,0x6F7E5600,0x6F805600,0x6F805700,0x6E815700,0x6E825700,
  0x6D825700,0x6C835700,0x6B835700,0x6A825700,0x69825700,0x69825600,0x69815600,0x68825600,
  0x68815500,0x68815500,0x68815500,0x68815500,0x68815500,0x68815500,0x67815500,0x68815500,
  0x68815600,0x69815600,0x69825600,0x69825600,0x6A825700,0x6B825700,0x6C825700,0x6C825700,
  0x6E815700,0x6E815700,0x6E805700,0x6F805600,0x6F7E5600,0x6F7C5400,0x6E7A5300,0x6D775100,
  0x6B744F00,0xFFFFD200,0xFFFFD200,0xFFFFD200,0xFFFFD200,0x3B4A3800,0x36423300,0x313B2D00,
  0x2B332800,0x262C2200,0x20251D00,0x1B1F1900,0x181A1500,0x13161100,0x10120E00,0x0E0E0C00,
  0x0D0E0B00,0x10110D00,0x12151000,0x16191400,0x1A1E1700,0x1F231C00,0x242A2000,0x29312600,
  0x2F382B00,0x343F3000,0x38463500,0xFFFFD200,0xFFFFD200,0xFFFFD200,0xFFFFD200,0x69714E00,
  0x6B755000,0x6D775200,0x6E795300,0x6E7B5400,0x6E7D5500,0x6E7E5500,0x6E7E5600,0x6D7F5600,
  0x6C805600,0x6C805600,0x6B805500,0x6A805500,0x6A805500,0x69805500,0x697F5500,0x69805500,
  0x697F5400,0x687F5400,0x687F5400,0x687F5400,0x687F5400,0x687F5400,0x687F5400,0x697F5400,
  0x69805500,0x697F5500,0x69805500,0x6A805500,0x6A805500,0x6B805500,0x6C805600,0x6C805600,
  0x6D7F5600,0x6E7E5600,0x6E7E5500,0x6E7D5500,0x6E7B5400,0x6E795300,0x6D775200,0x6B754F00,
  0x69714E00,0xFFFFD200,0xFFFFD200,0xFFFFD200,0xFFFFD200,0x38463500,0x343F3000,0x2F382B00,
  0x29312600,0x242A2000,0x1F231C00,0x1A1E1700,0x16191400,0x12151000,0x10110D00,0x0D0E0B00,
  0x0C0D0A00,0x0F100C00,0x11130F00,0x15171200,0x191C1600,0x1D211A00,0x22271E00,0x272E2400,
  0x2C352900,0x313C2E00,0x36423300,0xFFFFD200,0xFFFFD200,0xFFFFD200,0xFFFFD200,0x676E4C00,
  0x69724E00,0x6B744F00,0x6C765100,0x6D785200,0x6D795200,0x6D7A5300,0x6D7B5400,0x6C7C5400,
  0x6C7D5400,0x6B7D5400,0x6B7D5400,0x6A7D5400,0x697D5400,0x697D5400,0x697D5300,0x697D5400,
  0x697C5300,0x687C5300,0x687C5300,0x687C5300,0x687C5300,0x687C5300,0x687C5300,0x697C5300,
  0x697D5400,0x697D5300,0x697D5400,0x697D5400,0x6A7D5400,0x6B7D5400,0x6B7D5400,0x6B7D5400,
  0x6C7C5400,0x6D7B5400,0x6D7A5300,0x6D795200,0x6D785200,0x6C765100,0x6A744F00,0x69724E00,
  0x676E4C00,0xFFFFD200,0xFFFFD200,0xFFFFD200,0xFFFFD200,0x36423300,0x313C2E00,0x2C352900,
  0x272E2400,0x22271E00,0x1D211A00,0x191C1600,0x15171200,0x11130F00,0x0F100C00,0x0C0D0A00,
  0x0B0C0900,0x0D0F0B00,0x10120E00,0x14161100,0x171A1400,0x1B1F1800,0x20251C00,0x242B2100,
  0x2A312600,0x2E382B00,0x333E3000,0xFFFFD200,0xFFFFD200,0xFFFFD200,0xFFFFD200,0xFFFFD200,
  0xFFFFD200,0xFFFFD200,0xFFFFD200,0xFFFFD200,0xFFFFD200,0xFFFFD200,0xFFFFD200,0xFFFFD200,
  0xFFFFD200,0xFFFFD200,0xFFFFD200,0xFFFFD200,0xFFFFD200,0xFFFFD200,0xFFFFD200,0xFFFFD200,
  0xFFFFD200,0xFFFFD200,0xFFFFD200,0xFFFFD200,0xFFFFD200,0xFFFFD200,0xFFFFD200,0xFFFFD200,
  0xFFFFD200,0xFFFFD200,0xFFFFD200,0xFFFFD200,0xFFFFD200,0xFFFFD200,0xFFFFD200,0xFFFFD200,
  0xFFFFD200,0xFFFFD200,0xFFFFD200,0xFFFFD200,0xFFFFD200,0xFFFFD200,0xFFFFD200,0xFFFFD200,
  0xFFFFD200,0xFFFFD200,0xFFFFD200,0xFFFFD200,0xFFFFD200,0x333E3000,0x2E382B00,0x2A312600,
  0x242B2100,0x20251C00,0x1B1F1800,0x171A1400,0x14161100,0x10120E00,0x0D0F0B00,0x0B0C0900,
  0x0A0B0900,0x0C0D0A00,0x0F100D00,0x12141000,0x15181300,0x191D1700,0x1E221A00,0x22281F00,
  0x272E2300,0x2C342800,0x303A2C00,0x34403100,0xFFFFD200,0xFFFFD200,0xFFFFD200,0xFFFFD200,
  0xFFFFD200,0xFFFFD200,0xFFFFD200,0xFFFFD200,0xFFFFD200,0xFFFFD200,0xFFFFD200,0xFFFFD200,
  0xFFFFD200,0xFFFFD200,0xFFFFD200,0xFFFFD200,0xFFFFD200,0xFFFFD200,0xFFFFD200,0xFFFFD200,
  0xFFFFD200,0xFFFFD200,0xFFFFD200,0xFFFFD200,0xFFFFD200,0xFFFFD200,0xFFFFD200,0xFFFFD200,
  0xFFFFD200,0xFFFFD200,0xFFFFD200,0xFFFFD200,0xFFFFD200,0xFFFFD200,0xFFFFD200,0xFFFFD200,
  0xFFFFD200,0xFFFFD200,0xFFFFD200,0xFFFFD200,0xFFFFD200,0xFFFFD200,0xFFFFD200,0xFFFFD200,
  0xFFFFD200,0xFFFFD200,0xFFFFD200,0xFFFFD200,0x34403100,0x303A2C00,0x2C342800,0x272E2300,
  0x22281F00,0x1E221A00,0x191D1700,0x15181300,0x12141000,0x0F100D00,0x0C0D0A00,0x0A0B0900,
  0x090A0800,0x0B0C0900,0x0E0F0C00,0x11120E00,0x14161100,0x171A1500,0x1B1F1800,0x1F241D00,
  0x242A2100,0x28302500,0x2D352900,0x313B2D00,0x35413100,0xFFFFD200,0xFFFFD200,0xFFFFD200,
  0xFFFFD200,0xFFFFD200,0xFFFFD200,0xFFFFD200,0xFFFFD200,0xFFFFD200,0xFFFFD200,0xFFFFD200,
  0xFFFFD200,0xFFFFD200,0xFFFFD200,0xFFFFD200,0xFFFFD200,0xFFFFD200,0xFFFFD200,0xFFFFD200,
  0xFFFFD200,0xFFFFD200,0xFFFFD200,0xFFFFD200,0xFFFFD200,0xFFFFD200,0xFFFFD200,0xFFFFD200,
  0xFFFFD200,0xFFFFD200,0xFFFFD200,0xFFFFD200,0xFFFFD200,0xFFFFD200,0xFFFFD200,0xFFFFD200,
  0xFFFFD200,0xFFFFD200,0xFFFFD200,0xFFFFD200,0xFFFFD200,0xFFFFD200,0xFFFFD200,0xFFFFD200,
  0xFFFFD200,0xFFFFD200,0xFFFFD200,0x35413100,0x313B2D00,0x2D352900,0x28302500,0x242A2100,
  0x1F241D00,0x1B1F1800,0x171A1500,0x14161100,0x11120E00,0x0E0F0C00,0x0B0C0900,0x090A0800,
  0x09090700,0x0A0B0900,0x0C0D0B00,0x0F100D00,0x12141000,0x15181300,0x191C1600,0x1D211A00,
  0x21261E00,0x252B2200,0x29312600,0x2D362900,0x313B2D00,0x34403100,0xFFFFD200,0xFFFFD200,
  0xFFFFD200,0xFFFFD200,0xFFFFD200,0xFFFFD200,0xFFFFD200,0xFFFFD200,0xFFFFD200,0xFFFFD200,
  0xFFFFD200,0xFFFFD200,0xFFFFD200,0xFFFFD200,0xFFFFD200,0xFFFFD200,0xFFFFD200,0xFFFFD200,
  0xFFFFD200,0xFFFFD200,0xFFFFD200,0xFFFFD200,0xFFFFD200,0xFFFFD200,0xFFFFD200,0xFFFFD200,
  0xFFFFD200,0xFFFFD200,0xFFFFD200,0xFFFFD200,0xFFFFD200,0xFFFFD200,0xFFFFD200,0xFFFFD200,
  0xFFFFD200,0xFFFFD200,0xFFFFD200,0xFFFFD200,0xFFFFD200,0xFFFFD200,0xFFFFD200,0xFFFFD200,
  0xFFFFD200,0xFFFFD200,0x34403100,0x313B2D00,0x2D362900,0x29312600,0x252B2200,0x21261E00,
  0x1D211A00,0x191C1600,0x15181300,0x12141000,0x0F100D00,0x0C0D0B00,0x0A0B0900,0x09090700,
  0x08080600,0x090A0800,0x0B0C0900,0x0D0F0B00,0x10110E00,0x13151100,0x17191400,0x1A1E1700,
  0x1E221B00,0x22271F00,0x252C2200,0x29312600,0x2D352900,0x303A2C00,0x333E3000,0x36423300,
  0x38463600,0x3B4A3800,0x3C4D3A00,0x3E4F3B00,0x3F513D00,0x3F533E00,0x40543F00,0x40554000,
  0x40564000,0x40564100,0x40574100,0x40574100,0x40574100,0x40574100,0x40574100,0x40574100,
  0x40574000,0x3F574000,0x3F574000,0x3F574000,0x3F574000,0x3F574000,0x3F574000,0x40574000,
  0x40574100,0x40574100,0x40574100,0x40574100,0x40574100,0x40574100,0x40564100,0x40564000,
  0x40554000,0x40543F00,0x3F533E00,0x3F513D00,0x3E4F3B00,0x3C4D3A00,0x3B4A3800,0x38463600,
  0x36423300,0x333E3000,0x303A2C00,0x2D352900,0x29312600,0x252C2200,0x22271F00,0x1E221B00,
  0x1A1E1700,0x17191400,0x13151100,0x10110E00,0x0D0F0B00,0x0B0C0900,0x090A0800,0x08080600,
  0x07070500,0x08080700,0x0A0A0800,0x0C0D0A00,0x0E0F0C00,0x11130F00,0x14161200,0x171A1500,
  0x1B1E1800,0x1E231B00,0x22271E00,0x252B2200,0x28302500,0x2C342800,0x2E382B00,0x313B2E00,
  0x333F3000,0x36423300,0x37453400,0x39473600,0x3A493800,0x3B4B3900,0x3B4C3900,0x3C4D3A00,
  0x3C4E3B00,0x3C4E3B00,0x3C4F3B00,0x3C4F3B00,0x3C4F3B00,0x3C4F3B00,0x3C4F3B00,0x3B4F3B00,
  0x3B4F3B00,0x3B4F3B00,0x3B4F3B00,0x3B4F3B00,0x3B4F3B00,0x3B4F3B00,0x3B4F3B00,0x3B4F3B00,
  0x3B4F3B00,0x3C4F3B00,0x3C4F3B00,0x3C4F3B00,0x3C4F3B00,0x3C4F3B00,0x3C4E3B00,0x3C4E3B00,
  0x3C4D3A00,0x3B4C3900,0x3B4B3900,0x3A493800,0x39473600,0x37453400,0x36423300,0x333F3000,
  0x313B2E00,0x2E382B00,0x2C342800,0x28302500,0x252B2200,0x22271E00,0x1E231B00,0x1B1E1800,
  0x171A1500,0x14161200,0x11130F00,0x0E0F0C00,0x0C0D0A00,0x0A0A0800,0x08080700,0x07070500,
  0x06060500,0x07070600,0x08090700,0x0A0B0900,0x0C0D0B00,0x0F100D00,0x12140F00,0x14171200,
  0x181B1500,0x1B1E1800,0x1E221B00,0x21261E00,0x242A2100,0x272E2300,0x2A312600,0x2C352900,
  0x2E382B00,0x303B2D00,0x323D2F00,0x333F3000,0x34413200,0x35423300,0x36443400,0x37453400,
  0x36453500,0x37463500,0x37463500,0x37463500,0x37473500,0x37473500,0x37473500,0x37473500,
  0x37473500,0x37473500,0x37473500,0x37473500,0x37473500,0x37473500,0x37473500,0x37473500,
  0x37473500,0x37473500,0x37473500,0x37473500,0x37463500,0x37463500,0x37463500,0x36453500,
  0x37453400,0x36443400,0x35423300,0x34413200,0x333F3000,0x323D2F00,0x303B2D00,0x2E382B00,
  0x2C352900,0x2A312600,0x272E2300,0x242A2100,0x21261E00,0x1E221B00,0x1B1E1800,0x181B1500,
  0x14171200,0x12140F00,0x0F100D00,0x0C0D0B00,0x0A0B0900,0x08090700,0x07070600,0x06060500,
  0x05050400,0x06060500,0x07080600,0x090A0800,0x0B0B0900,0x0D0E0B00,0x0F110D00,0x12141000,
  0x15171200,0x171A1500,0x1A1E1700,0x1D211A00,0x20241C00,0x22281F00,0x252B2100,0x272E2400,
  0x29312600,0x2B332800,0x2C352900,0x2E372A00,0x2F392C00,0x303A2D00,0x303B2E00,0x313C2E00,
  0x313D2F00,0x313E2F00,0x323E2F00,0x323E2F00,0x323E2F00,0x313E2F00,0x313E2F00,0x313E2F00,
  0x313E2F00,0x313E2F00,0x313E2F00,0x313E2F00,0x313E2F00,0x313E2F00,0x313E2F00,0x313E2F00,
  0x313E2F00,0x313E2F00,0x313E2F00,0x323E2F00,0x323E2F00,0x323E2F00,0x313E2F00,0x313D2F00,
  0x313C2E00,0x303B2E00,0x303A2D00,0x2F392C00,0x2E372A00,0x2C352900,0x2B332800,0x29312600,
  0x272E2400,0x252B2100,0x22281F00,0x20241C00,0x1D211A00,0x1A1E1700,0x171A1500,0x15171200,
  0x12141000,0x0F110D00,0x0D0E0B00,0x0B0B0900,0x090A0800,0x07080600,0x06060500,0x05050400,
  0x04040300,0x05050400,0x06060500,0x07080600,0x090A0800,0x0B0C0900,0x0D0E0B00,0x0F110D00,
  0x12140F00,0x14161200,0x16191400,0x191C1600,0x1B1F1800,0x1E221A00,0x20251D00,0x22271F00,
  0x242A2000,0x252C2200,0x272E2300,0x28302500,0x29312600,0x2A322700,0x2A332800,0x2B342800,
  0x2B352900,0x2B352900,0x2C362900,0x2C362900,0x2C362900,0x2C362900,0x2C362900,0x2C362900,
  0x2C362900,0x2C362900,0x2C362900,0x2C362900,0x2C362900,0x2C362900,0x2C362900,0x2C362900,
  0x2C362900,0x2C362900,0x2C362900,0x2C362900,0x2C362900,0x2C362900,0x2B352900,0x2B352900,
  0x2B342800,0x2A332800,0x2A322700,0x29312600,0x28302500,0x272E2300,0x252C2200,0x242A2000,
  0x22271F00,0x20251D00,0x1E221A00,0x1B1F1800,0x191C1600,0x16191400,0x14161200,0x12140F00,
  0x0F110D00,0x0D0E0B00,0x0B0C0900,0x090A0800,0x07080600,0x06060500,0x05050400,0x04040300,
  0x03030300,0x04040300,0x05050400,0x06070500,0x07080700,0x090A0800,0x0B0C0900,0x0D0E0B00,
  0x0F100D00,0x11130F00,0x13151100,0x15181300,0x171A1500,0x191D1600,0x1B1F1800,0x1D211A00,
  0x1E231C00,0x20251D00,0x21271E00,0x22281F00,0x232A2000,0x242A2100,0x252B2200,0x252C2200,
  0x252D2300,0x262D2300,0x262E2300,0x262E2300,0x262E2300,0x262E2300,0x262E2300,0x262E2300,
  0x262E2300,0x262E2300,0x262E2300,0x262E2300,0x262E2300,0x262E2300,0x262E2300,0x262E2300,
  0x262E2300,0x262E2300,0x262E2300,0x262E2300,0x262E2300,0x262E2300,0x262D2300,0x252D2300,
  0x252C2200,0x252B2200,0x242A2100,0x232A2000,0x22281F00,0x21271E00,0x20251D00,0x1E231C00,
  0x1D211A00,0x1B1F1800,0x191D1600,0x171A1500,0x15181300,0x13151100,0x11130F00,0x0F100D00,
  0x0D0E0B00,0x0B0C0900,0x090A0800,0x07080700,0x06070500,0x05050400,0x04040300,0x03030300,
  0x03030200,0x03030300,0x04040300,0x05050400,0x06060500,0x07080600,0x090A0800,0x0A0B0900,
  0x0C0D0B00,0x0E0F0C00,0x10110E00,0x11130F00,0x13161100,0x15181300,0x17191400,0x181B1600,
  0x1A1D1700,0x1B1F1800,0x1C201900,0x1D211A00,0x1E231B00,0x1E231C00,0x1F241C00,0x20251D00,
  0x20251D00,0x20261D00,0x20261E00,0x20261E00,0x20261E00,0x20261E00,0x20261E00,0x20261E00,
  0x20261E00,0x20261E00,0x20261E00,0x20261E00,0x20261E00,0x20261E00,0x20261E00,0x20261E00,
  0x20261E00,0x20261E00,0x20261E00,0x20261E00,0x20261E00,0x20261E00,0x20261D00,0x20251D00,
  0x20251D00,0x1F241C00,0x1E231C00,0x1E231B00,0x1D211A00,0x1C201900,0x1B1F1800,0x1A1D1700,
  0x181B1600,0x17191400,0x15181300,0x13161100,0x11130F00,0x10110E00,0x0E0F0C00,0x0C0D0B00,
  0x0A0B0900,0x090A0800,0x07080600,0x06060500,0x05050400,0x04040300,0x03030300,0x03030200,
  0x02020200,0x03030200,0x03030300,0x04040300,0x05050400,0x06060500,0x07080600,0x08090700,
  0x0A0B0900,0x0B0C0A00,0x0D0E0B00,0x0E100C00,0x10110E00,0x11130F00,0x12151000,0x14161200,
  0x15181300,0x16191400,0x171A1500,0x181B1500,0x191C1600,0x191D1700,0x1A1E1700,0x1A1E1800,
  0x1A1E1800,0x1B1F1800,0x1B1F1800,0x1B1F1800,0x1B1F1800,0x1B1F1800,0x1B1F1800,0x1B201800,
  0x1B201800,0x1B201800,0x1B201800,0x1B201800,0x1B201800,0x1B201800,0x1B201800,0x1B201800,
  0x1B201800,0x1B1F1800,0x1B1F1800,0x1B1F1800,0x1B1F1800,0x1B1F1800,0x1B1F1800,0x1A1E1800,
  0x1A1E1800,0x1A1E1700,0x191D1700,0x191C1600,0x181B1500,0x171A1500,0x16191400,0x15181300,
  0x14161200,0x12151000,0x11130F00,0x10110E00,0x0E100C00,0x0D0E0B00,0x0B0C0A00,0x0A0B0900,
  0x08090700,0x07080600,0x06060500,0x05050400,0x04040300,0x03030300,0x03030200,0x02020200,
  0x02020100,0x02020200,0x03030200,0x03030300,0x04040300,0x05050400,0x06060500,0x07070600,
  0x08080700,0x090A0800,0x0A0B0900,0x0B0D0A00,0x0D0E0B00,0x0E0F0C00,0x0F110D00,0x10120E00,
  0x11130F00,0x12141000,0x13151100,0x13161100,0x14171200,0x15171200,0x15181300,0x16181300,
  0x16191300,0x16191400,0x16191400,0x16191400,0x16191400,0x16191400,0x16191400,0x16191400,
  0x161A1400,0x161A1400,0x161A1400,0x161A1400,0x161A1400,0x161A1400,0x161A1400,0x161A1400,
  0x16191400,0x16191400,0x16191400,0x16191400,0x16191400,0x16191400,0x16191400,0x16191300,
  0x16181300,0x15181300,0x15171200,0x14171200,0x13161100,0x13151100,0x12141000,0x11130F00,
  0x10120E00,0x0F110D00,0x0E0F0C00,0x0D0E0B00,0x0B0D0A00,0x0A0B0900,0x090A0800,0x08080700,
  0x07070600,0x06060500,0x05050400,0x04040300,0x03030300,0x03030200,0x02020200,0x02020100,
  0x01010100,0x01010100,0x02020200,0x02030200,0x03030300,0x04040300,0x04050400,0x05060400,
  0x06070500,0x07070600,0x08090700,0x090A0800,0x0A0B0900,0x0B0C0A00,0x0C0D0A00,0x0D0E0B00,
  0x0E0F0C00,0x0E100D00,0x0F110D00,0x10110E00,0x10120E00,0x10120F00,0x11130F00,0x11130F00,
  0x11130F00,0x12141000,0x12141000,0x12141000,0x12141000,0x12141000,0x12141000,0x12141000,
  0x12141000,0x12141000,0x12141000,0x12141000,0x12141000,0x12141000,0x12141000,0x12141000,
  0x12141000,0x12141000,0x12141000,0x12141000,0x12141000,0x12141000,0x12141000,0x11130F00,
  0x11130F00,0x11130F00,0x10120F00,0x10120E00,0x10110E00,0x0F110D00,0x0E100D00,0x0E0F0C00,
  0x0D0E0B00,0x0C0D0A00,0x0B0C0A00,0x0A0B0900,0x090A0800,0x08090700,0x07070600,0x06070500,
  0x05060400,0x04050400,0x04040300,0x03030300,0x02030200,0x02020200,0x01010100,0x01010100,
  0x01010100,0x01010100,0x01020100,0x02020200,0x02020200,0x03030200,0x03040300,0x04040300,
  0x05050400,0x05060500,0x06070500,0x07070600,0x08080700,0x09090700,0x090A0800,0x0A0B0900,
  0x0B0C0900,0x0B0C0A00,0x0C0D0A00,0x0C0D0B00,0x0D0E0B00,0x0D0E0B00,0x0D0F0C00,0x0E0F0C00,
  0x0E0F0C00,0x0E0F0C00,0x0E100C00,0x0E100C00,0x0E100C00,0x0E100C00,0x0E100C00,0x0E100C00,
  0x0E100C00,0x0E100C00,0x0E100C00,0x0E100C00,0x0E100C00,0x0E100C00,0x0E100C00,0x0E100C00,
  0x0E100C00,0x0E100C00,0x0E100C00,0x0E100C00,0x0E100C00,0x0E100C00,0x0E0F0C00,0x0E0F0C00,
  0x0E0F0C00,0x0D0F0C00,0x0D0E0B00,0x0D0E0B00,0x0C0D0B00,0x0C0D0A00,0x0B0C0A00,0x0B0C0900,
  0x0A0B0900,0x090A0800,0x09090700,0x08080700,0x07070600,0x06070500,0x05060500,0x05050400,
  0x04040300,0x03040300,0x03030200,0x02020200,0x02020200,0x01020100,0x01010100,0x01010100,
  0x01010100,0x01010100,0x01010100,0x01010100,0x02020100,0x02020200,0x02030200,0x03030200,
  0x03040300,0x04040300,0x05050400,0x05060400,0x06060500,0x07070600,0x07070600,0x08080700,
  0x08090700,0x09090700,0x090A0800,0x090A0800,0x0A0A0800,0x0A0B0900,0x0A0B0900,0x0A0B0900,
  0x0B0B0900,0x0B0C0900,0x0B0C0900,0x0B0C0900,0x0B0C0900,0x0B0C0900,0x0B0C0900,0x0B0C0900,
  0x0B0C0900,0x0B0C0900,0x0B0C0900,0x0B0C0900,0x0B0C0900,0x0B0C0900,0x0B0C0900,0x0B0C0900,
  0x0B0C0900,0x0B0C0900,0x0B0C0900,0x0B0C0900,0x0B0C0900,0x0B0C0900,0x0B0C0900,0x0B0B0900,
  0x0A0B0900,0x0A0B0900,0x0A0B0900,0x0A0A0800,0x090A0800,0x090A0800,0x09090700,0x08090700,
  0x08080700,0x07070600,0x07070600,0x06060500,0x05060400,0x05050400,0x04040300,0x03040300,
  0x03030200,0x02030200,0x02020200,0x02020100,0x01010100,0x01010100,0x01010100,0x01010100,
  0x00000000,0x01010000,0x01010100,0x01010100,0x01010100,0x01010100,0x02020100,0x02020200,
  0x02030200,0x03030200,0x03040300,0x04040300,0x04040400,0x05050400,0x05050400,0x06060500,
  0x06060500,0x06070500,0x07070600,0x07070600,0x07080600,0x07080600,0x08080700,0x08080700,
  0x08080700,0x08080700,0x08090700,0x08090700,0x08090700,0x08090700,0x08090700,0x08090700,
  0x08090700,0x08090700,0x08090700,0x08090700,0x08090700,0x08090700,0x08090700,0x08090700,
  0x08090700,0x08090700,0x08090700,0x08090700,0x08090700,0x08090700,0x08080700,0x08080700,
  0x08080700,0x08080700,0x07080600,0x07080600,0x07070600,0x07070600,0x06070500,0x06060500,
  0x06060500,0x05050400,0x05050400,0x04040400,0x04040300,0x03040300,0x03030200,0x02030200,
  0x02020200,0x02020100,0x01010100,0x01010100,0x01010100,0x01010100,0x01010000,0x00000000,
  0x00000000,0x00000000,0x01010000,0x01010100,0x01010100,0x01010100,0x01010100,0x01020100,
  0x02020100,0x02020200,0x02020200,0x03030200,0x03030300,0x03030300,0x04040300,0x04040300,
  0x04040400,0x04050400,0x05050400,0x05050400,0x05050400,0x05050400,0x05060500,0x06060500,
  0x06060500,0x06060500,0x06060500,0x06060500,0x06060500,0x06060500,0x06060500,0x06060500,
  0x06060500,0x06060500,0x06060500,0x06060500,0x06060500,0x06060500,0x06060500,0x06060500,
  0x06060500,0x06060500,0x06060500,0x06060500,0x06060500,0x06060500,0x06060500,0x06060500,
  0x06060500,0x05060500,0x05050400,0x05050400,0x05050400,0x05050400,0x04050400,0x04040400,
  0x04040300,0x04040300,0x03030300,0x03030300,0x03030200,0x02020200,0x02020200,0x02020100,
  0x01020100,0x01010100,0x01010100,0x01010100,0x01010100,0x01010000,0x00000000,0x00000000,
  0x00000000,0x00000000,0x00000000,0x00000000,0x00000000,0x01010000,0x01010100,0x01010100,
  0x01010100,0x01010100,0x02020100,0x02020100,0x02020200,0x02020200,0x02020200,0x03030200,
  0x03030200,0x03030200,0x03030300,0x03030300,0x03030300,0x03040300,0x04040300,0x04040300,
  0x04040300,0x04040300,0x04040300,0x04040300,0x04040300,0x04040300,0x04040300,0x04040300,
  0x04040300,0x04040300,0x04040300,0x04040300,0x04040300,0x04040300,0x04040300,0x04040300,
  0x04040300,0x04040300,0x04040300,0x04040300,0x04040300,0x04040300,0x04040300,0x04040300,
  0x04040300,0x04040300,0x03040300,0x03030300,0x03030300,0x03030300,0x03030200,0x03030200,
  0x03030200,0x02020200,0x02020200,0x02020200,0x02020100,0x02020100,0x01010100,0x01010100,
  0x01010100,0x01010100,0x01010000,0x00000000,0x00000000,0x00000000,0x00000000,0x00000000,
  0x00000000,0x00000000,0x00000000,0x00000000,0x00000000,0x00000000,0x00000000,0x01010000,
  0x01010100,0x01010100,0x01010100,0x01010100,0x01010100,0x01010100,0x01010100,0x02020100,
  0x02020100,0x02020200,0x02020200,0x02020200,0x02020200,0x02020200,0x02020200,0x02020200,
  0x02020200,0x02020200,0x02020200,0x02020200,0x02030200,0x02030200,0x02030200,0x02030200,
  0x03030200,0x03030200,0x03030200,0x03030200,0x03030200,0x03030200,0x03030200,0x03030200,
  0x02030200,0x02030200,0x02030200,0x02030200,0x02020200,0x02020200,0x02020200,0x02020200,
  0x02020200,0x02020200,0x02020200,0x02020200,0x02020200,0x02020200,0x02020200,0x02020100,
  0x02020100,0x01010100,0x01010100,0x01010100,0x01010100,0x01010100,0x01010100,0x01010100,
  0x01010000,0x00000000,0x00000000,0x00000000,0x00000000,0x00000000,0x00000000,0x00000000,
  0x00000000,0x00000000,0x00000000,0x00000000,0x00000000,0x00000000,0x00000000,0x00000000,
  0x00000000,0x00000000,0x01010000,0x01010000,0x01010100,0x01010100,0x01010100,0x01010100,
  0x01010100,0x01010100,0x01010100,0x01010100,0x01010100,0x01010100,0x01010100,0x01010100,
  0x01010100,0x01010100,0x01010100,0x01010100,0x01010100,0x01010100,0x01010100,0x01010100,
  0x01010100,0x01010100,0x01010100,0x01010100,0x01010100,0x01010100,0x01010100,0x01010100,
  0x01010100,0x01010100,0x01010100,0x01010100,0x01010100,0x01010100,0x01010100,0x01010100,
  0x01010100,0x01010100,0x01010100,0x01010100,0x01010100,0x01010100,0x01010100,0x01010100,
  0x01010100,0x01010100,0x01010100,0x01010100,0x01010000,0x01010000,0x00000000,0x00000000,
  0x00000000,0x00000000,0x00000000,0x00000000,0x00000000,0x00000000,0x00000000,0x00000000,
};

#define BR_ICON_VIDEO_W 72
#define BR_ICON_VIDEO_H 72
static const unsigned int BR_ICON_VIDEO[] = {
  0x00000000,0x00000000,0x00000000,0x00000000,0x00000000,0x00000000,0x01010000,0x01010100,
  0x01010100,0x01010100,0x01010100,0x02020100,0x02020100,0x02020200,0x02020200,0x02020200,
  0x03030200,0x03030200,0x03030200,0x03030300,0x03030300,0x03030300,0x03040300,0x04040300,
  0x04040300,0x04040300,0x04040300,0x04040300,0x04040300,0x04040300,0x04040300,0x04040300,
  0x04040300,0x04040300,0x04040300,0x04040300,0x04040300,0x04040300,0x04040300,0x04040300,
  0x04040300,0x04040300,0x04040300,0x04040300,0x04040300,0x04040300,0x04040300,0x04040300,
  0x04040300,0x03040300,0x03030300,0x03030300,0x03030300,0x03030200,0x03030200,0x03030200,
  0x02020200,0x02020200,0x02020200,0x02020100,0x02020100,0x01010100,0x01010100,0x01010100,
  0x01010100,0x01010000,0x00000000,0x00000000,0x00000000,0x00000000,0x00000000,0x00000000,
  0x00000000,0x00000000,0x00000000,0x01010000,0x01010100,0x01010100,0x01010100,0x01010100,
  0x01020100,0x02020100,0x02020200,0x02020200,0x03030200,0x03030300,0x03030300,0x04040300,
  0x04040300,0x04040400,0x04050400,0x05050400,0x05050400,0x05050400,0x05050400,0x05060500,
  0x05060500,0x06060500,0x06060500,0x06060500,0x06060500,0x06060500,0x06060500,0x06060500,
  0x06060500,0x06060500,0x06060500,0x06060500,0x06060500,0x06060500,0x06060500,0x06060500,
  0x06060500,0x06060500,0x06060500,0x06060500,0x06060500,0x06060500,0x06060500,0x05060500,
  0x05060500,0x05050400,0x05050400,0x05050400,0x05050400,0x04050400,0x04040400,0x04040300,
  0x04040300,0x03030300,0x03030300,0x03030200,0x02020200,0x02020200,0x02020100,0x01020100,
  0x01010100,0x01010100,0x01010100,0x01010100,0x01010000,0x00000000,0x00000000,0x00000000,
  0x00000000,0x00000000,0x01010000,0x01010100,0x01010100,0x01010100,0x01010100,0x02020100,
  0x02020200,0x02030200,0x03030200,0x03040300,0x04040300,0x04040400,0x05050400,0x05050400,
  0x05060500,0x06060500,0x06070500,0x07070600,0x07070600,0x07080600,0x07080600,0x08080700,
  0x08080700,0x08080700,0x08080700,0x08090700,0x08090700,0x08090700,0x08090700,0x08090700,
  0x08090700,0x08090700,0x08090700,0x08090700,0x08090700,0x08090700,0x08090700,0x08090700,
  0x08090700,0x08090700,0x08090700,0x08090700,0x08090700,0x08080700,0x08080700,0x08080700,
  0x08080700,0x07080600,0x07080600,0x07070600,0x07070600,0x06070500,0x06060500,0x05060500,
  0x05050400,0x05050400,0x04040400,0x04040300,0x03040300,0x03030200,0x02030200,0x02020200,
  0x02020100,0x01010100,0x01010100,0x01010100,0x01010100,0x01010000,0x00000000,0x00000000,
  0x00000000,0x01010000,0x01010100,0x01010100,0x01010100,0x02020100,0x02020200,0x02030200,
  0x03030200,0x03040300,0x04040300,0x05050400,0x05060400,0x06060500,0x07070600,0x07070600,
  0x07080700,0x08090700,0x09090700,0x090A0800,0x090A0800,0x0A0A0800,0x0A0B0900,0x0A0B0900,
  0x0A0B0900,0x0B0B0900,0x0B0C0900,0x0B0C0900,0x0B0C0900,0x0B0C0900,0x0B0C0900,0x0B0C0900,
  0x0B0C0900,0x0B0C0900,0x0B0C0900,0x0B0C0900,0x0B0C0900,0x0B0C0900,0x0B0C0900,0x0B0C0900,
  0x0B0C0900,0x0B0C0900,0x0B0C0900,0x0B0C0900,0x0B0C0900,0x0B0C0900,0x0B0B0900,0x0A0B0900,
  0x0A0B0900,0x0A0B0900,0x0A0A0800,0x090A0800,0x090A0800,0x09090700,0x08090700,0x07080700,
  0x07070600,0x07070600,0x06060500,0x05060400,0x05050400,0x04040300,0x03040300,0x03030200,
  0x02030200,0x02020200,0x02020100,0x01010100,0x01010100,0x01010100,0x01010000,0x00000000,
  0x01010000,0x01010100,0x01010100,0x01010100,0x02020100,0x02020200,0x03030200,0x03040300,
  0x04040300,0x05050400,0x05060500,0x06070500,0x07070600,0x08080700,0x09090700,0x090A0800,
  0x0A0B0900,0x0B0C0900,0x0B0C0A00,0x0C0D0A00,0x0C0D0B00,0x0D0E0B00,0x0D0E0B00,0x0D0F0C00,
  0x0D0F0C00,0x0E0F0C00,0x0E0F0C00,0x0E100C00,0x0E100C00,0x0E100C00,0x0E100C00,0x0E100C00,
  0x0E100C00,0x0E100C00,0x0E100C00,0x0E100C00,0x0E100C00,0x0E100C00,0x0E100C00,0x0E100C00,
  0x0E100C00,0x0E100C00,0x0E100C00,0x0E100C00,0x0E100C00,0x0E0F0C00,0x0E0F0C00,0x0D0F0C00,
  0x0D0F0C00,0x0D0E0B00,0x0D0E0B00,0x0C0D0B00,0x0C0D0A00,0x0B0C0A00,0x0B0C0900,0x0A0B0900,
  0x090A0800,0x09090700,0x08080700,0x07070600,0x06070500,0x05060500,0x05050400,0x04040300,
  0x03040300,0x03030200,0x02020200,0x02020100,0x01010100,0x01010100,0x01010100,0x01010000,
  0x01010100,0x01010100,0x01010100,0x02020100,0x02030200,0x03030200,0x04040300,0x04050400,
  0x05060400,0x06070500,0x07070600,0x08090700,0x090A0800,0x0A0B0900,0x0B0C0A00,0x0C0D0A00,
  0x0D0E0B00,0x0E0F0C00,0x0E100D00,0x0F110D00,0x0F110E00,0x10120E00,0x10120F00,0x11130F00,
  0x11130F00,0x11130F00,0x12141000,0x12141000,0x12141000,0x12141000,0x12141000,0x12141000,
  0x12141000,0x12141000,0x12141000,0x12141000,0x12141000,0x12141000,0x12141000,0x12141000,
  0x12141000,0x12141000,0x12141000,0x12141000,0x12141000,0x12141000,0x11130F00,0x11130F00,
  0x11130F00,0x10120F00,0x10120E00,0x0F110E00,0x0F110D00,0x0E100D00,0x0E0F0C00,0x0D0E0B00,
  0x0C0D0A00,0x0B0C0A00,0x0A0B0900,0x090A0800,0x08090700,0x07070600,0x06070500,0x05060400,
  0x04050400,0x04040300,0x03030200,0x02030200,0x02020100,0x01010100,0x01010100,0x01010100,
  0x01010100,0x02020100,0x02020200,0x03030200,0x03030300,0x04040300,0x05050400,0x06060500,
  0x07070600,0x08080700,0x090A0800,0x0A0B0900,0x0B0D0A00,0x0D0E0B00,0x0E0F0C00,0x0F110D00,
  0x10120E00,0x11130F00,0x12141000,0x13151100,0x13161100,0x14171200,0x14171200,0x15181300,
  0x15181300,0x15191300,0x16191400,0x16191400,0x16191400,0x16191400,0x16191400,0x16191400,
  0x16191400,0x161A1400,0x161A1400,0x161A1400,0x161A1400,0x161A1400,0x161A1400,0x16191400,
  0x16191400,0x16191400,0x16191400,0x16191400,0x16191400,0x16191400,0x15191300,0x15181300,
  0x15181300,0x14171200,0x14171200,0x13161100,0x13151100,0x12141000,0x11130F00,0x10120E00,
  0x0F110D00,0x0E0F0C00,0x0D0E0B00,0x0B0D0A00,0x0A0B0900,0x090A0800,0x08080700,0x07070600,
  0x06060500,0x05050400,0x04040300,0x03030300,0x03030200,0x02020200,0x02020100,0x01010100,
  0x01010100,0x02020100,0x02020200,0x03030300,0x04040300,0x05050400,0x06060500,0x07080600,
  0x08090700,0x0A0B0900,0x0B0C0A00,0x0D0E0B00,0x0E100C00,0x10110E00,0x11130F00,0x12151000,
  0x13161200,0x15181300,0x16191400,0x171A1500,0x181B1600,0x181C1600,0x191D1700,0x1A1E1700,
  0x1A1E1800,0x1A1F1800,0x1A1F1800,0x1B1F1800,0x1B1F1800,0x1B1F1900,0x1B1F1800,0x1B1F1800,
  0x1B201800,0x1B201800,0x1B201800,0x1B201800,0x1B201800,0x1B201800,0x1B201800,0x1B201800,
  0x1B1F1800,0x1B1F1800,0x1B1F1800,0x1B1F1800,0x1A1F1800,0x1A1F1800,0x1A1E1800,0x1A1E1800,
  0x1A1E1700,0x191D1700,0x181C1600,0x181B1500,0x171A1500,0x16191400,0x15181300,0x13161200,
  0x12151000,0x11130F00,0x10110E00,0x0E100C00,0x0D0E0B00,0x0B0C0A00,0x0A0B0900,0x08090700,
  0x07080600,0x06060500,0x05050400,0x04040300,0x03030300,0x02020200,0x02020100,0x01010100,
  0x02020100,0x02030200,0x03030300,0x04040300,0x05050400,0x06060500,0x07080600,0x090A0800,
  0x0A0B0900,0x0C0D0B00,0x0E0F0C00,0x10110E00,0x11130F00,0x13161100,0x15181300,0x16191400,
  0x181B1600,0x191D1700,0x1B1F1800,0x1C201900,0x1C211A00,0x1D231B00,0x1E231C00,0x1F241C00,
  0x1F251D00,0x1F251D00,0x20261D00,0x20261E00,0x20261E00,0x20261E00,0x20261E00,0x20261E00,
  0x20261E00,0x20271E00,0x20271E00,0x20271E00,0x20271E00,0x20271E00,0x20271E00,0x20261E00,
  0x20261E00,0x20261E00,0x20261E00,0x20261E00,0x20261E00,0x1F261D00,0x1F251D00,0x1F251D00,
  0x1F241C00,0x1E231C00,0x1D231B00,0x1C211A00,0x1C201900,0x1B1F1800,0x191D1700,0x181B1600,
  0x16191400,0x15181300,0x13161100,0x11130F00,0x10110E00,0x0E0F0C00,0x0C0D0B00,0x0A0B0900,
  0x090A0800,0x07080600,0x06060500,0x05050400,0x04040300,0x03030300,0x02030200,0x02020100,
  0x02020200,0x03030200,0x04040300,0x05050400,0x06070500,0x07080600,0x090A0800,0x0B0C0900,
  0x0D0E0B00,0x0F100D00,0x10130F00,0x13151100,0x15181300,0x171A1500,0x191D1600,0x1B1F1800,
  0x1C211A00,0x1E231C00,0x20251D00,0x21271E00,0x22281F00,0x232A2100,0x232B2100,0x242C2200,
  0x252C2200,0x252D2300,0x252D2300,0x262E2300,0x262E2300,0x262E2400,0x262E2300,0x262E2300,
  0x262E2300,0x262E2300,0x262E2300,0x262E2300,0x262E2300,0x262E2300,0x262E2300,0x262E2300,
  0x262E2300,0x262E2300,0x262E2300,0x252E2300,0x252E2300,0x252D2300,0x252D2300,0x242C2200,
  0x242B2200,0x232B2100,0x232A2000,0x22281F00,0x21271E00,0x20251D00,0x1E231C00,0x1C211A00,
  0x1B1F1800,0x191D1600,0x171A1500,0x15181300,0x13151100,0x10130F00,0x0F100D00,0x0D0E0B00,
  0x0B0C0900,0x090A0800,0x07080600,0x06070500,0x05050400,0x04040300,0x03030200,0x02020200,
  0x03030200,0x04040300,0x05050400,0x06060500,0x07080600,0x090A0800,0x0B0C0900,0x0D0E0B00,
  0x0F110D00,0x11140F00,0x14161200,0x16191400,0x181C1600,0x1B1F1800,0x1D221A00,0x20251D00,
  0x21271F00,0x232A2100,0x252C2200,0x262E2400,0x27302500,0x29312600,0x29322700,0x2A332800,
  0x2B342800,0x2B352900,0x2B362900,0x2C362900,0x2C362A00,0x2C362A00,0x2C362A00,0x2C362A00,
  0x2C362A00,0x2C362A00,0x2C362A00,0x2C362A00,0x2C362A00,0x2B362900,0x2B362900,0x2B362900,
  0x2B362900,0x2B362900,0x2B362A00,0x2B362900,0x2B362900,0x2B352900,0x2B352900,0x2A342800,
  0x2A332800,0x29322700,0x28312600,0x27302500,0x262E2300,0x252C2200,0x232A2000,0x21271F00,
  0x1F251D00,0x1D221A00,0x1B1F1800,0x181C1600,0x16191400,0x14161200,0x11140F00,0x0F110D00,
  0x0D0E0B00,0x0B0C0900,0x090A0800,0x07080600,0x06060500,0x05050400,0x04040300,0x03030200,
  0x03030300,0x04050300,0x06060500,0x07070600,0x09090700,0x0A0B0900,0x0C0E0B00,0x0F110D00,
  0x12141000,0x14171200,0x171A1500,0x1A1E1700,0x1C211A00,0x1F241C00,0x22281F00,0x242B2100,
  0x262E2400,0x29312600,0x2A332800,0x2C362900,0x2D382B00,0x2E392C00,0x2F3B2D00,0x303C2E00,
  0x303D2E00,0x313D2F00,0x313E3000,0x323F3000,0x323F3000,0x323F3000,0x323F3000,0x323F3000,
  0x323F3000,0x323F3000,0x323F3000,0x323F3000,0x313F3000,0x313F3000,0x313F3000,0x313F3000,
  0x313F3000,0x313F3000,0x313F3000,0x313E3000,0x313E2F00,0x313E2F00,0x303D2F00,0x303C2E00,
  0x303B2E00,0x2F3A2D00,0x2E392C00,0x2D372A00,0x2C352900,0x2A332800,0x28312600,0x262E2400,
  0x242B2100,0x22281F00,0x1F241C00,0x1C211A00,0x1A1E1700,0x171A1500,0x14171200,0x12141000,
  0x0F110D00,0x0C0E0B00,0x0A0B0900,0x09090700,0x07070600,0x06060500,0x04050300,0x03030300,
  0x04040300,0x05050400,0x06070500,0x08090700,0x0A0B0900,0x0C0D0B00,0x0E100D00,0x11140F00,
  0x14171200,0x171B1500,0x1A1E1800,0x1D221B00,0x20261E00,0x242A2100,0x272E2300,0x29312600,
  0x2B352900,0x2E382B00,0x303B2D00,0x323D2F00,0x33403100,0x34423200,0x35433300,0x36443400,
  0x36453500,0x37463600,0x37473600,0x37473600,0x38483600,0x38483700,0x38483600,0xFFFFF596,
  0xFFFFF596,0xFFFFF596,0x37483600,0x37483600,0x37483600,0x37483600,0x37483600,0x37483600,
  0x37473600,0x37473600,0x37473600,0x37473600,0x36473600,0x36463500,0x36463500,0x35453400,
  0x35443400,0x34433300,0x34413200,0x323F3000,0x313D2F00,0x303B2D00,0x2E382B00,0x2B352900,
  0x29312600,0x262E2300,0x232A2100,0x20261E00,0x1D221B00,0x1A1E1800,0x171B1500,0x14171200,
  0x11140F00,0x0E100D00,0x0C0D0B00,0x0A0B0900,0x08090700,0x06070500,0x05050400,0x04040300,
  0x05050400,0x06060500,0x07080600,0x090A0800,0x0C0D0A00,0x0E0F0C00,0x10130F00,0x14161200,
  0x171A1500,0x1A1E1800,0x1E231B00,0x21271E00,0x252B2200,0x28302500,0x2B342800,0x2E382B00,
  0x303C2E00,0x333F3100,0x35423300,0x37453500,0x38483700,0x3A4A3800,0x3A4B3900,0x3B4D3A00,
  0x3C4E3B00,0x3C4F3C00,0x3D503C00,0x3D503D00,0x3D503D00,0x3D503D00,0xFFFFF596,0xFFFFF596,
  0xFFFFF596,0xFFFFF596,0xFFFFF596,0x3D513D00,0x3D513D00,0x3C503C00,0x3C503C00,0x3C503C00,
  0x3C503C00,0x3C503C00,0x3C503C00,0x3C503C00,0x3B4F3C00,0x3B4F3B00,0x3B4E3B00,0x3A4D3A00,
  0x3A4C3A00,0x394B3900,0x39493800,0x38473600,0x36453500,0x35423300,0x333F3000,0x303C2E00,
  0x2E382B00,0x2B342800,0x28302500,0x242B2200,0x21271E00,0x1E231B00,0x1A1E1800,0x171A1500,
  0x14161200,0x10130F00,0x0E0F0C00,0x0C0D0A00,0x090A0800,0x07080600,0x06060500,0x05050400,
  0x05050400,0x07070500,0x08090700,0x0B0B0900,0x0D0E0B00,0x10110E00,0x13151100,0x16191400,
  0x1A1E1700,0x1D221B00,0x21271F00,0x252C2200,0x28312600,0x2C352900,0x303A2D00,0x333E3000,
  0x35433300,0x38473600,0x3A4A3800,0x3C4D3B00,0x3D503D00,0x3F523E00,0x40543F00,0x40554000,
  0x41574100,0x42574200,0x42584200,0x42594300,0x42594300,0x42594300,0xFFFFF596,0xFFFFF596,
  0xFFFFF596,0xFFFFF596,0xFFFFF596,0x42594300,0x42594300,0x41594200,0x41594200,0x41594200,
  0x41594200,0x41594200,0x41584200,0x41584200,0x40584200,0x40574100,0x40564100,0x3F564000,
  0x3F544000,0x3E533F00,0x3E523D00,0x3D4F3C00,0x3B4D3A00,0x3A4A3800,0x37463600,0x35423300,
  0x323E3000,0x2F3A2C00,0x2C352900,0x28312600,0x252C2200,0x21271F00,0x1D221B00,0x1A1E1700,
  0x16191400,0x13151100,0x10110E00,0x0D0E0B00,0x0B0B0900,0x08090700,0x07070500,0x05050400,
  0x06060500,0x08080600,0x090A0800,0x0C0D0A00,0x0F100D00,0x11140F00,0x15181200,0x191C1600,
  0x1D211A00,0x20261E00,0x242B2200,0x28312600,0x2C362A00,0x303B2D00,0x34403100,0xFFFFD200,
  0xFFFFD200,0xFFFFD200,0xFFFFD200,0xFFFFD200,0xFFFFD200,0xFFFFD200,0xFFFFD200,0xFFFFD200,
  0xFFFFD200,0xFFFFD200,0xFFFFD200,0xFFFFD200,0xFFFFD200,0xFFFFD200,0xFFFFF596,0xFFFFF596,
  0xFFFFF596,0xFFFFF596,0xFFFFF596,0xFFFFD200,0xFFFFD200,0xFFFFD200,0xFFFFD200,0xFFFFD200,
  0xFFFFD200,0xFFFFD200,0xFFFFD200,0xFFFFD200,0xFFFFD200,0xFFFFD200,0xFFFFD200,0xFFFFD200,
  0xFFFFD200,0xFFFFD200,0xFFFFD200,0xFFFFD200,0xFFFFD200,0xFFFFD200,0xFFFFD200,0xFFFFD200,
  0xFFFFD200,0x34403100,0x303B2D00,0x2C362900,0x28312600,0x242B2200,0x20261E00,0x1D211A00,
  0x191C1600,0x15181200,0x11140F00,0x0F100D00,0x0C0D0A00,0x090A0800,0x08080600,0x06060500,
  0x07070600,0x08090700,0x0B0B0900,0x0D0E0B00,0x10120E00,0x13161100,0x171A1400,0x1B1F1800,
  0x1F241D00,0x232A2100,0x28302500,0x2C352900,0x303B2D00,0x34413200,0xFFFFD200,0xFFFFD200,
  0xFFFFD200,0xFFFFD200,0xFFFFD200,0xFFFFD200,0xFFFFD200,0xFFFFD200,0xFFFFD200,0xFFFFD200,
  0xFFFFD200,0xFFFFD200,0xFFFFD200,0xFFFFD200,0xFFFFD200,0xFFFFD200,0xFFFFD200,0xFFFFF596,
  0xFFFFF596,0xFFFFF596,0xFFFFD200,0xFFFFD200,0xFFFFD200,0xFFFFD200,0xFFFFD200,0xFFFFD200,
  0xFFFFD200,0xFFFFD200,0xFFFFD200,0xFFFFD200,0xFFFFD200,0xFFFFD200,0xFFFFD200,0xFFFFD200,
  0xFFFFD200,0xFFFFD200,0xFFFFD200,0xFFFFD200,0xFFFFD200,0xFFFFD200,0xFFFFD200,0xFFFFD200,
  0xFFFFD200,0xFFFFD200,0x34413100,0x303B2D00,0x2C352900,0x27302500,0x232A2100,0x1F241D00,
  0x1B1F1800,0x171A1400,0x13161100,0x10120E00,0x0D0E0B00,0x0B0B0900,0x08090700,0x07070600,
  0x08080600,0x090A0800,0x0C0C0A00,0x0E0F0C00,0x12130F00,0x15181300,0x191D1600,0x1D221A00,
  0x22281F00,0x262E2300,0x2B342800,0x2F3A2D00,0x33403100,0xFFFFD200,0xFFFFD200,0xFFFFD200,
  0xFFFFD200,0xFFFFD200,0xFFFFD200,0xFFFFD200,0xFFFFD200,0xFFFFD200,0xFFFFD200,0xFFFFD200,
  0xFFFFD200,0xFFFFD200,0xFFFFD200,0xFFFFD200,0xFFFFD200,0xFFFFD200,0xFFFFD200,0xFFFFD200,
  0xFFFFD200,0xFFFFD200,0xFFFFD200,0xFFFFD200,0xFFFFD200,0xFFFFD200,0xFFFFD200,0xFFFFD200,
  0xFFFFD200,0xFFFFD200,0xFFFFD200,0xFFFFD200,0xFFFFD200,0xFFFFD200,0xFFFFD200,0xFFFFD200,
  0xFFFFD200,0xFFFFD200,0xFFFFD200,0xFFFFD200,0xFFFFD200,0xFFFFD200,0xFFFFD200,0xFFFFD200,
  0xFFFFD200,0xFFFFD200,0xFFFFD200,0x33403100,0x2F3A2C00,0x2B342800,0x262E2300,0x22281F00,
  0x1D221A00,0x191D1600,0x15181300,0x12130F00,0x0E0F0C00,0x0C0C0A00,0x090A0800,0x08080600,
  0x08090700,0x0A0B0900,0x0C0D0B00,0x0F110D00,0x13151100,0x161A1400,0x1A1F1800,0x1F251C00,
  0x242B2100,0x29312600,0x2E382B00,0x323E3000,0xFFFFD200,0xFFFFD200,0xFFFFD200,0xFFFFD200,
  0xFFFFD200,0xFFFFD200,0xFFFFD200,0xFFFFD200,0xFFFFD200,0xFFFFD200,0xFFFFD200,0xFFFFD200,
  0xFFFFD200,0xFFFFD200,0xFFFFD200,0xFFFFD200,0xFFFFD200,0xFFFFD200,0xFFFFD200,0xFFFFD200,
  0xFFFFD200,0xFFFFD200,0xFFFFD200,0xFFFFD200,0xFFFFD200,0xFFFFD200,0xFFFFD200,0xFFFFD200,
  0xFFFFD200,0xFFFFD200,0xFFFFD200,0xFFFFD200,0xFFFFD200,0xFFFFD200,0xFFFFD200,0xFFFFD200,
  0xFFFFD200,0xFFFFD200,0xFFFFD200,0xFFFFD200,0xFFFFD200,0xFFFFD200,0xFFFFD200,0xFFFFD200,
  0xFFFFD200,0xFFFFD200,0xFFFFD200,0xFFFFD200,0x323E3000,0x2D382B00,0x29312600,0x242B2100,
  0x1F251C00,0x1A1F1800,0x161A1400,0x13151100,0x0F110D00,0x0C0D0B00,0x0A0B0900,0x08090700,
  0x09090700,0x0B0C0900,0x0D0E0C00,0x11120F00,0x14171200,0x181C1600,0x1C211A00,0x21271E00,
  0x262E2400,0x2B352900,0x303C2E00,0x35423300,0xFFFFD200,0xFFFFD200,0xFFFFD200,0xFFFFD200,
  0x616E4C00,0x64714E00,0x66745100,0x68775300,0x69795400,0x6A7B5500,0x6B7C5600,0x6B7D5700,
  0x6C7F5800,0x6C7F5900,0x6D815900,0x6E815A00,0x6E815A00,0x6E815A00,0x6E825A00,0x6E825A00,
  0x6E825A00,0x6F825A00,0x6E825A00,0x6E825A00,0x6E825A00,0x6D815A00,0x6D815A00,0x6C815900,
  0x6B815900,0x6B815900,0x6B805900,0x6B805800,0x6A7F5800,0x6A7F5700,0x6A7E5700,0x697D5700,
  0x697D5600,0x697B5500,0x687A5400,0x67785300,0x66765200,0x65745000,0x64704E00,0x616E4C00,
  0xFFFFD200,0xFFFFD200,0xFFFFD200,0xFFFFD200,0x35433300,0x303C2E00,0x2B352900,0x262E2400,
  0x21271E00,0x1C211A00,0x181C1600,0x14171200,0x11120F00,0x0D0E0C00,0x0B0C0900,0x09090700,
  0x090A0800,0x0C0C0A00,0x0E0F0C00,0x12131000,0x15181300,0x191E1700,0x1E231B00,0x232A2000,
  0x28312600,0x2D382B00,0x333F3000,0x37463600,0xFFFFD200,0xFFFFD200,0xFFFFD200,0xFFFFD200,
  0x64714E00,0x66745100,0x68775300,0x6A7A5500,0x6B7D5600,0x6C7F5700,0x6D805900,0x6D815A00,
  0x6E835B00,0x6F845C00,0x70855C00,0x70855C00,0x71865D00,0x71865D00,0x71875D00,0x72875D00,
  0x72875E00,0x72875E00,0x72875E00,0x71875E00,0x71865D00,0x70865D00,0x70865C00,0x6F855C00,
  0x6E855C00,0x6D855C00,0x6D855C00,0x6C845B00,0x6C835B00,0x6B835A00,0x6B825900,0x6B815900,
  0x6B815900,0x6B7F5700,0x6A7E5700,0x6A7C5500,0x697A5400,0x68775300,0x65745100,0x64704E00,
  0xFFFFD200,0xFFFFD200,0xFFFFD200,0xFFFFD200,0x37463500,0x323F3000,0x2E382B00,0x28312600,
  0x232A2000,0x1E231B00,0x191E1700,0x15181300,0x12131000,0x0E0F0C00,0x0C0C0A00,0x090A0800,
  0x0A0B0800,0x0C0D0B00,0x0F100D00,0x13141000,0x16191400,0x1B1F1800,0x1F251D00,0x252C2200,
  0x2A332800,0x2F3B2D00,0x35423300,0x394A3800,0xFFFFD200,0xFFFFD200,0xFFFFD200,0xFFFFD200,
  0x65745000,0x68775300,0x6A7B5500,0x6B7D5700,0x6D805900,0x6E825A00,0x6F835B00,0x6F855C00,
  0x70875D00,0x71885E00,0x72895F00,0x728A5F00,0x728A6000,0x738A6000,0x738B6000,0x738B6000,
  0x748B6100,0x748B6100,0x748B6100,0x748B6100,0x738B6000,0x728A6000,0x728A5F00,0x728A5F00,
  0x718A5E00,0x70895E00,0x6F885E00,0x6F885E00,0x6E875D00,0x6D875C00,0x6D865C00,0x6C855C00,
  0x6C845B00,0x6C835A00,0x6B815900,0x6B7F5800,0x6B7D5700,0x6A7A5500,0x68775300,0x65745000,
  0xFFFFD200,0xFFFFD200,0xFFFFD200,0xFFFFD200,0x3A4A3800,0x34423300,0x303B2D00,0x2A332800,
  0x252C2200,0x1F251D00,0x1B1F1800,0x16191400,0x13141000,0x0F100D00,0x0C0D0B00,0x0A0B0800,
  0x0B0B0900,0x0D0E0B00,0x10110E00,0x13151100,0x171B1500,0x1C211900,0x21271E00,0x262E2300,
  0x2C352900,0x313D2F00,0x36453500,0x3B4D3A00,0xFFFFD200,0xFFFFD200,0xFFFFD200,0xFFFFD200,
  0x67765200,0x6A7A5400,0x6B7D5700,0x6D805900,0x6E835A00,0x6F855C00,0x70875D00,0x70885E00,
  0x718A5F00,0x728B6000,0x728C6100,0x738D6100,0x748D6200,0x758E6200,0x758F6300,0x768F6300,
  0x768F6300,0x768F6300,0x768F6400,0x768F6300,0x768F6300,0x758F6200,0x748E6200,0x738E6200,
  0x728D6100,0x728C6100,0x718C6100,0x708C6000,0x708B5F00,0x6F8A5E00,0x6E895E00,0x6D885E00,
  0x6D875D00,0x6D855C00,0x6D845B00,0x6C825900,0x6B805800,0x6B7D5700,0x697A5400,0x67765200,
  0xFFFFD200,0xFFFFD200,0xFFFFD200,0xFFFFD200,0x3B4D3A00,0x36453500,0x313E2F00,0x2C352900,
  0x262E2300,0x21271E00,0x1C211900,0x171B1500,0x13151100,0x10110E00,0x0D0E0B00,0x0B0B0900,
  0x0B0C0900,0x0E0E0C00,0x11120E00,0x14161200,0x181C1600,0x1D221A00,0x22281F00,0x28302500,
  0x2D372B00,0x323F3000,0x38473600,0x3D4F3C00,0xFFFFD200,0xFFFFD200,0xFFFFD200,0xFFFFD200,
  0x68785300,0x6A7C5500,0x6B7F5800,0x6D835A00,0x6E855C00,0x6F875D00,0x70895E00,0x718B6000,
  0x728C6100,0x728E6200,0x738F6300,0x75906400,0x76916400,0x76916400,0x77926500,0x78926500,
  0x78926600,0x78926500,0x78926600,0x78926600,0x78926500,0x77926500,0x76916400,0x75916400,
  0x74906400,0x73906300,0x728F6300,0x728E6200,0x718E6100,0x708D6000,0x6F8C6000,0x6E8B5F00,
  0x6E8A5E00,0x6E885E00,0x6D875D00,0x6D855C00,0x6C835A00,0x6B7F5800,0x6A7C5500,0x68785300,
  0xFFFFD200,0xFFFFD200,0xFFFFD200,0xFFFFD200,0x3D4F3C00,0x38483600,0x33403100,0x2D372B00,
  0x28302500,0x22281F00,0x1D221A00,0x181C1600,0x14161200,0x11120E00,0x0E0E0C00,0x0B0C0900,
  0x0B0C0A00,0x0E0F0C00,0x11130F00,0x15171300,0x191D1700,0x1E231B00,0x232A2000,0x29312600,
  0x2E392C00,0x33413200,0x39493800,0x3D513D00,0xFFFFD200,0xFFFFD200,0xFFFFD200,0xFFFFD200,
  0x687A5400,0x6B7E5700,0x6B815900,0x6D855C00,0x6F875D00,0x708A5E00,0x708B6000,0x718D6100,
  0x728E6200,0x73906300,0x74916400,0x75926500,0x77936600,0x78946600,0x78946700,0x78956700,
  0x79956700,0x7A956800,0x7A956800,0x7A956800,0x79956700,0x78956700,0x78946700,0x77946600,
  0x76936500,0x74936500,0x73916400,0x72916300,0x72906300,0x718F6200,0x708E6100,0x6F8D6000,
  0x6F8C6000,0x6E8A5F00,0x6E895E00,0x6E875C00,0x6D845B00,0x6C815900,0x6B7E5700,0x687A5400,
  0xFFFFD200,0xFFFFD200,0xFFFFD200,0xFFFFD200,0x3E523D00,0x39493800,0x34423200,0x2E392C00,
  0x29312600,0x232A2000,0x1E231B00,0x191D1700,0x15171300,0x11130F00,0x0E0F0C00,0x0B0C0A00,
  0x0C0D0A00,0x0E0F0D00,0x12130F00,0x15181300,0x191D1700,0x1E241C00,0x232B2100,0x29322600,
  0x2F3A2D00,0x34433300,0x394B3900,0x3E533F00,0xFFFFD200,0xFFFFD200,0xFFFFD200,0xFFFFD200,
  0x687B5500,0x6B7F5700,0x6B835A00,0x6D865C00,0x6E895E00,0x6F8B5F00,0x708C6000,0x718E6200,
  0x72906300,0x73916400,0x74936500,0x76946600,0x77956700,0x78966700,0x79976800,0xFFFFD200,
  0x7B976A00,0x7C986A00,0x7C986A00,0x7C986A00,0x7B986A00,0x7A976900,0x7A976800,0x78976800,
  0x78966700,0x76956600,0x75946600,0x74936500,0x72936400,0x72916300,0x71906300,0x708F6200,
  0x6F8E6100,0x6F8C6000,0x6E8A5F00,0x6E885E00,0x6D865C00,0x6C835A00,0x6B7F5800,0x697B5500,
  0xFFFFD200,0xFFFFD200,0xFFFFD200,0xFFFFD200,0x3F533F00,0x3A4B3900,0x34433300,0x2F3A2D00,
  0x29322600,0x232B2100,0x1E241C00,0x191D1700,0x15181300,0x12130F00,0x0E0F0D00,0x0C0D0A00,
  0x0C0D0A00,0x0F100D00,0x12141000,0x16181400,0x1A1E1800,0x1F251C00,0x242C2100,0x2A332700,
  0x2F3B2D00,0x35443300,0x3A4C3900,0x3F543F00,0xFFFFD200,0xFFFFD200,0xFFFFD200,0xFFFFD200,
  0x687C5500,0x6B805800,0x6B835A00,0x6D875D00,0x6E8A5E00,0x6F8C6000,0x708E6100,0x71906300,
  0x72916300,0x73936500,0x75956600,0x77966700,0x78976800,0xFFFFD200,0xFFFFD200,0xFFFFD200,
  0xFFFFD200,0xFFFFD200,0x7E9B6B00,0x7E9B6C00,0x7E9B6B00,0x7D9A6B00,0x7C9A6B00,0x7A996A00,
  0x79986900,0x78976800,0x77966700,0x75966600,0x74946600,0x72936500,0x72926400,0x71906300,
  0x708F6200,0x708E6000,0x6F8C6000,0x6E8A5E00,0x6E875D00,0x6D845B00,0x6B815900,0x6A7D5600,
  0xFFFFD200,0xFFFFD200,0xFFFFD200,0xFFFFD200,0x3F554000,0x3A4C3A00,0x35443400,0x303C2E00,
  0x2A332700,0x242C2100,0x1F251C00,0x1A1E1800,0x16181400,0x12141000,0x0F100D00,0x0C0D0A00,
  0x0C0D0A00,0x0F100D00,0x12141000,0x16191400,0x1A1F1800,0x1F251D00,0x242C2200,0x2A342800,
  0x303C2E00,0x35453400,0x3A4D3A00,0x3F554000,0xFFFFD200,0xFFFFD200,0xFFFFD200,0xFFFFD200,
  0x687D5600,0x6A815900,0x6B855B00,0x6D875D00,0x6E8A5E00,0x6F8D6000,0x708E6200,0x71906300,
  0x72936400,0x73946600,0x75966700,0x77976800,0x78996900,0xFFFFD200,0xFFFFD200,0xFFFFD200,
  0xFFFFD200,0xFFFFD200,0xFFFFD200,0x7F9D6E00,0x7F9D6E00,0x7E9D6D00,0x7E9C6C00,0x7C9B6C00,
  0x7B9A6A00,0x79996A00,0x78986900,0x77986800,0x75966700,0x74956600,0x72936500,0x72936400,
  0x71906300,0x708F6200,0x708D6000,0x6F8B5F00,0x6E895E00,0x6D855C00,0x6B825900,0x6A7E5700,
  0xFFFFD200,0xFFFFD200,0xFFFFD200,0xFFFFD200,0x40564000,0x3B4E3A00,0x36453400,0x303D2E00,
  0x2A342800,0x242C2200,0x1F251D00,0x1A1F1800,0x16191400,0x12141000,0x0F100D00,0x0C0D0A00,
  0x0D0D0B00,0x0F100D00,0x12141000,0x16191400,0x1A1F1800,0x1F261D00,0x252D2200,0x2B352800,
  0x303D2E00,0x35463500,0x3B4E3B00,0x3F564100,0xFFFFD200,0xFFFFD200,0xFFFFD200,0xFFFFD200,
  0x687D5600,0x6A815900,0x6B855B00,0x6C885E00,0x6D8B5F00,0x6E8E6000,0x6F906200,0x71916300,
  0x72936500,0x74966600,0x76976800,0x78996900,0x79996A00,0xFFFFD200,0xFFFFD200,0xFFFFD200,
  0xFFFFD200,0xFFFFD200,0xFFFFD200,0xFFFFD200,0xFFFFD200,0x819E6F00,0x809E6E00,0x7E9D6E00,
  0x7D9C6C00,0x7B9B6C00,0x799A6A00,0x78996A00,0x77986900,0x75976700,0x74966600,0x72946500,
  0x72926400,0x71906300,0x708E6100,0x6F8C6000,0x6F8A5E00,0x6D865C00,0x6B835900,0x6A7F5700,
  0xFFFFD200,0xFFFFD200,0xFFFFD200,0xFFFFD200,0x40574100,0x3B4E3B00,0x36463500,0x303D2F00,
  0x2B352800,0x252D2200,0x1F261D00,0x1A1F1800,0x16191400,0x12141000,0x0F100D00,0x0D0D0B00,
  0x0D0E0B00,0x10110E00,0x13141100,0x17191500,0x1B1F1900,0x20261E00,0x252D2300,0x2B352800,
  0x303D2F00,0x35463500,0x3B4E3B00,0x3F564100,0xFFFFD200,0xFFFFD200,0xFFFFD200,0xFFFFD200,
  0x677E5700,0x6A825900,0x6B855B00,0x6C895E00,0x6D8C5F00,0x6E8E6000,0x6F906200,0x70926300,
  0x72946500,0x74966700,0x76986800,0x78996900,0x7A9B6B00,0xFFFFD200,0xFFFFD200,0xFFFFD200,
  0xFFFFD200,0xFFFFD200,0xFFFFD200,0xFFFFD200,0xFFFFD200,0xFFFFD200,0xFFFFD200,0x809F6F00,
  0x7E9E6E00,0x7E9D6D00,0x7C9C6C00,0x799B6B00,0x78996A00,0x77986800,0x75966700,0x73956600,
  0x72936500,0x72916300,0x718F6200,0x708D6000,0x6F8A5F00,0x6E875D00,0x6C835A00,0x6A7F5700,
  0xFFFFD200,0xFFFFD200,0xFFFFD200,0xFFFFD200,0x40584100,0x3B4F3B00,0x36473500,0x313E2F00,
  0x2B352800,0x252D2300,0x20261E00,0x1B1F1900,0x17191500,0x13141100,0x10110E00,0x0D0E0B00,
  0x0D0E0B00,0x10110E00,0x13151100,0x171A1500,0x1B201900,0x20271E00,0x252E2300,0x2B352900,
  0x303E2F00,0x36473500,0x3B4F3B00,0x3F574100,0xFFFFD200,0xFFFFD200,0xFFFFD200,0xFFFFD200,
  0x677E5700,0x69825900,0x6B865B00,0x6B895D00,0x6C8C5F00,0x6D8E6000,0x6F906200,0x70926400,
  0x72956500,0x74976700,0x77996900,0x789A6A00,0x7B9C6C00,0xFFFFD200,0xFFFFD200,0xFFFFD200,
  0xFFFFD200,0xFFFFD200,0xFFFFD200,0xFFFFD200,0xFFFFD200,0xFFFFD200,0xFFFFD200,0xFFFFD200,
  0x81A06F00,0x7F9E6E00,0x7E9D6E00,0x7B9C6C00,0x7A9B6B00,0x78996900,0x76986800,0x74966700,
  0x73946600,0x72926400,0x72906300,0x708E6100,0x708B5F00,0x6E875D00,0x6C845A00,0x6B805800,
  0xFFFFD200,0xFFFFD200,0xFFFFD200,0xFFFFD200,0x41584200,0x3C4F3C00,0x37473600,0x313E3000,
  0x2B352900,0x252E2300,0x20271E00,0x1B201900,0x171A1500,0x13151100,0x10110E00,0x0D0E0B00,
  0x0D0E0B00,0x10110E00,0x13151100,0x171A1500,0x1B201900,0x20271E00,0x252E2300,0x2B362900,
  0x303E2F00,0x36473500,0x3B4F3B00,0x3F574100,0xFFFFD200,0xFFFFD200,0xFFFFD200,0xFFFFD200,
  0x677E5700,0x69825900,0x6A865B00,0x6B895D00,0x6C8C5F00,0x6D8E6000,0x6E906200,0x70926400,
  0x72956500,0x74976700,0x77996900,0x799B6B00,0x7B9C6C00,0xFFFFD200,0xFFFFD200,0xFFFFD200,
  0xFFFFD200,0x85A27200,0xFFFFD200,0xFFFFD200,0xFFFFD200,0xFFFFD200,0xFFFFD200,0xFFFFD200,
  0xFFFFD200,0xFFFFD200,0x7E9F6E00,0x7D9D6D00,0x7B9C6C00,0x789A6A00,0x78996900,0x75976700,
  0x74956600,0x72936400,0x72916300,0x718E6100,0x708C6000,0x6E885E00,0x6C845B00,0x6B805800,
  0xFFFFD200,0xFFFFD200,0xFFFFD200,0xFFFFD200,0x41584200,0x3C503C00,0x37483600,0x313F3000,
  0x2B362900,0x252E2300,0x20271E00,0x1B201900,0x171A1500,0x13151100,0x10110E00,0x0D0E0B00,
  0x0D0E0B00,0x10110E00,0x13151100,0x171A1500,0x1B201900,0x20271E00,0x252E2300,0x2B362900,
  0x303E2F00,0x35473500,0x3B4F3B00,0x3F574100,0xFFFFD200,0xFFFFD200,0xFFFFD200,0xFFFFD200,
  0x667E5700,0x68825900,0x6A865B00,0x6B895D00,0x6C8C5F00,0x6D8E6000,0x6E916200,0x70936400,
  0x72956500,0x74986800,0x77996900,0x799C6B00,0x7C9D6D00,0xFFFFD200,0xFFFFD200,0xFFFFD200,
  0xFFFFD200,0x87A47400,0x88A47400,0x89A57400,0xFFFFD200,0xFFFFD200,0xFFFFD200,0xFFFFD200,
  0xFFFFD200,0xFFFFD200,0xFFFFD200,0xFFFFD200,0x7C9D6D00,0x7A9B6B00,0x78996A00,0x76986800,
  0x74966600,0x73936500,0x72916300,0x718E6100,0x708C6000,0x6E885E00,0x6C855B00,0x6B805800,
  0xFFFFD200,0xFFFFD200,0xFFFFD200,0xFFFFD200,0x41594200,0x3C503C00,0x37483600,0x313F3000,
  0x2B362900,0x252E2300,0x20271E00,0x1B201900,0x171A1500,0x13151100,0x10110E00,0x0D0E0B00,
  0x0D0E0B00,0x10110E00,0x13151100,0x171A1500,0x1B201900,0x20271E00,0x252E2300,0x2B362900,
  0x303E2F00,0x35473500,0x3A4F3B00,0x3F574100,0xFFFFD200,0xFFFFD200,0xFFFFD200,0xFFFFD200,
  0x667E5600,0x68825900,0x69865B00,0x6B895D00,0x6B8C5F00,0x6C8E6000,0x6E916200,0x70936400,
  0x72956500,0x74986800,0x77996900,0x799C6B00,0x7C9D6D00,0xFFFFD200,0xFFFFD200,0xFFFFD200,
  0xFFFFD200,0x88A47400,0x89A57500,0x8AA67500,0x8AA67500,0x8AA67500,0xFFFFD200,0xFFFFD200,
  0xFFFFD200,0xFFFFD200,0xFFFFD200,0xFFFFD200,0xFFFFD200,0xFFFFD200,0x789A6A00,0x77986900,
  0x75966700,0x73936500,0x72916300,0x718E6200,0x708C6000,0x6E885E00,0x6C855B00,0x6B815800,
  0xFFFFD200,0xFFFFD200,0xFFFFD200,0xFFFFD200,0x40594200,0x3C503C00,0x37483600,0x313F3000,
  0x2B362900,0x252E2300,0x20271E00,0x1B201900,0x171A1500,0x13151100,0x10110E00,0x0D0E0B00,
  0x0D0E0B00,0x10110E00,0x13151100,0x171A1500,0x1B201900,0x20271E00,0x252E2300,0x2B362900,
  0x303E2F00,0x35473500,0x3A4F3B00,0x3E574100,0xFFFFD200,0xFFFFD200,0xFFFFD200,0xFFFFD200,
  0x657E5600,0x68825900,0x69865B00,0x6A895D00,0x6B8C5F00,0x6C8E6000,0x6E906200,0x6F936400,
  0x72956500,0x74986800,0x779A6900,0x799C6B00,0x7D9D6D00,0xFFFFD200,0xFFFFD200,0xFFFFD200,
  0xFFFFD200,0x89A57400,0x8AA67500,0x8BA67600,0x8BA77600,0x8BA67500,0x8AA67500,0xFFFFD200,
  0xFFFFD200,0xFFFFD200,0xFFFFD200,0xFFFFD200,0xFFFFD200,0xFFFFD200,0xFFFFD200,0x78996900,
  0x75966700,0x74936500,0x72916400,0x728F6200,0x708C6000,0x6E885E00,0x6C855B00,0x6B815800,
  0xFFFFD200,0xFFFFD200,0xFFFFD200,0xFFFFD200,0x40594200,0x3C503C00,0x37483600,0x313F3000,
  0x2B362900,0x252E2300,0x20271E00,0x1B201900,0x171A1500,0x13151100,0x10110E00,0x0D0E0B00,
  0x0D0E0B00,0x10110E00,0x13151100,0x171A1500,0x1B201900,0x20271E00,0x252E2300,0x2B362900,
  0x303E2F00,0x35473500,0x3A4F3B00,0x3E574100,0xFFFFD200,0xFFFFD200,0xFFFFD200,0xFFFFD200,
  0x657E5600,0x67825900,0x69865B00,0x6A895D00,0x6B8B5F00,0x6C8E6000,0x6D906200,0x6F936400,
  0x72956500,0x74986800,0x779A6900,0x799C6B00,0x7D9E6D00,0xFFFFD200,0xFFFFD200,0xFFFFD200,
  0xFFFFD200,0x89A67400,0x8BA67600,0x8BA77600,0x8BA77600,0x8BA77500,0x8BA67500,0x89A57400,
  0x87A47400,0xFFFFD200,0xFFFFD200,0xFFFFD200,0xFFFFD200,0xFFFFD200,0xFFFFD200,0xFFFFD200,
  0xFFFFD200,0x74946600,0x72916400,0x728F6200,0x718C6000,0x6F895E00,0x6C855B00,0x6B815800,
  0xFFFFD200,0xFFFFD200,0xFFFFD200,0xFFFFD200,0x40594200,0x3C503C00,0x37483600,0x313F3000,
  0x2B362900,0x252E2300,0x20271E00,0x1B201900,0x171A1500,0x13151100,0x10110E00,0x0D0E0B00,
  0x0D0E0B00,0x10110E00,0x13151100,0x171A1500,0x1B201900,0x20271E00,0x252E2300,0x2B362900,
  0x303E2F00,0x35473500,0x3A4F3B00,0x3E574100,0xFFFFD200,0xFFFFD200,0xFFFFD200,0xFFFFD200,
  0x657E5600,0x67825900,0x69865B00,0x6A895D00,0x6B8C5F00,0x6C8E6000,0x6E916200,0x70936400,
  0x72956500,0x74986800,0x789A6900,0x7A9C6C00,0x7D9E6D00,0xFFFFD200,0xFFFFD200,0xFFFFD200,
  0xFFFFD200,0x8AA67500,0x8BA77600,0x8CA77600,0x8CA77700,0x8BA77600,0x8BA77500,0x89A67500,
  0x87A47400,0x85A37300,0x83A17100,0xFFFFD200,0xFFFFD200,0xFFFFD200,0xFFFFD200,0xFFFFD200,
  0x76966700,0x74946600,0x73916400,0x728F6200,0x718C6100,0x6F895E00,0x6C855B00,0x6B815800,
  0xFFFFD200,0xFFFFD200,0xFFFFD200,0xFFFFD200,0x40594200,0x3C503C00,0x37483600,0x313F3000,
  0x2B362900,0x252E2300,0x20271E00,0x1B201900,0x171A1500,0x13151100,0x10110E00,0x0D0E0B00,
  0x0D0E0B00,0x10110E00,0x13151100,0x171A1500,0x1B201900,0x20271E00,0x252E2300,0x2B362900,
  0x303E2F00,0x35473500,0x3A4F3B00,0x3E574100,0xFFFFD200,0xFFFFD200,0xFFFFD200,0xFFFFD200,
  0x667E5600,0x68825900,0x69865B00,0x6B895D00,0x6B8C5F00,0x6C8E6000,0x6E916200,0x70936400,
  0x72956500,0x75986800,0x789A6900,0x7A9C6C00,0x7E9E6E00,0xFFFFD200,0xFFFFD200,0xFFFFD200,
  0xFFFFD200,0x8AA67500,0x8BA77600,0x8CA77600,0x8CA77700,0x8BA77600,0x8BA77500,0x89A67500,
  0x87A47400,0xFFFFD200,0xFFFFD200,0xFFFFD200,0xFFFFD200,0xFFFFD200,0xFFFFD200,0xFFFFD200,
  0xFFFFD200,0x75946600,0x73926400,0x728F6200,0x718C6100,0x6F895E00,0x6D855B00,0x6B815800,
  0xFFFFD200,0xFFFFD200,0xFFFFD200,0xFFFFD200,0x40594200,0x3C503C00,0x37483600,0x313F3000,
  0x2B362900,0x252E2300,0x20271E00,0x1B201900,0x171A1500,0x13151100,0x10110E00,0x0D0E0B00,
  0x0D0E0B00,0x10110E00,0x13151100,0x171A1500,0x1B201900,0x20271E00,0x252E2300,0x2B362900,
  0x303E2F00,0x35473500,0x3A4F3B00,0x3F574100,0xFFFFD200,0xFFFFD200,0xFFFFD200,0xFFFFD200,
  0x667E5600,0x68825900,0x6A865B00,0x6B895D00,0x6B8C5F00,0x6D8E6000,0x6E916200,0x70936400,
  0x72956600,0x75986800,0x789A6900,0x7A9C6C00,0x7E9E6E00,0xFFFFD200,0xFFFFD200,0xFFFFD200,
  0xFFFFD200,0x8AA67500,0x8BA77600,0x8CA77600,0x8BA77700,0x8BA77600,0x8BA67500,0xFFFFD200,
  0xFFFFD200,0xFFFFD200,0xFFFFD200,0xFFFFD200,0xFFFFD200,0xFFFFD200,0xFFFFD200,0x78996900,
  0x76966700,0x75946600,0x73926400,0x728F6200,0x718C6100,0x6F895E00,0x6D855B00,0x6B815800,
  0xFFFFD200,0xFFFFD200,0xFFFFD200,0xFFFFD200,0x41594200,0x3C503C00,0x37483600,0x313F3000,
  0x2B362900,0x252E2300,0x20271E00,0x1B201900,0x171A1500,0x13151100,0x10110E00,0x0D0E0B00,
  0x0D0E0B00,0x10110E00,0x13151100,0x171A1500,0x1B201900,0x20271E00,0x252E2300,0x2B362900,
  0x303E2F00,0x35473500,0x3B4F3B00,0x3F574100,0xFFFFD200,0xFFFFD200,0xFFFFD200,0xFFFFD200,
  0x667F5700,0x69835900,0x6A865B00,0x6B895D00,0x6C8C6000,0x6D8F6100,0x6F916200,0x71936400,
  0x72956600,0x75986800,0x789A6A00,0x7B9C6C00,0x7E9E6E00,0xFFFFD200,0xFFFFD200,0xFFFFD200,
  0xFFFFD200,0x89A57400,0x8BA67500,0x8BA67600,0x8BA77600,0x8BA67500,0xFFFFD200,0xFFFFD200,
  0xFFFFD200,0xFFFFD200,0xFFFFD200,0xFFFFD200,0xFFFFD200,0xFFFFD200,0x7A9A6A00,0x78996900,
  0x76966700,0x75946600,0x73916400,0x728F6200,0x718C6100,0x6F895E00,0x6D855B00,0x6B815800,
  0xFFFFD200,0xFFFFD200,0xFFFFD200,0xFFFFD200,0x41594200,0x3C503C00,0x37483600,0x313F3000,
  0x2B362900,0x252E2300,0x20271E00,0x1B201900,0x171A1500,0x13151100,0x10110E00,0x0D0E0B00,
  0x0D0E0B00,0x10110E00,0x13151100,0x171A1500,0x1B201900,0x20271E00,0x252E2300,0x2B362900,
  0x303E2F00,0x36473500,0x3B4F3B00,0x3F574100,0xFFFFD200,0xFFFFD200,0xFFFFD200,0xFFFFD200,
  0x677F5700,0x69835900,0x6B865B00,0x6B895D00,0x6D8C6000,0x6E8F6100,0x6F916200,0x71936500,
  0x73956600,0x76986800,0x789A6A00,0x7B9C6C00,0x7E9D6E00,0xFFFFD200,0xFFFFD200,0xFFFFD200,
  0xFFFFD200,0x89A47400,0x8AA57500,0x8BA57500,0xFFFFD200,0xFFFFD200,0xFFFFD200,0xFFFFD200,
  0xFFFFD200,0xFFFFD200,0xFFFFD200,0xFFFFD200,0x7E9D6E00,0x7B9C6B00,0x799A6A00,0x78986900,
  0x76966700,0x74936500,0x73916400,0x728F6200,0x718C6000,0x6F885E00,0x6D855B00,0x6B805800,
  0xFFFFD200,0xFFFFD200,0xFFFFD200,0xFFFFD200,0x41594200,0x3C503C00,0x37483600,0x313F3000,
  0x2B362900,0x252E2300,0x20271E00,0x1B201900,0x171A1500,0x13151100,0x10110E00,0x0D0E0B00,
  0x0D0E0B00,0x10110E00,0x13151100,0x171A1500,0x1B201900,0x20271E00,0x252E2300,0x2B352900,
  0x303E2F00,0x36473500,0x3B4F3B00,0x3F574100,0xFFFFD200,0xFFFFD200,0xFFFFD200,0xFFFFD200,
  0x677E5700,0x6A825900,0x6B865B00,0x6C895E00,0x6D8C6000,0x6E8E6100,0x70916300,0x72936400,
  0x73956600,0x76986800,0x78996A00,0x7A9C6B00,0x7D9D6D00,0xFFFFD200,0xFFFFD200,0xFFFFD200,
  0xFFFFD200,0x87A37300,0xFFFFD200,0xFFFFD200,0xFFFFD200,0xFFFFD200,0xFFFFD200,0xFFFFD200,
  0xFFFFD200,0xFFFFD200,0x809F6F00,0x7E9E6E00,0x7D9D6D00,0x7A9B6B00,0x78996A00,0x77976800,
  0x75966600,0x74936500,0x73916300,0x728E6100,0x718C6000,0x6F885E00,0x6D845B00,0x6B805800,
  0xFFFFD200,0xFFFFD200,0xFFFFD200,0xFFFFD200,0x41584200,0x3C4F3C00,0x37473600,0x313E3000,
  0x2B352900,0x252E2300,0x20271E00,0x1B201900,0x171A1500,0x13151100,0x10110E00,0x0D0E0B00,
  0x0D0E0B00,0x10110E00,0x13141100,0x17191500,0x1B1F1900,0x20261E00,0x252D2300,0x2B352800,
  0x303D2F00,0x35463500,0x3B4E3B00,0x3F564100,0xFFFFD200,0xFFFFD200,0xFFFFD200,0xFFFFD200,
  0x687E5700,0x6A825900,0x6B865B00,0x6C895E00,0x6E8C6000,0x6F8E6100,0x70906300,0x72936400,
  0x73956600,0x76976800,0x78996A00,0x7A9B6B00,0x7D9D6C00,0xFFFFD200,0xFFFFD200,0xFFFFD200,
  0xFFFFD200,0xFFFFD200,0xFFFFD200,0xFFFFD200,0xFFFFD200,0xFFFFD200,0xFFFFD200,0xFFFFD200,
  0x83A07000,0x819F6F00,0x7F9E6E00,0x7E9D6D00,0x7C9B6B00,0x799A6A00,0x78986900,0x76966700,
  0x74946600,0x73926400,0x72906300,0x728E6100,0x718B5F00,0x6F875E00,0x6D845B00,0x6B7F5800,
  0xFFFFD200,0xFFFFD200,0xFFFFD200,0xFFFFD200,0x40584100,0x3C4F3B00,0x37473500,0x313E2F00,
  0x2B352800,0x252D2300,0x20261E00,0x1B1F1900,0x17191500,0x13141100,0x10110E00,0x0D0E0B00,
  0x0D0D0B00,0x0F100D00,0x12141000,0x16191400,0x1A1F1800,0x1F261D00,0x252D2200,0x2B352800,
  0x303D2E00,0x35463500,0x3B4E3B00,0x3F564100,0xFFFFD200,0xFFFFD200,0xFFFFD200,0xFFFFD200,
  0x687D5700,0x6A825900,0x6B855B00,0x6D895E00,0x6E8C6000,0x6F8E6100,0x71906300,0x72926400,
  0x73946600,0x76966700,0x78986900,0x7A9A6A00,0x7C9B6C00,0xFFFFD200,0xFFFFD200,0xFFFFD200,
  0xFFFFD200,0xFFFFD200,0xFFFFD200,0xFFFFD200,0xFFFFD200,0xFFFFD200,0xFFFFD200,0x83A06F00,
  0x819E6F00,0x7F9E6E00,0x7E9D6D00,0x7C9B6C00,0x7A9A6A00,0x78996900,0x77976800,0x75956600,
  0x73936500,0x73916300,0x728F6300,0x718D6100,0x708A5F00,0x6F875D00,0x6D835A00,0x6B7F5700,
  0xFFFFD200,0xFFFFD200,0xFFFFD200,0xFFFFD200,0x40574100,0x3B4E3B00,0x36463500,0x303D2F00,
  0x2B352800,0x252D2200,0x1F261D00,0x1A1F1800,0x16191400,0x12141000,0x0F100D00,0x0D0D0B00,
  0x0C0D0A00,0x0F100D00,0x12141000,0x16191400,0x1A1F1800,0x1F251D00,0x242C2200,0x2A342800,
  0x303C2E00,0x35453400,0x3A4D3A00,0x3F554000,0xFFFFD200,0xFFFFD200,0xFFFFD200,0xFFFFD200,
  0x687D5600,0x6B815900,0x6C855B00,0x6D885E00,0x6F8B5F00,0x708D6000,0x718F6200,0x72916300,
  0x74936600,0x76966700,0x78976800,0x79996A00,0x7C9A6B00,0xFFFFD200,0xFFFFD200,0xFFFFD200,
  0xFFFFD200,0xFFFFD200,0xFFFFD200,0xFFFFD200,0xFFFFD200,0x849F7000,0x829E6F00,0x819E6E00,
  0x7F9D6D00,0x7E9C6C00,0x7C9A6B00,0x7A9A6A00,0x79986900,0x77976800,0x76966600,0x74946600,
  0x73926400,0x72906300,0x728E6200,0x718C6000,0x708A5E00,0x6E855C00,0x6C825900,0x6B7E5700,
  0xFFFFD200,0xFFFFD200,0xFFFFD200,0xFFFFD200,0x40564000,0x3B4E3A00,0x36463400,0x303D2E00,
  0x2A342800,0x242C2200,0x1F251D00,0x1A1F1800,0x16191400,0x12141000,0x0F100D00,0x0C0D0A00,
  0x0C0D0A00,0x0F100D00,0x12141000,0x16181400,0x1A1E1800,0x1F251C00,0x242C2100,0x2A332700,
  0x2F3B2D00,0x35443300,0x3A4C3900,0x3F543F00,0xFFFFD200,0xFFFFD200,0xFFFFD200,0xFFFFD200,
  0x697C5600,0x6B815800,0x6C845B00,0x6E875D00,0x6F8A5F00,0x708C6000,0x718E6200,0x72916300,
  0x74936500,0x76946600,0x78966700,0x79976900,0x7B996A00,0xFFFFD200,0xFFFFD200,0xFFFFD200,
  0xFFFFD200,0xFFFFD200,0xFFFFD200,0x839D6F00,0x829D6F00,0x819D6E00,0x809C6D00,0x7F9B6C00,
  0x7E9B6B00,0x7C9A6B00,0x7A996A00,0x79976900,0x78976800,0x76956600,0x75946600,0x73926400,
  0x72916300,0x728E6200,0x718D6100,0x708B5F00,0x70885E00,0x6E855C00,0x6C815900,0x6A7D5600,
  0xFFFFD200,0xFFFFD200,0xFFFFD200,0xFFFFD200,0x3F554000,0x3A4C3A00,0x35453400,0x303C2E00,
  0x2A332700,0x242C2100,0x1F251C00,0x1A1E1800,0x16181400,0x12141000,0x0F100D00,0x0C0D0A00,
  0x0C0D0A00,0x0E0F0D00,0x12130F00,0x15181300,0x191D1700,0x1E241C00,0x232B2100,0x29322600,
  0x2F3A2D00,0x34433300,0x394B3900,0x3E533F00,0xFFFFD200,0xFFFFD200,0xFFFFD200,0xFFFFD200,
  0x697B5500,0x6B7F5800,0x6C835A00,0x6E865C00,0x6F895E00,0x718B6000,0x728D6100,0x728F6300,
  0x74916400,0x76936500,0x78946700,0x78966700,0x7A976900,0xFFFFD200,0xFFFFD200,0xFFFFD200,
  0xFFFFD200,0xFFFFD200,0x809B6C00,0x809B6C00,0x809B6C00,0x7F9A6C00,0x7E9A6B00,0x7D996B00,
  0x7C986A00,0x7A976900,0x79966800,0x78956700,0x77946700,0x75946500,0x74926400,0x72916300,
  0x728F6200,0x718D6100,0x718B6000,0x708A5E00,0x6F875D00,0x6D835B00,0x6B805800,0x6A7C5500,
  0xFFFFD200,0xFFFFD200,0xFFFFD200,0xFFFFD200,0x3F543F00,0x3A4B3900,0x35433300,0x2F3B2D00,
  0x29322600,0x232B2100,0x1E241C00,0x191D1700,0x15181300,0x12130F00,0x0E0F0D00,0x0C0D0A00,
  0x0B0C0A00,0x0E0F0C00,0x11130F00,0x15171300,0x191D1700,0x1E231B00,0x232A2000,0x29312600,
  0x2E392C00,0x33413200,0x39493800,0x3E513D00,0xFFFFD200,0xFFFFD200,0xFFFFD200,0xFFFFD200,
  0x697A5500,0x6B7E5700,0x6C815900,0x6E855C00,0x70875E00,0x718A5F00,0x728C6100,0x728E6200,
  0x748F6300,0x76916400,0x77926500,0x78946700,0x79946700,0x7B956800,0x7C966900,0xFFFFD200,
  0x7E986A00,0x7E986A00,0x7E986B00,0x7E986B00,0x7E986B00,0x7E986A00,0x7D976900,0x7B966800,
  0x7A956800,0x78946700,0x78946700,0x76936600,0x75926500,0x74916400,0x73906300,0x728E6200,
  0x718D6100,0x718C6000,0x708A5E00,0x6F875D00,0x6F855C00,0x6D815A00,0x6B7E5700,0x697A5500,
  0xFFFFD200,0xFFFFD200,0xFFFFD200,0xFFFFD200,0x3E523D00,0x39493800,0x34423200,0x2E392C00,
  0x29312600,0x232A2000,0x1E231B00,0x191D1700,0x15171300,0x11130F00,0x0E0F0C00,0x0B0C0A00,
  0x0B0C0900,0x0E0E0C00,0x11120E00,0x14161200,0x181C1600,0x1D221A00,0x22281F00,0x28302500,
  0x2D372B00,0x323F3000,0x38473600,0x3D4F3C00,0xFFFFD200,0xFFFFD200,0xFFFFD200,0xFFFFD200,
  0x68785300,0x6B7C5600,0x6C805800,0x6E835B00,0x6F855C00,0x71885E00,0x728A5F00,0x728C6100,
  0x738D6200,0x758F6300,0x76906400,0x78926500,0x78926600,0x79936700,0x7A946700,0x7B946800,
  0x7C956800,0x7D956800,0x7D956800,0x7D956800,0x7C956800,0x7B946800,0x7A946700,0x79936700,
  0x78926500,0x77926500,0x76916400,0x75906400,0x748F6300,0x728E6200,0x728D6100,0x718C6100,
  0x708A6000,0x70895E00,0x6F875D00,0x6F855C00,0x6E835A00,0x6C805900,0x6B7D5600,0x68795300,
  0xFFFFD200,0xFFFFD200,0xFFFFD200,0xFFFFD200,0x3D503C00,0x38483600,0x33403100,0x2D372B00,
  0x28302500,0x22281F00,0x1D221A00,0x181C1600,0x14161200,0x11120E00,0x0E0E0C00,0x0B0C0900,
  0x0B0B0900,0x0D0E0B00,0x10110E00,0x13151100,0x171B1500,0x1C211900,0x21271E00,0x262E2300,
  0x2C352900,0x313D2F00,0x36453500,0x3B4D3A00,0xFFFFD200,0xFFFFD200,0xFFFFD200,0xFFFFD200,
  0x67765200,0x6A7A5500,0x6B7D5700,0x6D815A00,0x6F835B00,0x70855C00,0x71885E00,0x72895F00,
  0x738A6000,0x748C6100,0x758D6200,0x778E6300,0x788F6400,0x788F6500,0x78906500,0x79916500,
  0x7A916500,0x7B916500,0x7A916500,0x7A916500,0x7A916500,0x79916500,0x78906500,0x788F6400,
  0x778F6300,0x758F6300,0x748E6200,0x738D6100,0x728C6100,0x728C6000,0x718A5F00,0x708A5E00,
  0x6F885E00,0x6F875C00,0x6E855C00,0x6E835A00,0x6D815900,0x6B7D5700,0x6A7A5500,0x67765200,
  0xFFFFD200,0xFFFFD200,0xFFFFD200,0xFFFFD200,0x3B4D3A00,0x36453500,0x313E2F00,0x2C362900,
  0x262E2300,0x21271E00,0x1C211900,0x171B1500,0x13151100,0x10110E00,0x0D0E0B00,0x0B0B0900,
  0x0A0B0800,0x0C0D0B00,0x0F100D00,0x13141000,0x16191400,0x1B1F1800,0x1F251D00,0x252C2200,
  0x2A332800,0x2F3B2D00,0x35423300,0x3A4A3800,0xFFFFD200,0xFFFFD200,0xFFFFD200,0xFFFFD200,
  0x66745100,0x69775300,0x6B7B5500,0x6C7E5700,0x6E805900,0x6F835B00,0x70845C00,0x71865D00,
  0x72885E00,0x73895F00,0x748A6000,0x758A6100,0x768B6200,0x768C6200,0x778D6200,0x788D6200,
  0x788D6200,0x788D6200,0x788D6300,0x788D6300,0x788D6200,0x778D6200,0x768C6200,0x758C6100,
  0x748B6100,0x738B6000,0x728A6000,0x728A5F00,0x71895E00,0x70885E00,0x6F875D00,0x6E865C00,
  0x6E855C00,0x6D835B00,0x6D815A00,0x6C805800,0x6B7D5700,0x6A7B5500,0x68775300,0x65745000,
  0xFFFFD200,0xFFFFD200,0xFFFFD200,0xFFFFD200,0x3A4A3800,0x35423300,0x303B2D00,0x2A332800,
  0x252C2200,0x1F251D00,0x1B1F1800,0x16191400,0x13141000,0x0F100D00,0x0C0D0B00,0x0A0B0800,
  0x090A0800,0x0C0C0A00,0x0E0F0C00,0x12131000,0x15181300,0x191E1700,0x1E231B00,0x232A2000,
  0x28312600,0x2D382B00,0x333F3000,0x37463600,0xFFFFD200,0xFFFFD200,0xFFFFD200,0xFFFFD200,
  0x64714E00,0x67745100,0x69775300,0x6B7B5500,0x6C7D5700,0x6D7F5800,0x6E815A00,0x6F825B00,
  0x70835C00,0x72855C00,0x72865D00,0x72875E00,0x73875F00,0x74885F00,0x74885F00,0x75885F00,
  0x75885F00,0x75885F00,0x75885F00,0x75885F00,0x74885F00,0x73885F00,0x73885F00,0x72885E00,
  0x72875D00,0x71865D00,0x70855D00,0x6F855C00,0x6F855C00,0x6E845C00,0x6D835B00,0x6C825A00,
  0x6C815900,0x6B805800,0x6B7E5700,0x6B7D5600,0x6A7A5500,0x68775300,0x66745100,0x64714E00,
  0xFFFFD200,0xFFFFD200,0xFFFFD200,0xFFFFD200,0x37463600,0x323F3100,0x2E382B00,0x28312600,
  0x232A2000,0x1E231B00,0x191E1700,0x15181300,0x12131000,0x0E0F0C00,0x0C0C0A00,0x090A0800,
  0x09090700,0x0B0C0900,0x0D0E0C00,0x11120F00,0x14171200,0x181C1600,0x1C211A00,0x21271E00,
  0x262E2400,0x2B352900,0x303C2E00,0x35423300,0xFFFFD200,0xFFFFD200,0xFFFFD200,0xFFFFD200,
  0x626E4C00,0x65714F00,0x66745100,0x69775300,0x6A795400,0x6B7B5500,0x6C7D5700,0x6D7E5700,
  0x6D7F5900,0x6F815A00,0x6F815A00,0x70825B00,0x71835B00,0x71835C00,0x72835C00,0x72835C00,
  0x72835C00,0x72835C00,0x72835C00,0x72835C00,0x71835C00,0x71835B00,0x70835B00,0x6F835A00,
  0x6F825A00,0x6E825A00,0x6D815A00,0x6C815900,0x6C805900,0x6B805800,0x6B7F5700,0x6B7E5700,
  0x6A7D5700,0x6A7C5500,0x697A5500,0x68795300,0x67765200,0x65745000,0x64714E00,0x616E4C00,
  0xFFFFD200,0xFFFFD200,0xFFFFD200,0xFFFFD200,0x35433300,0x303C2E00,0x2C352900,0x262E2400,
  0x21271E00,0x1C211A00,0x181C1600,0x14171200,0x11120F00,0x0D0E0C00,0x0B0C0900,0x09090700,
  0x08090700,0x0A0B0900,0x0C0D0B00,0x0F110D00,0x13151100,0x161A1400,0x1A1F1800,0x1F251C00,
  0x242B2100,0x29312600,0x2E382B00,0x323E3000,0xFFFFD200,0xFFFFD200,0xFFFFD200,0xFFFFD200,
  0xFFFFD200,0xFFFFD200,0xFFFFD200,0xFFFFD200,0xFFFFD200,0xFFFFD200,0xFFFFD200,0xFFFFD200,
  0xFFFFD200,0xFFFFD200,0xFFFFD200,0xFFFFD200,0xFFFFD200,0xFFFFD200,0xFFFFD200,0xFFFFD200,
  0xFFFFD200,0xFFFFD200,0xFFFFD200,0xFFFFD200,0xFFFFD200,0xFFFFD200,0xFFFFD200,0xFFFFD200,
  0xFFFFD200,0xFFFFD200,0xFFFFD200,0xFFFFD200,0xFFFFD200,0xFFFFD200,0xFFFFD200,0xFFFFD200,
  0xFFFFD200,0xFFFFD200,0xFFFFD200,0xFFFFD200,0xFFFFD200,0xFFFFD200,0xFFFFD200,0xFFFFD200,
  0xFFFFD200,0xFFFFD200,0xFFFFD200,0xFFFFD200,0x323E3000,0x2D382B00,0x29322600,0x242B2100,
  0x1F251C00,0x1A1F1800,0x161A1400,0x13151100,0x0F110D00,0x0C0D0B00,0x0A0B0900,0x08090700,
  0x08080600,0x090A0800,0x0C0C0A00,0x0E0F0C00,0x12130F00,0x15181300,0x191D1600,0x1D221A00,
  0x22281F00,0x262E2300,0x2B342800,0x2F3A2D00,0x33403100,0xFFFFD200,0xFFFFD200,0xFFFFD200,
  0xFFFFD200,0xFFFFD200,0xFFFFD200,0xFFFFD200,0xFFFFD200,0xFFFFD200,0xFFFFD200,0xFFFFD200,
  0xFFFFD200,0xFFFFD200,0xFFFFD200,0xFFFFD200,0xFFFFD200,0xFFFFD200,0xFFFFD200,0xFFFFD200,
  0xFFFFD200,0xFFFFD200,0xFFFFD200,0xFFFFD200,0xFFFFD200,0xFFFFD200,0xFFFFD200,0xFFFFD200,
  0xFFFFD200,0xFFFFD200,0xFFFFD200,0xFFFFD200,0xFFFFD200,0xFFFFD200,0xFFFFD200,0xFFFFD200,
  0xFFFFD200,0xFFFFD200,0xFFFFD200,0xFFFFD200,0xFFFFD200,0xFFFFD200,0xFFFFD200,0xFFFFD200,
  0xFFFFD200,0xFFFFD200,0xFFFFD200,0x33403100,0x2F3A2D00,0x2B342800,0x262E2300,0x22281F00,
  0x1D221A00,0x191D1600,0x15181300,0x12130F00,0x0E0F0C00,0x0C0C0A00,0x090A0800,0x08080600,
  0x07070600,0x08090700,0x0B0B0900,0x0D0E0B00,0x10120E00,0x13161100,0x171A1400,0x1B1F1800,
  0x1F241D00,0x232A2100,0x28302500,0x2C352900,0x303B2D00,0x34413200,0xFFFFD200,0xFFFFD200,
  0xFFFFD200,0xFFFFD200,0xFFFFD200,0xFFFFD200,0xFFFFD200,0xFFFFD200,0xFFFFD200,0xFFFFD200,
  0xFFFFD200,0xFFFFD200,0xFFFFD200,0xFFFFD200,0xFFFFD200,0xFFFFD200,0xFFFFD200,0xFFFFD200,
  0xFFFFD200,0xFFFFD200,0xFFFFD200,0xFFFFD200,0xFFFFD200,0xFFFFD200,0xFFFFD200,0xFFFFD200,
  0xFFFFD200,0xFFFFD200,0xFFFFD200,0xFFFFD200,0xFFFFD200,0xFFFFD200,0xFFFFD200,0xFFFFD200,
  0xFFFFD200,0xFFFFD200,0xFFFFD200,0xFFFFD200,0xFFFFD200,0xFFFFD200,0xFFFFD200,0xFFFFD200,
  0xFFFFD200,0xFFFFD200,0x34413100,0x303B2D00,0x2C352900,0x28302500,0x232A2100,0x1F241D00,
  0x1B1F1800,0x171A1400,0x13161100,0x10120E00,0x0D0E0B00,0x0B0B0900,0x08090700,0x07070600,
  0x06060500,0x08080600,0x090A0800,0x0C0D0A00,0x0F100D00,0x11140F00,0x15181200,0x191C1600,
  0x1D211A00,0x20261E00,0x242B2200,0x28312600,0x2C362A00,0x303B2E00,0x34403100,0xFFFFD200,
  0xFFFFD200,0xFFFFD200,0xFFFFD200,0xFFFFD200,0xFFFFD200,0xFFFFD200,0xFFFFD200,0xFFFFD200,
  0xFFFFD200,0xFFFFD200,0xFFFFD200,0xFFFFD200,0xFFFFD200,0xFFFFD200,0xFFFFD200,0xFFFFD200,
  0xFFFFD200,0xFFFFD200,0xFFFFD200,0xFFFFD200,0xFFFFD200,0xFFFFD200,0xFFFFD200,0xFFFFD200,
  0xFFFFD200,0xFFFFD200,0xFFFFD200,0xFFFFD200,0xFFFFD200,0xFFFFD200,0xFFFFD200,0xFFFFD200,
  0xFFFFD200,0xFFFFD200,0xFFFFD200,0xFFFFD200,0xFFFFD200,0xFFFFD200,0xFFFFD200,0xFFFFD200,
  0xFFFFD200,0x34403100,0x303B2D00,0x2C362A00,0x28312600,0x242B2200,0x21261E00,0x1D211A00,
  0x191C1600,0x15181200,0x11140F00,0x0F100D00,0x0C0D0A00,0x090A0800,0x08080600,0x06060500,
  0x05050400,0x07070500,0x08090700,0x0B0B0900,0x0D0E0B00,0x10110E00,0x13151100,0x16191400,
  0x1A1E1700,0x1D221B00,0x21271F00,0x252C2200,0x28312600,0x2C352900,0x303A2D00,0x333F3000,
  0x35433300,0x38473600,0x3A4A3900,0x3C4D3B00,0x3E503D00,0x3F523F00,0x40544000,0x41564100,
  0x42574200,0x43584300,0x43594300,0x435A4400,0x445A4400,0x445A4400,0x445A4400,0x445A4400,
  0x445B4400,0x445B4400,0x435A4400,0x435A4400,0x435A4400,0x435A4400,0x435A4300,0x425A4300,
  0x42594300,0x42594300,0x42594300,0x41594300,0x41584200,0x41584200,0x40574100,0x40564100,
  0x3F554000,0x3F533F00,0x3E523E00,0x3D4F3C00,0x3B4D3A00,0x3A4A3800,0x38463600,0x35423300,
  0x323E3000,0x2F3A2C00,0x2C352900,0x28312600,0x252C2200,0x21271F00,0x1D221B00,0x1A1E1700,
  0x16191400,0x13151100,0x10110E00,0x0D0E0B00,0x0B0B0900,0x08090700,0x07070500,0x05050400,
  0x05050400,0x06060500,0x07080600,0x090A0800,0x0C0D0A00,0x0E0F0C00,0x10130F00,0x14161200,
  0x171A1500,0x1A1E1800,0x1E231B00,0x21271E00,0x252B2200,0x28302500,0x2B342800,0x2E382B00,
  0x303C2E00,0x333F3100,0x35433300,0x37453500,0x39483700,0x3A4A3900,0x3B4C3A00,0x3C4D3B00,
  0x3C4E3C00,0x3D4F3C00,0x3E503D00,0x3E513D00,0x3E513D00,0x3E513E00,0x3E513E00,0x3E513E00,
  0x3E513E00,0x3E513D00,0x3E513D00,0x3E513D00,0x3E513D00,0x3D513D00,0x3D513D00,0x3D513D00,
  0x3D513D00,0x3D513D00,0x3D503D00,0x3C503C00,0x3C503C00,0x3C4F3C00,0x3C4E3B00,0x3B4D3B00,
  0x3A4C3A00,0x3A4B3900,0x39493800,0x38473600,0x36453500,0x35423300,0x333F3000,0x303C2E00,
  0x2E382B00,0x2B342800,0x28302500,0x242B2200,0x21271E00,0x1E231B00,0x1A1E1800,0x171A1500,
  0x14161200,0x10130F00,0x0E0F0C00,0x0C0D0A00,0x090A0800,0x07080600,0x06060500,0x05050400,
  0x04040300,0x05050400,0x06070500,0x08090700,0x0A0B0900,0x0C0D0B00,0x0E100D00,0x11140F00,
  0x14171200,0x171B1500,0x1A1E1800,0x1D221B00,0x20261E00,0x242A2100,0x272E2300,0x29312600,
  0x2B352900,0x2E382B00,0x303B2D00,0x323D2F00,0x33403100,0x35423300,0x36433300,0x36443400,
  0x37463500,0x38463600,0x38473600,0x38483700,0x38483700,0x39483700,0x39483700,0x39483700,
  0x39483700,0x39483700,0x38483700,0x38483700,0x38483700,0x38483700,0x38483700,0x38483700,
  0x37483600,0x37483600,0x37473600,0x37473600,0x37473600,0x36463600,0x36463500,0x36453400,
  0x35443400,0x34433300,0x34413200,0x333F3000,0x313D2F00,0x303B2D00,0x2E382B00,0x2B352900,
  0x29312600,0x262E2300,0x232A2100,0x20261E00,0x1D221B00,0x1A1E1800,0x171B1500,0x14171200,
  0x11140F00,0x0E100D00,0x0C0D0B00,0x0A0B0900,0x08090700,0x06070500,0x05050400,0x04040300,
  0x03030300,0x04050300,0x06060500,0x07070600,0x09090700,0x0A0B0900,0x0C0E0B00,0x0F110D00,
  0x12141000,0x14171200,0x171A1500,0x1A1E1700,0x1C211A00,0x1F241D00,0x22281F00,0x242B2100,
  0x262E2400,0x29312600,0x2B332800,0x2C362900,0x2D382B00,0x2F392C00,0x303B2D00,0x303C2E00,
  0x313D2F00,0x323E3000,0x323E3000,0x323F3000,0x323F3000,0x323F3100,0x323F3000,0x323F3000,
  0x32403000,0x32403000,0x323F3000,0x323F3000,0x323F3000,0x323F3000,0x323F3000,0x323F3000,
  0x323F3000,0x323F3000,0x323F3000,0x313F3000,0x313E3000,0x313E2F00,0x313D2F00,0x303C2E00,
  0x303C2E00,0x2F3B2D00,0x2E392C00,0x2D372B00,0x2C352900,0x2A332800,0x28312600,0x262E2400,
  0x242B2100,0x22281F00,0x1F241C00,0x1C211A00,0x1A1E1700,0x171A1500,0x14171200,0x12141000,
  0x0F110D00,0x0C0E0B00,0x0A0B0900,0x09090700,0x07070600,0x06060500,0x04050300,0x03030300,
  0x03030200,0x04040300,0x05050400,0x06060500,0x07080600,0x090A0800,0x0B0C0900,0x0D0E0B00,
  0x0F110D00,0x11140F00,0x14161200,0x16191400,0x181C1600,0x1B1F1800,0x1D221A00,0x20251D00,
  0x21271F00,0x232A2100,0x252C2200,0x272E2400,0x28302500,0x29312600,0x2A332700,0x2A342800,
  0x2B352900,0x2B352900,0x2C362A00,0x2C362A00,0x2C362A00,0x2C372A00,0x2C372A00,0x2C372A00,
  0x2C372A00,0x2C372A00,0x2C372A00,0x2C372A00,0x2C372A00,0x2C372A00,0x2C372A00,0x2C362A00,
  0x2C362A00,0x2C362A00,0x2C362A00,0x2C362900,0x2B362900,0x2B352900,0x2B352900,0x2A342800,
  0x2A332800,0x29322700,0x28312600,0x27302500,0x262E2300,0x252C2200,0x232A2000,0x21271F00,
  0x1F251D00,0x1D221A00,0x1B1F1800,0x181C1600,0x16191400,0x14161200,0x11140F00,0x0F110D00,
  0x0D0E0B00,0x0B0C0900,0x090A0800,0x07080600,0x06060500,0x05050400,0x04040300,0x03030200,
  0x02020200,0x03030200,0x04040300,0x05050400,0x06070500,0x07080600,0x090A0800,0x0B0C0900,
  0x0D0E0B00,0x0F100D00,0x10130F00,0x13151100,0x15181300,0x171A1500,0x191D1600,0x1B1F1800,
  0x1C211A00,0x1E231C00,0x20251D00,0x21271E00,0x22281F00,0x232A2100,0x242B2100,0x252C2200,
  0x252D2200,0x252D2300,0x262D2300,0x262E2300,0x262E2300,0x262E2400,0x262E2400,0x262E2400,
  0x262E2400,0x262E2400,0x262E2400,0x262E2400,0x262E2400,0x262E2400,0x262E2400,0x262E2300,
  0x262E2300,0x262E2300,0x262E2400,0x262E2300,0x252E2300,0x252D2300,0x252D2300,0x242C2200,
  0x242B2200,0x232B2100,0x232A2000,0x22281F00,0x21271E00,0x20251D00,0x1E231C00,0x1C211A00,
  0x1B1F1800,0x191D1600,0x171A1500,0x15181300,0x13151100,0x10130F00,0x0F100D00,0x0D0E0B00,
  0x0B0C0900,0x090A0800,0x07080600,0x06070500,0x05050400,0x04040300,0x03030200,0x02020200,
  0x02020100,0x02030200,0x03030300,0x04040300,0x05050400,0x06060500,0x07080600,0x090A0800,
  0x0A0B0900,0x0C0D0B00,0x0E0F0C00,0x10110E00,0x11130F00,0x13161100,0x15181300,0x161A1400,
  0x181B1600,0x191D1700,0x1B1F1800,0x1C201900,0x1C211A00,0x1E231B00,0x1E231C00,0x1F241C00,
  0x1F251D00,0x20251D00,0x20261E00,0x20261E00,0x20261E00,0x20261E00,0x20261E00,0x20261E00,
  0x20271E00,0x20271E00,0x20271E00,0x20271E00,0x20271E00,0x20271E00,0x20271E00,0x20261E00,
  0x20261E00,0x20261E00,0x20261E00,0x20261E00,0x20261E00,0x20261D00,0x1F251D00,0x1F251D00,
  0x1F241C00,0x1E231C00,0x1D231B00,0x1C211A00,0x1C201900,0x1B1F1800,0x191D1700,0x181B1600,
  0x16191400,0x15181300,0x13161100,0x11130F00,0x10110E00,0x0E0F0C00,0x0C0D0B00,0x0A0B0900,
  0x090A0800,0x07080600,0x06060500,0x05050400,0x04040300,0x03030300,0x02030200,0x02020100,
  0x01010100,0x02020100,0x02020200,0x03030300,0x04040300,0x05050400,0x06060500,0x07080600,
  0x08090700,0x0A0B0900,0x0B0C0A00,0x0D0E0B00,0x0E100C00,0x10110E00,0x11130F00,0x12151000,
  0x14161200,0x15181300,0x16191400,0x171A1500,0x181B1600,0x181C1600,0x191D1700,0x1A1E1700,
  0x1A1E1800,0x1A1F1800,0x1A1F1800,0x1B1F1800,0x1B1F1800,0x1B1F1900,0x1B1F1900,0x1B1F1900,
  0x1B201900,0x1B201800,0x1B201800,0x1B201800,0x1B201800,0x1B201800,0x1B201800,0x1B201800,
  0x1B1F1800,0x1B1F1800,0x1B1F1900,0x1B1F1800,0x1B1F1800,0x1A1F1800,0x1A1F1800,0x1A1E1800,
  0x1A1E1700,0x191D1700,0x181C1600,0x181B1500,0x171A1500,0x16191400,0x15181300,0x13161200,
  0x12151000,0x11130F00,0x10110E00,0x0E100C00,0x0D0E0B00,0x0B0C0A00,0x0A0B0900,0x08090700,
  0x07080600,0x06060500,0x05050400,0x04040300,0x03030300,0x02020200,0x02020100,0x01010100,
  0x01010100,0x02020100,0x02020200,0x03030200,0x03030300,0x04040300,0x05050400,0x06060500,
  0x07070600,0x08080700,0x090A0800,0x0A0B0900,0x0B0D0A00,0x0D0E0B00,0x0E0F0C00,0x0F110D00,
  0x10120E00,0x11130F00,0x12141000,0x13151100,0x13161100,0x14171200,0x14171200,0x15181300,
  0x15181300,0x16191400,0x16191400,0x16191400,0x16191400,0x16191400,0x16191400,0x16191400,
  0x16191400,0x161A1400,0x161A1400,0x161A1400,0x161A1400,0x161A1400,0x161A1400,0x16191400,
  0x16191400,0x16191400,0x16191400,0x16191400,0x16191400,0x16191400,0x15191300,0x15181300,
  0x15181300,0x14171200,0x14171200,0x13161100,0x13151100,0x12141000,0x11130F00,0x10120E00,
  0x0F110D00,0x0E0F0C00,0x0D0E0B00,0x0B0D0A00,0x0A0B0900,0x090A0800,0x08080700,0x07070600,
  0x06060500,0x05050400,0x04040300,0x03030300,0x03030200,0x02020200,0x02020100,0x01010100,
  0x01010100,0x01010100,0x01010100,0x02020100,0x02030200,0x03030200,0x04040300,0x04050400,
  0x05060400,0x06070500,0x07070600,0x08090700,0x090A0800,0x0A0B0900,0x0B0C0A00,0x0C0D0A00,
  0x0D0E0B00,0x0E0F0C00,0x0E100D00,0x0F110D00,0x0F110E00,0x10120E00,0x10120F00,0x11130F00,
  0x11130F00,0x11131000,0x12141000,0x12141000,0x12141000,0x12141000,0x12141000,0x12141000,
  0x12141000,0x12141000,0x12141000,0x12141000,0x12141000,0x12141000,0x12141000,0x12141000,
  0x12141000,0x12141000,0x12141000,0x12141000,0x12141000,0x12141000,0x11130F00,0x11130F00,
  0x11130F00,0x10120F00,0x10120E00,0x0F110E00,0x0F110D00,0x0E100D00,0x0E0F0C00,0x0D0E0B00,
  0x0C0D0A00,0x0B0C0A00,0x0A0B0900,0x090A0800,0x08090700,0x07070600,0x06070500,0x05060400,
  0x04050400,0x04040300,0x03030200,0x02030200,0x02020100,0x01010100,0x01010100,0x01010100,
  0x01010000,0x01010100,0x01010100,0x01010100,0x02020100,0x02020200,0x03030200,0x03040300,
  0x04040300,0x05050400,0x05060500,0x06070500,0x07070600,0x08080700,0x09090700,0x090A0800,
  0x0A0B0900,0x0B0C0900,0x0B0C0A00,0x0C0D0A00,0x0C0D0B00,0x0D0E0B00,0x0D0E0B00,0x0D0F0C00,
  0x0D0F0C00,0x0E0F0C00,0x0E0F0C00,0x0E100C00,0x0E100C00,0x0E100C00,0x0E100C00,0x0E100C00,
  0x0E100C00,0x0E100C00,0x0E100C00,0x0E100C00,0x0E100C00,0x0E100C00,0x0E100C00,0x0E100C00,
  0x0E100C00,0x0E100C00,0x0E100C00,0x0E100C00,0x0E100C00,0x0E0F0C00,0x0E0F0C00,0x0D0F0C00,
  0x0D0F0C00,0x0D0E0B00,0x0D0E0B00,0x0C0D0B00,0x0C0D0A00,0x0B0C0A00,0x0B0C0900,0x0A0B0900,
  0x090A0800,0x09090700,0x08080700,0x07070600,0x06070500,0x05060500,0x05050400,0x04040300,
  0x03040300,0x03030200,0x02020200,0x02020100,0x01010100,0x01010100,0x01010100,0x01010000,
  0x00000000,0x01010000,0x01010100,0x01010100,0x01010100,0x02020100,0x02020200,0x02030200,
  0x03030200,0x03040300,0x04040300,0x05050400,0x05060400,0x06060500,0x07070600,0x07070600,
  0x07080700,0x08090700,0x09090700,0x090A0800,0x090A0800,0x0A0A0800,0x0A0B0900,0x0A0B0900,
  0x0A0B0900,0x0B0B0900,0x0B0C0900,0x0B0C0900,0x0B0C0900,0x0B0C0900,0x0B0C0900,0x0B0C0900,
  0x0B0C0900,0x0B0C0900,0x0B0C0900,0x0B0C0900,0x0B0C0900,0x0B0C0900,0x0B0C0900,0x0B0C0900,
  0x0B0C0900,0x0B0C0900,0x0B0C0900,0x0B0C0900,0x0B0C0900,0x0B0C0900,0x0B0B0900,0x0A0B0900,
  0x0A0B0900,0x0A0B0900,0x0A0A0800,0x090A0800,0x090A0800,0x09090700,0x08090700,0x07080700,
  0x07070600,0x07070600,0x06060500,0x05060400,0x05050400,0x04040300,0x03040300,0x03030200,
  0x02030200,0x02020200,0x02020100,0x01010100,0x01010100,0x01010100,0x01010000,0x00000000,
  0x00000000,0x00000000,0x01010000,0x01010100,0x01010100,0x01010100,0x01010100,0x02020100,
  0x02020200,0x02030200,0x03030200,0x03040300,0x04040300,0x04040400,0x05050400,0x05050400,
  0x05060500,0x06060500,0x06070500,0x07070600,0x07070600,0x07080600,0x07080600,0x08080700,
  0x08080700,0x08080700,0x08080700,0x08090700,0x08090700,0x08090700,0x08090700,0x08090700,
  0x08090700,0x08090700,0x08090700,0x08090700,0x08090700,0x08090700,0x08090700,0x08090700,
  0x08090700,0x08090700,0x08090700,0x08090700,0x08090700,0x08080700,0x08080700,0x08080700,
  0x08080700,0x07080600,0x07080600,0x07070600,0x07070600,0x06070500,0x06060500,0x05060500,
  0x05050400,0x05050400,0x04040400,0x04040300,0x03040300,0x03030200,0x02030200,0x02020200,
  0x02020100,0x01010100,0x01010100,0x01010100,0x01010100,0x01010000,0x00000000,0x00000000,
  0x00000000,0x00000000,0x00000000,0x01010000,0x01010100,0x01010100,0x01010100,0x01010100,
  0x01020100,0x02020100,0x02020200,0x02020200,0x03030200,0x03030300,0x03030300,0x04040300,
  0x04040300,0x04040400,0x04050400,0x05050400,0x05050400,0x05050400,0x05050400,0x05060500,
  0x05060500,0x06060500,0x06060500,0x06060500,0x06060500,0x06060500,0x06060500,0x06060500,
  0x06060500,0x06060500,0x06060500,0x06060500,0x06060500,0x06060500,0x06060500,0x06060500,
  0x06060500,0x06060500,0x06060500,0x06060500,0x06060500,0x06060500,0x06060500,0x05060500,
  0x05060500,0x05050400,0x05050400,0x05050400,0x05050400,0x04050400,0x04040400,0x04040300,
  0x04040300,0x03030300,0x03030300,0x03030200,0x02020200,0x02020200,0x02020100,0x01020100,
  0x01010100,0x01010100,0x01010100,0x01010100,0x01010000,0x00000000,0x00000000,0x00000000,
  0x00000000,0x00000000,0x00000000,0x00000000,0x00000000,0x00000000,0x01010000,0x01010100,
  0x01010100,0x01010100,0x01010100,0x02020100,0x02020100,0x02020200,0x02020200,0x02020200,
  0x03030200,0x03030200,0x03030200,0x03030300,0x03030300,0x03030300,0x03040300,0x04040300,
  0x04040300,0x04040300,0x04040300,0x04040300,0x04040300,0x04040300,0x04040300,0x04040300,
  0x04040300,0x04040300,0x04040300,0x04040300,0x04040300,0x04040300,0x04040300,0x04040300,
  0x04040300,0x04040300,0x04040300,0x04040300,0x04040300,0x04040300,0x04040300,0x04040300,
  0x04040300,0x03040300,0x03030300,0x03030300,0x03030300,0x03030200,0x03030200,0x03030200,
  0x02020200,0x02020200,0x02020200,0x02020100,0x02020100,0x01010100,0x01010100,0x01010100,
  0x01010100,0x01010000,0x00000000,0x00000000,0x00000000,0x00000000,0x00000000,0x00000000,
};

#define BR_ICON_AUDIO_W 72
#define BR_ICON_AUDIO_H 72
static const unsigned int BR_ICON_AUDIO[] = {
  0x00000000,0x00000000,0x00000000,0x00000000,0x00000000,0x00000000,0x00000000,0x00000000,
  0x00000000,0x00000000,0x00000000,0x00000000,0x00000000,0x00000000,0x00000000,0x00000000,
  0x00000000,0x00000000,0x00000000,0x00000000,0x00000000,0x00000000,0x00000000,0x00000000,
  0x00000000,0x00000000,0x00000000,0x00000000,0x01010000,0x01010100,0x01010100,0x01010100,
  0x01010100,0x01010100,0x01010100,0x02020100,0x02020100,0x02020200,0x02020200,0x02020200,
  0x02020200,0x03030200,0x03030200,0x03030300,0x03030300,0x03030300,0x04040300,0x04040300,
  0x04040300,0x04040300,0x04040300,0x04040300,0x03030300,0x03030300,0x03030300,0x03030300,
  0x03030200,0x03030200,0x02020200,0x02020200,0x02020100,0x02020100,0x01010100,0x01010100,
  0x01010100,0x01010100,0x01010100,0x00000000,0x00000000,0x00000000,0x00000000,0x00000000,
  0x00000000,0x00000000,0x00000000,0x00000000,0x00000000,0x00000000,0x00000000,0x00000000,
  0x00000000,0x00000000,0x00000000,0x00000000,0x00000000,0x00000000,0x00000000,0x00000000,
  0x00000000,0x00000000,0x00000000,0x00000000,0x00000000,0x00000000,0x00000000,0x00000000,
  0x00000000,0x00000000,0x01010000,0x01010100,0x01010100,0x01010100,0x01010100,0x01010100,
  0x02020100,0x02020200,0x02020200,0x02020200,0x03030200,0x03030200,0x03030300,0x03030300,
  0x04040300,0x04040300,0x04040300,0x05050400,0x05050400,0x05050400,0x05050400,0x05050400,
  0x05050400,0x05050400,0x05050400,0x05050400,0x05050400,0x05050400,0x05050400,0x04040400,
  0x04040300,0x04040300,0x03030300,0x03030200,0x03030200,0x02020200,0x02020200,0x02020100,
  0x01010100,0x01010100,0x01010100,0x01010100,0x00000000,0x00000000,0x00000000,0x00000000,
  0x00000000,0x00000000,0x00000000,0x00000000,0x00000000,0x00000000,0x00000000,0x00000000,
  0x00000000,0x00000000,0x00000000,0x00000000,0x00000000,0x00000000,0x00000000,0x00000000,
  0x00000000,0x00000000,0x00000000,0x00000000,0x00000000,0x00000000,0x00000000,0x00000000,
  0x00000000,0x01010000,0x01010100,0x01010100,0x01010100,0x01010100,0x02020100,0x02020200,
  0x02020200,0x03030200,0x03030200,0x03030300,0x04040300,0x04040300,0x05050400,0x05050400,
  0x05050400,0x06060500,0x06060500,0x06060500,0x06060500,0x06060600,0x07070600,0x07070600,
  0x07070600,0x07070600,0x07070600,0x07070600,0x07070600,0x07070500,0x06060500,0x06060500,
  0x05050400,0x05050400,0x05050400,0x04040300,0x04040300,0x03030300,0x03030200,0x02020200,
  0x02020100,0x01010100,0x01010100,0x01010100,0x01010100,0x00000000,0x00000000,0x00000000,
  0x00000000,0x00000000,0x00000000,0x00000000,0x00000000,0x00000000,0x00000000,0x00000000,
  0x00000000,0x00000000,0x00000000,0x00000000,0x00000000,0x00000000,0x00000000,0x00000000,
  0x00000000,0x00000000,0x00000000,0x00000000,0x00000000,0x00000000,0x00000000,0x00000000,
  0x01010000,0x01010100,0x01010100,0x01010100,0x02020100,0x02020200,0x02020200,0x03030200,
  0x03030300,0x04040300,0x04040300,0x05050400,0x05050400,0x06060500,0x06060500,0x07070600,
  0x07070600,0x08080600,0x08080700,0x08080700,0x09090700,0x09090700,0x09090800,0x09090800,
  0x09090800,0x09090800,0x09090800,0x09090800,0x09090700,0x09090700,0x08080700,0x08080600,
  0x07070600,0x07070500,0x06060500,0x05050400,0x05050400,0x04040300,0x04040300,0x03030200,
  0x02020200,0x02020200,0x01010100,0x01010100,0x01010100,0x01010000,0x00000000,0x00000000,
  0x00000000,0x00000000,0x00000000,0x00000000,0x00000000,0x00000000,0x00000000,0x00000000,
  0x00000000,0x00000000,0x00000000,0x00000000,0x00000000,0x00000000,0x00000000,0x00000000,
  0x00000000,0x00000000,0x00000000,0x00000000,0x00000000,0x00000000,0x00000000,0x01010000,
  0x01010100,0x01010100,0x01010100,0x02020100,0x02020200,0x03030200,0x03030300,0x04040300,
  0x04040400,0x05050400,0x06060500,0x06060500,0x07070600,0x08080600,0x08080700,0x09090700,
  0x09090800,0x0A0A0800,0x0B0B0900,0x0B0B0900,0x0B0B0900,0x0B0B0A00,0x0C0C0A00,0x0C0C0A00,
  0x0C0C0A00,0x0C0C0A00,0x0C0C0A00,0x0C0C0A00,0x0B0B0900,0x0B0B0900,0x0B0B0900,0x0A0A0800,
  0x09090800,0x08080700,0x08080600,0x07070600,0x06060500,0x05050400,0x05050400,0x04040300,
  0x03030200,0x02020200,0x02020200,0x02020100,0x01010100,0x01010100,0x01010000,0x00000000,
  0x00000000,0x00000000,0x00000000,0x00000000,0x00000000,0x00000000,0x00000000,0x00000000,
  0x00000000,0x00000000,0x00000000,0x00000000,0x00000000,0x00000000,0x00000000,0x00000000,
  0x00000000,0x00000000,0x00000000,0x00000000,0x00000000,0x00000000,0x00000000,0x01010100,
  0x01010100,0x01010100,0x02020100,0x02020200,0x03030200,0x04040300,0x04040300,0x05050400,
  0x06060500,0x06060500,0x07070600,0x08080700,0x09090700,0x0A0A0800,0x0B0B0900,0x0B0B0900,
  0x0C0C0A00,0x0D0D0A00,0x0D0D0B00,0x0E0E0C00,0x0E0E0C00,0x0E0E0C00,0x0F0F0C00,0x0F0F0C00,
  0x0F0F0D00,0x0F0F0D00,0x0F0F0C00,0x0F0F0C00,0x0E0E0C00,0x0E0E0B00,0x0D0D0B00,0x0C0C0A00,
  0x0C0C0900,0x0B0B0900,0x0A0A0800,0x09090700,0x08080600,0x07070600,0x06060500,0x05050400,
  0x04040300,0x03030300,0x02020200,0x02020200,0x01010100,0x01010100,0x01010100,0x00000000,
  0x00000000,0x00000000,0x00000000,0x00000000,0x00000000,0x00000000,0x00000000,0x00000000,
  0x00000000,0x00000000,0x00000000,0x00000000,0x00000000,0x00000000,0x00000000,0x00000000,
  0x00000000,0x00000000,0x00000000,0x00000000,0x00000000,0x00000000,0x01010100,0x01010100,
  0x01010100,0x02020100,0x02020200,0x03030200,0x04040300,0x05050400,0x05050400,0x06060500,
  0x07070600,0x08080700,0x09090800,0x0A0A0800,0x0B0B0900,0x0C0C0A00,0x0D0D0B00,0x0E0E0C00,
  0x0F0F0D00,0x10100D00,0x11110E00,0x11110E00,0x12120F00,0x12120F00,0x13130F00,0x13130F00,
  0x13131000,0x13131000,0x13130F00,0x12120F00,0x12120F00,0x11110E00,0x10100D00,0x0F0F0D00,
  0x0E0E0C00,0x0D0D0B00,0x0C0C0A00,0x0B0B0900,0x0A0A0800,0x08080700,0x07070600,0x06060500,
  0x05050400,0x04040300,0x03030300,0x03030200,0x02020200,0x01010100,0x01010100,0x01010000,
  0x00000000,0x00000000,0x00000000,0x00000000,0x00000000,0x00000000,0x00000000,0x00000000,
  0x00000000,0x00000000,0x00000000,0x00000000,0x00000000,0x00000000,0x00000000,0x00000000,
  0x00000000,0x00000000,0x00000000,0x00000000,0x00000000,0x01010000,0x01010100,0x01010100,
  0x02020100,0x02020200,0x03030200,0x04040300,0x05050400,0x06060500,0x07070500,0x08080600,
  0x09090700,0x0A0A0900,0x0B0B0900,0x0D0D0A00,0x0E0E0B00,0x0F0F0C00,0x10100D00,0x12120E00,
  0x13130F00,0x14141000,0x14141100,0x15151200,0x16161200,0x16161200,0x17171300,0x17171300,
  0x17171300,0x17171300,0x17171300,0x16161200,0x15151200,0x15151100,0x14141000,0x13130F00,
  0x11110E00,0x10100D00,0x0F0F0C00,0x0D0D0B00,0x0C0C0A00,0x0A0A0800,0x09090700,0x07070600,
  0x06060500,0x05050400,0x04040300,0x03030300,0x02020200,0x02020100,0x01010100,0x01010000,
  0x00000000,0x00000000,0x00000000,0x00000000,0x00000000,0x00000000,0x00000000,0x00000000,
  0x00000000,0x00000000,0x00000000,0x00000000,0x00000000,0x00000000,0x00000000,0x00000000,
  0x00000000,0x00000000,0x00000000,0x00000000,0x00000000,0x01010000,0x01010100,0x02020100,
  0x02020200,0x03030200,0x04040300,0x05050400,0x06060500,0x07070600,0x08080700,0x0A0A0800,
  0x0B0B0900,0x0C0C0A00,0x0E0E0C00,0x10100D00,0x11110E00,0x12120F00,0x14141000,0x15151100,
  0x16161300,0x18181300,0x19191400,0x1A1A1500,0x1A1A1600,0x1A1A1600,0x1B1B1600,0x1B1B1600,
  0x1B1B1700,0x1B1B1700,0x1B1B1600,0x1B1B1600,0x1A1A1500,0x19191400,0x18181300,0x16161200,
  0x15151100,0x13131000,0x12120E00,0x10100D00,0x0E0E0C00,0x0C0C0A00,0x0A0A0900,0x09090700,
  0x07070600,0x06060500,0x05050400,0x04040300,0x03030200,0x02020200,0x02020100,0x01010100,
  0x00000000,0x00000000,0x00000000,0x00000000,0x00000000,0x00000000,0x00000000,0x00000000,
  0x00000000,0x00000000,0x00000000,0x00000000,0x00000000,0x00000000,0x00000000,0x00000000,
  0x00000000,0x00000000,0x00000000,0x00000000,0x01010000,0x01010100,0x01010100,0x02020200,
  0x03030200,0x03030300,0x05050400,0x06060500,0x07070600,0x08080700,0x0A0A0800,0x0C0C0900,
  0x0D0D0B00,0x0F0F0D00,0x11110E00,0x13130F00,0x14141100,0x16161200,0x18181300,0x19191500,
  0x1B1B1600,0x1C1C1700,0x1D1D1800,0x1E1E1900,0x1F1F1900,0x1F1F1A00,0x20201A00,0x20201A00,
  0x20201B00,0x20201A00,0x20201A00,0x1F1F1A00,0x1E1E1900,0x1D1D1800,0x1C1C1700,0x1A1A1500,
  0x18181400,0x16161300,0x15151100,0x12120F00,0x11110E00,0x0E0E0C00,0x0C0C0A00,0x0A0A0800,
  0x09090700,0x07070600,0x06060500,0x05050400,0x03030300,0x02020200,0x02020100,0x01010100,
  0x00000000,0x00000000,0x00000000,0x00000000,0x00000000,0x00000000,0x00000000,0x00000000,
  0x00000000,0x00000000,0x00000000,0x00000000,0x00000000,0x00000000,0x00000000,0x00000000,
  0x00000000,0x00000000,0x00000000,0x00000000,0x01010000,0x01010100,0x02020100,0x02020200,
  0x03030300,0x04040300,0x05050500,0x07070600,0x08080700,0x0A0A0800,0x0C0C0900,0x0E0E0B00,
  0x10100D00,0x12120F00,0x14141000,0x16161200,0x18181400,0x1A1A1500,0x1C1C1700,0x1E1E1800,
  0x1F1F1A00,0x21211B00,0x22221C00,0x23231D00,0x24241E00,0x24241E00,0x25251E00,0x25251E00,
  0x25251F00,0x25251F00,0x25251E00,0x24241E00,0x23231D00,0x21211B00,0x20201A00,0x1E1E1900,
  0x1C1C1700,0x1A1A1500,0x18181400,0x15151200,0x13131000,0x11110E00,0x0E0E0C00,0x0C0C0A00,
  0x0A0A0800,0x08080700,0x07070500,0x05050400,0x04040300,0x03030200,0x02020200,0x01010100,
  0x00000000,0x00000000,0x00000000,0x00000000,0x00000000,0x00000000,0x00000000,0x00000000,
  0x00000000,0x00000000,0x00000000,0x00000000,0x00000000,0x00000000,0x00000000,0x00000000,
  0x00000000,0x00000000,0x00000000,0x00000000,0x01010000,0x01010100,0x02020200,0x03030200,
  0x04040300,0x05050400,0x06060500,0x08080600,0x0A0A0800,0x0C0C0A00,0x0E0E0B00,0x10100D00,
  0x12120F00,0x15151100,0x17171300,0x19191500,0x1C1C1700,0x1E1E1800,0x20201A00,0x22221C00,
  0x24241D00,0x25251F00,0x27272000,0x28282100,0x29292200,0x29292200,0x2A2A2300,0x2A2A2300,
  0x2A2A2300,0x2A2A2300,0x29292200,0x29292100,0x27272000,0x26261F00,0x24241E00,0x22221C00,
  0x20201A00,0x1D1D1800,0x1B1B1600,0x18181400,0x16161200,0x13131000,0x10100D00,0x0E0E0B00,
  0x0B0B0900,0x09090800,0x07070600,0x06060500,0x04040400,0x03030300,0x03030200,0x02020100,
  0x00000000,0x00000000,0x00000000,0x00000000,0x00000000,0x00000000,0x00000000,0x00000000,
  0x00000000,0x00000000,0x00000000,0x00000000,0x00000000,0x00000000,0x00000000,0x00000000,
  0x00000000,0x00000000,0x00000000,0x00000000,0x01010100,0x01010100,0x02020200,0x03030300,
  0x04040400,0x05050400,0x07070600,0x09090700,0x0B0B0900,0x0D0D0B00,0x10100D00,0xFFFFF596,
  0xFFFFF596,0xFFFFF596,0x1A1A1600,0x1D1D1800,0x1F1F1A00,0x22221C00,0x24241E00,0x26261F00,
  0x28282100,0x2A2A2200,0x2C2C2400,0x2D2D2500,0x2D2D2600,0x2E2E2600,0x2F2F2600,0x2F2F2700,
  0x2F2F2700,0x2F2F2600,0x2E2E2600,0x2D2D2500,0x2C2C2400,0x2A2A2300,0x28282100,0x26261F00,
  0x24241D00,0x21211B00,0x1E1E1900,0x1B1B1600,0x18181400,0x15151200,0x12120F00,0x0F0F0C00,
  0x0D0D0A00,0x0A0A0900,0x08080700,0x07070500,0x05050400,0x04040300,0x03030200,0x02020100,
  0x00000000,0x00000000,0x00000000,0x00000000,0x00000000,0x00000000,0x00000000,0x00000000,
  0x00000000,0x00000000,0x00000000,0x00000000,0x00000000,0x00000000,0x00000000,0x00000000,
  0x00000000,0x00000000,0x00000000,0x00000000,0x01010100,0x02020100,0x03030200,0x04040300,
  0x05050400,0x06060500,0x08080700,0x0A0A0800,0x0D0D0A00,0x0F0F0C00,0xFFFFF596,0xFFFFF596,
  0xFFFFF596,0xFFFFF596,0xFFFFF596,0x20201A00,0x23231D00,0x26261F00,0x28282100,0x2B2B2300,
  0x2D2D2500,0x2F2F2600,0x30302800,0x31312900,0x32322900,0x33332A00,0x33332A00,0x33332A00,
  0x33332A00,0x33332A00,0x33332A00,0x32322900,0x30302700,0x2E2E2600,0xFFFFD200,0x2A2A2200,
  0x27272000,0x24241E00,0x21211B00,0x1E1E1900,0x1B1B1600,0x17171400,0x14141100,0x11110E00,
  0x0E0E0C00,0x0C0C0900,0x09090800,0x08080600,0x06060500,0x04040300,0x03030200,0x02020100,
  0x00000000,0x00000000,0x00000000,0x00000000,0x00000000,0x00000000,0x00000000,0x00000000,
  0x00000000,0x00000000,0x00000000,0x00000000,0x00000000,0x00000000,0x00000000,0x00000000,
  0x00000000,0x00000000,0x00000000,0x00000000,0x01010100,0x02020100,0x03030200,0x04040300,
  0x05050500,0x07070600,0x09090800,0x0B0B0900,0x0E0E0B00,0x11110E00,0xFFFFF596,0xFFFFF596,
  0xFFFFF596,0xFFFFF596,0xFFFFF596,0x24241D00,0x27272000,0x29292200,0x2C2C2400,0x2F2F2600,
  0x31312800,0x33332900,0x34342B00,0x36362C00,0x36362D00,0x37372D00,0x37372E00,0x38382E00,
  0x38382E00,0x37372E00,0xFFFFD200,0xFFFFD200,0xFFFFD200,0xFFFFD200,0xFFFFD200,0xFFFFD200,
  0xFFFFD200,0x27272100,0x24241E00,0x21211B00,0x1D1D1800,0x1A1A1500,0x16161200,0x13130F00,
  0x10100D00,0x0D0D0A00,0x0A0A0900,0x08080700,0x06060500,0x04040300,0x03030300,0x02020200,
  0x00000000,0x00000000,0x00000000,0x00000000,0x00000000,0x00000000,0x00000000,0x00000000,
  0x00000000,0x00000000,0x00000000,0x00000000,0x00000000,0x00000000,0x00000000,0x00000000,
  0x00000000,0x00000000,0x01010000,0x01010100,0x02020100,0x02020200,0x03030300,0x04040300,
  0x06060500,0x08080600,0x0A0A0900,0x0D0D0A00,0x0F0F0D00,0x12120F00,0xFFFFF596,0xFFFFF596,
  0xFFFFF596,0xFFFFF596,0xFFFFF596,0x27272000,0xFFFFD200,0xFFFFD200,0xFFFFD200,0xFFFFD200,
  0x34342B00,0x37372D00,0x38382E00,0x3A3A2F00,0x3A3A3000,0x3B3B3000,0xFFFFD200,0xFFFFD200,
  0xFFFFD200,0xFFFFD200,0xFFFFD200,0xFFFFD200,0xFFFFD200,0xFFFFD200,0xFFFFD200,0xFFFFD200,
  0xFFFFD200,0x2A2A2300,0x27272000,0x23231D00,0x20201A00,0x1C1C1700,0x18181400,0x14141100,
  0x11110E00,0x0E0E0B00,0x0B0B0900,0x09090700,0x07070600,0x05050400,0x04040300,0x02020200,
  0x00000000,0x00000000,0x00000000,0x00000000,0x00000000,0x00000000,0x00000000,0x00000000,
  0x00000000,0x00000000,0x00000000,0x00000000,0x00000000,0x00000000,0x00000000,0x00000000,
  0x00000000,0x00000000,0x01010000,0x01010100,0x02020100,0x02020200,0x03030300,0x05050400,
  0x07070600,0x09090700,0x0B0B0900,0x0E0E0B00,0x11110E00,0x14141000,0x18181300,0xFFFFF596,
  0xFFFFF596,0xFFFFF596,0x27272000,0x2A2A2200,0xFFFFD200,0xFFFFD200,0xFFFFD200,0xFFFFD200,
  0x38382E00,0xFFFFD200,0xFFFFD200,0xFFFFD200,0xFFFFD200,0xFFFFD200,0xFFFFD200,0xFFFFD200,
  0xFFFFD200,0xFFFFD200,0xFFFFD200,0xFFFFD200,0xFFFFD200,0xFFFFD200,0xFFFFD200,0xFFFFD200,
  0xFFFFD200,0x2D2D2500,0x2A2A2200,0x26261F00,0x22221C00,0x1E1E1900,0x1A1A1500,0x16161200,
  0x12120F00,0x0F0F0C00,0x0C0C0A00,0x0A0A0800,0x07070600,0x05050400,0x04040300,0x03030200,
  0x00000000,0x00000000,0x00000000,0x00000000,0x00000000,0x00000000,0x00000000,0x00000000,
  0x00000000,0x00000000,0x00000000,0x00000000,0x00000000,0x00000000,0x00000000,0x00000000,
  0x00000000,0x00000000,0x01010000,0x01010100,0x02020100,0x03030200,0x04040300,0x05050400,
  0x07070600,0x09090800,0x0C0C0A00,0x0F0F0C00,0x12120F00,0x16161200,0x1A1A1500,0x1D1D1800,
  0x22221B00,0x26261F00,0x29292200,0x2D2D2500,0xFFFFD200,0xFFFFD200,0xFFFFD200,0xFFFFD200,
  0xFFFFD200,0xFFFFD200,0xFFFFD200,0xFFFFD200,0xFFFFD200,0xFFFFD200,0xFFFFD200,0xFFFFD200,
  0xFFFFD200,0xFFFFD200,0xFFFFD200,0x40403400,0x3E3E3300,0xFFFFD200,0xFFFFD200,0xFFFFD200,
  0xFFFFD200,0x2F2F2700,0x2C2C2400,0x28282100,0x24241E00,0x20201A00,0x1C1C1700,0x17171300,
  0x14141000,0x10100D00,0x0D0D0B00,0x0B0B0800,0x08080700,0x06060400,0x04040400,0x03030200,
  0x00000000,0x00000000,0x00000000,0x00000000,0x00000000,0x00000000,0x00000000,0x00000000,
  0x00000000,0x00000000,0x00000000,0x00000000,0x00000000,0x00000000,0x00000000,0x00000000,
  0x00000000,0x00000000,0x01010000,0x01010100,0x02020200,0x03030200,0x04040300,0x06060400,
  0x08080600,0x0A0A0800,0x0D0D0B00,0x10100D00,0x13131000,0x17171300,0x1B1B1600,0x1F1F1A00,
  0x24241D00,0x28282100,0x2C2C2400,0x2F2F2700,0xFFFFD200,0xFFFFD200,0xFFFFD200,0xFFFFD200,
  0xFFFFD200,0xFFFFD200,0xFFFFD200,0xFFFFD200,0xFFFFD200,0xFFFFD200,0x44443800,0x45453800,
  0x44443800,0x44443800,0x43433700,0x42423600,0x41413500,0xFFFFD200,0xFFFFD200,0xFFFFD200,
  0xFFFFD200,0x32322900,0x2E2E2600,0x2A2A2300,0x26261F00,0x21211C00,0x1D1D1800,0x19191400,
  0x15151100,0x11110E00,0x0E0E0B00,0x0B0B0900,0x08080700,0x06060500,0x05050400,0x03030200,
  0x00000000,0x00000000,0x00000000,0x00000000,0x00000000,0x00000000,0x00000000,0x00000000,
  0x00000000,0x00000000,0x00000000,0x00000000,0x00000000,0x00000000,0x00000000,0x00000000,
  0x00000000,0x00000000,0x01010000,0x01010100,0x02020200,0x03030200,0x04040400,0x06060500,
  0x08080700,0x0B0B0900,0x0E0E0B00,0x11110E00,0x15151100,0x18181400,0x1D1D1700,0x21211B00,
  0x26261F00,0x2A2A2200,0x2E2E2600,0x32322900,0xFFFFD200,0xFFFFD200,0xFFFFD200,0xFFFFD200,
  0xFFFFD200,0xFFFFD200,0x44443800,0x45453900,0x46463A00,0x46463A00,0x46463A00,0x47473A00,
  0x47473A00,0x46463A00,0x46463900,0x44443800,0x43433700,0xFFFFD200,0xFFFFD200,0xFFFFD200,
  0xFFFFD200,0x34342B00,0x30302800,0x2C2C2400,0x28282100,0x23231D00,0x1E1E1900,0x1A1A1500,
  0x16161200,0x12120F00,0x0E0E0C00,0x0C0C0900,0x09090700,0x06060500,0x05050400,0x03030200,
  0x00000000,0x00000000,0x00000000,0x00000000,0x00000000,0x00000000,0x00000000,0x00000000,
  0x00000000,0x00000000,0x00000000,0x00000000,0x00000000,0x00000000,0x00000000,0x00000000,
  0x00000000,0x00000000,0x01010000,0x01010100,0x02020200,0x03030200,0x05050400,0x06060500,
  0x09090700,0x0B0B0900,0x0E0E0C00,0x12120F00,0x16161200,0x1A1A1500,0x1E1E1900,0x23231D00,
  0x28282000,0x2C2C2400,0x30302800,0x34342B00,0xFFFFD200,0xFFFFD200,0xFFFFD200,0xFFFFD200,
  0x43433700,0x45453800,0x46463A00,0x47473B00,0x48483B00,0x48483B00,0x48483B00,0x49493B00,
  0x48483C00,0x48483B00,0x47473B00,0x46463A00,0x45453800,0xFFFFD200,0xFFFFD200,0xFFFFD200,
  0xFFFFD200,0x35352C00,0x32322900,0x2E2E2500,0x29292200,0x24241E00,0x20201A00,0x1B1B1600,
  0x17171200,0x13130F00,0x0F0F0C00,0x0C0C0A00,0x09090800,0x07070500,0x05050400,0x03030300,
  0x00000000,0x00000000,0x00000000,0x00000000,0x00000000,0x00000000,0x00000000,0x00000000,
  0x00000000,0x00000000,0x00000000,0x00000000,0x00000000,0x00000000,0x00000000,0x00000000,
  0x00000000,0x00000000,0x01010000,0x01010100,0x03030200,0x03030300,0x05050400,0x07070500,
  0x09090800,0x0C0C0A00,0x0F0F0C00,0x13130F00,0x17171200,0x1B1B1600,0x20201A00,0x24241E00,
  0x29292200,0x2E2E2500,0x32322900,0x36362C00,0xFFFFD200,0xFFFFD200,0xFFFFD200,0xFFFFD200,
  0x45453900,0x47473A00,0x48483B00,0x49493C00,0x49493D00,0x4A4A3C00,0x4A4A3D00,0x4A4A3D00,
  0x4A4A3D00,0x4A4A3C00,0x49493C00,0x48483B00,0x46463A00,0xFFFFD200,0xFFFFD200,0xFFFFD200,
  0xFFFFD200,0x37372D00,0x33332A00,0x2F2F2600,0x2A2A2300,0x25251F00,0x21211B00,0x1C1C1700,
  0x17171300,0x13131000,0x10100D00,0x0D0D0A00,0x0A0A0800,0x07070500,0x05050400,0x04040300,
  0x00000000,0x00000000,0x00000000,0x00000000,0x00000000,0x00000000,0x00000000,0x00000000,
  0x00000000,0x00000000,0x00000000,0x00000000,0x00000000,0x00000000,0x00000000,0x00000000,
  0x00000000,0x00000000,0x01010000,0x01010100,0x03030200,0x03030300,0x05050400,0x07070500,
  0x0A0A0800,0x0C0C0A00,0x10100D00,0x13131000,0x17171300,0x1C1C1700,0x21211B00,0x25261F00,
  0x2B2B2300,0x2F2F2700,0x34342B00,0x37372E00,0xFFFFD200,0xFFFFD200,0xFFFFD200,0xFFFFD200,
  0x46463A00,0x48483B00,0x494A3D00,0x4A4B3D00,0x4B4B3E00,0x4B4B3D00,0x4B4B3E00,0x4B4B3E00,
  0x4B4B3E00,0x4B4B3D00,0x4A4A3D00,0x49493C00,0x47473A00,0xFFFFD200,0xFFFFD200,0xFFFFD200,
  0xFFFFD200,0x38382E00,0x35352B00,0x30302700,0x2B2C2400,0x26262000,0x21211B00,0x1C1C1700,
  0x18181300,0x14141000,0x10100D00,0x0D0D0A00,0x0A0A0800,0x07070600,0x06060500,0x04040300,
  0x00000000,0x00000000,0x00000000,0x00000000,0x00000000,0x00000000,0x00000000,0x00000000,
  0x00000000,0x00000000,0x00000000,0x00000000,0x00000000,0x00000000,0x00000000,0x00000000,
  0x00000000,0x00000000,0x01010000,0x01010100,0x03030200,0x04040300,0x06060500,0x07070600,
  0x0A0A0800,0x0D0D0A00,0x10100D00,0x14141100,0x18181400,0x1D1D1800,0x22221C00,0x27272000,
  0x2C2C2400,0x31312800,0x35352C00,0x39392F00,0xFFFFD200,0xFFFFD200,0xFFFFD200,0xFFFFD200,
  0x48483B00,0x494A3C00,0x4B4B3E00,0x4C4C3E00,0x4C4C3F00,0x4C4C3E00,0x4B4C3E00,0x4C4C3E00,
  0x4C4C3F00,0x4C4C3E00,0x4B4B3D00,0x4A4A3C00,0x48483B00,0xFFFFD200,0xFFFFD200,0xFFFFD200,
  0xFFFFD200,0x39392F00,0x35362C00,0x31312800,0x2C2C2400,0x27272100,0x22221C00,0x1D1D1800,
  0x19191400,0x14141100,0x10100D00,0x0D0D0A00,0x0A0A0800,0x07070600,0x06060500,0x04040300,
  0x00000000,0x00000000,0x00000000,0x00000000,0x00000000,0x00000000,0x00000000,0x00000000,
  0x00000000,0x00000000,0x00000000,0x00000000,0x00000000,0x00000000,0x00000000,0x00000000,
  0x00000000,0x00000000,0x01010000,0x01010100,0x03030200,0x04040300,0x06060500,0x08080600,
  0x0B0B0900,0x0E0E0B00,0x11110E00,0x15151100,0x19191500,0x1E1E1900,0x23231D00,0x28282100,
  0x2D2D2500,0x32322900,0x36372D00,0x3A3A3000,0xFFFFD200,0xFFFFD200,0xFFFFD200,0xFFFFD200,
  0x49493C00,0x4A4B3D00,0x4C4C3E00,0x4C4D3F00,0x4C4D4000,0x4D4D3F00,0x4C4D3F00,0x4D4D3F00,
  0x4C4D3F00,0x4D4D3F00,0x4C4C3E00,0x4A4B3D00,0x49493C00,0xFFFFD200,0xFFFFD200,0xFFFFD200,
  0xFFFFD200,0x3A3A3000,0x36362D00,0x32322900,0x2D2D2500,0x28282100,0x23231D00,0x1D1E1800,
  0x19191400,0x15151100,0x11110E00,0x0D0E0B00,0x0A0A0900,0x08080600,0x06060500,0x04040300,
  0x00000000,0x00000000,0x00000000,0x00000000,0x00000000,0x00000000,0x00000000,0x00000000,
  0x00000000,0x00000000,0x00000000,0x00000000,0x00000000,0x00000000,0x00000000,0x00000000,
  0x00000000,0x00000000,0x01010000,0x02020100,0x04040300,0x04040300,0x07070500,0x08080700,
  0x0C0C0900,0x0F0F0C00,0x12120F00,0x16161200,0x1A1B1500,0x1F1F1A00,0x24241E00,0x29292200,
  0x2F2F2600,0x34342A00,0x38382E00,0x3B3C3100,0xFFFFD200,0xFFFFD200,0xFFFFD200,0xFFFFD200,
  0x4A4B3D00,0x4C4C3E00,0x4D4D3F00,0x4D4E4000,0x4D4E4000,0x4E4E4000,0x4D4E4000,0x4E4E4000,
  0x4D4E4000,0x4D4E4000,0x4C4D3F00,0x4B4C3E00,0x4A4A3D00,0xFFFFD200,0xFFFFD200,0xFFFFD200,
  0xFFFFD200,0x3A3B3000,0x37372D00,0x33332900,0x2E2E2600,0x28282200,0x23231D00,0x1E1E1900,
  0x191A1500,0x15151100,0x11110E00,0x0E0E0B00,0x0B0B0900,0x08080600,0x06060500,0x04040300,
  0x00000000,0x00000000,0x00000000,0x00000000,0x00000000,0x00000000,0x00000000,0x00000000,
  0x00000000,0x00000000,0x00000000,0x00000000,0x00000000,0x00000000,0x00000000,0x00000000,
  0x01010000,0x01010100,0x02020100,0x02020200,0x04040300,0x05050400,0x07070600,0x09090700,
  0x0C0D0A00,0x10100D00,0x13131000,0x17171300,0x1C1C1600,0x20201B00,0x26261F00,0x2B2B2400,
  0x30302800,0x35362B00,0x3A3A3000,0x3D3D3300,0xFFFFD200,0xFFFFD200,0xFFFFD200,0xFFFFD200,
  0x4B4C3E00,0x4D4E4000,0x4E4F4100,0x4F504100,0x4F504200,0x4F504100,0x4E4F4100,0x4F504100,
  0x4E4F4100,0x4E4F4100,0x4D4E4000,0x4C4D3F00,0x4B4C3E00,0xFFFFD200,0xFFFFD200,0xFFFFD200,
  0xFFFFD200,0x3B3C3100,0x38382E00,0x33342A00,0x2E2F2600,0x29292200,0x24241E00,0x1E1F1900,
  0x1A1A1500,0x16161100,0x11110E00,0x0E0E0B00,0x0B0B0900,0x08080600,0x06060500,0x04040300,
  0x00000000,0x00000000,0x00000000,0x00000000,0x00000000,0x00000000,0x00000000,0x00000000,
  0x00000000,0x00000000,0x00000000,0x00000000,0x00000000,0x00000000,0x01010000,0x01010100,
  0x01010100,0x01010100,0x02020100,0x03030200,0x05050400,0x06060500,0x08080700,0x0A0A0800,
  0x0E0E0B00,0x11110E00,0x15151100,0x19191400,0x1D1D1800,0x22221C00,0x27282100,0x2C2D2500,
  0x32322900,0x37382D00,0x3B3C3100,0x3F3F3400,0xFFFFD200,0xFFFFD200,0xFFFFD200,0xFFFFD200,
  0x4D4E4000,0x4F504100,0x50514200,0x50524300,0x50524300,0x50524300,0x4F514300,0x50524200,
  0x50514300,0x50514200,0x4F504100,0x4D4F4000,0x4C4D3F00,0xFFFFD200,0xFFFFD200,0xFFFFD200,
  0xFFFFD200,0x3C3D3200,0x39392F00,0x34352B00,0x2F2F2700,0x29292300,0x24241E00,0x1F1F1900,
  0x1A1A1500,0x16161200,0x11120E00,0x0E0E0B00,0x0B0B0900,0x08080600,0x06060500,0x04040300,
  0x00000000,0x00000000,0x00000000,0x00000000,0x00000000,0x00000000,0x00000000,0x00000000,
  0x00000000,0x00000000,0x00000000,0x00000000,0x01010000,0x01010100,0x01010100,0x01010100,
  0x01010100,0x02020100,0x03030200,0x03030300,0x06060400,0x07070600,0x09090800,0x0C0C0900,
  0x0F0F0C00,0x12130F00,0x16161200,0x1B1B1600,0x1F1F1900,0x24241E00,0x292A2200,0x2E2F2700,
  0x34352B00,0x393A2F00,0x3E3E3300,0x41423600,0xFFFFD200,0xFFFFD200,0xFFFFD200,0xFFFFD200,
  0x4F514200,0x51534300,0x52544400,0x52554500,0x52544500,0x52554400,0x51544500,0x52544400,
  0x51544400,0x51534400,0x50524300,0x4F514200,0x4D4F4000,0xFFFFD200,0xFFFFD200,0xFFFFD200,
  0xFFFFD200,0x3D3E3300,0x393A3000,0x35362B00,0x30302700,0x2A2A2300,0x25251E00,0x1F1F1A00,
  0x1A1B1500,0x16161200,0x12120F00,0x0E0E0B00,0x0B0B0900,0x08080600,0x06060500,0x04040300,
  0x00000000,0x00000000,0x00000000,0x00000000,0x00000000,0x00000000,0x00000000,0x00000000,
  0x00000000,0x00000000,0x00000000,0x01010000,0x01010100,0x01010100,0x01010100,0x02020100,
  0x02020200,0x02030200,0x04040200,0x04050400,0x07070500,0x08090700,0x0B0B0900,0x0D0E0B00,
  0x11110E00,0x14151000,0x18181400,0x1D1D1800,0x21221B00,0x26272000,0x2C2D2400,0x31322900,
  0x36382D00,0x3C3D3100,0x40413500,0x44453800,0xFFFFD200,0xFFFFD200,0xFFFFD200,0xFFFFD200,
  0x52544500,0x53564600,0x54574700,0x55584700,0x54574800,0x55584700,0x54574700,0x54574700,
  0x53574700,0x53564600,0x52554500,0x51534400,0x4F514200,0xFFFFD200,0xFFFFD200,0xFFFFD200,
  0xFFFFD200,0x3E3F3400,0x3A3B3000,0x36372C00,0x30312800,0x2A2B2400,0x25261F00,0x1F201A00,
  0x1B1B1600,0x16161200,0x12120F00,0x0E0E0B00,0x0B0B0900,0x08080600,0x06060500,0x04040300,
  0x00000000,0x00000000,0x00000000,0x00000000,0x00000000,0x00000000,0x00000000,0x00000000,
  0x00000000,0x00000000,0x01010000,0x01010100,0x01010100,0x01010100,0x02020100,0x02030200,
  0x03030200,0x03040300,0x05050300,0x06060500,0x08090700,0x0A0A0800,0x0C0D0B00,0x0F100C00,
  0x13131000,0x16171200,0x1A1B1600,0x1F201A00,0x23251D00,0x282A2200,0x2E302700,0x34352C00,
  0x393B3000,0x3E403400,0x43453800,0x46483B00,0xFFFFD200,0xFFFFD200,0xFFFFD200,0xFFFFD200,
  0x55584800,0x565A4900,0x575B4A00,0x585C4A00,0x575B4B00,0x585C4A00,0x565B4A00,0x575B4900,
  0x565A4900,0x565A4800,0x55584700,0x53564600,0x51544400,0xFFFFD200,0xFFFFD200,0xFFFFD200,
  0xFFFFD200,0x3F413500,0x3B3D3100,0x36382D00,0x31322900,0x2B2B2400,0x26261F00,0x20201A00,
  0x1B1B1600,0x16161200,0x12120F00,0x0E0E0B00,0x0B0B0900,0x08080600,0x06060500,0x04040300,
  0x00000000,0x00000000,0x00000000,0x00000000,0x00000000,0x00000000,0x00000000,0x00000000,
  0x00000000,0x01010000,0x01010100,0x01010100,0x02020100,0x02020200,0x03030200,0x03030300,
  0x04040300,0x05050400,0x06070500,0x07080600,0x0A0A0800,0x0C0C0A00,0x0E0F0C00,0x11120E00,
  0x15161200,0x191A1500,0x1D1E1800,0x22231C00,0x26282000,0x2B2D2500,0x32332A00,0x37382E00,
  0x3C3F3300,0x42443700,0x46493B00,0x4A4C3E00,0xFFFFD200,0xFFFFD200,0xFFFFD200,0xFFFFD200,
  0x585D4B00,0x5A5E4C00,0x5A5F4D00,0x5B604E00,0x5B604E00,0x5B604D00,0x5A5F4D00,0x5A5F4D00,
  0x595E4C00,0x595E4B00,0x575C4A00,0x555A4900,0x53574700,0xFFFFD200,0xFFFFD200,0xFFFFD200,
  0xFFFFD200,0x40433600,0x3C3E3200,0x37392E00,0x32332900,0x2B2C2500,0x26272000,0x20211B00,
  0x1B1C1600,0x16171200,0x12120F00,0x0E0F0B00,0x0B0B0900,0x08080600,0x06060500,0x04040300,
  0x00000000,0x00000000,0x00000000,0x00000000,0x00000000,0x00000000,0x00000000,0x00000000,
  0x01010000,0x01010100,0x01010100,0x01020100,0x02020200,0x03030200,0x03040300,0x04040400,
  0x05050400,0x06070500,0x08080600,0x09090800,0x0C0D0A00,0x0E0F0C00,0x11120F00,0x14151100,
  0x18191400,0x1C1D1700,0x20221B00,0x25271F00,0x2A2C2300,0x2F312800,0x35372D00,0x3A3D3200,
  0x40433600,0x45483A00,0x4A4D3E00,0x4E514200,0xFFFFD200,0xFFFFD200,0xFFFFD200,0xFFFFD200,
  0x5C624F00,0x5D635000,0x5E645100,0x5F655100,0x5F655200,0x5F655100,0x5D645100,0x5D645000,
  0x5C635000,0x5C624F00,0x5A604D00,0x585E4B00,0x565B4900,0xFFFFD200,0xFFFFD200,0xFFFFD200,
  0xFFFFD200,0x42453800,0x3D403400,0x383A2F00,0x32342A00,0x2C2D2500,0x26272000,0x21211B00,
  0x1B1C1600,0x17171200,0x12120F00,0x0F0F0C00,0x0B0B0900,0x08080600,0x06060500,0x04040300,
  0x00000000,0x00000000,0x00000000,0x00000000,0x00000000,0x00000000,0x00000000,0x00000000,
  0x01010100,0x01010100,0x02020100,0x02020200,0x03030200,0x03040300,0x04050300,0x05060500,
  0x06070500,0x07080600,0x0A0A0800,0x0B0C0A00,0x0E0F0C00,0x10120E00,0x14151100,0x17191300,
  0x1B1D1700,0x1F211A00,0x24261E00,0x292B2300,0x2D302700,0x33362C00,0x393C3100,0x3E423500,
  0x44483A00,0x494D3E00,0x4E524200,0x52564600,0xFFFFD200,0xFFFFD200,0xFFFFD200,0xFFFFD200,
  0x60675300,0x61695400,0x626A5500,0x636B5500,0x636A5600,0x626A5500,0x61695500,0x61695400,
  0x60685300,0x5F675200,0x5D645000,0x5B624E00,0x585E4C00,0xFFFFD200,0xFFFFD200,0xFFFFD200,
  0xFFFFD200,0x43463900,0x3E413500,0x393B3000,0x33352B00,0x2C2E2600,0x27282000,0x21211B00,
  0x1C1C1700,0x17171300,0x12130F00,0x0F0F0C00,0x0B0B0900,0x08080700,0x06060500,0x04040300,
  0x00000000,0x00000000,0x00000000,0x00000000,0x00000000,0x00000000,0x00000000,0x01010000,
  0x01010100,0x01010100,0x02020200,0x02030200,0x03040300,0x04050400,0x05060400,0x07070600,
  0x08090700,0x090A0800,0x0C0D0A00,0x0D0F0C00,0x11120E00,0x13151100,0x17191400,0x1A1D1700,
  0x1F211B00,0x23261E00,0x282B2200,0x2D302700,0x32352B00,0x373B3000,0x3D413500,0x43473A00,
  0x494D3E00,0x4E534200,0x52584700,0x565C4A00,0xFFFFD200,0xFFFFD200,0xFFFFD200,0xFFFFD200,
  0x656D5700,0x666E5800,0x67705900,0x67705A00,0x66705A00,0x66705900,0x656F5900,0x656E5800,
  0x636C5700,0x626B5500,0x60695300,0x5D665100,0x5B624E00,0xFFFFD200,0xFFFFD200,0xFFFFD200,
  0xFFFFD200,0x44483A00,0x3F433600,0x3A3C3100,0x33362B00,0x2D2E2600,0x27292100,0x21221C00,
  0x1C1C1700,0x17171300,0x12130F00,0x0E0F0C00,0x0B0B0900,0x08080700,0x06060500,0x04040300,
  0x00000000,0x00000000,0x00000000,0x00000000,0x00000000,0x00000000,0x00000000,0x01010100,
  0x01010100,0x02020100,0x02030200,0x03030300,0x04040400,0x05060500,0x07070600,0x08090700,
  0x0A0B0800,0x0B0D0A00,0x0E100C00,0x10120E00,0x14161100,0x17191400,0x1A1D1700,0x1E211A00,
  0x23261E00,0x282B2200,0x2C302600,0x32362B00,0x373B2F00,0x3C413400,0x42473900,0x484D3E00,
  0x4D534300,0x53594700,0x575E4B00,0x5B624F00,0xFFFFD200,0xFFFFD200,0xFFFFD200,0xFFFFD200,
  0x69735B00,0x6A745D00,0x6B755D00,0x6B765E00,0x6A765E00,0x6A755D00,0x69745D00,0x68735C00,
  0x66715B00,0x65705900,0x636D5700,0x60695400,0x5D665100,0xFFFFD200,0xFFFFD200,0xFFFFD200,
  0xFFFFD200,0x454A3C00,0x40443600,0x3A3D3100,0x34362C00,0x2D2F2700,0x27292100,0x21221C00,
  0x1C1D1700,0x17171300,0x12130F00,0x0E0F0C00,0x0B0B0900,0x08080700,0x06060500,0x04040300,
  0x00000000,0x00000000,0x00000000,0x00000000,0x00000000,0x00000000,0x01010100,0x01010100,
  0x02020100,0x02020200,0x03030300,0x04040300,0x05060400,0x07070600,0x08090700,0x0A0B0900,
  0x0C0D0A00,0x0E100C00,0x11130E00,0x13151100,0x171A1400,0x1A1D1700,0x1F221B00,0x23261E00,
  0x272C2300,0x2C312600,0x31362B00,0x373C3000,0x3C423400,0x41473900,0x484E3E00,0x4D534300,
  0x535A4800,0x585F4C00,0x5C645000,0x60685300,0xFFFFD200,0xFFFFD200,0xFFFFD200,0xFFFFD200,
  0x6D796000,0x6E7A6100,0x6F7B6200,0x6F7C6200,0xFFFFD200,0xFFFFD200,0xFFFFD200,0xFFFFD200,
  0xFFFFD200,0xFFFFD200,0x66715A00,0x626D5700,0x5F695300,0xFFFFD200,0xFFFFD200,0xFFFFD200,
  0xFFFFD200,0x464B3D00,0x40453700,0x3A3E3200,0x34372C00,0x2D302700,0x27292100,0x21221C00,
  0x1C1D1700,0x16171300,0x12130F00,0x0E0F0B00,0x0B0B0900,0x08080700,0x06060500,0x04040300,
  0x00000000,0x00000000,0x00000000,0x00000000,0x00000000,0x00000000,0x01010100,0x01010100,
  0x02020200,0x03030200,0x04040300,0x05050400,0x06070500,0x08080700,0x0A0B0800,0x0C0D0A00,
  0x0E0F0C00,0x10130F00,0x14161100,0x16191400,0x1B1E1800,0x1E221B00,0x23271F00,0x272C2300,
  0x2C312700,0x31372B00,0x363C3000,0x3C423500,0x41483900,0x474E3E00,0x4D544300,0x525A4800,
  0x58604D00,0x5D665100,0x616B5500,0x656F5800,0xFFFFD200,0xFFFFD200,0xFFFFD200,0xFFFFD200,
  0x727E6400,0xFFFFD200,0xFFFFD200,0xFFFFD200,0xFFFFD200,0xFFFFD200,0xFFFFD200,0xFFFFD200,
  0xFFFFD200,0xFFFFD200,0xFFFFD200,0xFFFFD200,0xFFFFD200,0xFFFFD200,0xFFFFD200,0xFFFFD200,
  0xFFFFD200,0x464D3D00,0x41463800,0x3A3F3200,0x34372C00,0x2D302700,0x27292100,0x21221C00,
  0x1B1D1700,0x16171200,0x12120F00,0x0E0F0B00,0x0B0B0900,0x08080600,0x06060500,0x04040300,
  0x00000000,0x00000000,0x00000000,0x00000000,0x00000000,0x01010000,0x01010100,0x01020100,
  0x02020200,0x03030300,0x04050400,0x06060500,0x07080600,0x090A0800,0x0B0C0A00,0x0E0F0C00,
  0x10120E00,0x13161100,0x171A1400,0x1A1D1700,0x1F221B00,0x22271E00,0x272C2300,0x2C312700,
  0x31372C00,0x373D3000,0x3C433500,0x41493A00,0x474F3E00,0x4C554400,0x535B4900,0x58614E00,
  0x5D675200,0x626C5600,0x66715A00,0x6A755D00,0xFFFFD200,0xFFFFD200,0xFFFFD200,0xFFFFD200,
  0xFFFFD200,0xFFFFD200,0xFFFFD200,0xFFFFD200,0xFFFFD200,0xFFFFD200,0xFFFFD200,0xFFFFD200,
  0xFFFFD200,0xFFFFD200,0xFFFFD200,0xFFFFD200,0xFFFFD200,0xFFFFD200,0xFFFFD200,0xFFFFD200,
  0xFFFFD200,0x474E3E00,0x41473800,0x3A3F3300,0x34382D00,0x2D302700,0x27292100,0x21221C00,
  0x1B1C1700,0x16171200,0x12120F00,0x0E0E0B00,0x0A0B0900,0x07080600,0x06060500,0x04040300,
  0x00000000,0x00000000,0x00000000,0x00000000,0x00000000,0x01010000,0x01010100,0x02020100,
  0x03030200,0x04040300,0x05050400,0x06070500,0x08090700,0x0B0B0900,0x0D0E0B00,0x10120E00,
  0x13151000,0x16191400,0x1A1D1700,0x1D211B00,0x22271F00,0x262C2200,0x2C322700,0x31372B00,
  0x363D3100,0x3C433500,0x41493A00,0x47503F00,0x4C564400,0x525C4900,0x58624E00,0x5D685300,
  0x626E5700,0x67735B00,0x6B775F00,0x6E7B6200,0xFFFFD200,0xFFFFD200,0xFFFFD200,0xFFFFD200,
  0xFFFFD200,0xFFFFD200,0xFFFFD200,0xFFFFD200,0xFFFFD200,0xFFFFD200,0xFFFFD200,0xFFFFD200,
  0xFFFFD200,0xFFFFD200,0xFFFFD200,0xFFFFD200,0xFFFFD200,0xFFFFD200,0xFFFFD200,0xFFFFD200,
  0xFFFFD200,0x474E3E00,0x40473800,0x3A3F3200,0x33372C00,0x2C302700,0x26292100,0x20221B00,
  0x1B1C1600,0x16171200,0x11120F00,0x0E0E0B00,0x0A0B0800,0x07070600,0x05050400,0x04040300,
  0x00000000,0x00000000,0x00000000,0x00000000,0x00000000,0x01010100,0x01010100,0x02020200,
  0x03030300,0x04040300,0x06060500,0x07080600,0x0A0A0800,0x0C0D0B00,0x0F100D00,0x12141000,
  0x15181300,0x191C1600,0x1D211A00,0x21261E00,0x262B2200,0x2B312600,0x30372B00,0x353D3000,
  0x3B433500,0x414A3A00,0x46503F00,0x4C564400,0x515D4900,0x57634E00,0x5D695300,0x626E5800,
  0x67745C00,0x6B796000,0x6F7D6300,0x73816600,0xFFFFD200,0xFFFFD200,0xFFFFD200,0xFFFFD200,
  0xFFFFD200,0xFFFFD200,0xFFFFD200,0xFFFFD200,0x8D8A6700,0x8B896600,0x8A886500,0x88866300,
  0x85836200,0x83815F00,0xFFFFD200,0xFFFFD200,0xFFFFD200,0xFFFFD200,0xFFFFD200,0xFFFFD200,
  0xFFFFD200,0x464E3E00,0x40473800,0x393F3200,0x33372C00,0x2C2F2600,0x26292000,0x20211B00,
  0x1A1C1600,0x15161200,0x11120E00,0x0D0E0B00,0x0A0A0800,0x07070600,0x05050400,0x03030300,
  0x00000000,0x00000000,0x00000000,0x00000000,0x01010000,0x01010100,0x02020100,0x02020200,
  0x03040300,0x05050400,0x06070600,0x08090700,0x0B0C0900,0x0D0F0C00,0x10120E00,0x14161100,
  0x181A1500,0x1B1F1900,0x20251C00,0x242A2100,0x2A302500,0x2F362A00,0x343C2F00,0x3A423400,
  0x3F493A00,0x45503E00,0xFFFFD200,0xFFFFD200,0xFFFFD200,0xFFFFD200,0xFFFFD200,0xFFFFD200,
  0xFFFFD200,0x6F7E6400,0x73836700,0x76866A00,0xFFFFD200,0xFFFFD200,0xFFFFD200,0xFFFFD200,
  0xFFFFD200,0xFFFFD200,0x918E6B00,0x908D6A00,0x8E8D6900,0x8C8B6700,0x8B896600,0x89876500,
  0x86856200,0x84826000,0x817F5D00,0x7C7B5A00,0xFFFFD200,0xFFFFD200,0xFFFFD200,0xFFFFD200,
  0xFFFFD200,0x454E3E00,0x3F463700,0x383E3100,0x32362B00,0x2B2F2500,0x25282000,0x1F211A00,
  0x1A1B1500,0x14161100,0x10110E00,0x0D0D0A00,0x0A0A0800,0x07070600,0x05050400,0x03030300,
  0x00000000,0x00000000,0x00000000,0x00000000,0x01010000,0x01010100,0x02020100,0x03030200,
  0x04040300,0x05060400,0x07080600,0x090A0800,0x0C0D0A00,0x0F100D00,0x12141000,0x16181300,
  0x1A1D1700,0x1E221B00,0x23281F00,0x272D2400,0x2D342900,0x323A2E00,0x38413300,0x3E483800,
  0xFFFFD200,0xFFFFD200,0xFFFFD200,0xFFFFD200,0xFFFFD200,0xFFFFD200,0xFFFFD200,0xFFFFD200,
  0xFFFFD200,0xFFFFD200,0xFFFFD200,0x798A6D00,0xFFFFD200,0xFFFFD200,0xFFFFD200,0xFFFFD200,
  0xFFFFD200,0x91906B00,0x91906B00,0x918F6B00,0x8F8E6A00,0x8D8D6800,0x8B8A6600,0x89886500,
  0x86856200,0x84826000,0x807F5D00,0x7C7B5A00,0x78775600,0xFFFFD200,0xFFFFD200,0xFFFFD200,
  0xFFFFD200,0x444D3D00,0x3E453600,0x373D3000,0x30352A00,0x2A2D2400,0x24271F00,0x1E201A00,
  0x191A1500,0x14151100,0x10110D00,0x0C0D0A00,0x090A0800,0x07070600,0x05050400,0x03030200,
  0x00000000,0x00000000,0x00000000,0x00000000,0x01010100,0x01010100,0x02020200,0x03030200,
  0x04040400,0x06060500,0x08080700,0x0A0B0800,0x0D0E0B00,0x10110E00,0x13161100,0x171A1500,
  0x1C201900,0x20251D00,0x252B2200,0x2A312700,0x30382C00,0x363F3100,0x3C463700,0xFFFFD200,
  0xFFFFD200,0xFFFFD200,0xFFFFD200,0xFFFFD200,0xFFFFD200,0xFFFFD200,0xFFFFD200,0xFFFFD200,
  0xFFFFD200,0xFFFFD200,0xFFFFD200,0xFFFFD200,0xFFFFD200,0xFFFFD200,0xFFFFD200,0xFFFFD200,
  0xFFFFD200,0x92906C00,0x91906B00,0x918F6B00,0x8F8E6A00,0x8C8C6800,0x8B896600,0x88876500,
  0x85846200,0x82815F00,0x7E7E5C00,0x7A7A5900,0x76755600,0xFFFFD200,0xFFFFD200,0xFFFFD200,
  0xFFFFD200,0x424B3B00,0x3C433500,0x353B2F00,0x2F332900,0x282C2300,0x22251E00,0x1D1F1900,
  0x18191400,0x13141000,0x0F100D00,0x0C0C0900,0x09090700,0x06060500,0x04040400,0x03030200,
  0x00000000,0x00000000,0x00000000,0x00000000,0x01010100,0x01010100,0x02020200,0x03030200,
  0x05050400,0x06070500,0x08090700,0x0B0C0900,0x0E0F0C00,0x11130F00,0x15171200,0x191C1600,
  0x1E221A00,0x23281F00,0x282E2400,0x2D342900,0x333C2E00,0x39423400,0xFFFFD200,0xFFFFD200,
  0xFFFFD200,0xFFFFD200,0xFFFFD200,0xFFFFD200,0xFFFFD200,0xFFFFD200,0xFFFFD200,0xFFFFD200,
  0xFFFFD200,0xFFFFD200,0xFFFFD200,0xFFFFD200,0xFFFFD200,0xFFFFD200,0xFFFFD200,0xFFFFD200,
  0xFFFFD200,0x91906C00,0x91906B00,0x8F8E6A00,0x8D8D6900,0x8B8B6700,0x89896500,0x86866300,
  0x83836100,0x80805E00,0x7D7C5B00,0x78785700,0x74745400,0xFFFFD200,0xFFFFD200,0xFFFFD200,
  0xFFFFD200,0x40493900,0x39413300,0x33392D00,0x2D312700,0x272A2200,0x21241C00,0x1B1D1700,
  0x16181300,0x12130F00,0x0E0F0C00,0x0B0C0900,0x08090700,0x06060500,0x04040300,0x03030200,
  0x00000000,0x00000000,0x00000000,0x01010000,0x01010100,0x02020100,0x02020200,0x03030300,
  0x05050400,0x07070500,0x09090800,0x0B0C0A00,0x0F100D00,0x12141000,0x16191300,0x1A1E1700,
  0x1F241C00,0x242A2100,0x2A302600,0x2F372B00,0x363E3100,0xFFFFD200,0xFFFFD200,0xFFFFD200,
  0xFFFFD200,0xFFFFD200,0xFFFFD200,0x75755500,0x79795900,0x7E7D5C00,0x82815F00,0x84846200,
  0xFFFFD200,0xFFFFD200,0xFFFFD200,0xFFFFD200,0xFFFFD200,0xFFFFD200,0xFFFFD200,0xFFFFD200,
  0xFFFFD200,0x908F6A00,0x8E8E6A00,0x8D8D6800,0x8B8B6600,0x89896500,0x86866300,0x84836100,
  0x80815F00,0x7D7D5C00,0x79795900,0x75755500,0x71715200,0xFFFFD200,0xFFFFD200,0xFFFFD200,
  0xFFFFD200,0x3D463700,0x373E3100,0x30362B00,0x2A2F2500,0x24282000,0x1F221B00,0x1A1C1600,
  0x15171200,0x11120E00,0x0D0E0B00,0x0A0B0800,0x08080600,0x05060500,0x04040300,0x03030200,
  0x00000000,0x00000000,0x00000000,0x01010000,0x01010100,0x02020100,0x02020200,0x03040300,
  0x05050400,0x07070600,0x090A0800,0x0C0D0A00,0x0F110D00,0x13151100,0x171A1400,0x1B1F1800,
  0x20251D00,0x262C2200,0x2C322700,0x31392D00,0x38413300,0xFFFFD200,0xFFFFD200,0xFFFFD200,
  0xFFFFD200,0x6D6F4F00,0x72735300,0x77775600,0x7B7B5A00,0x7E7E5D00,0x83825F00,0x85856200,
  0x88876400,0x8B896600,0xFFFFD200,0xFFFFD200,0xFFFFD200,0xFFFFD200,0xFFFFD200,0xFFFFD200,
  0xFFFFD200,0xFFFFD200,0x8B8B6700,0x8A896600,0x88876400,0x85866200,0x83836000,0x80805E00,
  0x7D7D5C00,0x797A5900,0x76775600,0x72735300,0xFFFFD200,0xFFFFD200,0xFFFFD200,0xFFFFD200,
  0x3F493900,0x39423400,0x343B2E00,0x2E332900,0x282C2300,0x22261E00,0x1D201900,0x181A1500,
  0x14151100,0x10110D00,0x0C0D0B00,0x0A0A0800,0x07070600,0x05050400,0x03030300,0x02020200,
  0x00000000,0x00000000,0x00000000,0x01010000,0x01010100,0x02020100,0x03030200,0x03040300,
  0x05050400,0x07080600,0x090A0800,0x0C0D0A00,0x10110D00,0x13151100,0x171A1500,0x1C201900,
  0x21261E00,0x272D2300,0x2D342800,0x333B2E00,0xFFFFD200,0xFFFFD200,0xFFFFD200,0xFFFFD200,
  0x696B4D00,0x6E705000,0x73745300,0x78785700,0x7C7C5A00,0x7F7F5D00,0x83826000,0x85856200,
  0x88876400,0x8A896600,0x8B8A6600,0xFFFFD200,0xFFFFD200,0xFFFFD200,0xFFFFD200,0xFFFFD200,
  0xFFFFD200,0xFFFFD200,0xFFFFD200,0xFFFFD200,0x84836100,0x81815F00,0x7E7E5D00,0x7C7C5B00,
  0x78795900,0x75765600,0xFFFFD200,0xFFFFD200,0xFFFFD200,0xFFFFD200,0xFFFFD200,0xFFFFD200,
  0x3B453600,0x363E3000,0x30372B00,0x2A302600,0x25292100,0x20231C00,0x1B1E1700,0x16181300,
  0x12141000,0x0E100C00,0x0C0C0A00,0x090A0700,0x07070500,0x05050400,0x03030300,0x02020200,
  0x00000000,0x00000000,0x00000000,0x01010000,0x01010100,0x02020100,0x03030200,0x04040300,
  0x05050400,0x07080600,0x0A0A0800,0x0C0D0B00,0x10110E00,0x14151100,0x181B1500,0x1C201900,
  0x22271E00,0x282D2400,0x2D342900,0x333C2F00,0xFFFFD200,0xFFFFD200,0xFFFFD200,0xFFFFD200,
  0x6A6C4D00,0x6F705100,0x73745400,0x78785700,0x7B7C5A00,0x7E7F5D00,0x82815F00,0x84846200,
  0x86866200,0x88876400,0x89886500,0xFFFFD200,0xFFFFD200,0xFFFFD200,0xFFFFD200,0xFFFFD200,
  0xFFFFD200,0xFFFFD200,0xFFFFD200,0xFFFFD200,0xFFFFD200,0xFFFFD200,0xFFFFD200,0xFFFFD200,
  0xFFFFD200,0xFFFFD200,0xFFFFD200,0xFFFFD200,0xFFFFD200,0xFFFFD200,0xFFFFD200,0x3D473700,
  0x37403200,0x323A2D00,0x2D332800,0x272C2300,0x22261E00,0x1D201A00,0x191B1600,0x14161200,
  0x11120E00,0x0D0E0B00,0x0B0B0900,0x08090600,0x06060500,0x04040400,0x03030200,0x02020100,
  0x00000000,0x00000000,0x00000000,0x01010000,0x01010100,0x02020100,0x03030200,0x04040300,
  0x05050400,0x07080600,0x0A0A0800,0x0C0D0B00,0x10110E00,0x14151100,0x181B1500,0x1C201900,
  0x22271E00,0x282D2400,0x2D342900,0x333C2F00,0xFFFFD200,0xFFFFD200,0xFFFFD200,0xFFFFD200,
  0x696B4D00,0x6E705000,0x72735300,0x77775600,0x7A7B5900,0x7D7E5C00,0x7F805E00,0x82825F00,
  0x84836100,0x84846200,0x85856200,0xFFFFD200,0xFFFFD200,0xFFFFD200,0xFFFFD200,0x70836600,
  0xFFFFD200,0xFFFFD200,0xFFFFD200,0xFFFFD200,0xFFFFD200,0xFFFFD200,0xFFFFD200,0xFFFFD200,
  0xFFFFD200,0xFFFFD200,0xFFFFD200,0xFFFFD200,0xFFFFD200,0xFFFFD200,0x3D473800,0x38413300,
  0x333B2E00,0x2E352900,0x292F2500,0x24292000,0x1F231C00,0x1B1E1800,0x16191400,0x12141000,
  0x0F100D00,0x0C0D0A00,0x090A0800,0x07080600,0x05060400,0x04040300,0x03030200,0x02020100,
  0x00000000,0x00000000,0x00000000,0x01010000,0x01010100,0x02020100,0x03030200,0x03040300,
  0x05050400,0x07080600,0x090A0800,0x0C0D0A00,0x10110D00,0x13151100,0x171A1500,0x1C201900,
  0x21261E00,0x272D2300,0x2D342800,0x333B2E00,0xFFFFD200,0xFFFFD200,0xFFFFD200,0xFFFFD200,
  0x686B4C00,0x6C6E4F00,0x71725200,0x74755500,0x78785800,0x7A7B5A00,0x7D7D5C00,0x7E7F5D00,
  0x80805E00,0x81815F00,0x81815F00,0xFFFFD200,0xFFFFD200,0xFFFFD200,0xFFFFD200,0x6A7C6100,
  0x68795F00,0xFFFFD200,0xFFFFD200,0xFFFFD200,0xFFFFD200,0xFFFFD200,0xFFFFD200,0xFFFFD200,
  0xFFFFD200,0xFFFFD200,0xFFFFD200,0xFFFFD200,0xFFFFD200,0x3C473700,0x38413300,0x333C2F00,
  0x2E362A00,0x2A302600,0x252A2100,0x21251D00,0x1C201900,0x181B1500,0x14161200,0x11120E00,
  0x0E0E0C00,0x0B0B0900,0x08090700,0x06070500,0x05050400,0x03030300,0x02020200,0x01010100,
  0x00000000,0x00000000,0x00000000,0x01010000,0x01010100,0x02020100,0x02020200,0x03040300,
  0x05050400,0x07070600,0x090A0800,0x0C0D0A00,0x0F110D00,0x13151100,0x171A1400,0x1B1F1800,
  0x20251D00,0x262C2200,0x2B322700,0x31392D00,0x37403200,0xFFFFD200,0xFFFFD200,0xFFFFD200,
  0xFFFFD200,0x6A6D4D00,0x6E705000,0x72735300,0x74755500,0x77785700,0x79795900,0x7A7B5A00,
  0x7C7C5B00,0x7D7C5B00,0xFFFFD200,0xFFFFD200,0xFFFFD200,0xFFFFD200,0x65755C00,0x63745A00,
  0x61715900,0x5F6F5700,0x5D6C5400,0x5A695200,0xFFFFD200,0xFFFFD200,0xFFFFD200,0xFFFFD200,
  0xFFFFD200,0xFFFFD200,0x434F3E00,0x3F4A3A00,0x3B453600,0x37403200,0x333B2E00,0x2E362A00,
  0x2A302600,0x262B2200,0x22261E00,0x1D211A00,0x191C1600,0x15181300,0x12141000,0x0F100D00,
  0x0C0D0A00,0x090A0800,0x07080600,0x06060400,0x04040300,0x03030200,0x02020200,0x01010100,
  0x00000000,0x00000000,0x00000000,0x01010000,0x01010100,0x02020100,0x02020200,0x03030300,
  0x05050400,0x07070500,0x09090800,0x0B0C0A00,0x0F100D00,0x12141000,0x16191300,0x1A1E1700,
  0x1F241C00,0x242A2100,0x2A302600,0x2F372B00,0x353E3000,0xFFFFD200,0xFFFFD200,0xFFFFD200,
  0xFFFFD200,0xFFFFD200,0xFFFFD200,0x6E705000,0x71725200,0x73745400,0x74755500,0x76775600,
  0xFFFFD200,0xFFFFD200,0xFFFFD200,0xFFFFD200,0xFFFFD200,0xFFFFD200,0x5E6D5500,0x5C6B5400,
  0x5A685200,0x57665000,0x55634D00,0x52604B00,0x505D4800,0x4D5A4600,0x4A564300,0x47534100,
  0x444F3E00,0x404B3B00,0x3D473800,0x39433400,0x353E3100,0x31392D00,0x2D352900,0x29302600,
  0x252B2200,0x21261E00,0x1E221B00,0x1A1D1700,0x16191400,0x13151100,0x10120E00,0x0D0E0B00,
  0x0A0B0900,0x08090700,0x06070500,0x05050400,0x04040300,0x02020200,0x02020100,0x01010100,
  0x00000000,0x00000000,0x00000000,0x00000000,0x01010100,0x01010100,0x02020200,0x03030200,
  0x05050400,0x06070500,0x08090700,0x0B0C0900,0x0E0F0C00,0x11130F00,0x15171200,0x191C1600,
  0x1E221A00,0x23281F00,0x282E2400,0x2D342900,0x323B2E00,0x37413300,0xFFFFD200,0xFFFFD200,
  0xFFFFD200,0xFFFFD200,0xFFFFD200,0xFFFFD200,0xFFFFD200,0xFFFFD200,0xFFFFD200,0xFFFFD200,
  0xFFFFD200,0xFFFFD200,0xFFFFD200,0xFFFFD200,0xFFFFD200,0x58665000,0x56644E00,0x54624C00,
  0x525F4A00,0x505C4800,0x4D594600,0x4B564400,0x48534100,0x45503F00,0x424D3C00,0x3F4A3A00,
  0x3D473700,0x39433400,0x363F3100,0x333B2E00,0x2F372B00,0x2C332800,0x282E2400,0x252A2100,
  0x21261E00,0x1D221A00,0x1A1D1700,0x17191400,0x14161100,0x10120E00,0x0E0F0C00,0x0B0C0A00,
  0x090A0800,0x07080600,0x06060500,0x04050300,0x03030200,0x02020200,0x01010100,0x01010100,
  0x00000000,0x00000000,0x00000000,0x00000000,0x01010100,0x01010100,0x02020200,0x03030200,
  0x04040400,0x06060500,0x08080700,0x0A0B0800,0x0D0E0B00,0x10110E00,0x13161100,0x171A1500,
  0x1C201900,0x20251D00,0x252B2200,0x2A312600,0x2F372B00,0x343D2F00,0x39423400,0xFFFFD200,
  0xFFFFD200,0xFFFFD200,0xFFFFD200,0xFFFFD200,0xFFFFD200,0xFFFFD200,0xFFFFD200,0xFFFFD200,
  0xFFFFD200,0xFFFFD200,0xFFFFD200,0xFFFFD200,0x515F4A00,0x505D4900,0x4E5A4700,0x4C584500,
  0x4A554300,0x48534100,0x45503F00,0x434D3D00,0x404A3A00,0x3D473800,0x3B443500,0x38413300,
  0x363E3100,0x333B2E00,0x30372B00,0x2C342800,0x29302600,0x262C2300,0x23282000,0x20241D00,
  0x1D211A00,0x191D1700,0x17191400,0x13161100,0x11130F00,0x0E0F0C00,0x0C0D0A00,0x090A0800,
  0x08080700,0x06060500,0x05050400,0x03040300,0x03030200,0x02020100,0x01010100,0x01010000,
  0x00000000,0x00000000,0x00000000,0x00000000,0x01010000,0x01010100,0x02020100,0x03030200,
  0x04040300,0x05060400,0x07080600,0x090A0800,0x0C0D0A00,0x0F100D00,0x12141000,0x16181300,
  0x1A1D1700,0x1E221B00,0x23281F00,0x272D2300,0x2C332800,0x30382C00,0x353D3000,0x39433400,
  0xFFFFD200,0xFFFFD200,0xFFFFD200,0xFFFFD200,0xFFFFD200,0xFFFFD200,0xFFFFD200,0xFFFFD200,
  0xFFFFD200,0xFFFFD200,0xFFFFD200,0x4B574500,0x4A554300,0x48534100,0x46513F00,0x444F3E00,
  0x424C3C00,0x40493900,0x3D463700,0x3B443500,0x39413300,0x363E3100,0x343B2F00,0x31382C00,
  0x2F362A00,0x2C322800,0x292F2500,0x262C2300,0x24292000,0x21261E00,0x1E221B00,0x1B1F1800,
  0x191C1600,0x16191300,0x13161100,0x10120F00,0x0E100C00,0x0C0D0A00,0x0A0B0900,0x08090700,
  0x06070600,0x05050400,0x04040300,0x03030200,0x02020200,0x01010100,0x01010100,0x01010000,
  0x00000000,0x00000000,0x00000000,0x00000000,0x01010000,0x01010100,0x02020100,0x02020200,
  0x03040300,0x05050400,0x06070600,0x08090700,0x0B0C0900,0x0D0F0C00,0x10120E00,0x14161100,
  0x181A1500,0x1B1F1900,0x20241C00,0x24292000,0x282E2400,0x2C332800,0x30382C00,0x343D3000,
  0x38423300,0x3B453600,0xFFFFD200,0xFFFFD200,0xFFFFD200,0xFFFFD200,0xFFFFD200,0xFFFFD200,
  0xFFFFD200,0x45513F00,0x444F3E00,0x434E3D00,0x424C3C00,0x404A3A00,0x3E473800,0x3C453600,
  0x3A423400,0x38403200,0x363D3000,0x333A2E00,0x31382C00,0x2F352A00,0x2D332800,0x2A302600,
  0x282E2400,0x252B2200,0x23282000,0x20251D00,0x1E221B00,0x1C201900,0x191D1700,0x171A1500,
  0x15171200,0x12151000,0x10120E00,0x0E0F0C00,0x0C0D0A00,0x0A0B0900,0x08090700,0x07070600,
  0x05050500,0x04040300,0x03030300,0x02020200,0x02020100,0x01010100,0x01010100,0x00000000,
  0x00000000,0x00000000,0x00000000,0x00000000,0x00000000,0x01010100,0x01010100,0x02020200,
  0x03030300,0x04040300,0x06060500,0x07080600,0x0A0A0800,0x0C0D0B00,0x0F100D00,0x12141000,
  0x15181300,0x191C1600,0x1D201A00,0x20251D00,0x242A2100,0x282E2400,0x2C322800,0x2F372B00,
  0x323B2E00,0x353E3100,0x38423300,0x3A443500,0x3C463700,0x3D483800,0x3E493900,0x3E493900,
  0x3E493800,0x3E483800,0x3D463700,0x3B453600,0x3A433400,0x38413300,0x373E3100,0x353C2F00,
  0x33392D00,0x30372B00,0x2E342900,0x2C322700,0x2A2F2500,0x282D2400,0x262B2200,0x24282000,
  0x22261E00,0x20241C00,0x1D211A00,0x1B1F1800,0x191D1700,0x171A1500,0x15181300,0x13151100,
  0x11130F00,0x0F110D00,0x0D0F0C00,0x0B0D0A00,0x0A0B0800,0x08090700,0x07070600,0x05060500,
  0x04040400,0x03030300,0x03030200,0x02020100,0x01010100,0x01010100,0x00000000,0x00000000,
  0x00000000,0x00000000,0x00000000,0x00000000,0x00000000,0x01010000,0x01010100,0x02020100,
  0x03030200,0x04040300,0x05050400,0x06070500,0x08090700,0x0B0B0900,0x0D0E0B00,0x10120E00,
  0x13151000,0x16191400,0x191D1700,0x1D211A00,0x20251D00,0x24292000,0x272D2300,0x2A312600,
  0x2D342900,0x30372B00,0x323A2E00,0x343C2F00,0x363E3100,0x373F3200,0x37403200,0x37403200,
  0x37403200,0x363F3100,0x353D3000,0x343C2F00,0x333A2E00,0x31382C00,0x2F362A00,0x2D332800,
  0x2B312700,0x292F2500,0x272C2300,0x252A2100,0x23281F00,0x21261E00,0x20231C00,0x1E211A00,
  0x1C201900,0x1A1D1700,0x181B1600,0x16191400,0x15171200,0x13151100,0x11130F00,0x0F110E00,
  0x0E0F0C00,0x0C0E0B00,0x0B0C0900,0x090A0800,0x08090700,0x06070600,0x05060500,0x04050400,
  0x03030300,0x03030200,0x02020200,0x01020100,0x01010100,0x01010000,0x00000000,0x00000000,
  0x00000000,0x00000000,0x00000000,0x00000000,0x00000000,0x01010000,0x01010100,0x01020100,
  0x02020200,0x03030300,0x04050400,0x06060500,0x07080600,0x090A0800,0x0B0C0A00,0x0E0F0C00,
  0x10120E00,0x13161100,0x16191400,0x191C1600,0x1C201900,0x1F241C00,0x22271F00,0x252A2200,
  0x282E2400,0x2A302600,0x2C332800,0x2E352900,0x2F362B00,0x30372B00,0x30382C00,0x30382C00,
  0x30372B00,0x2F362B00,0x2E352A00,0x2D332900,0x2B312700,0x2A302600,0x282E2400,0x262B2200,
  0x25292100,0x23271F00,0x21251D00,0x1F231B00,0x1D211A00,0x1C1F1800,0x1A1D1700,0x181B1500,
  0x171A1400,0x15181300,0x14161200,0x12141000,0x11130F00,0x0F110E00,0x0E0F0C00,0x0C0E0B00,
  0x0B0C0A00,0x0A0B0900,0x09090700,0x07080600,0x06070500,0x05050500,0x04040400,0x03040300,
  0x03030200,0x02020200,0x02020100,0x01010100,0x01010100,0x00000000,0x00000000,0x00000000,
  0x00000000,0x00000000,0x00000000,0x00000000,0x00000000,0x00000000,0x01010100,0x01010100,
  0x02020200,0x03030200,0x04040300,0x05050400,0x06070500,0x08080700,0x0A0B0800,0x0C0D0A00,
  0x0E0F0C00,0x10120F00,0x13151100,0x16181300,0x181C1600,0x1B1F1800,0x1E211B00,0x20241D00,
  0x22271F00,0x24292100,0x262C2200,0x272D2400,0x282F2500,0x292F2500,0x29302500,0x292F2500,
  0x292F2500,0x282E2400,0x272D2300,0x262B2200,0x252A2100,0x23282000,0x22261E00,0x20241C00,
  0x1F221B00,0x1D201900,0x1B1E1800,0x1A1C1600,0x181B1500,0x17191400,0x15171300,0x14161100,
  0x12141000,0x11130F00,0x10110E00,0x0E100D00,0x0D0F0C00,0x0C0D0B00,0x0B0C0A00,0x0A0B0900,
  0x090A0800,0x08090700,0x07070600,0x06060500,0x05050400,0x04040400,0x03030300,0x02030200,
  0x02020200,0x01020100,0x01010100,0x01010100,0x01010000,0x00000000,0x00000000,0x00000000,
  0x00000000,0x00000000,0x00000000,0x00000000,0x00000000,0x00000000,0x01010100,0x01010100,
  0x02020100,0x02020200,0x03030300,0x04040300,0x05060400,0x07070600,0x08090700,0x0A0B0900,
  0x0C0D0A00,0x0E0F0C00,0x10120E00,0x12151000,0x15171200,0x171A1500,0x191C1600,0x1B1F1800,
  0x1D211A00,0x1F231C00,0x20251D00,0x21261E00,0x22271F00,0x23281F00,0x23281F00,0x23281F00,
  0x23271F00,0x22261E00,0x21251E00,0x20241D00,0x1F221B00,0x1D211A00,0x1C1F1900,0x1B1E1700,
  0x191C1600,0x181A1500,0x16181300,0x15171200,0x13151100,0x12141000,0x11120F00,0x10110E00,
  0x0F100D00,0x0E0F0C00,0x0C0E0B00,0x0B0C0A00,0x0A0B0900,0x090A0800,0x09090700,0x08080700,
  0x07070600,0x06070500,0x05050400,0x04050400,0x04040300,0x03030300,0x02030200,0x02020200,
  0x02020100,0x01010100,0x01010100,0x01010000,0x00000000,0x00000000,0x00000000,0x00000000,
  0x00000000,0x00000000,0x00000000,0x00000000,0x00000000,0x00000000,0x00000000,0x01010100,
  0x01010100,0x02020100,0x02030200,0x03030300,0x04040400,0x05060500,0x07070600,0x08090700,
  0x0A0B0800,0x0B0D0A00,0x0D0F0C00,0x0F110D00,0x11130F00,0x13151100,0x15171300,0x17191400,
  0x181B1600,0x1A1D1700,0x1B1F1800,0x1C1F1900,0x1D201A00,0x1D211A00,0x1D211A00,0x1D211A00,
  0x1D201900,0x1C1F1900,0x1B1F1800,0x1A1D1700,0x191C1600,0x181B1500,0x17191400,0x15181300,
  0x14161200,0x13151000,0x12130F00,0x10120E00,0x0F110D00,0x0E0F0C00,0x0D0E0B00,0x0C0D0A00,
  0x0B0C0A00,0x0A0B0900,0x0A0A0800,0x09090800,0x08090700,0x07080600,0x06070600,0x06060500,
  0x05060400,0x05050400,0x04040300,0x03030300,0x03030200,0x02020200,0x02020100,0x01010100,
  0x01010100,0x01010100,0x01010000,0x00000000,0x00000000,0x00000000,0x00000000,0x00000000,
  0x00000000,0x00000000,0x00000000,0x00000000,0x00000000,0x00000000,0x00000000,0x01010000,
  0x01010100,0x01010100,0x02020200,0x02030200,0x03040300,0x04050400,0x05060400,0x07070600,
  0x08090700,0x090A0800,0x0B0C0A00,0x0D0E0B00,0x0E100C00,0x10110E00,0x11130F00,0x13151000,
  0x14161200,0x15181300,0x16191400,0x171A1400,0x181A1500,0x181B1500,0x181B1500,0x181B1500,
  0x181A1500,0x17191400,0x16191400,0x15181300,0x14161200,0x13151100,0x12141000,0x11130F00,
  0x10110E00,0x0F100D00,0x0E0F0C00,0x0D0E0B00,0x0C0D0A00,0x0B0C0900,0x0A0B0900,0x090A0800,
  0x09090700,0x08080700,0x07080600,0x07070600,0x06060500,0x05060500,0x05050400,0x04040400,
  0x04040300,0x03040300,0x03030200,0x02020200,0x02020200,0x02020100,0x01010100,0x01010100,
  0x01010100,0x01010000,0x00000000,0x00000000,0x00000000,0x00000000,0x00000000,0x00000000,
  0x00000000,0x00000000,0x00000000,0x00000000,0x00000000,0x00000000,0x00000000,0x00000000,
  0x01010100,0x01010100,0x02020100,0x02020200,0x03030200,0x03040300,0x04050300,0x05060500,
  0x06070500,0x07080600,0x090A0800,0x0A0B0900,0x0B0C0A00,0x0D0E0B00,0x0E0F0C00,0x0F110D00,
  0x10120E00,0x11130F00,0x12141000,0x13151000,0x13151100,0x13151100,0x13161100,0x13151100,
  0x13151000,0x12141000,0x12141000,0x11130F00,0x10120E00,0x0F110D00,0x0E100C00,0x0D0E0B00,
  0x0C0D0B00,0x0B0C0A00,0x0B0B0900,0x0A0A0800,0x09090800,0x08090700,0x08080600,0x07070600,
  0x06070500,0x06060500,0x05050400,0x05050400,0x04050400,0x04040300,0x03040300,0x03030300,
  0x03030200,0x02020200,0x02020200,0x02020100,0x01010100,0x01010100,0x01010100,0x01010100,
  0x01010000,0x00000000,0x00000000,0x00000000,0x00000000,0x00000000,0x00000000,0x00000000,
  0x00000000,0x00000000,0x00000000,0x00000000,0x00000000,0x00000000,0x00000000,0x00000000,
  0x01010000,0x01010100,0x01010100,0x01020100,0x02020200,0x03030200,0x03040300,0x04040400,
  0x05050400,0x06060500,0x07070600,0x08090700,0x090A0800,0x0A0B0900,0x0B0C0A00,0x0C0D0A00,
  0x0D0E0B00,0x0E0F0C00,0x0E100C00,0x0F100D00,0x0F110D00,0x0F110D00,0x0F110D00,0x0F110D00,
  0x0F100D00,0x0E100D00,0x0E0F0C00,0x0D0E0C00,0x0C0E0B00,0x0C0D0A00,0x0B0C0900,0x0A0B0900,
  0x090A0800,0x09090700,0x08080700,0x07080600,0x07070500,0x06060500,0x05060500,0x05050400,
  0x04050400,0x04040300,0x04040300,0x03030300,0x03030200,0x03030200,0x02020200,0x02020200,
  0x02020200,0x02020100,0x01010100,0x01010100,0x01010100,0x01010100,0x01010000,0x00000000,
  0x00000000,0x00000000,0x00000000,0x00000000,0x00000000,0x00000000,0x00000000,0x00000000,
  0x00000000,0x00000000,0x00000000,0x00000000,0x00000000,0x00000000,0x00000000,0x00000000,
  0x00000000,0x01010000,0x01010100,0x01010100,0x02020100,0x02020200,0x03030200,0x03030300,
  0x04040300,0x05050400,0x05060500,0x06070500,0x07080600,0x08080700,0x09090700,0x090A0800,
  0x0A0B0900,0x0B0C0900,0x0B0C0A00,0x0C0C0A00,0x0C0D0A00,0x0C0D0A00,0x0C0D0A00,0x0C0D0A00,
  0x0C0D0A00,0x0B0C0A00,0x0B0C0900,0x0A0B0900,0x090A0800,0x090A0800,0x08090700,0x08080600,
  0x07070600,0x06070500,0x06060500,0x05050400,0x05050400,0x04040300,0x04040300,0x03030300,
  0x03030200,0x03030200,0x02020200,0x02020200,0x02020200,0x02020100,0x01020100,0x01010100,
  0x01010100,0x01010100,0x01010100,0x01010100,0x01010000,0x00000000,0x00000000,0x00000000,
  0x00000000,0x00000000,0x00000000,0x00000000,0x00000000,0x00000000,0x00000000,0x00000000,
  0x00000000,0x00000000,0x00000000,0x00000000,0x00000000,0x00000000,0x00000000,0x00000000,
  0x00000000,0x00000000,0x01010000,0x01010100,0x01010100,0x01010100,0x02020100,0x02030200,
  0x03030200,0x03040300,0x04040300,0x05050400,0x05060500,0x06060500,0x07070600,0x07080600,
  0x08080700,0x08090700,0x09090700,0x09090800,0x090A0800,0x090A0800,0x090A0800,0x090A0800,
  0x09090700,0x08090700,0x08090700,0x07080700,0x07080600,0x07070600,0x06060500,0x05060500,
  0x05050400,0x04050400,0x04040300,0x04040300,0x03030300,0x03030200,0x02020200,0x02020200,
  0x02020100,0x02020100,0x01010100,0x01010100,0x01010100,0x01010100,0x01010100,0x01010100,
  0x01010100,0x01010000,0x00000000,0x00000000,0x00000000,0x00000000,0x00000000,0x00000000,
  0x00000000,0x00000000,0x00000000,0x00000000,0x00000000,0x00000000,0x00000000,0x00000000,
  0x00000000,0x00000000,0x00000000,0x00000000,0x00000000,0x00000000,0x00000000,0x00000000,
  0x00000000,0x00000000,0x00000000,0x01010000,0x01010100,0x01010100,0x01010100,0x02020100,
  0x02020200,0x02030200,0x03030200,0x03040300,0x04040300,0x04050400,0x05050400,0x05050400,
  0x06060500,0x06060500,0x06070500,0x07070600,0x07070600,0x07070600,0x07070600,0x07070600,
  0x07070500,0x06060500,0x06060500,0x05060500,0x05050400,0x05050400,0x04050400,0x04040300,
  0x03040300,0x03030300,0x03030200,0x02020200,0x02020200,0x02020100,0x01010100,0x01010100,
  0x01010100,0x01010100,0x01010100,0x01010100,0x01010000,0x00000000,0x00000000,0x00000000,
  0x00000000,0x00000000,0x00000000,0x00000000,0x00000000,0x00000000,0x00000000,0x00000000,
  0x00000000,0x00000000,0x00000000,0x00000000,0x00000000,0x00000000,0x00000000,0x00000000,
  0x00000000,0x00000000,0x00000000,0x00000000,0x00000000,0x00000000,0x00000000,0x00000000,
  0x00000000,0x00000000,0x00000000,0x00000000,0x01010000,0x01010100,0x01010100,0x01010100,
  0x01010100,0x02020100,0x02020200,0x02020200,0x03030200,0x03030300,0x03040300,0x04040300,
  0x04040300,0x04050400,0x05050400,0x05050400,0x05050400,0x05050400,0x05050400,0x05050400,
  0x05050400,0x04050400,0x04040400,0x04040300,0x04040300,0x03030300,0x03030200,0x03030200,
  0x02020200,0x02020200,0x02020100,0x01020100,0x01010100,0x01010100,0x01010100,0x01010100,
  0x01010000,0x00000000,0x00000000,0x00000000,0x00000000,0x00000000,0x00000000,0x00000000,
  0x00000000,0x00000000,0x00000000,0x00000000,0x00000000,0x00000000,0x00000000,0x00000000,
  0x00000000,0x00000000,0x00000000,0x00000000,0x00000000,0x00000000,0x00000000,0x00000000,
  0x00000000,0x00000000,0x00000000,0x00000000,0x00000000,0x00000000,0x00000000,0x00000000,
  0x00000000,0x00000000,0x00000000,0x00000000,0x00000000,0x00000000,0x01010000,0x01010100,
  0x01010100,0x01010100,0x01010100,0x02020100,0x02020200,0x02020200,0x02020200,0x03030200,
  0x03030200,0x03030200,0x03030300,0x03030300,0x03030300,0x03030300,0x03030300,0x03030300,
  0x03030300,0x03030300,0x03030200,0x03030200,0x02020200,0x02020200,0x02020200,0x02020100,
  0x01010100,0x01010100,0x01010100,0x01010100,0x01010100,0x01010000,0x00000000,0x00000000,
  0x00000000,0x00000000,0x00000000,0x00000000,0x00000000,0x00000000,0x00000000,0x00000000,
  0x00000000,0x00000000,0x00000000,0x00000000,0x00000000,0x00000000,0x00000000,0x00000000,
  0x00000000,0x00000000,0x00000000,0x00000000,0x00000000,0x00000000,0x00000000,0x00000000,
  0x00000000,0x00000000,0x00000000,0x00000000,0x00000000,0x00000000,0x00000000,0x00000000,
  0x00000000,0x00000000,0x00000000,0x00000000,0x00000000,0x00000000,0x00000000,0x00000000,
  0x01010000,0x01010100,0x01010100,0x01010100,0x01010100,0x01010100,0x01010100,0x02020100,
  0x02020100,0x02020200,0x02020200,0x02020200,0x02020200,0x02020200,0x02020200,0x02020200,
  0x02020200,0x02020200,0x02020100,0x02020100,0x01020100,0x01010100,0x01010100,0x01010100,
  0x01010100,0x01010100,0x01010000,0x01010000,0x00000000,0x00000000,0x00000000,0x00000000,
  0x00000000,0x00000000,0x00000000,0x00000000,0x00000000,0x00000000,0x00000000,0x00000000,
  0x00000000,0x00000000,0x00000000,0x00000000,0x00000000,0x00000000,0x00000000,0x00000000,
  0x00000000,0x00000000,0x00000000,0x00000000,0x00000000,0x00000000,0x00000000,0x00000000,
};

#define BR_ICON_IMAGE_W 72
#define BR_ICON_IMAGE_H 72
static const unsigned int BR_ICON_IMAGE[] = {
  0x00000000,0x00000000,0x00000000,0x01010000,0x01010100,0x01010100,0x01010100,0x01010100,
  0x01020100,0x02020100,0x02020200,0x02020200,0x03030200,0x03030300,0x03030300,0x04040300,
  0x04040300,0x04040400,0x04050400,0x05050400,0x05050400,0x05050400,0x05050400,0x05060500,
  0x05060500,0x06060500,0x06060500,0x06060500,0x06060500,0x06060500,0x06060500,0x06060500,
  0x06060500,0x06060500,0x06060500,0x06060500,0x06060500,0x06060500,0x06060500,0x06060500,
  0x06060500,0x06060500,0x06060500,0x06060500,0x06060500,0x06060500,0x06060500,0x05060500,
  0x05060500,0x05050400,0x05050400,0x05050400,0x05050400,0x04050400,0x04040400,0x04040300,
  0x04040300,0x03030300,0x03030300,0x03030200,0x02020200,0x02020200,0x02020100,0x01020100,
  0x01010100,0x01010100,0x01010100,0x01010100,0x01010000,0x00000000,0x00000000,0x00000000,
  0x00000000,0x00000000,0x01010000,0x01010100,0x01010100,0x01010100,0x01010100,0x02020100,
  0x02020200,0x02030200,0x03030200,0x03040300,0x04040300,0x04040400,0x05050400,0x05050400,
  0x06060500,0x06060500,0x06070500,0x07070600,0x07070600,0x07080600,0x07080600,0x08080700,
  0x08080700,0x08080700,0x08090700,0x08090700,0x08090700,0x08090700,0x08090700,0x08090700,
  0x08090700,0x08090700,0x08090700,0x08090700,0x08090700,0x08090700,0x08090700,0x08090700,
  0x08090700,0x08090700,0x08090700,0x08090700,0x08090700,0x08080700,0x08080700,0x08080700,
  0x08080700,0x07080600,0x07080600,0x07070600,0x07070600,0x06070500,0x06060500,0x05060500,
  0x05050400,0x05050400,0x04040400,0x04040300,0x03040300,0x03030200,0x02030200,0x02020200,
  0x02020100,0x01010100,0x01010100,0x01010100,0x01010100,0x01010000,0x00000000,0x00000000,
  0x00000000,0x01010000,0x01010100,0x01010100,0x01010100,0x02020100,0x02020200,0x02030200,
  0x03030200,0x03040300,0x04040300,0x05050400,0x05060400,0x06060500,0x07070600,0x07070600,
  0x08080700,0x08090700,0x09090700,0x090A0800,0x090A0800,0x0A0A0800,0x0A0B0900,0x0A0B0900,
  0x0A0B0900,0x0B0B0900,0x0B0C0900,0x0B0C0900,0x0B0C0900,0x0B0C0900,0x0B0C0900,0x0B0C0900,
  0x0B0C0900,0x0B0C0900,0x0B0C0900,0x0B0C0900,0x0B0C0900,0x0B0C0900,0x0B0C0900,0x0B0C0900,
  0x0B0C0900,0x0B0C0900,0x0B0C0900,0x0B0C0900,0x0B0C0900,0x0B0C0900,0x0B0B0900,0x0A0B0900,
  0x0A0B0900,0x0A0B0900,0x0A0A0800,0x090A0800,0x090A0800,0x09090700,0x08090700,0x07080700,
  0x07070600,0x07070600,0x06060500,0x05060400,0x05050400,0x04040300,0x03040300,0x03030200,
  0x02030200,0x02020200,0x02020100,0x01010100,0x01010100,0x01010100,0x01010000,0x00000000,
  0x01010000,0x01010100,0x01010100,0x01010100,0x02020100,0x02020200,0x03030200,0x03040300,
  0x04040300,0x05050400,0x05060500,0x06070500,0x07080600,0x08080700,0x09090700,0x090A0800,
  0x0A0B0900,0x0B0C0900,0x0B0C0A00,0x0C0D0A00,0x0C0D0B00,0x0D0E0B00,0x0D0E0C00,0x0E0F0C00,
  0x0E0F0C00,0x0E0F0C00,0x0E0F0C00,0x0E100C00,0x0E100C00,0x0E100D00,0x0E100D00,0x0E100D00,
  0x0E100D00,0x0E100D00,0x0E100C00,0x0E100C00,0x0E100C00,0x0E100C00,0x0E100C00,0x0E100C00,
  0x0E100C00,0x0E100C00,0x0E100C00,0x0E100C00,0x0E100C00,0x0E0F0C00,0x0E0F0C00,0x0D0F0C00,
  0x0D0F0C00,0x0D0E0B00,0x0D0E0B00,0x0C0D0B00,0x0C0D0A00,0x0B0C0A00,0x0B0C0900,0x0A0B0900,
  0x090A0800,0x09090700,0x08080700,0x07070600,0x06070500,0x05060500,0x05050400,0x04040300,
  0x03040300,0x03030200,0x02020200,0x02020100,0x01010100,0x01010100,0x01010100,0x01010000,
  0x01010100,0x01010100,0x01010100,0x02020100,0x02030200,0x03030200,0x04040300,0x04050400,
  0x05060400,0x06070500,0x07080600,0x08090700,0x090A0800,0x0A0B0900,0x0B0C0A00,0x0C0D0A00,
  0x0D0E0B00,0x0E0F0C00,0x0F100D00,0x0F110D00,0x10110E00,0x10120E00,0x11130F00,0x11130F00,
  0x11130F00,0x12141000,0x12141000,0x12141000,0x12141000,0x12141000,0x12141000,0x12141000,
  0x12141000,0x12141000,0x12141000,0x12141000,0x12141000,0x12141000,0x12141000,0x12141000,
  0x12141000,0x12141000,0x12141000,0x12141000,0x12141000,0x12141000,0x11130F00,0x11130F00,
  0x11130F00,0x10120F00,0x10120E00,0x0F110E00,0x0F110D00,0x0E100D00,0x0E0F0C00,0x0D0E0B00,
  0x0C0D0A00,0x0B0C0A00,0x0A0B0900,0x090A0800,0x08090700,0x07070600,0x06070500,0x05060400,
  0x04050400,0x04040300,0x03030200,0x02030200,0x02020100,0x01010100,0x01010100,0x01010100,
  0x01010100,0x02020100,0x02020200,0x03030200,0x03030300,0x04040300,0x05050400,0x06060500,
  0x07070600,0x08090700,0x090A0800,0x0A0B0900,0x0C0D0A00,0x0D0E0B00,0x0E0F0C00,0x0F110D00,
  0x10120E00,0x11130F00,0x12141000,0x13151100,0x14161200,0x14171200,0x15181300,0x16181300,
  0x16191300,0x16191400,0x16191400,0x16191400,0x16191400,0x161A1400,0x161A1400,0x161A1400,
  0x161A1400,0x161A1400,0x161A1400,0x161A1400,0x161A1400,0x161A1400,0x161A1400,0x16191400,
  0x16191400,0x16191400,0x16191400,0x16191400,0x16191400,0x16191400,0x15191300,0x15181300,
  0x15181300,0x14171200,0x14171200,0x13161100,0x13151100,0x12141000,0x11130F00,0x10120E00,
  0x0F110D00,0x0E0F0C00,0x0D0E0B00,0x0B0D0A00,0x0A0B0900,0x090A0800,0x08080700,0x07070600,
  0x06060500,0x05050400,0x04040300,0x03030300,0x03030200,0x02020200,0x02020100,0x01010100,
  0x01010100,0x02020100,0x02030200,0x03030300,0x04040300,0x05050400,0x06060500,0x07080600,
  0x09090700,0x0A0B0900,0x0B0C0A00,0x0D0E0B00,0x0E100D00,0x10120E00,0x11130F00,0x13151100,
  0x14161200,0x15181300,0x17191400,0x171B1500,0x181C1600,0x191D1700,0x1A1D1700,0x1A1E1800,
  0x1B1F1800,0x1B1F1800,0x1B1F1900,0x1B201900,0x1B201900,0x1B201900,0x1B201900,0x1B201900,
  0x1B201900,0x1B201900,0x1B201900,0x1B201900,0x1B201900,0x1B201900,0x1B201800,0x1B201900,
  0x1B1F1900,0x1B1F1900,0x1B1F1900,0x1B1F1800,0x1A1F1800,0x1A1F1800,0x1A1E1800,0x1A1E1800,
  0x191E1700,0x191D1700,0x181C1600,0x181B1500,0x171A1500,0x16191400,0x15181300,0x13161200,
  0x12151000,0x11130F00,0x10110E00,0x0E100C00,0x0D0E0B00,0x0B0C0A00,0x0A0B0900,0x08090700,
  0x07080600,0x06060500,0x05050400,0x04040300,0x03030300,0x02020200,0x02020100,0x01010100,
  0x02020100,0x02030200,0x03030300,0x04040300,0x05050400,0x06060500,0x07080600,0x090A0800,
  0x0B0B0900,0x0C0D0B00,0x0E0F0C00,0x10120E00,0x12140F00,0x14161100,0x15181300,0x171A1400,
  0x191C1600,0x1A1E1700,0x1C1F1900,0x1D211A00,0x1E221B00,0x1F231C00,0x1F241D00,0x20251D00,
  0x20261D00,0x21261E00,0x21261E00,0x21271E00,0x21271E00,0x21271E00,0x21271E00,0x21271E00,
  0x21271E00,0x20271E00,0x20271E00,0x20271E00,0x20271E00,0x20271E00,0x20271E00,0x20261E00,
  0x20261E00,0x20261E00,0x20261E00,0x20261E00,0x20261E00,0x1F261D00,0x1F251D00,0x1F251D00,
  0x1F241C00,0x1E231C00,0x1D231B00,0x1C211A00,0x1C201900,0x1B1F1800,0x191D1700,0x181B1600,
  0x16191400,0x15181300,0x13161100,0x11130F00,0x10110E00,0x0E0F0C00,0x0C0D0B00,0x0A0B0900,
  0x090A0800,0x07080600,0x06060500,0x05050400,0x04040300,0x03030300,0x02030200,0x02020100,
  0x02020200,0x03030200,0x04040300,0x05050400,0x06070500,0x07080600,0x090A0800,0x0B0C0A00,
  0x0D0E0B00,0x0F100D00,0x11130F00,0x13151100,0x15181300,0x181A1500,0x1A1D1700,0x1C1F1900,
  0x1E221B00,0x1F241C00,0x21261E00,0x22281F00,0x24292000,0x252A2100,0x252C2200,0x262D2300,
  0x262D2300,0x272E2400,0x272E2400,0x272E2400,0x272E2400,0x272F2400,0x272F2400,0x272F2400,
  0x262F2400,0x262F2400,0x262E2400,0x262E2400,0x262E2400,0x262E2400,0x262E2300,0x262E2400,
  0x262E2300,0x262E2400,0x262E2400,0x252E2300,0x252E2300,0x252D2300,0x252D2300,0x242C2200,
  0x242B2200,0x232A2100,0x232A2000,0x22281F00,0x21271E00,0x20251D00,0x1E231C00,0x1C211A00,
  0x1B1F1800,0x191D1600,0x171A1500,0x15181300,0x13151100,0x10130F00,0x0F100D00,0x0D0E0B00,
  0x0B0C0900,0x090A0800,0x07080600,0x06070500,0x05050400,0x04040300,0x03030200,0x02020200,
  0x03030200,0x04040300,0x05050400,0x06060500,0x07080600,0x090A0800,0x0B0C0900,0x0D0E0B00,
  0x0F110D00,0x12141000,0x14171200,0x171A1400,0x191D1700,0x1C201900,0x1E231B00,0x21251D00,
  0x23282000,0x252B2200,0x272D2300,0x282F2500,0x2A312600,0x2B322700,0x2C342900,0x2C352900,
  0x2D362A00,0x2D362A00,0x2D372A00,0x2D372B00,0x2D372A00,0x2D372B00,0x2D372B00,0x2D372A00,
  0x2C372A00,0x2C372A00,0x2C372A00,0x2C372A00,0x2C362A00,0x2B362A00,0x2B362900,0x2B362A00,
  0x2B362900,0x2B362A00,0x2B362A00,0x2B362900,0x2B362900,0x2B352900,0x2A352900,0x2A342800,
  0x2A332800,0x29322700,0x28312600,0x27302500,0x262E2300,0x252C2200,0x232A2000,0x21271F00,
  0x1F251D00,0x1D221A00,0x1B1F1800,0x181C1600,0x16191400,0x14161200,0x11140F00,0x0F110D00,
  0x0D0E0B00,0x0B0C0900,0x090A0800,0x07080600,0x06060500,0x05050400,0x04040300,0x03030200,
  0x03030300,0x04050300,0x06060500,0x07070600,0x09090700,0x0B0B0900,0x0D0E0B00,0x0F110E00,
  0x12141000,0x15171200,0x181B1500,0x1B1E1800,0x1E221A00,0x21251D00,0x23292000,0x262C2200,
  0x292F2500,0x2B322700,0x2D352900,0x2F372B00,0x30392D00,0x313B2E00,0x323C2F00,0x333D3000,
  0x333E3000,0x343F3100,0x343F3100,0x33403100,0x34403100,0x33403100,0x33403100,0x33403100,
  0x32403100,0x323F3000,0x323F3000,0x313F3000,0x313F3000,0x313F3000,0x313F2F00,0x313F3000,
  0x313E3000,0x313E3000,0x313E3000,0x313E2F00,0x313E2F00,0x303E2F00,0x303D2F00,0x303C2E00,
  0x2F3B2E00,0x2F3A2D00,0x2E392C00,0x2D372A00,0x2C352900,0x2A332800,0x28312600,0x262E2400,
  0x242B2100,0x22281F00,0x1F241C00,0x1C211A00,0x1A1E1700,0x171A1500,0x14171200,0x12141000,
  0x0F110D00,0x0C0E0B00,0x0A0B0900,0x09090700,0x07070600,0x06060500,0x04050300,0x03030300,
  0x04040300,0x05050400,0x06070500,0x08090700,0x0A0B0900,0x0C0D0B00,0x0F100D00,0x12141000,
  0x15171200,0x181B1500,0x1C1F1800,0x1F231B00,0x22271F00,0x252B2200,0x282F2500,0x2C332800,
  0x2E362A00,0x313A2D00,0x333D2F00,0x353F3100,0x37423300,0x38433400,0x38453600,0x39463600,
  0x3A473700,0x3A483700,0x3A483800,0x3A493800,0x3A493800,0x39493800,0x39483700,0x38483700,
  0x38483700,0x37483700,0x37483600,0x37483600,0x36473600,0x36473600,0x36473500,0x36473600,
  0x36473600,0x36473600,0x36473600,0x36473500,0x36463500,0x36463500,0x36453500,0x35453400,
  0x35443400,0x34423300,0x33413200,0x323F3000,0x313D2F00,0x303B2D00,0x2E382B00,0x2B352900,
  0x29312600,0x262E2300,0x232A2100,0x20261E00,0x1D221B00,0x1A1E1800,0x171B1500,0x14171200,
  0x11140F00,0x0E100D00,0x0C0D0B00,0x0A0B0900,0x08090700,0x06070500,0x05050400,0x04040300,
  0x05050400,0x06060500,0x07080600,0x090A0800,0x0C0D0A00,0x0E0F0C00,0x11130F00,0x14171200,
  0x181B1500,0x1B1F1800,0x1F231C00,0x23281F00,0x262D2300,0x2A312600,0x2E352A00,0x31392D00,
  0x343E3000,0x37413300,0x39453500,0x3B473700,0x3D4A3900,0x3E4C3B00,0x3F4E3C00,0x404F3D00,
  0x40503E00,0x40513E00,0x40523E00,0x40523E00,0x3F523E00,0x3F523E00,0x3E513E00,0xFFFFF596,
  0xFFFFF596,0xFFFFF596,0x3C503C00,0x3C503C00,0x3B503C00,0x3B503C00,0x3B503B00,0x3B4F3C00,
  0x3B4F3B00,0x3A4F3C00,0x3B4F3C00,0x3B4F3B00,0x3B4F3B00,0x3A4E3B00,0x3A4E3B00,0x3A4D3A00,
  0x3A4C3900,0x394B3900,0x39493800,0x37473600,0x36453400,0x35423300,0x333F3000,0x303B2E00,
  0x2E382B00,0x2B342800,0x28302500,0x242B2200,0x21271E00,0x1E231B00,0x1A1E1800,0x171A1500,
  0x14161200,0x10130F00,0x0E0F0C00,0x0C0D0A00,0x090A0800,0x07080600,0x06060500,0x05050400,
  0x05050400,0x07070500,0x08090700,0x0B0B0900,0x0D0E0B00,0x10120E00,0x13151100,0x171A1400,
  0x1B1E1800,0x1F231B00,0x23281F00,0x272D2300,0x2B322700,0x2F372B00,0x333C2F00,0x36403200,
  0x39453600,0x3D493900,0x3F4D3B00,0x41503E00,0x43534000,0x44554100,0x45574300,0x45584300,
  0x46594400,0x465A4400,0x455A4500,0x455B4500,0x455A4400,0x445A4400,0xFFFFF596,0xFFFFF596,
  0xFFFFF596,0xFFFFF596,0xFFFFF596,0x40594200,0x40584100,0x3F584100,0x3F584100,0x3F584100,
  0x3F574100,0x3F574100,0x3F574100,0x3F574100,0x3F574100,0x3F564100,0x3F564000,0x3F554000,
  0x3E543F00,0x3E533E00,0x3D513D00,0x3C4F3B00,0x3B4D3A00,0x394A3800,0x37463600,0x35423300,
  0x323E3000,0x2F3A2C00,0x2C352900,0x28312600,0x252C2200,0x21271F00,0x1D221B00,0x1A1E1700,
  0x16191400,0x13151100,0x10110E00,0x0D0E0B00,0x0B0B0900,0x08090700,0x07070500,0x05050400,
  0x06060500,0x08080600,0x090A0800,0x0C0D0A00,0x0F100D00,0x12141000,0x15181300,0x191D1700,
  0x1E221B00,0x22271F00,0x272D2300,0x2B322700,0x2F382B00,0x343D3000,0x38423400,0xFFFFD200,
  0xFFFFD200,0xFFFFD200,0xFFFFD200,0xFFFFD200,0xFFFFD200,0xFFFFD200,0xFFFFD200,0xFFFFD200,
  0xFFFFD200,0xFFFFD200,0xFFFFD200,0xFFFFD200,0xFFFFD200,0xFFFFD200,0xFFFFF596,0xFFFFF596,
  0xFFFFF596,0xFFFFF596,0xFFFFF596,0xFFFFD200,0xFFFFD200,0xFFFFD200,0xFFFFD200,0xFFFFD200,
  0xFFFFD200,0xFFFFD200,0xFFFFD200,0xFFFFD200,0xFFFFD200,0xFFFFD200,0xFFFFD200,0xFFFFD200,
  0xFFFFD200,0xFFFFD200,0xFFFFD200,0xFFFFD200,0xFFFFD200,0xFFFFD200,0xFFFFD200,0xFFFFD200,
  0xFFFFD200,0x34403100,0x303B2D00,0x2C362900,0x28312600,0x242B2200,0x21261E00,0x1D211A00,
  0x191C1600,0x15181200,0x11140F00,0x0F100D00,0x0C0D0A00,0x090A0800,0x08080600,0x06060500,
  0x07070600,0x08090700,0x0B0C0900,0x0D0E0B00,0x10120E00,0x13161100,0x181B1500,0x1C201900,
  0x21251D00,0x252B2200,0x2A312600,0x2F372B00,0x343D2F00,0x38433400,0xFFFFD200,0xFFFFD200,
  0xFFFFD200,0xFFFFD200,0xFFFFD200,0xFFFFD200,0xFFFFD200,0xFFFFD200,0xFFFFD200,0xFFFFD200,
  0xFFFFD200,0xFFFFD200,0xFFFFD200,0xFFFFD200,0xFFFFD200,0xFFFFD200,0xFFFFF596,0xFFFFF596,
  0xFFFFF596,0xFFFFF596,0xFFFFF596,0xFFFFD200,0xFFFFD200,0xFFFFD200,0xFFFFD200,0xFFFFD200,
  0xFFFFD200,0xFFFFD200,0xFFFFD200,0xFFFFD200,0xFFFFD200,0xFFFFD200,0xFFFFD200,0xFFFFD200,
  0xFFFFD200,0xFFFFD200,0xFFFFD200,0xFFFFD200,0xFFFFD200,0xFFFFD200,0xFFFFD200,0xFFFFD200,
  0xFFFFD200,0xFFFFD200,0x34413100,0x303B2D00,0x2C352900,0x28302500,0x232A2100,0x1F241D00,
  0x1B1F1800,0x171A1400,0x13161100,0x10120E00,0x0D0E0B00,0x0B0B0900,0x08090700,0x07070600,
  0x08080600,0x090A0800,0x0C0D0A00,0x0F100D00,0x12140F00,0x15181300,0x1A1D1700,0x1E231B00,
  0x23292000,0x282F2500,0x2E352A00,0x333C2F00,0x38433400,0xFFFFD200,0xFFFFD200,0xFFFFD200,
  0xFFFFD200,0xFFFFD200,0xFFFFD200,0xFFFFD200,0xFFFFD200,0xFFFFD200,0xFFFFD200,0xFFFFD200,
  0xFFFFD200,0xFFFFD200,0xFFFFD200,0xFFFFD200,0xFFFFD200,0xFFFFD200,0xFFFFD200,0xFFFFF596,
  0xFFFFF596,0xFFFFF596,0xFFFFD200,0xFFFFD200,0xFFFFD200,0xFFFFD200,0xFFFFD200,0xFFFFD200,
  0xFFFFD200,0xFFFFD200,0xFFFFD200,0xFFFFD200,0xFFFFD200,0xFFFFD200,0xFFFFD200,0xFFFFD200,
  0xFFFFD200,0xFFFFD200,0xFFFFD200,0xFFFFD200,0xFFFFD200,0xFFFFD200,0xFFFFD200,0xFFFFD200,
  0xFFFFD200,0xFFFFD200,0xFFFFD200,0x33403100,0x2F3A2C00,0x2B342800,0x262E2300,0x22281F00,
  0x1D221B00,0x191D1600,0x15181300,0x12130F00,0x0E0F0C00,0x0C0C0A00,0x090A0800,0x08080600,
  0x08090700,0x0A0B0900,0x0D0E0B00,0x10110E00,0x13151100,0x171A1500,0x1C201900,0x21261E00,
  0x262C2200,0x2B332800,0x313A2D00,0x36413200,0xFFFFD200,0xFFFFD200,0xFFFFD200,0xFFFFD200,
  0xFFFFD200,0xFFFFD200,0xFFFFD200,0xFFFFD200,0xFFFFD200,0xFFFFD200,0xFFFFD200,0xFFFFD200,
  0xFFFFD200,0xFFFFD200,0xFFFFD200,0xFFFFD200,0xFFFFD200,0xFFFFD200,0xFFFFD200,0xFFFFD200,
  0xFFFFD200,0xFFFFD200,0xFFFFD200,0xFFFFD200,0xFFFFD200,0xFFFFD200,0xFFFFD200,0xFFFFD200,
  0xFFFFD200,0xFFFFD200,0xFFFFD200,0xFFFFD200,0xFFFFD200,0xFFFFD200,0xFFFFD200,0xFFFFD200,
  0xFFFFD200,0xFFFFD200,0xFFFFD200,0xFFFFD200,0xFFFFD200,0xFFFFD200,0xFFFFD200,0xFFFFD200,
  0xFFFFD200,0xFFFFD200,0xFFFFD200,0xFFFFD200,0x323E3000,0x2D382B00,0x29322600,0x242B2100,
  0x1F251D00,0x1B1F1800,0x161A1400,0x13151100,0x0F110D00,0x0C0D0B00,0x0A0B0900,0x08090700,
  0x09090700,0x0B0C0900,0x0E0F0C00,0x11130F00,0x15171200,0x191C1600,0x1E221B00,0x23282000,
  0x292F2500,0x2E362A00,0x343E3000,0x39453500,0xFFFFD200,0xFFFFD200,0xFFFFD200,0xFFFFD200,
  0x6A714F00,0x6C745200,0x6F775500,0x727A5700,0x727C5800,0x737F5A00,0x73805A00,0x73815B00,
  0x72815B00,0x72825B00,0x71825B00,0x70825A00,0x6E815A00,0x6D815A00,0x6B815900,0x6A805800,
  0x697F5700,0x677F5700,0x667F5600,0x657E5600,0x657D5500,0x647D5500,0x647D5500,0x637D5500,
  0x647D5500,0x637D5500,0x647D5500,0x647D5500,0x657D5500,0x657D5500,0x657D5500,0x657C5500,
  0x667B5500,0x677A5400,0x67795300,0x66775300,0x66765100,0x65745000,0x63714E00,0x616E4C00,
  0xFFFFD200,0xFFFFD200,0xFFFFD200,0xFFFFD200,0x35433300,0x303C2E00,0x2C352900,0x262E2400,
  0x21271F00,0x1C211A00,0x181C1600,0x14171200,0x11120F00,0x0D0E0C00,0x0B0C0900,0x09090700,
  0x090A0800,0x0C0C0A00,0x0E100C00,0x12141000,0x16191300,0x1A1E1800,0x20241C00,0x252B2200,
  0x2B322700,0x313A2D00,0x37423300,0x3C493800,0xFFFFD200,0xFFFFD200,0xFFFFD200,0xFFFFD200,
  0x6C745200,0x70785500,0x727B5800,0x747F5A00,0x75815B00,0x76835D00,0x76845D00,0x76855E00,
  0x75865E00,0x74865E00,0x72865E00,0x72865D00,0x70855C00,0x6E855C00,0x6C855C00,0x6B845A00,
  0x6A835A00,0x68835900,0x67825800,0x66825800,0x65815700,0x65815700,0x64815600,0x64815600,
  0x64815600,0x64815700,0x65815700,0x65815700,0x65815700,0x65815700,0x66805700,0x677F5700,
  0x677F5700,0x687E5700,0x697D5600,0x687B5500,0x68795400,0x67775200,0x65745000,0x64704E00,
  0xFFFFD200,0xFFFFD200,0xFFFFD200,0xFFFFD200,0x38463600,0x333F3100,0x2E382B00,0x29312600,
  0x232A2000,0x1E231B00,0x1A1E1700,0x15181300,0x12131000,0x0E0F0C00,0x0C0C0A00,0x090A0800,
  0x0A0B0800,0x0C0D0B00,0x0F110D00,0x13151100,0x171A1400,0x1C201900,0x21261E00,0x272D2300,
  0x2D352900,0x333D2F00,0x39453500,0x3F4D3B00,0xFFFFD200,0xFFFFD200,0xFFFFD200,0xFFFFD200,
  0x6F775500,0x727B5800,0x757F5B00,0x77825D00,0x78855E00,0x78876000,0x78886000,0x78896000,
  0x778A6100,0x758A6000,0x748A6000,0x728A5F00,0x71895E00,0x6F895E00,0x6D885D00,0x6B875C00,
  0x6A875B00,0x69865B00,0x67855A00,0x66855900,0x65845900,0x65845800,0x64845800,0x64835800,
  0x64835800,0x64845800,0x65845800,0x65845900,0x65845900,0x66835900,0x67835900,0x68835900,
  0x69825900,0x6A815900,0x6A815800,0x6A7F5700,0x6A7D5600,0x697A5500,0x67775300,0x65745000,
  0xFFFFD200,0xFFFFD200,0xFFFFD200,0xFFFFD200,0x3A4A3800,0x35433300,0x303B2D00,0x2A332800,
  0x252C2200,0x20251D00,0x1B1F1800,0x16191400,0x13141000,0x0F100D00,0x0C0D0B00,0x0A0B0800,
  0x0B0B0900,0x0D0E0B00,0x10120E00,0x14161200,0x181B1500,0x1D211A00,0x23281F00,0x282F2500,
  0x2F372B00,0x353F3100,0x3B483800,0x41503D00,0xFFFFD200,0xFFFFD200,0xFFFFD200,0xFFFFD200,
  0x717A5700,0x747F5A00,0x77825D00,0x78865F00,0x79886000,0x798A6200,0xFFFFD200,0xFFFFD200,
  0xFFFFD200,0xFFFFD200,0x758D6200,0x738C6100,0x728C6100,0x708C6000,0x6D8B5F00,0x6B8A5D00,
  0x6A895D00,0x69885C00,0x67885B00,0x65875A00,0x65875A00,0x65875A00,0x64865A00,0x64865A00,
  0x64865A00,0x64865A00,0x65875A00,0x65875A00,0x66875B00,0x66875B00,0x68865B00,0x69855B00,
  0x69855B00,0x6B845A00,0x6B835A00,0x6B815900,0x6B7F5800,0x6B7D5700,0x697A5400,0x67765200,
  0xFFFFD200,0xFFFFD200,0xFFFFD200,0xFFFFD200,0x3C4D3A00,0x37463500,0x323E2F00,0x2C362900,
  0x272E2400,0x21271E00,0x1C211900,0x171B1500,0x13151100,0x10110E00,0x0D0E0B00,0x0B0B0900,
  0x0B0C0900,0x0E0E0C00,0x11130E00,0x15171200,0x191C1600,0x1E221B00,0x24292000,0x2A312600,
  0x30392D00,0x36423300,0x3D4A3900,0x43533F00,0xFFFFD200,0xFFFFD200,0xFFFFD200,0xFFFFD200,
  0x727C5800,0x76815B00,0x78855E00,0x79886000,0x7A8B6200,0xFFFFD200,0xFFFFD200,0xFFFFD200,
  0xFFFFD200,0xFFFFD200,0xFFFFD200,0x738F6300,0x728E6200,0x6F8E6100,0x6D8D6000,0x6B8C5F00,
  0x6A8B5E00,0x688A5D00,0x668A5C00,0x65895C00,0x65895B00,0x64885A00,0x63885A00,0x63885A00,
  0x63885A00,0x64885B00,0x64885B00,0x65895B00,0x65895C00,0x66895C00,0x68895C00,0x69885C00,
  0x6A875C00,0x6B875B00,0x6B865B00,0x6C845B00,0x6C825900,0x6B7F5800,0x6B7C5600,0x68785300,
  0xFFFFD200,0xFFFFD200,0xFFFFD200,0xFFFFD200,0x3D503C00,0x38483700,0x33403100,0x2E382B00,
  0x28302500,0x22291F00,0x1D221A00,0x181C1600,0x14161200,0x11120E00,0x0E0E0C00,0x0B0C0900,
  0x0B0C0A00,0x0E0F0C00,0x11130F00,0x15181300,0x1A1D1700,0x1F241C00,0x252B2100,0x2B332700,
  0x313B2E00,0x38443400,0x3E4D3B00,0x44554100,0xFFFFD200,0xFFFFD200,0xFFFFD200,0xFFFFD200,
  0x737F5A00,0x77835D00,0x78876000,0x7A8A6200,0xFFFFD200,0xFFFFD200,0x7A906500,0x79916500,
  0x78926500,0x76916400,0xFFFFD200,0xFFFFD200,0x71906300,0x6F906200,0x6C8E6000,0x6B8D5F00,
  0x698D5F00,0x678C5E00,0x658B5C00,0x658A5C00,0x648A5C00,0x638A5B00,0x628A5B00,0x628A5B00,
  0x638A5B00,0x638A5C00,0x648A5C00,0x658A5C00,0x658B5C00,0x668B5D00,0x688A5D00,0x698A5D00,
  0x6A895D00,0x6B895D00,0x6C885D00,0x6D865C00,0x6D845B00,0x6D815A00,0x6B7E5700,0x6A7A5500,
  0xFFFFD200,0xFFFFD200,0xFFFFD200,0xFFFFD200,0x3F523E00,0x3A4A3900,0x34423200,0x2F392C00,
  0x29312600,0x232A2000,0x1E231B00,0x191D1700,0x15171300,0x11130F00,0x0E0F0C00,0x0B0C0A00,
  0x0C0D0A00,0x0E0F0D00,0x12140F00,0x16191300,0x1A1E1800,0x1F251D00,0x262C2200,0x2C342800,
  0x323C2F00,0x39453500,0x3F4E3C00,0x45574200,0xFFFFD200,0xFFFFD200,0xFFFFD200,0xFFFFD200,
  0x74805A00,0x77855E00,0x79886000,0xFFFFD200,0xFFFFD200,0x7A906500,0x79926600,0x78926600,
  0x78936600,0x76936500,0x74936500,0xFFFFD200,0xFFFFD200,0x6E916200,0x6B8F6100,0x6A8F6000,
  0x688E5F00,0x668D5E00,0x658C5D00,0x648C5D00,0x638B5C00,0x628B5C00,0x628B5C00,0x628B5C00,
  0x628B5C00,0x638B5C00,0x648C5C00,0x658C5D00,0x658C5D00,0x668C5E00,0x688C5E00,0x698B5E00,
  0x6B8B5E00,0x6C8A5E00,0x6D895E00,0x6D885D00,0x6E865C00,0x6E835B00,0x6C805800,0x6B7C5600,
  0xFFFFD200,0xFFFFD200,0xFFFFD200,0xFFFFD200,0x40543F00,0x3B4C3A00,0x36443300,0x303B2D00,
  0x2A332700,0x242B2100,0x1F241C00,0x1A1D1700,0x15181300,0x12130F00,0x0E0F0D00,0x0C0D0A00,
  0x0C0D0A00,0x0F100D00,0x12141000,0x16191400,0x1B1F1800,0x20251D00,0x262D2300,0x2C352900,
  0x333E3000,0x39463600,0x40503D00,0x46584300,0xFFFFD200,0xFFFFD200,0xFFFFD200,0xFFFFD200,
  0x74815B00,0x77865F00,0x798A6200,0xFFFFD200,0xFFFFD200,0x7A926600,0x79936600,0x78946700,
  0x77946600,0x75946600,0x73946600,0xFFFFD200,0xFFFFD200,0x6D926200,0x6B916200,0x69906000,
  0x678F5F00,0x658E5E00,0x658E5E00,0x648D5D00,0x638C5C00,0x628C5C00,0x628C5C00,0x628C5C00,
  0x628C5C00,0x638C5D00,0x648D5D00,0x658D5E00,0x668D5E00,0x678E5F00,0x698D5F00,0x6A8D5F00,
  0x6B8D6000,0x6D8C5F00,0x6E8C5F00,0x6F8A5E00,0x6F875E00,0x6F855C00,0x6D815A00,0x6B7D5700,
  0xFFFFD200,0xFFFFD200,0xFFFFD200,0xFFFFD200,0x41564100,0x3C4E3B00,0x37453400,0x313C2E00,
  0x2B342800,0x252C2200,0x1F251D00,0x1A1E1800,0x16181400,0x12141000,0x0F100D00,0x0C0D0A00,
  0x0C0D0A00,0x0F100D00,0x12151000,0x17191400,0x1B201800,0x20261E00,0x272D2300,0x2D362A00,
  0x333E3000,0x3A483700,0x40513E00,0x465A4400,0xFFFFD200,0xFFFFD200,0xFFFFD200,0xFFFFD200,
  0x74825C00,0x77875F00,0x798B6200,0xFFFFD200,0xFFFFD200,0x7A926600,0x79946700,0x78946700,
  0x77956700,0x75956600,0x73956600,0xFFFFD200,0xFFFFD200,0x6D936300,0x6B916100,0x69916100,
  0x67906000,0x658F5F00,0x658E5E00,0x648E5E00,0x638E5D00,0x628E5D00,0x628D5D00,0x628E5D00,
  0x638E5E00,0x648E5E00,0x658E5E00,0x658E5F00,0x678F5F00,0x688F6000,0x6A8F6000,0x6B8F6000,
  0x6C8E6100,0x6E8E6000,0x6F8D6000,0x708C6000,0x718A5E00,0x70875D00,0x6F835B00,0x6D7F5800,
  0xFFFFD200,0xFFFFD200,0xFFFFD200,0xFFFFD200,0x42574200,0x3D4F3C00,0x38463500,0x323D2F00,
  0x2C352900,0x252D2200,0x20261D00,0x1B1F1800,0x16191400,0x12141000,0x0F100D00,0x0C0D0A00,
  0x0D0D0B00,0x0F100D00,0x13151000,0x171A1400,0x1B201900,0x21271E00,0x272E2400,0x2D362A00,
  0x343F3100,0x3A483700,0x41523E00,0x465B4500,0xFFFFD200,0xFFFFD200,0xFFFFD200,0xFFFFD200,
  0x74835D00,0x77886000,0x798C6200,0xFFFFD200,0xFFFFD200,0x79936700,0x78946700,0x78956700,
  0x76966600,0x74966600,0x72956600,0xFFFFD200,0xFFFFD200,0x6D946300,0x6B936200,0x69916100,
  0x67916100,0x65906000,0x65905F00,0x648F5E00,0x638E5E00,0x638E5E00,0x638E5E00,0x638F5E00,
  0x648F5E00,0x658F5F00,0x65905F00,0x67906000,0x68916100,0x6A916100,0x6B916200,0x6C906200,
  0x6E906200,0x70906200,0x718F6100,0x728D6100,0x728B6000,0x72885F00,0x71845C00,0x6E805A00,
  0xFFFFD200,0xFFFFD200,0xFFFFD200,0xFFFFD200,0x43594300,0x3E503D00,0x38473600,0x323E3000,
  0x2C362900,0x262D2300,0x20261E00,0x1B1F1900,0x17191400,0x13141000,0x0F100D00,0x0D0D0B00,
  0x0D0E0B00,0x10110E00,0x13151100,0x171A1500,0x1C201900,0x21271E00,0x272E2400,0x2D372A00,
  0x34403100,0x3B493800,0x41523F00,0x475B4500,0xFFFFD200,0xFFFFD200,0xFFFFD200,0xFFFFD200,
  0x74835D00,0x77886000,0x788C6200,0x79906500,0xFFFFD200,0xFFFFD200,0x78956700,0x78966700,
  0x76966700,0x74966600,0xFFFFD200,0xFFFFD200,0x6F956500,0x6D946400,0x6B936300,0x69936100,
  0x68926100,0x66916000,0x65906000,0x65905F00,0x65905F00,0x64905F00,0x64905F00,0x65905F00,
  0x65906000,0x66906000,0x67916100,0x69926100,0x6A926200,0x6B926200,0x6D926300,0x6F926300,
  0x70926300,0x72916300,0x73916300,0x738F6200,0x748C6100,0x738A5F00,0x72855D00,0x70815A00,
  0xFFFFD200,0xFFFFD200,0xFFFFD200,0xFFFFD200,0x445A4400,0x3F513E00,0x39483700,0x333F3100,
  0x2D362A00,0x272E2400,0x21271E00,0x1B201900,0x171A1500,0x13151100,0x10110E00,0x0D0E0B00,
  0x0D0E0B00,0x10110E00,0x13151100,0x181A1500,0x1C211900,0x21271F00,0x272F2400,0x2E372B00,
  0x34403100,0x3B493800,0x41533F00,0x475C4500,0xFFFFD200,0xFFFFD200,0xFFFFD200,0xFFFFD200,
  0x74845D00,0x77886000,0x788D6200,0x79906500,0x79926600,0xFFFFD200,0xFFFFD200,0xFFFFD200,
  0xFFFFD200,0xFFFFD200,0xFFFFD200,0x71966500,0x6F956500,0x6D956400,0x6B946300,0x6A936200,
  0x68936100,0x67926100,0x66916000,0x65916000,0x65916000,0x65916000,0x65916000,0x66916000,
  0x67926100,0x68926100,0x6A936200,0x6B946300,0x6C946400,0x6E946400,0x70946500,0x71946500,
  0x72936500,0x74936500,0x75926400,0x76906400,0x768E6300,0x758B6100,0x74875E00,0x72835C00,
  0xFFFFD200,0xFFFFD200,0xFFFFD200,0xFFFFD200,0x465B4500,0x40523F00,0x3A493800,0x34403100,
  0x2E372A00,0x272F2400,0x21271E00,0x1C201900,0x171A1500,0x13151100,0x10110E00,0x0D0E0B00,
  0x0D0E0B00,0x10110E00,0x13151100,0x181A1500,0x1C211900,0x21281F00,0x272F2400,0x2E372B00,
  0x34403200,0x3B4A3800,0x41533F00,0x475C4600,0xFFFFD200,0xFFFFD200,0xFFFFD200,0xFFFFD200,
  0x74845D00,0x77896000,0x788D6200,0x79906500,0x79926600,0x78946700,0xFFFFD200,0xFFFFD200,
  0xFFFFD200,0xFFFFD200,0x72976700,0x72976600,0x70966500,0x6E966400,0x6C946400,0x6B946300,
  0x6A936200,0x69936200,0x68936100,0x67936100,0x67926100,0x67926100,0x68936100,0x68936100,
  0x6A936200,0x6B936300,0x6C946400,0x6D956400,0x6F956500,0x71966500,0x72966600,0x74966600,
  0x75966600,0x77946700,0x78946600,0x78926500,0x788F6400,0x788C6200,0x76885F00,0x73845D00,
  0xFFFFD200,0xFFFFD200,0xFFFFD200,0xFFFFD200,0x475C4600,0x41533F00,0x3B4A3800,0x35403200,
  0x2E382B00,0x282F2400,0x22281F00,0x1C201900,0x171A1500,0x13151100,0x10110E00,0x0D0E0B00,
  0x0D0E0B00,0x10110E00,0x13151100,0x181A1500,0x1C211900,0x21281F00,0x282F2400,0x2E382B00,
  0x35413200,0x3B4A3800,0x41533F00,0x475C4600,0xFFFFD200,0xFFFFD200,0xFFFFD200,0xFFFFD200,
  0x73845D00,0x76896000,0x788D6200,0x78906500,0x79926600,0x78946700,0x78966700,0x77966800,
  0x76976800,0x74986800,0x73986700,0x72976700,0x71976600,0x6F966500,0x6D956400,0x6B956400,
  0x6B946300,0x6A946300,0x6A936200,0x69936200,0x6A936200,0x6A936200,0x6A936300,0x6B946300,
  0x6C956400,0x6D966400,0x6F976500,0x71976600,0x72976700,0x73986700,0x75986800,0x77976800,
  0x78976800,0x79966800,0x7A956800,0x7A936700,0x7A916500,0x798D6300,0x788A6000,0x75855E00,
  0xFFFFD200,0xFFFFD200,0xFFFFD200,0xFFFFD200,0x485D4600,0x42544000,0x3C4A3900,0x35413200,
  0x2F382B00,0x282F2500,0x22281F00,0x1C211A00,0x181B1500,0x13151100,0x10110E00,0x0D0E0B00,
  0x0D0E0B00,0x10110E00,0x13151100,0x181B1500,0x1C211900,0x21281F00,0x282F2500,0x2E382B00,
  0x35413200,0x3B4A3800,0x41534000,0x475C4600,0xFFFFD200,0xFFFFD200,0xFFFFD200,0xFFFFD200,
  0x73845D00,0x76896000,0x788D6200,0x78906500,0x79936600,0x78956700,0x78966700,0x78976800,
  0x76976800,0x75986800,0x73986800,0x72986700,0x72976600,0x70976600,0x6E966500,0x6D966400,
  0x6C956400,0x6B956400,0x6B956400,0x6B956400,0x6B956400,0x6C956400,0x6C956400,0x6D966400,
  0x6F976500,0x70976600,0x72986700,0x73986800,0xFFFFD200,0x77996900,0x78996900,0x79996A00,
  0xFFFFD200,0x7C986A00,0x7D976900,0x7D956800,0x7D936700,0x7C8F6500,0x7A8B6200,0x78865F00,
  0xFFFFD200,0xFFFFD200,0xFFFFD200,0xFFFFD200,0x495E4700,0x43554100,0x3D4B3A00,0x36423300,
  0x30382C00,0x29302500,0x22281F00,0x1D211A00,0x181B1500,0x14161100,0x10110E00,0x0D0E0B00,
  0x0D0E0B00,0x10110E00,0x13151100,0x181B1500,0x1C211900,0x22281F00,0x282F2500,0x2E382B00,
  0x35413200,0x3B4A3900,0x41544000,0x475D4600,0xFFFFD200,0xFFFFD200,0xFFFFD200,0xFFFFD200,
  0x74855D00,0x76896000,0x788D6300,0x79906500,0x79936600,0x79956700,0x78966800,0x78976800,
  0x77986800,0x76986800,0x74986800,0x73986800,0x72986700,0x71976700,0x70976600,0x6F976500,
  0x6E966500,0x6E966400,0x6D966400,0x6D966400,0x6E966400,0x6E966500,0x6F976500,0x70976600,
  0x72986700,0x72986800,0x749A6800,0xFFFFD200,0xFFFFD200,0xFFFFD200,0x7B9B6B00,0xFFFFD200,
  0xFFFFD200,0xFFFFD200,0x7F986B00,0x7F966900,0x7F936900,0x7E906600,0x7C8C6300,0x79876000,
  0xFFFFD200,0xFFFFD200,0xFFFFD200,0xFFFFD200,0x4B5F4800,0x45554100,0x3E4C3A00,0x37423300,
  0x30392C00,0x29302500,0x23282000,0x1D211A00,0x181B1500,0x14161100,0x10110E00,0x0D0E0B00,
  0x0D0E0B00,0x10110E00,0x13151100,0x181B1500,0x1C211900,0x22281F00,0x282F2500,0x2E382B00,
  0x35413200,0x3B4A3900,0x41544000,0x475D4600,0xFFFFD200,0xFFFFD200,0xFFFFD200,0xFFFFD200,
  0x74855D00,0x77896000,0x788D6300,0x79906500,0x79936600,0x79956700,0x79976800,0x78976900,
  0x78986900,0x76986900,0x75996900,0x74996800,0x73986800,0x72986800,0x72976700,0x71976600,
  0x70976600,0x70976600,0x70976600,0x70976600,0x70976600,0x71976700,0x72986700,0x72996800,
  0x74996800,0x759A6900,0x779B6A00,0xFFFFD200,0xFFFFD200,0xFFFFD200,0xFFFFD200,0xFFFFD200,
  0xFFFFD200,0xFFFFD200,0x82996C00,0x82976B00,0x82956A00,0x80916700,0x7E8D6400,0x7B886100,
  0xFFFFD200,0xFFFFD200,0xFFFFD200,0xFFFFD200,0x4C5F4900,0x46564200,0x3F4C3B00,0x38433400,
  0x31392C00,0x2A312600,0x23292000,0x1D211A00,0x181B1600,0x14161100,0x10110E00,0x0D0E0B00,
  0x0D0E0B00,0x10110E00,0x13151100,0x181B1500,0x1C211900,0x22281F00,0x282F2500,0x2E382B00,
  0x35413200,0x3C4B3900,0x42544000,0x485D4600,0xFFFFD200,0xFFFFD200,0xFFFFD200,0xFFFFD200,
  0x74855D00,0x778A6000,0x798D6300,0x79916500,0x7A946700,0x7A956800,0x79976800,0x79986900,
  0x78996900,0x78996900,0x76996900,0x76996900,0xFFFFD200,0x73996800,0xFFFFD200,0x72986700,
  0x72986700,0x72986700,0x72986700,0x72986700,0x72986800,0x73996800,0x74996800,0x759A6900,
  0x779B6900,0x789C6A00,0xFFFFD200,0xFFFFD200,0xFFFFD200,0xFFFFD200,0xFFFFD200,0xFFFFD200,
  0xFFFFD200,0xFFFFD200,0xFFFFD200,0x84996D00,0x84966B00,0x83936900,0x808E6600,0x7E896200,
  0xFFFFD200,0xFFFFD200,0xFFFFD200,0xFFFFD200,0x4D604A00,0x47574300,0x404D3B00,0x39433400,
  0x313A2D00,0x2A312600,0x24292000,0x1E221A00,0x181B1600,0x14161100,0x10110E00,0x0D0E0B00,
  0x0D0E0B00,0x10110E00,0x13151100,0x181B1500,0x1C211A00,0x22281F00,0x28302500,0x2E382C00,
  0x35413200,0x3C4B3900,0x42544000,0x485D4700,0xFFFFD200,0xFFFFD200,0xFFFFD200,0xFFFFD200,
  0x75865E00,0x788A6100,0x798E6400,0x7A916500,0x7B946700,0x7B966800,0x7A976900,0x7A986A00,
  0x79996A00,0x78996A00,0x789A6900,0xFFFFD200,0xFFFFD200,0xFFFFD200,0xFFFFD200,0xFFFFD200,
  0x73996800,0x73996800,0x73996800,0x74996800,0x759A6900,0x769A6900,0x779B6900,0x789B6A00,
  0x799C6B00,0xFFFFD200,0xFFFFD200,0xFFFFD200,0xFFFFD200,0xFFFFD200,0xFFFFD200,0xFFFFD200,
  0xFFFFD200,0xFFFFD200,0xFFFFD200,0x879A6E00,0x86976C00,0x84946A00,0x838F6700,0x7F8A6400,
  0xFFFFD200,0xFFFFD200,0xFFFFD200,0xFFFFD200,0x4F614B00,0x48574400,0x414D3C00,0x3A443500,
  0x323A2D00,0x2B312600,0x24292000,0x1E221B00,0x191C1600,0x14161200,0x11110E00,0x0D0E0B00,
  0x0D0E0B00,0x10110E00,0x13151100,0x181B1500,0x1D211A00,0x22281F00,0x28302500,0x2F382C00,
  0x36413200,0x3C4B3900,0x43544000,0x495E4700,0xFFFFD200,0xFFFFD200,0xFFFFD200,0xFFFFD200,
  0x76865E00,0x788B6100,0x7A8E6400,0x7B926600,0x7C956800,0x7C976900,0x7B976A00,0x7B996A00,
  0x7A9A6A00,0x799A6A00,0xFFFFD200,0xFFFFD200,0xFFFFD200,0xFFFFD200,0xFFFFD200,0xFFFFD200,
  0xFFFFD200,0x759A6900,0x759A6900,0x769B6900,0x779B6900,0x789B6A00,0x789C6B00,0x7A9C6B00,
  0xFFFFD200,0xFFFFD200,0xFFFFD200,0xFFFFD200,0xFFFFD200,0xFFFFD200,0x85A17100,0xFFFFD200,
  0xFFFFD200,0xFFFFD200,0xFFFFD200,0xFFFFD200,0x89986E00,0x87956B00,0x84906800,0x818B6400,
  0xFFFFD200,0xFFFFD200,0xFFFFD200,0xFFFFD200,0x50624C00,0x49584400,0x424E3D00,0x3B443500,
  0x333B2E00,0x2B312700,0x25292100,0x1E221B00,0x191C1600,0x14161200,0x11110E00,0x0D0E0B00,
  0x0D0E0B00,0x10110E00,0x14161100,0x181B1500,0x1D211A00,0x22281F00,0x29302500,0x2F392C00,
  0x36423300,0x3D4B3A00,0x43554100,0x4A5E4700,0xFFFFD200,0xFFFFD200,0xFFFFD200,0xFFFFD200,
  0x77865F00,0x798B6200,0x7C8F6500,0x7D936700,0x7D956800,0x7D976900,0x7D986A00,0x7C9A6B00,
  0x7B9A6B00,0xFFFFD200,0xFFFFD200,0xFFFFD200,0xFFFFD200,0xFFFFD200,0xFFFFD200,0xFFFFD200,
  0xFFFFD200,0xFFFFD200,0x779B6A00,0x789B6A00,0x789C6B00,0x799C6B00,0x7A9C6C00,0x7C9D6D00,
  0xFFFFD200,0xFFFFD200,0xFFFFD200,0xFFFFD200,0xFFFFD200,0x85A27200,0x87A27200,0xFFFFD200,
  0xFFFFD200,0xFFFFD200,0xFFFFD200,0xFFFFD200,0xFFFFD200,0x89956C00,0x86916900,0x838C6500,
  0xFFFFD200,0xFFFFD200,0xFFFFD200,0xFFFFD200,0x52634C00,0x4A594500,0x434E3D00,0x3B453600,
  0x343B2E00,0x2C322700,0x252A2100,0x1F221B00,0x191C1600,0x15161200,0x11120E00,0x0D0E0B00,
  0x0D0E0B00,0x10110E00,0x14161100,0x181B1500,0x1D211A00,0x23281F00,0x29302500,0x30392C00,
  0x37423300,0x3E4C3A00,0x44554100,0x4A5E4800,0xFFFFD200,0xFFFFD200,0xFFFFD200,0xFFFFD200,
  0x78866000,0x7B8B6300,0x7D906600,0x7E936800,0x7E966900,0x7E986A00,0x7E996B00,0x7E9B6B00,
  0xFFFFD200,0xFFFFD200,0xFFFFD200,0xFFFFD200,0xFFFFD200,0x789C6B00,0xFFFFD200,0xFFFFD200,
  0xFFFFD200,0xFFFFD200,0xFFFFD200,0x789C6B00,0x799C6C00,0x7B9D6C00,0x7C9D6D00,0xFFFFD200,
  0xFFFFD200,0xFFFFD200,0xFFFFD200,0xFFFFD200,0x85A27200,0x87A37300,0x89A37300,0x8BA37400,
  0xFFFFD200,0xFFFFD200,0xFFFFD200,0xFFFFD200,0xFFFFD200,0x8B966D00,0x88926A00,0x848C6600,
  0xFFFFD200,0xFFFFD200,0xFFFFD200,0xFFFFD200,0x53634D00,0x4B594600,0x444F3E00,0x3C453600,
  0x343B2E00,0x2C322700,0x252A2100,0x1F221B00,0x191C1600,0x15171200,0x11120E00,0x0D0E0B00,
  0x0D0E0B00,0x10110E00,0x14161100,0x181B1600,0x1D211A00,0x23281F00,0x29302500,0x30392C00,
  0x37423300,0x3E4C3A00,0x45554200,0x4B5F4800,0xFFFFD200,0xFFFFD200,0xFFFFD200,0xFFFFD200,
  0x79876000,0x7C8C6300,0x7E906600,0x7F936800,0x7F966900,0x7F986B00,0x7F996C00,0xFFFFD200,
  0xFFFFD200,0xFFFFD200,0xFFFFD200,0xFFFFD200,0x7A9C6C00,0x799C6B00,0x799C6B00,0xFFFFD200,
  0xFFFFD200,0xFFFFD200,0xFFFFD200,0xFFFFD200,0xFFFFD200,0x7C9D6D00,0xFFFFD200,0xFFFFD200,
  0xFFFFD200,0xFFFFD200,0xFFFFD200,0xFFFFD200,0x86A37200,0x88A37300,0x8AA37400,0x8BA37400,
  0x8CA27400,0xFFFFD200,0xFFFFD200,0xFFFFD200,0xFFFFD200,0xFFFFD200,0x89926A00,0x858D6700,
  0xFFFFD200,0xFFFFD200,0xFFFFD200,0xFFFFD200,0x54644D00,0x4C594600,0x444F3E00,0x3D453600,
  0x353B2F00,0x2D322800,0x262A2100,0x1F221B00,0x1A1C1600,0x15171200,0x11120E00,0x0D0E0B00,
  0x0D0E0B00,0x10110E00,0x14161100,0x191B1600,0x1D211A00,0x23282000,0x2A302600,0x31392C00,
  0x38423300,0x3F4C3A00,0x46554200,0x4C5F4900,0xFFFFD200,0xFFFFD200,0xFFFFD200,0xFFFFD200,
  0x7A876000,0x7D8C6300,0x7F916600,0x80936900,0x80966A00,0x80996B00,0xFFFFD200,0xFFFFD200,
  0xFFFFD200,0xFFFFD200,0xFFFFD200,0x7C9D6C00,0x7B9C6C00,0x7A9C6C00,0x799C6B00,0x799C6B00,
  0x799C6B00,0xFFFFD200,0xFFFFD200,0xFFFFD200,0xFFFFD200,0xFFFFD200,0xFFFFD200,0xFFFFD200,
  0xFFFFD200,0xFFFFD200,0xFFFFD200,0x84A27200,0x86A37200,0x88A37300,0x8AA37400,0x8BA37400,
  0x8CA27400,0xFFFFD200,0xFFFFD200,0xFFFFD200,0xFFFFD200,0xFFFFD200,0x8A926B00,0x868D6700,
  0xFFFFD200,0xFFFFD200,0xFFFFD200,0xFFFFD200,0x54644E00,0x4D5A4600,0x454F3E00,0x3D453700,
  0x353B2F00,0x2D322800,0x262A2100,0x20221B00,0x1A1C1600,0x15161200,0x11120E00,0x0D0E0B00,
  0x0D0E0B00,0x10110E00,0x14161100,0x181B1500,0x1D211A00,0x23281F00,0x2A302600,0x31392D00,
  0x38423400,0x3F4C3B00,0x46554200,0x4D5F4900,0xFFFFD200,0xFFFFD200,0xFFFFD200,0xFFFFD200,
  0x7B876000,0x7E8C6400,0x80916700,0x81936900,0x81966A00,0xFFFFD200,0xFFFFD200,0xFFFFD200,
  0xFFFFD200,0xFFFFD200,0x7E9D6D00,0x7D9D6C00,0x7C9D6C00,0x7B9C6C00,0x7A9C6B00,0x799C6B00,
  0x799C6B00,0x799C6B00,0xFFFFD200,0xFFFFD200,0xFFFFD200,0xFFFFD200,0xFFFFD200,0xFFFFD200,
  0xFFFFD200,0xFFFFD200,0x83A17000,0x84A17100,0x86A27200,0x88A37300,0x8AA37400,0x8BA27400,
  0x8CA27400,0x8DA17300,0xFFFFD200,0xFFFFD200,0xFFFFD200,0xFFFFD200,0xFFFFD200,0x868D6700,
  0xFFFFD200,0xFFFFD200,0xFFFFD200,0xFFFFD200,0x55644E00,0x4D594600,0x454F3E00,0x3E453700,
  0x353B2F00,0x2D322800,0x262A2100,0x20221B00,0x1A1C1600,0x15161200,0x11120E00,0x0D0E0B00,
  0x0D0E0B00,0x10110E00,0x14161100,0x181B1500,0x1D211A00,0x24281F00,0x2A302600,0x31392C00,
  0x38423300,0x3F4C3B00,0x47554200,0x4D5F4900,0xFFFFD200,0xFFFFD200,0xFFFFD200,0xFFFFD200,
  0x7C876100,0x7E8C6400,0x80916700,0x82946900,0xFFFFD200,0xFFFFD200,0xFFFFD200,0xFFFFD200,
  0xFFFFD200,0x7E9C6D00,0x7E9C6D00,0x7D9C6C00,0x7C9C6C00,0x7B9C6B00,0x7A9B6B00,0x799B6A00,
  0x799B6A00,0x799B6A00,0x799B6A00,0xFFFFD200,0xFFFFD200,0xFFFFD200,0xFFFFD200,0xFFFFD200,
  0xFFFFD200,0x809F6F00,0x82A06F00,0x84A07000,0x85A17100,0x87A27200,0x89A17300,0x8BA17300,
  0x8BA17300,0x8CA07300,0xFFFFD200,0xFFFFD200,0xFFFFD200,0xFFFFD200,0xFFFFD200,0x868C6600,
  0xFFFFD200,0xFFFFD200,0xFFFFD200,0xFFFFD200,0x55634D00,0x4D594600,0x454F3E00,0x3E453600,
  0x353B2F00,0x2D322700,0x262A2100,0x20221B00,0x1A1C1600,0x15161200,0x11110E00,0x0D0E0B00,
  0x0D0D0B00,0x10110E00,0x14151100,0x181A1500,0x1D211A00,0x23281F00,0x2A302500,0x31382C00,
  0x38423300,0x3F4B3A00,0x47554200,0x4D5E4900,0xFFFFD200,0xFFFFD200,0xFFFFD200,0xFFFFD200,
  0x7D876100,0x7F8B6400,0x81906700,0xFFFFD200,0xFFFFD200,0xFFFFD200,0xFFFFD200,0xFFFFD200,
  0x809B6C00,0x7E9B6C00,0x7E9B6C00,0x7D9B6B00,0x7C9B6B00,0x7A9B6B00,0x799A6A00,0x799A6A00,
  0x78996A00,0x789A6A00,0x789A6A00,0x799A6A00,0xFFFFD200,0xFFFFD200,0xFFFFD200,0xFFFFD200,
  0xFFFFD200,0x7F9E6E00,0x819E6F00,0x839F6F00,0x849F7000,0x86A07100,0x88A07100,0x8AA17200,
  0x8BA07200,0x8B9E7200,0x8C9D7200,0xFFFFD200,0xFFFFD200,0xFFFFD200,0xFFFFD200,0xFFFFD200,
  0xFFFFD200,0xFFFFD200,0xFFFFD200,0xFFFFD200,0x55624D00,0x4D584600,0x454E3E00,0x3D443600,
  0x353B2E00,0x2D312700,0x26292100,0x1F221B00,0x191C1600,0x15161200,0x11110E00,0x0D0E0B00,
  0x0D0D0A00,0x10110E00,0x13151100,0x181A1500,0x1D201A00,0x23271F00,0x2A2F2500,0x31382C00,
  0x38413300,0x3F4B3A00,0x47544100,0x4D5E4800,0xFFFFD200,0xFFFFD200,0xFFFFD200,0xFFFFD200,
  0x7D866100,0x7F8B6400,0xFFFFD200,0xFFFFD200,0xFFFFD200,0xFFFFD200,0xFFFFD200,0x81996C00,
  0x7F9A6C00,0x7E9B6B00,0x7E9B6B00,0x7C9A6B00,0x7B9A6A00,0x7A9A6A00,0x79996A00,0x78996A00,
  0x78996900,0x78996900,0x78996900,0x78996A00,0x79996A00,0xFFFFD200,0x7A9A6A00,0xFFFFD200,
  0x7D9B6B00,0x7E9C6C00,0x7F9D6D00,0x819D6E00,0x839E6F00,0x849F7000,0x869E7100,0x889E7100,
  0x899E7100,0x8B9D7100,0x8B9B7000,0xFFFFD200,0xFFFFD200,0xFFFFD200,0xFFFFD200,0xFFFFD200,
  0xFFFFD200,0xFFFFD200,0xFFFFD200,0xFFFFD200,0x54614C00,0x4C574500,0x444D3D00,0x3D433500,
  0x343A2E00,0x2C312700,0x25292100,0x1F221B00,0x191B1600,0x15161100,0x10110E00,0x0D0D0B00,
  0x0C0D0A00,0x10110D00,0x13151100,0x181A1500,0x1D201900,0x23271F00,0x292E2400,0x30372B00,
  0x38403200,0x3F4A3900,0x46534100,0x4D5C4700,0xFFFFD200,0xFFFFD200,0xFFFFD200,0xFFFFD200,
  0x7D856000,0xFFFFD200,0xFFFFD200,0xFFFFD200,0xFFFFD200,0xFFFFD200,0x82976B00,0x81986B00,
  0x7F986B00,0x7E996B00,0x7D996B00,0x7C986A00,0x7A986A00,0x79986900,0x78976900,0x78976800,
  0x78976800,0x78976800,0x77976800,0x78976800,0x78976800,0x78976900,0x79986900,0x7A996A00,
  0x7B996A00,0x7D9A6B00,0x7E9B6B00,0x7F9B6C00,0x829C6D00,0x839C6E00,0x849C6F00,0x869D6F00,
  0x889C6F00,0x899B6F00,0x8A9A6F00,0x8A986E00,0xFFFFD200,0xFFFFD200,0xFFFFD200,0xFFFFD200,
  0xFFFFD200,0xFFFFD200,0xFFFFD200,0xFFFFD200,0x53604B00,0x4B564400,0x444C3C00,0x3C423500,
  0x34392D00,0x2C302600,0x25282000,0x1F211A00,0x191B1500,0x14151100,0x10110E00,0x0D0D0B00,
  0x0C0D0A00,0x0F100D00,0x13141000,0x17191400,0x1C1F1900,0x22261E00,0x292E2400,0x30362B00,
  0x373F3100,0x3E483800,0x45524000,0x4C5B4600,0xFFFFD200,0xFFFFD200,0xFFFFD200,0xFFFFD200,
  0xFFFFD200,0xFFFFD200,0xFFFFD200,0xFFFFD200,0xFFFFD200,0x82946A00,0x81966A00,0x80966A00,
  0x7F976A00,0x7E976A00,0x7D986A00,0x7B976900,0x7A976800,0x78966800,0x78966700,0x77966700,
  0x77956700,0x76956600,0x76956600,0x76956600,0x77966700,0x78966700,0x78966700,0x78976800,
  0x79976800,0x7B976A00,0x7D986A00,0x7E986B00,0x80996C00,0x819A6C00,0x839A6D00,0x849A6D00,
  0x869A6E00,0x87986E00,0x88986D00,0x88956B00,0x88936A00,0xFFFFD200,0xFFFFD200,0xFFFFD200,
  0xFFFFD200,0xFFFFD200,0xFFFFD200,0xFFFFD200,0x515E4A00,0x4A544200,0x424B3B00,0x3B413400,
  0x33382C00,0x2B2F2500,0x24271F00,0x1E201A00,0x181A1500,0x14151100,0x10100D00,0x0D0D0A00,
  0x0C0C0A00,0x0F100D00,0x12141000,0x17191400,0x1C1F1800,0x22251D00,0x282D2300,0x2F352A00,
  0x363D3000,0x3D473700,0x44503E00,0x4B594500,0xFFFFD200,0xFFFFD200,0xFFFFD200,0xFFFFD200,
  0xFFFFD200,0xFFFFD200,0xFFFFD200,0xFFFFD200,0x81916700,0x81926800,0x80936900,0x7F946900,
  0x7E956900,0x7D956800,0x7C956800,0x7A956800,0x79946700,0x78946700,0x77946600,0x76946600,
  0x75936500,0x75936500,0x75936500,0x75936500,0x75936500,0x76936600,0x77946600,0x78946600,
  0x78946700,0x79956700,0x7B956800,0x7C966900,0x7E976900,0x7F976A00,0x81976B00,0x83976B00,
  0x84976B00,0x84966B00,0x85946B00,0x86936A00,0x85906800,0xFFFFD200,0xFFFFD200,0xFFFFD200,
  0xFFFFD200,0xFFFFD200,0xFFFFD200,0xFFFFD200,0x505B4800,0x48524100,0x41493900,0x393F3200,
  0x31362B00,0x2A2E2400,0x23261E00,0x1D1F1900,0x18191400,0x13141000,0x0F100D00,0x0C0C0A00,
  0x0B0C0900,0x0E0F0C00,0x12130F00,0x16181300,0x1B1E1800,0x21241C00,0x272B2200,0x2E332900,
  0x353C2F00,0x3C453600,0x434E3D00,0x4A574300,0xFFFFD200,0xFFFFD200,0xFFFFD200,0xFFFFD200,
  0xFFFFD200,0xFFFFD200,0xFFFFD200,0x7F8B6400,0x808E6500,0x80906700,0x7F916700,0x7E916700,
  0x7E926700,0x7C936700,0x7B926700,0x79926600,0x78926500,0x77926500,0x76916400,0x75916400,
  0x74906400,0x74906400,0x74906400,0x74906400,0x74906400,0x75906400,0x75916400,0x76916400,
  0x77926500,0x78926600,0x79926600,0x7A936700,0x7C936800,0x7E946800,0x7F946900,0x80946900,
  0x82946900,0x83936900,0x83916800,0x848F6700,0x838D6600,0x828A6400,0xFFFFD200,0xFFFFD200,
  0xFFFFD200,0xFFFFD200,0xFFFFD200,0xFFFFD200,0x4D594600,0x46503F00,0x3F463800,0x383D3100,
  0x30342A00,0x292C2300,0x22251D00,0x1C1E1800,0x17191400,0x13141000,0x0F0F0D00,0x0C0C0A00,
  0x0B0B0900,0x0E0F0C00,0x11120F00,0x15171200,0x1A1C1700,0x20231B00,0x252A2100,0x2C312700,
  0x333A2D00,0x3A423400,0x414B3B00,0x48544100,0xFFFFD200,0xFFFFD200,0xFFFFD200,0xFFFFD200,
  0xFFFFD200,0xFFFFD200,0x7C856000,0x7E886100,0x7E8B6300,0x7E8C6400,0x7E8E6500,0x7D8E6500,
  0x7C8F6500,0x7B906500,0x79906500,0x788F6400,0x778F6400,0x768F6300,0x748E6200,0x738E6200,
  0x738D6100,0x728D6100,0x728D6100,0x728D6100,0x728D6100,0x738D6100,0x738E6100,0x748E6200,
  0x758E6300,0x768F6300,0x788F6400,0x788F6500,0x7A906500,0x7B906500,0x7D906600,0x7E906600,
  0x7F906600,0x808E6600,0x808E6600,0x818B6400,0x80896300,0x7F866100,0xFFFFD200,0xFFFFD200,
  0xFFFFD200,0xFFFFD200,0xFFFFD200,0xFFFFD200,0x4B554300,0x434D3C00,0x3D443600,0x363B2F00,
  0x2E322800,0x272A2200,0x21231C00,0x1B1D1700,0x16171300,0x12130F00,0x0E0F0C00,0x0B0B0900,
  0x0A0B0800,0x0D0E0B00,0x10110E00,0x14161100,0x191B1600,0x1E211A00,0x24281F00,0x2B2F2600,
  0x31372C00,0x38403200,0x3F483900,0x45503F00,0xFFFFD200,0xFFFFD200,0xFFFFD200,0xFFFFD200,
  0xFFFFD200,0x787E5B00,0x7A815D00,0x7B845F00,0x7C876100,0x7C886100,0x7C8A6200,0x7B8B6300,
  0x798B6200,0x788C6200,0x788C6200,0x768B6200,0x758B6100,0x748B6100,0x728A6000,0x728A5F00,
  0x728A5F00,0x718A5F00,0x718A5F00,0x718A5F00,0x718A5E00,0x718A5F00,0x728A5F00,0x728A5F00,
  0x728A6000,0x738B6100,0x758B6100,0x768B6200,0x788C6200,0x788C6200,0x7A8C6300,0x7B8C6300,
  0x7C8B6300,0x7D8B6300,0x7D896200,0x7E886100,0x7D866000,0x7C825E00,0x797E5B00,0xFFFFD200,
  0xFFFFD200,0xFFFFD200,0xFFFFD200,0xFFFFD200,0x47514000,0x41493A00,0x3A413300,0x33382D00,
  0x2C302600,0x25282000,0x1F211B00,0x1A1C1600,0x15161200,0x11120E00,0x0D0E0B00,0x0B0B0900,
  0x0A0A0800,0x0C0D0B00,0x0F100D00,0x13151000,0x181A1400,0x1D1F1900,0x22261E00,0x292D2400,
  0x2F342900,0x353C3000,0x3C443600,0x424C3C00,0xFFFFD200,0xFFFFD200,0xFFFFD200,0xFFFFD200,
  0x72765500,0x757A5800,0x777D5A00,0x78805C00,0x78835D00,0x79845E00,0x78865F00,0x78865F00,
  0x77875F00,0x76875F00,0x75885F00,0x74875F00,0x72875E00,0x72875E00,0x71865D00,0x70865D00,
  0x6F855C00,0x6F855C00,0x6E855C00,0x6E855C00,0x6E855C00,0x6F855C00,0x6F855C00,0x70865C00,
  0x70865D00,0x71875E00,0x72875E00,0x73875F00,0x74885F00,0x75885F00,0x77886000,0x78876000,
  0x78866000,0x79865F00,0x79845F00,0x79835E00,0x79815C00,0x787E5B00,0x767A5800,0x73765600,
  0xFFFFD200,0xFFFFD200,0xFFFFD200,0xFFFFD200,0x444D3D00,0x3D453700,0x373D3000,0x30352A00,
  0x292D2400,0x23261E00,0x1D201900,0x191A1500,0x14151100,0x10110D00,0x0D0D0B00,0x0A0A0800,
  0x09090700,0x0C0C0A00,0x0E0F0C00,0x12130F00,0x17181300,0x1B1D1700,0x20231C00,0x262A2200,
  0x2C312700,0x32392D00,0x39403300,0x3F483800,0xFFFFD200,0xFFFFD200,0xFFFFD200,0xFFFFD200,
  0x6E725100,0x71765400,0x72795600,0x747C5800,0x757E5A00,0x757F5B00,0x75815B00,0x75815C00,
  0x74825C00,0x73835C00,0x72835C00,0x71835B00,0x70825B00,0x6F825A00,0x6E815A00,0x6D815A00,
  0x6C815900,0x6C815900,0x6B815900,0x6B815900,0x6B815900,0x6C815900,0x6C815900,0x6C815900,
  0x6D815A00,0x6E825A00,0x6F825A00,0x70825B00,0x71835B00,0x72835C00,0x73825C00,0x73825C00,
  0x75815C00,0x75815B00,0x757F5B00,0x757E5A00,0x757C5800,0x73795700,0x72765400,0x6F725200,
  0xFFFFD200,0xFFFFD200,0xFFFFD200,0xFFFFD200,0x40483900,0x3A413300,0x34392D00,0x2D322800,
  0x272B2200,0x21241C00,0x1C1E1800,0x17181300,0x12141000,0x0F100D00,0x0C0C0A00,0x09090800,
  0x09090700,0x0B0B0900,0x0D0E0B00,0x11120E00,0x15161200,0x191B1600,0x1E211A00,0x24271F00,
  0x2A2E2400,0x2F352A00,0x353C2F00,0x3B433500,0xFFFFD200,0xFFFFD200,0xFFFFD200,0xFFFFD200,
  0xFFFFD200,0xFFFFD200,0xFFFFD200,0xFFFFD200,0xFFFFD200,0xFFFFD200,0xFFFFD200,0xFFFFD200,
  0xFFFFD200,0xFFFFD200,0xFFFFD200,0xFFFFD200,0xFFFFD200,0xFFFFD200,0xFFFFD200,0xFFFFD200,
  0xFFFFD200,0xFFFFD200,0xFFFFD200,0xFFFFD200,0xFFFFD200,0xFFFFD200,0xFFFFD200,0xFFFFD200,
  0xFFFFD200,0xFFFFD200,0xFFFFD200,0xFFFFD200,0xFFFFD200,0xFFFFD200,0xFFFFD200,0xFFFFD200,
  0xFFFFD200,0xFFFFD200,0xFFFFD200,0xFFFFD200,0xFFFFD200,0xFFFFD200,0xFFFFD200,0xFFFFD200,
  0xFFFFD200,0xFFFFD200,0xFFFFD200,0xFFFFD200,0x3B433500,0x363C3000,0x30352A00,0x2A2E2500,
  0x24272000,0x1F211A00,0x1A1B1600,0x15161200,0x11120E00,0x0E0E0C00,0x0B0B0900,0x09090700,
  0x08080600,0x0A0A0800,0x0C0D0A00,0x0F100D00,0x13141000,0x17191400,0x1C1E1800,0x21241D00,
  0x272A2200,0x2B312700,0x31372C00,0x373E3100,0x3C453600,0xFFFFD200,0xFFFFD200,0xFFFFD200,
  0xFFFFD200,0xFFFFD200,0xFFFFD200,0xFFFFD200,0xFFFFD200,0xFFFFD200,0xFFFFD200,0xFFFFD200,
  0xFFFFD200,0xFFFFD200,0xFFFFD200,0xFFFFD200,0xFFFFD200,0xFFFFD200,0xFFFFD200,0xFFFFD200,
  0xFFFFD200,0xFFFFD200,0xFFFFD200,0xFFFFD200,0xFFFFD200,0xFFFFD200,0xFFFFD200,0xFFFFD200,
  0xFFFFD200,0xFFFFD200,0xFFFFD200,0xFFFFD200,0xFFFFD200,0xFFFFD200,0xFFFFD200,0xFFFFD200,
  0xFFFFD200,0xFFFFD200,0xFFFFD200,0xFFFFD200,0xFFFFD200,0xFFFFD200,0xFFFFD200,0xFFFFD200,
  0xFFFFD200,0xFFFFD200,0xFFFFD200,0x3C453600,0x373E3100,0x32382C00,0x2C312700,0x272B2200,
  0x21241D00,0x1C1E1800,0x18191400,0x14151100,0x10110D00,0x0D0D0B00,0x0A0A0900,0x08080600,
  0x07070600,0x09090800,0x0B0C0900,0x0E0F0C00,0x12130F00,0x15171200,0x191C1600,0x1E211A00,
  0x23271F00,0x282D2300,0x2D332800,0x32392D00,0x373F3200,0x3C453600,0xFFFFD200,0xFFFFD200,
  0xFFFFD200,0xFFFFD200,0xFFFFD200,0xFFFFD200,0xFFFFD200,0xFFFFD200,0xFFFFD200,0xFFFFD200,
  0xFFFFD200,0xFFFFD200,0xFFFFD200,0xFFFFD200,0xFFFFD200,0xFFFFD200,0xFFFFD200,0xFFFFD200,
  0xFFFFD200,0xFFFFD200,0xFFFFD200,0xFFFFD200,0xFFFFD200,0xFFFFD200,0xFFFFD200,0xFFFFD200,
  0xFFFFD200,0xFFFFD200,0xFFFFD200,0xFFFFD200,0xFFFFD200,0xFFFFD200,0xFFFFD200,0xFFFFD200,
  0xFFFFD200,0xFFFFD200,0xFFFFD200,0xFFFFD200,0xFFFFD200,0xFFFFD200,0xFFFFD200,0xFFFFD200,
  0xFFFFD200,0xFFFFD200,0x3C453600,0x373F3200,0x32392D00,0x2D332800,0x292D2400,0x24271F00,
  0x1E211B00,0x1A1C1600,0x16171200,0x12130F00,0x0E0F0C00,0x0C0C0A00,0x09090800,0x07070600,
  0x06060500,0x08080700,0x0A0B0900,0x0D0D0B00,0x10110D00,0x13141000,0x17191400,0x1B1E1800,
  0x20231C00,0x24282000,0x292E2400,0x2E342900,0x32392D00,0x363F3100,0x3B443500,0xFFFFD200,
  0xFFFFD200,0xFFFFD200,0xFFFFD200,0xFFFFD200,0xFFFFD200,0xFFFFD200,0xFFFFD200,0xFFFFD200,
  0xFFFFD200,0xFFFFD200,0xFFFFD200,0xFFFFD200,0xFFFFD200,0xFFFFD200,0xFFFFD200,0xFFFFD200,
  0xFFFFD200,0xFFFFD200,0xFFFFD200,0xFFFFD200,0xFFFFD200,0xFFFFD200,0xFFFFD200,0xFFFFD200,
  0xFFFFD200,0xFFFFD200,0xFFFFD200,0xFFFFD200,0xFFFFD200,0xFFFFD200,0xFFFFD200,0xFFFFD200,
  0xFFFFD200,0xFFFFD200,0xFFFFD200,0xFFFFD200,0xFFFFD200,0xFFFFD200,0xFFFFD200,0xFFFFD200,
  0xFFFFD200,0x3A443500,0x373F3100,0x32392D00,0x2E342900,0x292E2400,0x25282000,0x20231C00,
  0x1B1E1800,0x17191400,0x13141100,0x10110D00,0x0D0D0B00,0x0A0B0900,0x08080700,0x06060500,
  0x05050400,0x07070600,0x09090800,0x0B0C0900,0x0E0F0C00,0x11120F00,0x14161200,0x191B1500,
  0x1D1F1900,0x21241D00,0x25292100,0x292E2400,0x2D332900,0x31382D00,0x353D3000,0x38423400,
  0x3B463700,0x3E4A3900,0x404D3C00,0x42513E00,0x43534000,0x44554100,0x44564200,0x45574300,
  0x44584300,0x44594400,0x445A4400,0x435A4400,0x435A4400,0x42594300,0x42594300,0x42594300,
  0x41594200,0x41594200,0x41594200,0x41594200,0x41594200,0x41594200,0x41594200,0x41594200,
  0x41594300,0x42594300,0x42594300,0x43594300,0x43594300,0x43594300,0x44594300,0x44584300,
  0x44574200,0x44564200,0x43554100,0x43533F00,0x41503E00,0x404D3C00,0x3D4A3900,0x3B463700,
  0x38423300,0x353D3000,0x31382C00,0x2D332900,0x292E2400,0x25292100,0x21241D00,0x1D1F1900,
  0x191B1500,0x15161200,0x11120F00,0x0E0F0C00,0x0B0C0A00,0x09090800,0x07070600,0x05060500,
  0x05050400,0x06060500,0x08080700,0x0A0A0800,0x0D0D0A00,0x0F100D00,0x12130F00,0x16171300,
  0x191B1600,0x1D201900,0x21241D00,0x25292000,0x292E2400,0x2C322800,0x30362B00,0x333B2E00,
  0x353F3100,0x38423300,0x3A453600,0x3C483800,0x3D4A3900,0x3E4C3B00,0x3E4D3C00,0x3F4F3C00,
  0x3F4F3D00,0x3F503D00,0x3E513D00,0x3E513D00,0x3E513D00,0x3D513D00,0x3D503D00,0x3D503D00,
  0x3C503C00,0x3C503C00,0x3C503C00,0x3C503C00,0x3C503C00,0x3C503C00,0x3C503C00,0x3C503C00,
  0x3C503D00,0x3D503D00,0x3D503D00,0x3D503D00,0x3D503D00,0x3E503D00,0x3E503D00,0x3E4F3C00,
  0x3E4E3C00,0x3E4D3B00,0x3D4C3A00,0x3C4A3900,0x3B483700,0x39453500,0x37423300,0x353E3100,
  0x323A2E00,0x2F362B00,0x2C322700,0x282E2400,0x24292000,0x21241D00,0x1D201A00,0x191B1600,
  0x16171300,0x12130F00,0x0F100D00,0x0C0D0A00,0x0A0A0800,0x08080700,0x06060500,0x05050400,
  0x04040300,0x05060400,0x07070600,0x09090700,0x0B0B0900,0x0D0E0B00,0x10110D00,0x13141000,
  0x16181300,0x191C1600,0x1D201900,0x20241C00,0x24282000,0x272C2300,0x2A302600,0x2D332900,
  0x2F372B00,0x323A2D00,0x343D3000,0x353F3100,0x37423300,0x37433400,0x38453500,0x38463600,
  0x38473600,0x39473700,0x38483700,0x38483700,0x38483700,0x38483700,0x37483600,0x37483600,
  0x37483600,0x37473600,0x36473600,0x36473600,0x36473600,0x36473600,0x37483600,0x37473600,
  0x37473600,0x37483600,0x37483700,0x38473600,0x38473700,0x38473600,0x38473600,0x38463600,
  0x38453500,0x37443500,0x37433400,0x36413200,0x353F3100,0x333C2F00,0x313A2D00,0x2F372B00,
  0x2C332800,0x2A2F2500,0x272C2300,0x23282000,0x20241C00,0x1D201900,0x191C1600,0x16181300,
  0x13141000,0x10110D00,0x0D0E0B00,0x0B0B0900,0x09090700,0x07070600,0x05060500,0x04040300,
  0x03030300,0x05050400,0x06060500,0x07080600,0x090A0800,0x0B0C0A00,0x0D0E0B00,0x10110E00,
  0x13151000,0x16181300,0x191B1600,0x1C1F1800,0x1F221B00,0x22261E00,0x25292100,0x272D2300,
  0x29302500,0x2C322700,0x2D352900,0x2F372B00,0x30392C00,0x313B2E00,0x323C2E00,0x323D2F00,
  0x323E2F00,0x323E3000,0x323F3000,0x323F3000,0x323F3000,0x323F3000,0x323F3000,0x323F3000,
  0x313F3000,0x313F3000,0x313F3000,0x313F3000,0x313F3000,0x313F3000,0x313F3000,0x313F3000,
  0x313F3000,0x323F3000,0x323F3000,0x323F3000,0x323F3000,0x323E3000,0x323E3000,0x323E2F00,
  0x323D2F00,0x313C2E00,0x303A2D00,0x30392C00,0x2E372B00,0x2D342900,0x2B322700,0x292F2500,
  0x272C2300,0x24292000,0x22261E00,0x1E221B00,0x1C1F1800,0x191B1600,0x16181300,0x13141000,
  0x10110E00,0x0D0E0B00,0x0B0C0A00,0x090A0800,0x07080600,0x06060500,0x05050400,0x03030300,
  0x03030200,0x04040300,0x05050400,0x06060500,0x08080600,0x090A0800,0x0B0C0A00,0x0E0F0C00,
  0x10110E00,0x12141000,0x15171200,0x181A1500,0x1A1D1700,0x1D201A00,0x1F231C00,0x22261E00,
  0x24292000,0x252B2200,0x272D2400,0x282F2500,0x2A312600,0x2B322700,0x2B332800,0x2C342900,
  0x2C352900,0x2C352A00,0x2C362A00,0x2C362A00,0x2C362A00,0x2C362A00,0x2C362A00,0x2C362A00,
  0x2B362A00,0x2B362900,0x2B362900,0x2B362900,0x2B362900,0x2B362900,0x2B362900,0x2B362900,
  0x2B362A00,0x2C362A00,0x2C362A00,0x2C362A00,0x2C362A00,0x2C362900,0x2C352900,0x2B352900,
  0x2B342800,0x2B332800,0x2A322700,0x29312600,0x282F2500,0x272D2300,0x252B2200,0x23282000,
  0x21261E00,0x1F231C00,0x1D201900,0x1A1D1700,0x181A1400,0x15171200,0x12141000,0x10110E00,
  0x0E0F0C00,0x0B0C0A00,0x090A0800,0x08080600,0x06060500,0x05050400,0x04040300,0x03030200,
  0x02020200,0x03030300,0x04040300,0x05050400,0x06070500,0x08080700,0x090A0800,0x0B0C0A00,
  0x0E0E0B00,0x0F110E00,0x12130F00,0x14161100,0x16181300,0x181B1600,0x1A1D1700,0x1C201900,
  0x1E221B00,0x20241C00,0x21261E00,0x22281F00,0x23292000,0x242A2100,0x252B2200,0x252C2200,
  0x262D2300,0x262D2300,0x262E2300,0x262E2400,0x262E2400,0x262E2400,0x262E2400,0x262E2400,
  0x262E2300,0x262E2300,0x262E2300,0x262E2300,0x262E2300,0x262E2300,0x262E2300,0x262E2300,
  0x262E2400,0x262E2400,0x262E2400,0x262E2300,0x262E2300,0x262E2300,0x262D2300,0x252D2300,
  0x252C2200,0x242B2200,0x242A2100,0x23292000,0x22281F00,0x21261E00,0x1F241C00,0x1E221B00,
  0x1C201900,0x1A1D1700,0x181B1500,0x16181300,0x14161100,0x12130F00,0x0F110E00,0x0D0E0B00,
  0x0B0C0A00,0x090A0800,0x08080700,0x06070500,0x05050400,0x04040300,0x03030300,0x02020200,
  0x02020100,0x03030200,0x03030300,0x04040300,0x05050400,0x06070500,0x08080600,0x090A0800,
  0x0B0C0900,0x0D0E0B00,0x0E100C00,0x10120E00,0x12141000,0x14161200,0x16181300,0x171A1500,
  0x191C1600,0x1A1E1700,0x1C1F1900,0x1D211A00,0x1E221B00,0x1E231C00,0x1F241C00,0x1F251D00,
  0x20251D00,0x20261E00,0x20261E00,0x20261E00,0x20261E00,0x20261E00,0x20261E00,0x20261E00,
  0x20261E00,0x20271E00,0x20271E00,0x20271E00,0x20271E00,0x20271E00,0x20271E00,0x20261E00,
  0x20261E00,0x20261E00,0x20261E00,0x20261E00,0x20261E00,0x20261D00,0x20251D00,0x1F251D00,
  0x1F251D00,0x1F241C00,0x1E231C00,0x1D221B00,0x1C211A00,0x1B1F1900,0x1A1E1700,0x191C1600,
  0x171A1500,0x16181300,0x14161200,0x12141000,0x10120E00,0x0E100C00,0x0D0E0B00,0x0B0C0900,
  0x090A0800,0x08080600,0x06070500,0x05050400,0x04040300,0x03030300,0x03030200,0x02020100,
  0x01010100,0x02020200,0x03030200,0x03030300,0x04040300,0x05050400,0x06060500,0x07080600,
  0x09090700,0x0A0B0900,0x0C0D0A00,0x0D0E0B00,0x0F100D00,0x10120E00,0x12131000,0x13151100,
  0x14171200,0x16181300,0x17191400,0x171B1500,0x181C1600,0x191D1700,0x191D1700,0x1A1E1800,
  0x1A1E1800,0x1A1F1800,0x1B1F1800,0x1B1F1800,0x1B1F1900,0x1B1F1900,0x1B1F1900,0x1B1F1900,
  0x1B201800,0x1B201800,0x1B201800,0x1B201800,0x1B201800,0x1B201800,0x1B201800,0x1B201800,
  0x1B1F1900,0x1B1F1900,0x1B1F1900,0x1B1F1800,0x1B1F1800,0x1B1F1800,0x1A1F1800,0x1A1E1800,
  0x1A1E1700,0x191D1700,0x191D1700,0x181C1600,0x171B1500,0x16191400,0x15181300,0x14161200,
  0x13151100,0x12130F00,0x10120E00,0x0E100D00,0x0D0E0B00,0x0C0D0A00,0x0A0B0900,0x09090700,
  0x07080600,0x06060500,0x05050400,0x04040300,0x03030300,0x03030200,0x02020200,0x01010100,
  0x01010100,0x02020100,0x02020200,0x03030200,0x03030300,0x04040300,0x05050400,0x06060500,
  0x07070600,0x08090700,0x090A0800,0x0B0B0900,0x0C0D0A00,0x0D0E0B00,0x0E0F0C00,0x0F110D00,
  0x10120E00,0x11130F00,0x12141000,0x13151100,0x14161200,0x14171200,0x15171300,0x15181300,
  0x15181300,0x16191400,0x16191400,0x16191400,0x16191400,0x16191400,0x16191400,0x16191400,
  0x16191400,0x161A1400,0x161A1400,0x161A1400,0x161A1400,0x161A1400,0x161A1400,0x16191400,
  0x16191400,0x16191400,0x16191400,0x16191400,0x16191400,0x16191400,0x16191400,0x15181300,
  0x15181300,0x15171300,0x14171200,0x14161200,0x13151100,0x12141000,0x11130F00,0x10120E00,
  0x0F110D00,0x0E0F0C00,0x0D0E0B00,0x0C0D0A00,0x0A0B0900,0x090A0800,0x08090700,0x07070600,
  0x06060500,0x05050400,0x04040300,0x03030300,0x03030200,0x02020200,0x02020100,0x01010100,
  0x01010100,0x01010100,0x01010100,0x02020100,0x02030200,0x03030300,0x04040300,0x05050400,
  0x05060500,0x06070500,0x07080600,0x08090700,0x090A0800,0x0A0B0900,0x0B0C0A00,0x0C0D0B00,
  0x0D0E0B00,0x0E0F0C00,0x0F100D00,0x0F110D00,0x10110E00,0x10120E00,0x11120F00,0x11130F00,
  0x11130F00,0x11141000,0x12141000,0x12141000,0x12141000,0x12141000,0x12141000,0x12141000,
  0x12141000,0x12141000,0x12141000,0x12141000,0x12141000,0x12141000,0x12141000,0x12141000,
  0x12141000,0x12141000,0x12141000,0x12141000,0x12141000,0x12141000,0x11141000,0x11130F00,
  0x11130F00,0x10120F00,0x10120E00,0x10110E00,0x0F110D00,0x0E100D00,0x0E0F0C00,0x0D0E0B00,
  0x0C0D0B00,0x0B0C0A00,0x0A0B0900,0x090A0800,0x08090700,0x07080600,0x06070500,0x05060500,
  0x04050400,0x04040300,0x03030300,0x02030200,0x02020100,0x01010100,0x01010100,0x01010100,
  0x01010000,0x01010100,0x01010100,0x01020100,0x02020200,0x02020200,0x03030200,0x03040300,
  0x04040300,0x05050400,0x05060500,0x06070500,0x07080600,0x08080700,0x09090700,0x090A0800,
  0x0A0B0900,0x0B0C0900,0x0B0C0A00,0x0C0D0A00,0x0C0D0B00,0x0D0E0B00,0x0D0E0B00,0x0D0F0C00,
  0x0E0F0C00,0x0E0F0C00,0x0E0F0C00,0x0E100C00,0x0E100C00,0x0E100C00,0x0E100C00,0x0E100C00,
  0x0E100C00,0x0E100C00,0x0E100C00,0x0E100C00,0x0E100C00,0x0E100C00,0x0E100C00,0x0E100C00,
  0x0E100C00,0x0E100C00,0x0E100C00,0x0E100C00,0x0E100C00,0x0E0F0C00,0x0E0F0C00,0x0D0F0C00,
  0x0D0F0C00,0x0D0E0B00,0x0D0E0B00,0x0C0D0B00,0x0C0D0A00,0x0B0C0A00,0x0B0C0900,0x0A0B0900,
  0x090A0800,0x09090700,0x08080700,0x07080600,0x06070500,0x05060500,0x05050400,0x04040300,
  0x03040300,0x03030200,0x02020200,0x02020200,0x01020100,0x01010100,0x01010100,0x01010000,
  0x00000000,0x01010000,0x01010100,0x01010100,0x01010100,0x02020100,0x02020200,0x02030200,
  0x03030200,0x03040300,0x04040300,0x05050400,0x05060400,0x06060500,0x07070600,0x07070600,
  0x08080700,0x08090700,0x09090700,0x090A0800,0x090A0800,0x0A0A0800,0x0A0B0900,0x0A0B0900,
  0x0A0B0900,0x0B0B0900,0x0B0C0900,0x0B0C0900,0x0B0C0900,0x0B0C0900,0x0B0C0900,0x0B0C0900,
  0x0B0C0900,0x0B0C0900,0x0B0C0900,0x0B0C0900,0x0B0C0900,0x0B0C0900,0x0B0C0900,0x0B0C0900,
  0x0B0C0900,0x0B0C0900,0x0B0C0900,0x0B0C0900,0x0B0C0900,0x0B0C0900,0x0B0B0900,0x0A0B0900,
  0x0A0B0900,0x0A0B0900,0x0A0A0800,0x090A0800,0x090A0800,0x09090700,0x08090700,0x08080700,
  0x07070600,0x07070600,0x06060500,0x05060400,0x05050400,0x04040300,0x03040300,0x03030200,
  0x02030200,0x02020200,0x02020100,0x01010100,0x01010100,0x01010100,0x01010000,0x00000000,
  0x00000000,0x00000000,0x01010000,0x01010100,0x01010100,0x01010100,0x01010100,0x02020100,
  0x02020200,0x02030200,0x03030200,0x03040300,0x04040300,0x04040400,0x05050400,0x05050400,
  0x06060500,0x06060500,0x06070500,0x07070600,0x07070600,0x07080600,0x07080600,0x08080700,
  0x08080700,0x08080700,0x08090700,0x08090700,0x08090700,0x08090700,0x08090700,0x08090700,
  0x08090700,0x08090700,0x08090700,0x08090700,0x08090700,0x08090700,0x08090700,0x08090700,
  0x08090700,0x08090700,0x08090700,0x08090700,0x08090700,0x08090700,0x08080700,0x08080700,
  0x08080700,0x07080600,0x07080600,0x07070600,0x07070600,0x06070500,0x06060500,0x06060500,
  0x05050400,0x05050400,0x04040400,0x04040300,0x03040300,0x03030200,0x02030200,0x02020200,
  0x02020100,0x01010100,0x01010100,0x01010100,0x01010100,0x01010000,0x00000000,0x00000000,
  0x00000000,0x00000000,0x00000000,0x01010000,0x01010100,0x01010100,0x01010100,0x01010100,
  0x01020100,0x02020100,0x02020200,0x02020200,0x03030200,0x03030300,0x03030300,0x04040300,
  0x04040300,0x04040400,0x04050400,0x05050400,0x05050400,0x05050400,0x05050400,0x05060500,
  0x05060500,0x06060500,0x06060500,0x06060500,0x06060500,0x06060500,0x06060500,0x06060500,
  0x06060500,0x06060500,0x06060500,0x06060500,0x06060500,0x06060500,0x06060500,0x06060500,
  0x06060500,0x06060500,0x06060500,0x06060500,0x06060500,0x06060500,0x06060500,0x05060500,
  0x05060500,0x05050400,0x05050400,0x05050400,0x05050400,0x04050400,0x04040400,0x04040300,
  0x04040300,0x03030300,0x03030300,0x03030200,0x02020200,0x02020200,0x02020100,0x01020100,
  0x01010100,0x01010100,0x01010100,0x01010100,0x01010000,0x00000000,0x00000000,0x00000000,
};

#define BR_ICON_DOCUMENT_W 72
#define BR_ICON_DOCUMENT_H 72
static const unsigned int BR_ICON_DOCUMENT[] = {
  0x00000000,0x00000000,0x00000000,0x00000000,0x00000000,0x01010000,0x01010100,0x02020200,
  0x02020200,0x03030200,0x04040300,0x04040400,0x05050400,0x06060500,0x07070600,0x08090700,
  0x0A0A0800,0x0B0B0900,0x0C0D0A00,0x0D0E0C00,0x0E0F0C00,0x10110E00,0x11120E00,0x12131000,
  0x13141000,0x13151100,0x14161200,0x15171200,0x16181300,0x16181300,0x16181300,0x16181400,
  0x16191400,0x16191400,0x17191400,0x17191400,0x17191400,0x17191400,0x17191400,0x16191400,
  0x16191400,0x16181400,0x16181300,0x16181300,0x16181300,0x15171200,0x14161200,0x13151100,
  0x13141000,0x12131000,0x11120E00,0x10110E00,0x0E0F0C00,0x0D0E0C00,0x0C0D0A00,0x0B0B0900,
  0x0A0A0800,0x08090700,0x07070600,0x06060500,0x05050400,0x04040400,0x04040300,0x03030200,
  0x02020200,0x02020200,0x01010100,0x01010000,0x00000000,0x00000000,0x00000000,0x00000000,
  0x00000000,0x00000000,0x00000000,0x00000000,0x01010000,0x01010100,0x02020100,0x02020200,
  0x02030200,0x03030300,0x04040300,0x05050400,0x06060500,0x07080600,0x08090700,0x0A0B0800,
  0x0C0C0A00,0x0D0E0B00,0x0E0F0C00,0x10110E00,0x11120F00,0x12141000,0x14151100,0x15171200,
  0x16181300,0x16191400,0x171A1500,0x181B1500,0x191C1600,0x191C1600,0x191C1700,0x191D1700,
  0x191D1700,0x191D1700,0x1A1E1800,0x1A1E1800,0x1A1E1800,0x1A1E1800,0x1A1E1800,0x191D1700,
  0x191D1700,0x191D1700,0x191C1700,0x191C1600,0x191C1600,0x181B1500,0x171A1500,0x16191400,
  0x16181300,0x15171200,0x14151100,0x12141000,0x11120F00,0x10110E00,0x0E0F0C00,0x0D0E0B00,
  0x0C0C0A00,0x0A0B0800,0x08090700,0x07080600,0x06060500,0x05050400,0x04040300,0x03030300,
  0x02030200,0x02020200,0x02020100,0x01010100,0x01010000,0x00000000,0x00000000,0x00000000,
  0x00000000,0x00000000,0x00000000,0x00000000,0x01010100,0x01010100,0x02020100,0x02020200,
  0x03030300,0x04040300,0x05050400,0x06060500,0x07080600,0x09090700,0x0A0B0900,0x0C0D0A00,
  0x0E0F0C00,0x0F100D00,0x11120F00,0x12141000,0x14161100,0x15181300,0x17191400,0x181B1500,
  0x191C1600,0x1A1D1800,0x1B1F1800,0x1B201900,0x1C211A00,0x1D211A00,0x1D211A00,0x1D221B00,
  0x1D221B00,0x1D231B00,0x1E231B00,0x1E231B00,0x1E231B00,0x1E231B00,0x1E231B00,0x1D231B00,
  0x1D221B00,0x1D221B00,0x1D211A00,0x1D211A00,0x1C211A00,0x1B201900,0x1B1F1800,0x1A1D1800,
  0x191C1600,0x181B1500,0x17191400,0x15181300,0x14161100,0x12141000,0x11120F00,0x0F100D00,
  0x0E0F0C00,0x0C0D0A00,0x0A0B0900,0x09090700,0x07080600,0x06060500,0x05050400,0x04040300,
  0x03030300,0x02020200,0x02020100,0x01010100,0x01010100,0x00000000,0x00000000,0x00000000,
  0x00000000,0x00000000,0x00000000,0x01010000,0x01010100,0x01010100,0x02020200,0x03030200,
  0x04040300,0x04050400,0x06060500,0x07080600,0x08090700,0x0A0B0900,0x0C0D0B00,0x0E0F0C00,
  0x10110E00,0x11130F00,0x13161100,0x15181300,0x171A1500,0x191C1600,0x1B1E1800,0x1C201900,
  0x1D211A00,0x1E231C00,0x1F241C00,0x20251D00,0x21261E00,0x21271E00,0x21271F00,0x21281F00,
  0x21281F00,0x21281F00,0x22292000,0x22292000,0x22292000,0x22292000,0x22292000,0x21281F00,
  0x21281F00,0x21281F00,0x21271F00,0x21271E00,0x21261E00,0x20251D00,0x1F241C00,0x1E231C00,
  0x1D211A00,0x1C201900,0x1B1E1800,0x191C1600,0x171A1500,0x15181300,0x13161100,0x11130F00,
  0x10110E00,0x0E0F0C00,0x0C0D0B00,0x0A0B0900,0x08090700,0x07080600,0x06060500,0x04050400,
  0x04040300,0x03030200,0x02020200,0x01010100,0x01010100,0x01010000,0x00000000,0x00000000,
  0x00000000,0x00000000,0x00000000,0x01010000,0x01010100,0x02020100,0x03030200,0x03030300,
  0x04050400,0x05060500,0x07070600,0x08090700,0x0A0B0900,0x0C0D0B00,0x0E100C00,0x10120E00,
  0x13151000,0x14171200,0x171A1400,0x191C1600,0x1B1F1800,0x1D211A00,0x1F231C00,0x20251D00,
  0x21271F00,0x22292000,0x242A2100,0x242C2200,0x252D2300,0x252D2300,0x262E2400,0x262E2400,
  0x262F2400,0x262F2400,0x262F2500,0x262F2500,0x262F2500,0x262F2500,0x262F2500,0x262F2400,
  0x262F2400,0x262E2400,0x262E2400,0x252D2300,0x252D2300,0x242C2200,0x242A2100,0x22292000,
  0x21271F00,0x20251D00,0x1F231C00,0x1D211A00,0x1B1F1800,0x191C1600,0x171A1400,0x14171200,
  0x13151000,0x10120E00,0x0E100C00,0x0C0D0B00,0x0A0B0900,0x08090700,0x07070600,0x05060500,
  0x04050400,0x03030300,0x03030200,0x02020100,0x01010100,0x01010000,0x00000000,0x00000000,
  0x00000000,0x00000000,0x01010000,0x01010100,0x01010100,0x02020200,0x03030200,0x04040300,
  0x05050400,0x06070600,0x08090700,0x0A0B0900,0x0C0D0A00,0x0E100C00,0x10120F00,0x13151100,
  0x16181300,0x181B1500,0x1A1E1800,0x1D211A00,0x1F241C00,0x21271E00,0x23292000,0x252C2200,
  0x262E2400,0x27302500,0x29312600,0x29332700,0x2A342800,0x2A352900,0x2B352900,0x2B362A00,
  0x2B362A00,0x2B362A00,0x2B372A00,0x2B372A00,0x2B372A00,0x2B372A00,0x2B372A00,0x2B362A00,
  0x2B362A00,0x2B362A00,0x2B352900,0x2A352900,0x2A342800,0x29332700,0x29312600,0x27302500,
  0x262E2400,0x252C2200,0x23292000,0x21271E00,0x1F241C00,0x1D211A00,0x1A1E1800,0x181B1500,
  0x16181300,0x13151100,0x10120F00,0x0E100C00,0x0C0D0A00,0x0A0B0900,0x08090700,0x06070600,
  0x05050400,0x04040300,0x03030200,0x02020200,0x01010100,0x01010100,0x01010000,0x00000000,
  0x00000000,0x00000000,0x01010000,0x01010100,0x02020100,0x02030200,0x03040300,0x05050400,
  0x06060500,0x07080700,0x090A0800,0x0B0C0A00,0x0E0F0C00,0x10120E00,0x13151100,0x16191300,
  0x191C1600,0x1B1F1900,0x1E231B00,0x21261E00,0x232A2000,0x262D2300,0x28302500,0x2A322700,
  0x2B352900,0x2C372B00,0x2E392C00,0x2F3A2D00,0x2F3B2E00,0x303C2E00,0x303D2F00,0x303E2F00,
  0x303E3000,0x303E3000,0x303F3000,0x303F3000,0x303F3000,0x303F3000,0x303F3000,0x303E3000,
  0x303E3000,0x303E2F00,0x303D2F00,0x303C2E00,0x2F3B2E00,0x2F3A2D00,0x2E392C00,0x2C372B00,
  0x2B352900,0x2A322700,0x28302500,0x262D2300,0x232A2000,0x21261E00,0x1E231B00,0x1B1F1900,
  0x191C1600,0x16191300,0x13151100,0x10120E00,0x0E0F0C00,0x0B0C0A00,0x090A0800,0x07080700,
  0x06060500,0x05050400,0x03040300,0x02030200,0x02020100,0x01010100,0x01010000,0x00000000,
  0x00000000,0x00000000,0x01010000,0x01010100,0x02020200,0x03030200,0x04040300,0x05050400,
  0x07070600,0x090A0800,0x0B0C0900,0x0D0E0C00,0x10120E00,0x13151100,0x16191400,0x191C1600,
  0x1C201A00,0x1F241C00,0x22281F00,0x252C2200,0x28302500,0x2A332800,0x2D362A00,0x2F3A2D00,
  0x303C2F00,0x323F3000,0x33413200,0x34423300,0x35443400,0x35453400,0x35453500,0x35463500,
  0x35473600,0x35473600,0x35473600,0x35473600,0x35473600,0x35473600,0x35473600,0x35473600,
  0x35473600,0x35463500,0x35453500,0x35453400,0x35443400,0x34423300,0x33413200,0x323F3000,
  0x303C2F00,0x2F3A2D00,0x2D362A00,0x2A332800,0x28302500,0x252C2200,0x22281F00,0x1F241C00,
  0x1C201A00,0x191C1600,0x16191400,0x13151100,0x10120E00,0x0D0E0C00,0x0B0C0900,0x090A0800,
  0x07070600,0x05050400,0x04040300,0x03030200,0x02020200,0x01010100,0x01010000,0x00000000,
  0x00000000,0x00000000,0x01010100,0x01010100,0x02020200,0x03030300,0x04050400,0x06060500,
  0x08080700,0x0A0B0900,0x0C0D0B00,0x0F100D00,0x12141000,0x15181300,0x191C1600,0x1C201900,
  0x20251D00,0x23292000,0x262E2300,0x29322700,0x2C362A00,0x2F3A2D00,0x323D3000,0x34413200,
  0x35443400,0x37473600,0x38493800,0x394B3900,0x3A4C3A00,0x3A4D3B00,0x3A4E3B00,0x3A4F3C00,
  0x3A4F3C00,0x3A4F3C00,0x3A503C00,0x3A503C00,0x3A503C00,0x3A503C00,0x3A503C00,0x3A4F3C00,
  0x3A4F3C00,0x3A4F3C00,0x3A4E3B00,0x3A4D3B00,0x3A4C3A00,0x394B3900,0x38493800,0x37473600,
  0x35443400,0x34413200,0x323D3000,0x2F3A2D00,0x2C362A00,0x29322700,0x262E2300,0x23292000,
  0x20251D00,0x1C201900,0x191C1600,0x15181300,0x12141000,0x0F100D00,0x0C0D0B00,0x0A0B0900,
  0x08080700,0x06060500,0x04050400,0x03030300,0x02020200,0x01010100,0x01010100,0x00000000,
  0x00000000,0x00000000,0x01010100,0x02020100,0x03030200,0x04040300,0x05050400,0x07070600,
  0x09090700,0x0B0C0A00,0x0E0F0C00,0x10120F00,0x14171200,0x181B1500,0x1B201900,0x1F241C00,
  0x23292000,0x262E2400,0x2A332800,0x2E382B00,0x313C2E00,0x34413200,0x36453500,0x39483800,
  0x3A4C3A00,0x3C4F3C00,0x3D513D00,0x3E533F00,0x3E544000,0x3F564100,0x3F564100,0x3F574200,
  0x3F584200,0x3F584200,0x3F584200,0x3E584200,0x3F584200,0x3E584200,0x3F584200,0x3F584200,
  0x3F584200,0x3F574200,0x3F564100,0x3F564100,0x3E544000,0x3E533F00,0x3D513D00,0x3C4F3C00,
  0x3A4C3A00,0x39483800,0x36453500,0x34413200,0x313C2E00,0x2E382B00,0x2A332800,0x262E2400,
  0x23292000,0x1F241C00,0x1B201900,0x181B1500,0x14171200,0x10120F00,0x0E0F0C00,0x0B0C0A00,
  0x09090700,0x07070600,0x05050400,0x04040300,0x03030200,0x02020100,0x01010100,0x00000000,
  0x00000000,0x00000000,0x01010100,0x02020100,0x03030200,0x04040300,0x06060500,0x08080600,
  0x0A0B0800,0x0C0E0B00,0x0F110D00,0x12151100,0x16191400,0x1A1E1800,0x1E231C00,0x22281F00,
  0x262E2400,0x2A332700,0x2E382C00,0x323D2F00,0xFFFFD200,0xFFFFD200,0xFFFFD200,0xFFFFD200,
  0xFFFFD200,0xFFFFD200,0xFFFFD200,0xFFFFD200,0xFFFFD200,0xFFFFD200,0xFFFFD200,0xFFFFD200,
  0xFFFFD200,0xFFFFD200,0xFFFFD200,0xFFFFD200,0xFFFFD200,0xFFFFD200,0xFFFFD200,0xFFFFD200,
  0xFFFFD200,0xFFFFD200,0xFFFFD200,0xFFFFD200,0xFFFFD200,0xFFFFD200,0xFFFFD200,0xFFFFD200,
  0xFFFFD200,0xFFFFD200,0xFFFFD200,0xFFFFD200,0xFFFFD200,0x323D2F00,0x2E382C00,0x2A332700,
  0x262E2400,0x22281F00,0x1E231C00,0x1A1E1800,0x16191400,0x12151100,0x0F110D00,0x0C0E0B00,
  0x0A0B0800,0x08080600,0x06060500,0x04040300,0x03030200,0x02020100,0x01010100,0x00000000,
  0x00000000,0x01010000,0x02020100,0x02020200,0x03030300,0x04050400,0x06070500,0x08090700,
  0x0B0C0900,0x0E0F0C00,0x11130E00,0x14171200,0x181C1600,0x1C211A00,0x21261E00,0x252C2200,
  0x2A322700,0x2D382B00,0x323E2F00,0xFFFFD200,0xFFFFD200,0xFFFFD200,0xFFFFD200,0xFFFFD200,
  0xFFFFD200,0xFFFFD200,0xFFFFD200,0xFFFFD200,0xFFFFD200,0xFFFFD200,0xFFFFD200,0xFFFFD200,
  0xFFFFD200,0xFFFFD200,0xFFFFD200,0xFFFFD200,0xFFFFD200,0xFFFFD200,0xFFFFD200,0xFFFFD200,
  0xFFFFD200,0xFFFFD200,0xFFFFD200,0xFFFFD200,0xFFFFD200,0xFFFFD200,0xFFFFD200,0xFFFFD200,
  0xFFFFD200,0xFFFFD200,0xFFFFD200,0xFFFFD200,0xFFFFD200,0xFFFFD200,0x323E2F00,0x2D382B00,
  0x2A322700,0x252C2200,0x21261E00,0x1C211A00,0x181C1600,0x14171200,0x11130E00,0x0E0F0C00,
  0x0B0C0900,0x08090700,0x06070500,0x04050400,0x03030300,0x02020200,0x02020100,0x01010000,
  0x01010000,0x01010100,0x02020100,0x02020200,0x04040300,0x05050400,0x07070600,0x090A0800,
  0x0C0D0A00,0x0F100D00,0x12141000,0x16191400,0x1A1E1800,0x1F241C00,0x232A2100,0x28302500,
  0x2D362A00,0x313C2E00,0xFFFFD200,0xFFFFD200,0xFFFFD200,0xFFFFD200,0xFFFFD200,0xFFFFD200,
  0xFFFFD200,0xFFFFD200,0xFFFFD200,0xFFFFD200,0xFFFFD200,0xFFFFD200,0xFFFFD200,0xFFFFF596,
  0xFFFFF596,0xFFFFF596,0xFFFFD200,0xFFFFD200,0xFFFFD200,0xFFFFD200,0xFFFFD200,0xFFFFD200,
  0xFFFFD200,0xFFFFD200,0xFFFFD200,0xFFFFD200,0xFFFFD200,0xFFFFD200,0xFFFFD200,0xFFFFD200,
  0xFFFFD200,0xFFFFD200,0xFFFFD200,0xFFFFD200,0xFFFFD200,0xFFFFD200,0xFFFFD200,0x313C2E00,
  0x2D362A00,0x28302500,0x232A2100,0x1F241C00,0x1A1E1800,0x16191400,0x12141000,0x0F100D00,
  0x0C0D0A00,0x090A0800,0x07070600,0x05050400,0x04040300,0x02020200,0x02020100,0x01010100,
  0x01010000,0x01010100,0x02020100,0x03030200,0x04040300,0x05060400,0x07080600,0x0A0B0800,
  0x0D0E0B00,0x10120E00,0x13161100,0x171B1500,0x1C201A00,0x21261E00,0x262D2300,0x2B332800,
  0x303A2D00,0x34413200,0xFFFFD200,0xFFFFD200,0xFFFFD200,0xFFFFD200,0xFFFFD200,0xFFFFD200,
  0xFFFFD200,0xFFFFD200,0xFFFFD200,0xFFFFD200,0xFFFFD200,0xFFFFD200,0xFFFFF596,0xFFFFF596,
  0xFFFFF596,0xFFFFF596,0xFFFFF596,0xFFFFD200,0xFFFFD200,0xFFFFD200,0xFFFFD200,0xFFFFD200,
  0xFFFFD200,0xFFFFD200,0xFFFFD200,0xFFFFD200,0xFFFFD200,0xFFFFD200,0xFFFFD200,0xFFFFD200,
  0xFFFFD200,0xFFFFD200,0xFFFFD200,0xFFFFD200,0xFFFFD200,0xFFFFD200,0xFFFFD200,0x34413200,
  0x303A2D00,0x2B332800,0x262D2300,0x21261E00,0x1C201A00,0x171B1500,0x13161100,0x10120E00,
  0x0D0E0B00,0x0A0B0800,0x07080600,0x05060400,0x04040300,0x03030200,0x02020100,0x01010100,
  0x01010000,0x01010100,0x02020100,0x03030200,0x04040300,0x06060500,0x08090700,0x0B0B0900,
  0x0E0F0C00,0x11130F00,0x15181200,0x191C1700,0x1D231B00,0x23292000,0x28302500,0x2D372A00,
  0x323E3000,0x36453500,0xFFFFD200,0xFFFFD200,0xFFFFD200,0xFFFFD200,0x5E6E4D00,0x60714F00,
  0x61745100,0x62775400,0x63795400,0x637A5600,0x637C5600,0x627C5700,0xFFFFF596,0xFFFFF596,
  0xFFFFF596,0xFFFFF596,0xFFFFF596,0x607F5800,0x617F5800,0x607F5800,0x617F5700,0x617E5700,
  0x617E5800,0x617E5700,0x627E5700,0x627C5700,0x637C5600,0x637A5600,0x63795400,0x62775400,
  0x61745100,0x60714F00,0x5E6E4D00,0xFFFFD200,0xFFFFD200,0xFFFFD200,0xFFFFD200,0x36453500,
  0x323E3000,0x2D372A00,0x28302500,0x23292000,0x1D231B00,0x191C1700,0x15181200,0x11130F00,
  0x0E0F0C00,0x0B0B0900,0x08090700,0x06060500,0x04040300,0x03030200,0x02020100,0x01010100,
  0x01010000,0x01010100,0x02020200,0x03030200,0x05050400,0x06070500,0x08090700,0x0B0C0900,
  0x0E100C00,0x12141000,0x16191300,0x1A1E1800,0x1F251D00,0x252B2200,0x2A332700,0x2F3A2D00,
  0x34413200,0x39493700,0xFFFFD200,0xFFFFD200,0xFFFFD200,0xFFFFD200,0x60715000,0x61745200,
  0x63785400,0x647B5600,0x657D5700,0x657E5900,0x64805900,0x64815A00,0xFFFFF596,0xFFFFF596,
  0xFFFFF596,0xFFFFF596,0xFFFFF596,0x61835A00,0x61835A00,0x61835A00,0x61835A00,0x61835A00,
  0x62835A00,0x62825A00,0x63815900,0x64815A00,0x64805900,0x657E5900,0x657D5700,0x647B5600,
  0x63785400,0x61745200,0x60715000,0xFFFFD200,0xFFFFD200,0xFFFFD200,0xFFFFD200,0x39493700,
  0x34413200,0x2F3A2D00,0x2A332700,0x252B2200,0x1F251D00,0x1A1E1800,0x16191300,0x12141000,
  0x0E100C00,0x0B0C0900,0x08090700,0x06070500,0x05050400,0x03030200,0x02020200,0x01010100,
  0x01010000,0x01010100,0x02020200,0x03030200,0x05050400,0x06070500,0x090A0700,0x0C0D0A00,
  0x0F100D00,0x13151100,0x171A1400,0x1B201900,0x20271E00,0x262E2300,0x2C352900,0x313D2F00,
  0x36453500,0x3B4C3A00,0xFFFFD200,0xFFFFD200,0xFFFFD200,0xFFFFD200,0x61745200,0x63785400,
  0x657B5700,0x667E5900,0x66815900,0x67825B00,0x66835C00,0x65845C00,0x64855C00,0xFFFFF596,
  0xFFFFF596,0xFFFFF596,0x62865C00,0x61865C00,0x61865C00,0x61865C00,0x62865C00,0x62865C00,
  0x63865C00,0x63865C00,0x64855C00,0x65845C00,0x66835C00,0x67825B00,0x66815900,0x667E5900,
  0x657B5700,0x63785400,0x61745200,0xFFFFD200,0xFFFFD200,0xFFFFD200,0xFFFFD200,0x3B4C3A00,
  0x36453500,0x313D2F00,0x2C352900,0x262E2300,0x20271E00,0x1B201900,0x171A1400,0x13151100,
  0x0F100D00,0x0C0D0A00,0x090A0700,0x06070500,0x05050400,0x03030200,0x02020200,0x01010100,
  0x01010000,0x01010100,0x03030200,0x03030300,0x05050400,0x07070600,0x090A0800,0x0C0D0A00,
  0x10110E00,0x13161100,0x181B1500,0x1C211A00,0x22281F00,0x272F2500,0x2D372B00,0x333F3000,
  0x38473700,0x3D4F3C00,0xFFFFD200,0xFFFFD200,0xFFFFD200,0xFFFFD200,0x63775400,0x657B5700,
  0x667E5900,0x67815A00,0x68835C00,0x68865D00,0x66865D00,0x66875E00,0x65895E00,0x64895E00,
  0x63895E00,0x62895E00,0x628A5E00,0x628A5E00,0x628A5E00,0x628A5E00,0x628A5E00,0x62895E00,
  0x63895E00,0x64895E00,0x65895E00,0x66875E00,0x66865D00,0x68865D00,0x68835C00,0x67815A00,
  0x667E5900,0x657B5700,0x63775400,0xFFFFD200,0xFFFFD200,0xFFFFD200,0xFFFFD200,0x3D4F3C00,
  0x38473700,0x333F3000,0x2D372B00,0x272F2500,0x22281F00,0x1C211A00,0x181B1500,0x13161100,
  0x10110E00,0x0C0D0A00,0x090A0800,0x07070600,0x05050400,0x03030300,0x03030200,0x01010100,
  0x01010000,0x01010100,0x03030200,0x03030300,0x05050400,0x07080600,0x0A0A0800,0x0D0E0B00,
  0x10120E00,0x14171200,0x181C1600,0x1D221B00,0x232A2000,0x29312600,0x2E392C00,0x34413200,
  0x394A3800,0x3E513E00,0xFFFFD200,0xFFFFD200,0xFFFFD200,0xFFFFD200,0x64795500,0x667D5800,
  0x67815A00,0x68845C00,0x68865D00,0x68885F00,0x67895F00,0x668A5F00,0x658B5F00,0x648B6000,
  0x638C6000,0x628B5F00,0x628C5F00,0x618C5F00,0x618C5F00,0x618C5F00,0x628C5F00,0x628B5F00,
  0x638C6000,0x648B6000,0x658B5F00,0x668A5F00,0x67895F00,0x68885F00,0x68865D00,0x68845C00,
  0x67815A00,0x667D5800,0x64795500,0xFFFFD200,0xFFFFD200,0xFFFFD200,0xFFFFD200,0x3E513E00,
  0x394A3800,0x34413200,0x2E392C00,0x29312600,0x232A2000,0x1D221B00,0x181C1600,0x14171200,
  0x10120E00,0x0D0E0B00,0x0A0A0800,0x07080600,0x05050400,0x03030300,0x03030200,0x01010100,
  0x01010000,0x01010100,0x03030200,0x04040300,0x05050400,0x07080600,0x0A0B0800,0x0D0E0B00,
  0x11120E00,0x15181200,0x191D1600,0x1E231C00,0x232B2100,0x29322700,0x2F3B2D00,0x35433300,
  0x3A4C3A00,0x3F543F00,0xFFFFD200,0xFFFFD200,0xFFFFD200,0xFFFFD200,0x657B5700,0x677F5900,
  0x68835C00,0x68865D00,0x68895F00,0x688A5F00,0x678B6000,0x668C6100,0x658D6100,0x648E6100,
  0x638D6100,0x628D6000,0x618E6000,0x618E6000,0x618E6000,0x618E6000,0x618E6000,0x628D6000,
  0x638D6100,0x648E6100,0x658D6100,0x668C6100,0x678B6000,0x688A5F00,0x68895F00,0x68865D00,
  0x68835C00,0x677F5900,0x657B5700,0xFFFFD200,0xFFFFD200,0xFFFFD200,0xFFFFD200,0x3F543F00,
  0x3A4C3A00,0x35433300,0x2F3B2D00,0x29322700,0x232B2100,0x1E231C00,0x191D1600,0x15181200,
  0x11120E00,0x0D0E0B00,0x0A0B0800,0x07080600,0x05050400,0x04040300,0x03030200,0x01010100,
  0x01010000,0x01010100,0x03030200,0x04040300,0x06060500,0x07080600,0x0A0B0800,0x0D0F0B00,
  0x11130F00,0x15181300,0x1A1E1700,0x1F241C00,0x242C2200,0x2A342800,0x303C2E00,0x36453400,
  0x3B4D3B00,0x40554000,0xFFFFD200,0xFFFFD200,0xFFFFD200,0xFFFFD200,0x657D5700,0x67815A00,
  0x68845C00,0x68885F00,0x688A5F00,0x688B6000,0x678D6100,0x668E6100,0x648E6100,0x638F6100,
  0x62906100,0x61906100,0x61906100,0x618F6100,0x618F6100,0x618F6100,0x61906100,0x61906100,
  0x62906100,0x638F6100,0x648E6100,0x668E6100,0x678D6100,0x688B6000,0x688A5F00,0x68885F00,
  0x68845C00,0x67815A00,0x657D5700,0xFFFFD200,0xFFFFD200,0xFFFFD200,0xFFFFD200,0x40554000,
  0x3B4D3B00,0x36453400,0x303C2E00,0x2A342800,0x242C2200,0x1F241C00,0x1A1E1700,0x15181300,
  0x11130F00,0x0D0F0B00,0x0A0B0800,0x07080600,0x06060500,0x04040300,0x03030200,0x01010100,
  0x01010000,0x01010100,0x03030200,0x04040300,0x06060500,0x08080700,0x0A0B0900,0x0D0F0B00,
  0x11130F00,0x15191300,0x1A1F1700,0x1F251D00,0x242D2300,0x2B352800,0x313D2F00,0x36463500,
  0x3C4E3C00,0x40574100,0xFFFFD200,0xFFFFD200,0xFFFFD200,0xFFFFD200,0x657E5800,0x67825B00,
  0x68865D00,0x68895F00,0x688B6000,0x688D6100,0x668E6100,0x658F6200,0x63906200,0x62906200,
  0x62906200,0x61906100,0x61916100,0x60916100,0x61916100,0x60916100,0x61916100,0x61906100,
  0x62906200,0x62906200,0x63906200,0x658F6200,0x668E6100,0x688D6100,0x688B6000,0x68895F00,
  0x68865D00,0x67825B00,0x657E5800,0xFFFFD200,0xFFFFD200,0xFFFFD200,0xFFFFD200,0x40574100,
  0x3C4E3C00,0x36463500,0x313D2F00,0x2B352800,0x242D2300,0x1F251D00,0x1A1F1700,0x15191300,
  0x11130F00,0x0D0F0B00,0x0A0B0900,0x08080700,0x06060500,0x04040300,0x03030200,0x01010100,
  0x01010000,0x01010100,0x03030200,0x04040300,0x06060500,0x08090700,0x0B0C0900,0x0E0F0C00,
  0x12130F00,0x15191300,0x1A1F1700,0x1F251D00,0x252D2300,0x2B352900,0x313E2F00,0x37473600,
  0x3C4F3C00,0x41584200,0xFFFFD200,0xFFFFD200,0xFFFFD200,0xFFFFD200,0x657F5900,0x67835B00,
  0x68865E00,0x688A5F00,0x688C6100,0x678E6100,0x668F6100,0x65906300,0x63906200,0x62916200,
  0x61926300,0x61926200,0x60926200,0x60926200,0x60926200,0x60926200,0x60926200,0x61926200,
  0x61926300,0x62916200,0x63906200,0x65906300,0x668F6100,0x678E6100,0x688C6100,0x688A5F00,
  0x68865E00,0x67835B00,0x657F5900,0xFFFFD200,0xFFFFD200,0xFFFFD200,0xFFFFD200,0x41584200,
  0x3C4F3C00,0x37473600,0x313E2F00,0x2B352900,0x252D2300,0x1F251D00,0x1A1F1700,0x15191300,
  0x12130F00,0x0E0F0C00,0x0B0C0900,0x08090700,0x06060500,0x04040300,0x03030200,0x01010100,
  0x01010000,0x01010100,0x03030200,0x04040300,0x06060500,0x08090700,0x0B0C0900,0x0E100C00,
  0x12141000,0x16191400,0x1A1F1800,0x20261E00,0x252E2300,0x2B362900,0x313E3000,0x37473600,
  0x3C503D00,0x41584200,0xFFFFD200,0xFFFFD200,0xFFFFD200,0xFFFFD200,0x65805900,0x67845C00,
  0x68875F00,0x688B6000,0x678D6100,0x678E6200,0x65906200,0x64906300,0x62916300,0x61926300,
  0x61926200,0x61926200,0x60926200,0x5F926200,0x5F926200,0x5F926200,0x60926200,0x61926200,
  0x61926200,0x61926300,0x62916300,0x64906300,0x65906200,0x678E6200,0x678D6100,0x688B6000,
  0x68875F00,0x67845C00,0x65805900,0xFFFFD200,0xFFFFD200,0xFFFFD200,0xFFFFD200,0x41584200,
  0x3C503D00,0x37473600,0x313E3000,0x2B362900,0x252E2300,0x20261E00,0x1A1F1800,0x16191400,
  0x12141000,0x0E100C00,0x0B0C0900,0x08090700,0x06060500,0x04040300,0x03030200,0x01010100,
  0x01010000,0x01010100,0x03030200,0x04040300,0x06060500,0x08090700,0x0B0C0900,0x0E100C00,
  0x12141000,0x161A1400,0x1B201800,0x20261E00,0x252E2400,0x2B362A00,0x313F3000,0x37483600,
  0x3C513D00,0x41594300,0xFFFFD200,0xFFFFD200,0xFFFFD200,0xFFFFD200,0x65805900,0x67845C00,
  0x67885F00,0x688B6000,0x678E6100,0x678F6200,0x65906200,0x64916300,0x62926300,0x61926300,
  0x61926200,0x60926200,0x5F936200,0x5F936200,0x5F936200,0x5F936200,0x5F936200,0x60926200,
  0x61926200,0x61926300,0x62926300,0x64916300,0x65906200,0x678F6200,0x678E6100,0x688B6000,
  0x67885F00,0x67845C00,0x65805900,0xFFFFD200,0xFFFFD200,0xFFFFD200,0xFFFFD200,0x41594300,
  0x3C513D00,0x37483600,0x313F3000,0x2B362A00,0x252E2400,0x20261E00,0x1B201800,0x161A1400,
  0x12141000,0x0E100C00,0x0B0C0900,0x08090700,0x06060500,0x04040300,0x03030200,0x01010100,
  0x01010000,0x01010100,0x03030200,0x04040300,0x06060500,0x08090700,0x0B0C0900,0x0E100C00,
  0x12141000,0x161A1400,0x1B201800,0x20261E00,0x252F2400,0x2C372A00,0x323F3000,0x37483700,
  0x3C513D00,0x41594300,0xFFFFD200,0xFFFFD200,0xFFFFD200,0xFFFFD200,0x65815900,0x67855C00,
  0x67895F00,0x678B6000,0xFFFFD200,0xFFFFD200,0xFFFFD200,0xFFFFD200,0xFFFFD200,0xFFFFD200,
  0xFFFFD200,0xFFFFD200,0xFFFFD200,0xFFFFD200,0xFFFFD200,0xFFFFD200,0xFFFFD200,0xFFFFD200,
  0xFFFFD200,0xFFFFD200,0xFFFFD200,0xFFFFD200,0xFFFFD200,0xFFFFD200,0xFFFFD200,0x678B6000,
  0x67895F00,0x66855C00,0x65815900,0xFFFFD200,0xFFFFD200,0xFFFFD200,0xFFFFD200,0x41594300,
  0x3C513D00,0x37483700,0x313F3000,0x2B372A00,0x252F2400,0x20261E00,0x1B201800,0x161A1400,
  0x12141000,0x0E100C00,0x0B0C0900,0x08090700,0x06060500,0x04040300,0x03030200,0x01010100,
  0x01010000,0x01010100,0x03030200,0x04040300,0x06060500,0x08090700,0x0B0C0900,0x0E100C00,
  0x12141000,0x161A1400,0x1B201800,0x20271E00,0x252F2400,0x2C372A00,0x323F3000,0x38493700,
  0x3D513D00,0x415A4300,0xFFFFD200,0xFFFFD200,0xFFFFD200,0xFFFFD200,0x65815A00,0x67855C00,
  0x67895F00,0x678C6100,0xFFFFD200,0xFFFFD200,0xFFFFD200,0xFFFFD200,0xFFFFD200,0xFFFFD200,
  0xFFFFD200,0xFFFFD200,0xFFFFD200,0xFFFFD200,0xFFFFD200,0xFFFFD200,0xFFFFD200,0xFFFFD200,
  0xFFFFD200,0xFFFFD200,0xFFFFD200,0xFFFFD200,0xFFFFD200,0xFFFFD200,0xFFFFD200,0x678B6100,
  0x67895F00,0x66855C00,0x65815900,0xFFFFD200,0xFFFFD200,0xFFFFD200,0xFFFFD200,0x415A4300,
  0x3C513D00,0x37493700,0x323F3000,0x2C372A00,0x252F2400,0x20271E00,0x1B201800,0x161A1400,
  0x12141000,0x0E100C00,0x0B0C0900,0x08090700,0x06060500,0x04040300,0x03030200,0x01010100,
  0x01010000,0x01010100,0x03030200,0x04040300,0x06060500,0x08090700,0x0B0C0900,0x0E100C00,
  0x12141000,0x161A1400,0x1B201800,0x20271E00,0x252F2400,0x2C372A00,0x323F3000,0x38493700,
  0x3D513E00,0x415A4300,0xFFFFD200,0xFFFFD200,0xFFFFD200,0xFFFFD200,0x65815A00,0x67865C00,
  0x67895F00,0x678C6100,0x678E6100,0x66916300,0x65916300,0x64926300,0x62926300,0x61936300,
  0x61946300,0x60946300,0x5F946200,0x5F946300,0x5F946300,0x5F946300,0x5F946200,0x60946200,
  0x61946300,0x61936300,0x62926300,0x63926300,0x64916300,0x66916200,0x668E6100,0x678C6100,
  0x67895F00,0x66855C00,0x65815900,0xFFFFD200,0xFFFFD200,0xFFFFD200,0xFFFFD200,0x415A4300,
  0x3C513D00,0x37493700,0x313F3000,0x2B372A00,0x252F2400,0x20271E00,0x1B201800,0x161A1400,
  0x12141000,0x0E100C00,0x0B0C0900,0x08090700,0x06060500,0x04040300,0x03030200,0x01010100,
  0x01010000,0x01010100,0x03030200,0x04040300,0x06060500,0x08090700,0x0B0C0900,0x0E100C00,
  0x12141000,0x161A1400,0x1B201800,0x20271E00,0x252F2400,0x2C372A00,0x323F3100,0x38493700,
  0x3D523E00,0x415A4300,0xFFFFD200,0xFFFFD200,0xFFFFD200,0xFFFFD200,0x65815A00,0x67865C00,
  0x67895F00,0x688C6100,0x678F6100,0x67916300,0x65916300,0x64926300,0x62936300,0x61946300,
  0x61946300,0x61946300,0x60946300,0x5F946300,0x5F946300,0x5F946300,0x5F946300,0x60946300,
  0x61946300,0x61946300,0x62926300,0x63926300,0x64916300,0x66916200,0x668E6100,0x678C6100,
  0x67895F00,0x66855C00,0x65815900,0xFFFFD200,0xFFFFD200,0xFFFFD200,0xFFFFD200,0x415A4300,
  0x3C513D00,0x37493700,0x313F3000,0x2B372A00,0x252F2400,0x20271E00,0x1B201800,0x161A1400,
  0x12141000,0x0E100C00,0x0B0C0900,0x08090700,0x06060500,0x04040300,0x03030200,0x01010100,
  0x01010000,0x01010100,0x03030200,0x04040300,0x06060500,0x08090700,0x0B0C0900,0x0E100C00,
  0x12141000,0x161A1400,0x1B201800,0x20271E00,0x252F2400,0x2C372A00,0x32403100,0x38493700,
  0x3D523E00,0x415A4300,0xFFFFD200,0xFFFFD200,0xFFFFD200,0xFFFFD200,0x65815A00,0x67865C00,
  0x67895F00,0x688C6100,0x678F6100,0x67916300,0x65916300,0x64936300,0x62936300,0x61946400,
  0x61956400,0x61946300,0x60946300,0x5F946300,0x5F946300,0x5F946300,0x60946300,0x60946300,
  0x61946300,0x61946300,0x62936300,0x63926300,0x64916300,0x66916200,0x668E6100,0x678C6100,
  0x67895F00,0x66855C00,0x65815900,0xFFFFD200,0xFFFFD200,0xFFFFD200,0xFFFFD200,0x415A4300,
  0x3C513D00,0x37493700,0x313F3000,0x2B372A00,0x252F2400,0x20271E00,0x1B201800,0x161A1400,
  0x12141000,0x0E100C00,0x0B0C0900,0x08090700,0x06060500,0x04040300,0x03030200,0x01010100,
  0x01010000,0x01010100,0x03030200,0x04040300,0x06060500,0x08090700,0x0B0C0900,0x0E100C00,
  0x12141000,0x161A1400,0x1B201800,0x20271E00,0x252F2400,0x2C372A00,0x32403100,0x38493700,
  0x3D523E00,0x415A4300,0xFFFFD200,0xFFFFD200,0xFFFFD200,0xFFFFD200,0x65815A00,0x67865C00,
  0x67895F00,0x688C6100,0x678F6200,0x67916300,0x65926300,0x64936400,0x63936400,0x62946400,
  0x61956400,0x61946300,0x60946300,0x60946300,0x5F946300,0x5F946300,0x60946300,0x61946300,
  0x61946300,0x61946300,0x62936300,0x63926300,0x64916300,0x66916200,0x668E6100,0x678C6100,
  0x66895F00,0x66855C00,0x64815900,0xFFFFD200,0xFFFFD200,0xFFFFD200,0xFFFFD200,0x415A4300,
  0x3C513D00,0x37493700,0x313F3000,0x2B372A00,0x252F2400,0x20271E00,0x1B201800,0x161A1400,
  0x12141000,0x0E100C00,0x0B0C0900,0x08090700,0x06060500,0x04040300,0x03030200,0x01010100,
  0x01010000,0x01010100,0x03030200,0x04040300,0x06060500,0x08090700,0x0B0C0900,0x0E100C00,
  0x12141000,0x161A1400,0x1B201800,0x20271E00,0x252F2400,0x2C372A00,0x32403100,0x38493700,
  0x3D523E00,0x415A4300,0xFFFFD200,0xFFFFD200,0xFFFFD200,0xFFFFD200,0x65815A00,0x67865C00,
  0x68895F00,0x688C6100,0x678F6200,0x67916300,0x65926400,0x64936400,0x63936400,0x62946400,
  0x61956400,0x61946300,0x60946300,0x60946300,0x5F946300,0x5F946300,0x60946300,0x61946300,
  0x61946300,0x61946300,0x62936300,0x63926300,0x64916300,0x65906200,0x668E6100,0x668B6000,
  0x66895F00,0x65855C00,0x64815900,0xFFFFD200,0xFFFFD200,0xFFFFD200,0xFFFFD200,0x415A4300,
  0x3C513D00,0x37493700,0x313F3000,0x2B372A00,0x252F2400,0x20271E00,0x1B201800,0x161A1400,
  0x12141000,0x0E100C00,0x0B0C0900,0x08090700,0x06060500,0x04040300,0x03030200,0x01010100,
  0x01010000,0x01010100,0x03030200,0x04040300,0x06060500,0x08090700,0x0B0C0900,0x0E100C00,
  0x12141000,0x161A1400,0x1B201800,0x20271E00,0x252F2400,0x2C372A00,0x323F3000,0x37493700,
  0x3C513D00,0x415A4300,0xFFFFD200,0xFFFFD200,0xFFFFD200,0xFFFFD200,0x65815A00,0x67865C00,
  0x67895F00,0x688C6100,0x678F6200,0x67916300,0x65926300,0x64936400,0x63936400,0x62946400,
  0x61956400,0x61946300,0x60946300,0x60946300,0x5F946300,0x5F946300,0x60946300,0x60946300,
  0x61946300,0x61936300,0x61926300,0x63926300,0x64916300,0x65906200,0x658E6100,0x668B6000,
  0x66895F00,0x65855C00,0x64815900,0xFFFFD200,0xFFFFD200,0xFFFFD200,0xFFFFD200,0x405A4300,
  0x3C513D00,0x37493700,0x313F3000,0x2B372A00,0x252F2400,0x20271E00,0x1B201800,0x161A1400,
  0x12141000,0x0E100C00,0x0B0C0900,0x08090700,0x06060500,0x04040300,0x03030200,0x01010100,
  0x01010000,0x01010100,0x03030200,0x04040300,0x06060500,0x08090700,0x0B0C0900,0x0E100C00,
  0x12141000,0x161A1400,0x1B201800,0x20271E00,0x252F2400,0x2B372A00,0x313F3000,0x37493700,
  0x3C513D00,0x415A4300,0xFFFFD200,0xFFFFD200,0xFFFFD200,0xFFFFD200,0x65815A00,0x67865C00,
  0x67895F00,0x688C6100,0x678F6200,0x67916300,0x65926300,0x64936400,0x63936400,0x62946400,
  0x61956400,0x61946300,0x60946300,0x5F946300,0x5F946300,0x5F946300,0x5F946300,0x60946300,
  0x60946300,0x61936300,0x61926300,0x62926300,0x63916200,0x64906200,0x658E6100,0x668B6000,
  0x65895E00,0x65855C00,0x63805900,0xFFFFD200,0xFFFFD200,0xFFFFD200,0xFFFFD200,0x405A4300,
  0x3C513D00,0x37493700,0x313F3000,0x2B372A00,0x252F2400,0x20271E00,0x1B201800,0x161A1400,
  0x12141000,0x0E100C00,0x0B0C0900,0x08090700,0x06060500,0x04040300,0x03030200,0x01010100,
  0x01010000,0x01010100,0x03030200,0x04040300,0x06060500,0x08090700,0x0B0C0900,0x0E100C00,
  0x12141000,0x161A1400,0x1B201800,0x20271E00,0x252F2400,0x2B372A00,0x313F3000,0x37493700,
  0x3C513D00,0x415A4300,0xFFFFD200,0xFFFFD200,0xFFFFD200,0xFFFFD200,0x65815A00,0x67865C00,
  0x67895F00,0x688C6100,0xFFFFD200,0xFFFFD200,0xFFFFD200,0xFFFFD200,0xFFFFD200,0xFFFFD200,
  0xFFFFD200,0xFFFFD200,0xFFFFD200,0xFFFFD200,0xFFFFD200,0xFFFFD200,0xFFFFD200,0xFFFFD200,
  0xFFFFD200,0xFFFFD200,0xFFFFD200,0xFFFFD200,0xFFFFD200,0xFFFFD200,0xFFFFD200,0x658B6000,
  0x65895E00,0x64845C00,0x63805900,0xFFFFD200,0xFFFFD200,0xFFFFD200,0xFFFFD200,0x405A4300,
  0x3C513D00,0x37493700,0x313F3000,0x2B372A00,0x252E2400,0x20271E00,0x1A201800,0x161A1400,
  0x12141000,0x0E100C00,0x0B0C0900,0x08090700,0x06060500,0x04040300,0x03030200,0x01010100,
  0x01010000,0x01010100,0x03030200,0x04040300,0x06060500,0x08090700,0x0B0C0900,0x0E100C00,
  0x12141000,0x161A1400,0x1B201800,0x20271E00,0x252F2400,0x2B372A00,0x313F3000,0x37493700,
  0x3C513D00,0x415A4300,0xFFFFD200,0xFFFFD200,0xFFFFD200,0xFFFFD200,0x65815A00,0x67865C00,
  0x67895F00,0x688C6100,0xFFFFD200,0xFFFFD200,0xFFFFD200,0xFFFFD200,0xFFFFD200,0xFFFFD200,
  0xFFFFD200,0xFFFFD200,0xFFFFD200,0xFFFFD200,0xFFFFD200,0xFFFFD200,0xFFFFD200,0xFFFFD200,
  0xFFFFD200,0xFFFFD200,0xFFFFD200,0xFFFFD200,0xFFFFD200,0xFFFFD200,0xFFFFD200,0x658B5F00,
  0x64885E00,0x64845C00,0x63805900,0xFFFFD200,0xFFFFD200,0xFFFFD200,0xFFFFD200,0x405A4300,
  0x3B513D00,0x37493700,0x313F3000,0x2B372A00,0x252E2400,0x20271E00,0x1A201800,0x161A1400,
  0x12141000,0x0E100C00,0x0B0C0900,0x08090700,0x06060500,0x04040300,0x03030200,0x01010100,
  0x01010000,0x01010100,0x03030200,0x04040300,0x06060500,0x08090700,0x0B0C0900,0x0E100C00,
  0x12141000,0x161A1400,0x1B201800,0x20271E00,0x252F2400,0x2B372A00,0x313F3000,0x37493700,
  0x3C513D00,0x415A4300,0xFFFFD200,0xFFFFD200,0xFFFFD200,0xFFFFD200,0x65815A00,0x67865C00,
  0x67895F00,0x688C6100,0x678F6200,0x67916300,0x65926300,0x64936300,0x62936300,0x61946300,
  0x61946300,0x60946300,0x5F946300,0x5E946200,0x5E946200,0x5E946200,0x5E946200,0x5F936200,
  0x5F936200,0x5F926200,0x60926200,0x61916200,0x61906100,0x638F6100,0x638D6000,0x648B5F00,
  0x64885E00,0x63845B00,0x62805900,0xFFFFD200,0xFFFFD200,0xFFFFD200,0xFFFFD200,0x40594200,
  0x3B513D00,0x36483600,0x313F3000,0x2B372A00,0x252E2400,0x20271E00,0x1A201800,0x161A1400,
  0x12141000,0x0E100C00,0x0B0C0900,0x08090700,0x06060500,0x04040300,0x03030200,0x01010100,
  0x01010000,0x01010100,0x03030200,0x04040300,0x06060500,0x08090700,0x0B0C0900,0x0E100C00,
  0x12141000,0x161A1400,0x1B201800,0x20271E00,0x252F2400,0x2B372A00,0x313F3000,0x37493700,
  0x3C513D00,0x415A4300,0xFFFFD200,0xFFFFD200,0xFFFFD200,0xFFFFD200,0x65815A00,0x67865C00,
  0x67895F00,0x688C6100,0x678F6100,0x66916300,0x65916300,0x64936300,0x62936300,0x61946300,
  0x61946300,0x60946300,0x5F946200,0x5E946200,0x5E946200,0x5D936200,0x5D936100,0x5E936200,
  0x5E936200,0x5F926200,0x5F916200,0x61916200,0x61906100,0x628F6000,0x638D6000,0x638B5F00,
  0x63885D00,0x63845B00,0x627F5900,0xFFFFD200,0xFFFFD200,0xFFFFD200,0xFFFFD200,0x3F594200,
  0x3B513D00,0x36483600,0x313F3000,0x2B372A00,0x252E2400,0x20271E00,0x1A201800,0x161A1400,
  0x12141000,0x0E100C00,0x0B0C0900,0x08090700,0x06060500,0x04040300,0x03030200,0x01010100,
  0x01010000,0x01010100,0x03030200,0x04040300,0x06060500,0x08090700,0x0B0C0900,0x0E100C00,
  0x12141000,0x161A1400,0x1B201800,0x20271E00,0x252F2400,0x2B372A00,0x313F3000,0x37493700,
  0x3C513D00,0x415A4300,0xFFFFD200,0xFFFFD200,0xFFFFD200,0xFFFFD200,0x65815A00,0x66865C00,
  0x67895F00,0x688C6100,0x678E6100,0x66916200,0x65916300,0x63926300,0x62926300,0x61946300,
  0x61946300,0x5F946200,0x5E946200,0x5D936200,0x5D936200,0x5C936100,0x5D936100,0x5D926100,
  0x5D926100,0x5E916200,0x5F916200,0x60906200,0x618F6100,0x618E6000,0x628D6000,0x638A5E00,
  0x63875D00,0x62835B00,0x617F5800,0xFFFFD200,0xFFFFD200,0xFFFFD200,0xFFFFD200,0x3F594200,
  0x3B513D00,0x36483600,0x313F3000,0x2B372A00,0x252E2400,0x20261E00,0x1A201800,0x161A1400,
  0x12141000,0x0E100C00,0x0B0C0900,0x08090700,0x06060500,0x04040300,0x03030200,0x01010100,
  0x01010000,0x01010100,0x03030200,0x04040300,0x06060500,0x08090700,0x0B0C0900,0x0E100C00,
  0x12141000,0x161A1400,0x1B201800,0x20271E00,0x252F2400,0x2B372A00,0x313F3000,0x37493700,
  0x3C513D00,0x415A4300,0xFFFFD200,0xFFFFD200,0xFFFFD200,0xFFFFD200,0x65815A00,0x66865C00,
  0x67895F00,0x678C6100,0x668E6100,0x66916200,0x64916200,0x63926300,0x61926300,0x61936300,
  0x60946200,0x5F936200,0x5D936100,0x5C936100,0x5C936100,0x5B936100,0x5C936100,0x5C926100,
  0x5C926100,0x5D916100,0x5E916100,0x5F906100,0x608F6000,0x618E6000,0x618D5F00,0x628A5E00,
  0x62875C00,0x62835A00,0x617F5800,0xFFFFD200,0xFFFFD200,0xFFFFD200,0xFFFFD200,0x3F594200,
  0x3B503C00,0x36483600,0x303F3000,0x2B372A00,0x252E2400,0x20261E00,0x1A201800,0x161A1400,
  0x12141000,0x0E100C00,0x0B0C0900,0x08090700,0x06060500,0x04040300,0x03030200,0x01010100,
  0x01010000,0x01010100,0x03030200,0x04040300,0x06060500,0x08090700,0x0B0C0900,0x0E100C00,
  0x12141000,0x161A1400,0x1B201800,0x20271E00,0x252F2400,0x2B372A00,0x313F3000,0x37493700,
  0x3C513D00,0x415A4300,0xFFFFD200,0xFFFFD200,0xFFFFD200,0xFFFFD200,0x65815900,0x66855C00,
  0x67895F00,0x678C6100,0x668E6100,0x65906200,0x64916200,0x62926300,0x61926200,0x60936200,
  0x5F936200,0x5E936200,0x5C936100,0x5B936100,0x5B936100,0x5A926100,0x5A926100,0x5B916100,
  0x5B916100,0x5C916100,0x5C906100,0x5E8F6000,0x5F8F6000,0x608D6000,0x618C5F00,0x618A5E00,
  0x61865C00,0x61835A00,0x617E5800,0xFFFFD200,0xFFFFD200,0xFFFFD200,0xFFFFD200,0x3F594200,
  0x3B503C00,0x36483600,0x303F3000,0x2B372A00,0x252E2400,0x20261E00,0x1A201800,0x161A1400,
  0x12141000,0x0E100C00,0x0B0C0900,0x08090700,0x06060500,0x04040300,0x03030200,0x01010100,
  0x01010000,0x01010100,0x03030200,0x04040300,0x06060500,0x08090700,0x0B0C0900,0x0E100C00,
  0x12141000,0x161A1400,0x1B201800,0x20271E00,0x252F2400,0x2B372A00,0x313F3000,0x37493700,
  0x3C513D00,0x415A4300,0xFFFFD200,0xFFFFD200,0xFFFFD200,0xFFFFD200,0x64815900,0x65855C00,
  0x66895F00,0x668B6000,0x658E6100,0x64906100,0x63906200,0x61916300,0x60926200,0x5F926200,
  0x5E926200,0x5C926100,0x5B926100,0x5A926100,0x5A926100,0x59916000,0x59916000,0x5A906000,
  0x5A906000,0x5A906000,0x5B8F6000,0x5D8F6000,0x5E8E5F00,0x608D5F00,0x618C5E00,0x61895D00,
  0x61865C00,0x61835A00,0x617E5700,0xFFFFD200,0xFFFFD200,0xFFFFD200,0xFFFFD200,0x3F594200,
  0x3B503C00,0x36483600,0x303F3000,0x2B372A00,0x252E2300,0x20261E00,0x1A201800,0x161A1400,
  0x12141000,0x0E100C00,0x0B0C0900,0x08090700,0x06060500,0x04040300,0x03030200,0x01010100,
  0x01010000,0x01010100,0x03030200,0x04040300,0x06060500,0x08090700,0x0B0C0900,0x0E100C00,
  0x12141000,0x161A1400,0x1B201800,0x20271E00,0x252F2400,0x2B372A00,0x313F3000,0x37493700,
  0x3C513D00,0x405A4300,0xFFFFD200,0xFFFFD200,0xFFFFD200,0xFFFFD200,0x64815900,0x65855C00,
  0x66895F00,0x668B6000,0x658E6100,0x64906100,0x62906100,0x61916300,0x5F916200,0x5E926200,
  0x5D926100,0x5B916100,0x5A916000,0x59916000,0x59916000,0x59916000,0x59915F00,0x59905F00,
  0x59905F00,0x59906000,0x5A8F5F00,0x5C8F5F00,0x5D8E5F00,0x5F8D5F00,0x608B5E00,0x61895D00,
  0x61865B00,0x61835900,0x607E5700,0xFFFFD200,0xFFFFD200,0xFFFFD200,0xFFFFD200,0x3E594200,
  0x3B503C00,0x36483600,0x303F3000,0x2B372A00,0x252E2300,0x20261E00,0x1A201800,0x161A1400,
  0x12141000,0x0E100C00,0x0B0C0900,0x08090700,0x06060500,0x04040300,0x03030200,0x01010100,
  0x01010000,0x01010100,0x03030200,0x04040300,0x06060500,0x08090700,0x0B0C0900,0x0E100C00,
  0x12141000,0x161A1400,0x1B201800,0x20261E00,0x252F2400,0x2B372A00,0x313F3000,0x37493700,
  0x3C513D00,0x405A4300,0xFFFFD200,0xFFFFD200,0xFFFFD200,0xFFFFD200,0x64815900,0x65855C00,
  0x65895E00,0x658B6000,0xFFFFD200,0xFFFFD200,0xFFFFD200,0xFFFFD200,0xFFFFD200,0xFFFFD200,
  0xFFFFD200,0xFFFFD200,0xFFFFD200,0xFFFFD200,0xFFFFD200,0xFFFFD200,0xFFFFD200,0xFFFFD200,
  0xFFFFD200,0xFFFFD200,0x5A8E5F00,0x5B8E5F00,0x5D8D5F00,0x5E8D5F00,0x5F8B5D00,0x60885D00,
  0x60865B00,0x61835900,0x607E5700,0xFFFFD200,0xFFFFD200,0xFFFFD200,0xFFFFD200,0x3E584200,
  0x3A503C00,0x36483600,0x303F3000,0x2B372A00,0x252E2300,0x20261E00,0x1A201800,0x161A1400,
  0x12141000,0x0E100C00,0x0B0C0900,0x08090700,0x06060500,0x04040300,0x03030200,0x01010100,
  0x01010000,0x01010100,0x03030200,0x04040300,0x06060500,0x08090700,0x0B0C0900,0x0E100C00,
  0x12141000,0x161A1400,0x1B201800,0x20261E00,0x252F2400,0x2B372A00,0x313F3000,0x37493700,
  0x3C513D00,0x405A4300,0xFFFFD200,0xFFFFD200,0xFFFFD200,0xFFFFD200,0x64805900,0x65855C00,
  0x65885E00,0x658B5F00,0xFFFFD200,0xFFFFD200,0xFFFFD200,0xFFFFD200,0xFFFFD200,0xFFFFD200,
  0xFFFFD200,0xFFFFD200,0xFFFFD200,0xFFFFD200,0xFFFFD200,0xFFFFD200,0xFFFFD200,0xFFFFD200,
  0xFFFFD200,0xFFFFD200,0x598E5F00,0x5B8E5F00,0x5C8D5F00,0x5E8D5E00,0x5F8A5D00,0x60885D00,
  0x60865B00,0x61835900,0x607E5700,0xFFFFD200,0xFFFFD200,0xFFFFD200,0xFFFFD200,0x3E584100,
  0x3B503C00,0x36483600,0x303F3000,0x2B362A00,0x252E2300,0x20261E00,0x1A201800,0x161A1400,
  0x12141000,0x0E100C00,0x0B0C0900,0x08090700,0x06060500,0x04040300,0x03030200,0x01010100,
  0x01010000,0x01010100,0x03030200,0x04040300,0x06060500,0x08090700,0x0B0C0900,0x0E100C00,
  0x12141000,0x161A1400,0x1B201800,0x20261E00,0x252E2400,0x2B372A00,0x313F3000,0x37493700,
  0x3C513D00,0x405A4300,0xFFFFD200,0xFFFFD200,0xFFFFD200,0xFFFFD200,0x64805900,0x65845C00,
  0x65885E00,0x658B5F00,0x648D6000,0x638F6100,0x61906000,0x60906100,0x5E906100,0x5C916100,
  0x5B916000,0x5A906000,0x59905F00,0x58905F00,0x58905F00,0x57905E00,0x57905E00,0x588F5E00,
  0x588F5E00,0x598E5F00,0x598E5E00,0x5B8E5F00,0x5C8D5E00,0x5E8C5E00,0x5F8A5D00,0x60885D00,
  0x60865B00,0x61835900,0x607E5700,0xFFFFD200,0xFFFFD200,0xFFFFD200,0xFFFFD200,0x3E584100,
  0x3B503C00,0x35473600,0x303E3000,0x2B362900,0x252E2300,0x1F261E00,0x1A201800,0x161A1400,
  0x12141000,0x0E100C00,0x0B0C0900,0x08090700,0x06060500,0x04040300,0x03030200,0x01010100,
  0x01010000,0x01010100,0x03030200,0x04040300,0x06060500,0x08090700,0x0B0C0900,0x0E100C00,
  0x12141000,0x161A1400,0x1A201800,0x20261E00,0x252E2400,0x2B372A00,0x313F3000,0x37483700,
  0x3C513D00,0x40594300,0xFFFFD200,0xFFFFD200,0xFFFFD200,0xFFFFD200,0x64805900,0x65845C00,
  0x65885E00,0x658B5F00,0x648D6000,0x638E6100,0x618F6000,0x608F6100,0x5E906100,0x5C916000,
  0x5B916000,0x5A906000,0x59905F00,0x58905E00,0x58905E00,0x57905E00,0x57905E00,0x588F5E00,
  0x588F5E00,0x598E5E00,0x598E5E00,0x5B8D5F00,0x5C8C5E00,0x5E8C5E00,0x5F8A5D00,0x60885C00,
  0x61865B00,0x61825900,0x607E5700,0xFFFFD200,0xFFFFD200,0xFFFFD200,0xFFFFD200,0x3E584100,
  0x3B503C00,0x35473600,0x303E2F00,0x2B362900,0x252E2300,0x1F261E00,0x1A201800,0x161A1400,
  0x12141000,0x0E100C00,0x0B0C0900,0x08090700,0x06060500,0x04040300,0x03030200,0x01010100,
  0x01010000,0x01010100,0x03030200,0x04040300,0x06060500,0x08090700,0x0B0C0900,0x0E100C00,
  0x12141000,0x161A1400,0x1A201800,0x20261E00,0x252E2400,0x2B362A00,0x313E3000,0x37483600,
  0x3C503D00,0x40594200,0xFFFFD200,0xFFFFD200,0xFFFFD200,0xFFFFD200,0x647F5900,0x65835B00,
  0x65875E00,0x658A5F00,0x648C6000,0x638E6100,0x618F6000,0x618F6100,0x5E8F6100,0x5C906000,
  0x5C906000,0x5A905F00,0x59905F00,0x58905E00,0x58905E00,0x578F5E00,0x578F5E00,0x588E5E00,
  0x598E5E00,0x598E5E00,0x5A8E5E00,0x5C8D5F00,0x5D8C5E00,0x5F8C5E00,0x608A5D00,0x61885C00,
  0x61855B00,0x61825900,0x607E5700,0xFFFFD200,0xFFFFD200,0xFFFFD200,0xFFFFD200,0x3F574100,
  0x3B4F3C00,0x35473500,0x303E2F00,0x2B362900,0x252D2300,0x1F261E00,0x1A201800,0x161A1400,
  0x12141000,0x0E100C00,0x0B0C0900,0x08090700,0x06060500,0x04040300,0x03030200,0x01010100,
  0x01010000,0x01010100,0x03030200,0x04040300,0x06060500,0x08090700,0x0B0C0900,0x0E100C00,
  0x12141000,0x16191400,0x1A1F1800,0x20251D00,0x252D2300,0x2B362900,0x313E2F00,0x37473600,
  0x3C503C00,0x40584200,0xFFFFD200,0xFFFFD200,0xFFFFD200,0xFFFFD200,0x647F5900,0x65835B00,
  0x65865D00,0x658A5E00,0x648C5F00,0x638D6000,0x628E6000,0x618F6000,0x5F8F6000,0x5D8F6000,
  0x5C8F5F00,0x5A8F5F00,0x598F5E00,0x598F5E00,0x588F5E00,0x588E5E00,0x588E5E00,0x598E5E00,
  0x598E5E00,0x598E5E00,0x5A8D5E00,0x5C8C5F00,0x5D8C5E00,0x5F8B5E00,0x608A5D00,0x61885C00,
  0x61845B00,0x61815900,0x617D5600,0xFFFFD200,0xFFFFD200,0xFFFFD200,0xFFFFD200,0x3E574100,
  0x3B4F3B00,0x35463500,0x303D2F00,0x2A352900,0x242D2200,0x1F251D00,0x1A1F1800,0x16191400,
  0x12141000,0x0E100C00,0x0B0C0900,0x08090700,0x06060500,0x04040300,0x03030200,0x01010100,
  0x01010000,0x01010100,0x03030200,0x04040300,0x06060500,0x08090700,0x0B0C0900,0x0E0F0C00,
  0x12130F00,0x15191300,0x1A1F1700,0x1F251D00,0x252D2300,0x2B352900,0x313D2F00,0x37473600,
  0x3C4F3C00,0x40584200,0xFFFFD200,0xFFFFD200,0xFFFFD200,0xFFFFD200,0x647E5800,0x65825A00,
  0x65865D00,0x65895E00,0x658B5F00,0x648D6000,0x628D6000,0x618E6000,0x5F8E6000,0x5D8F5F00,
  0x5C8F5F00,0x5B8E5F00,0x598E5E00,0x598E5E00,0x598E5E00,0x588E5E00,0x598E5E00,0x598D5E00,
  0x598E5E00,0x5A8D5E00,0x5B8C5F00,0x5D8C5F00,0x5E8B5E00,0x608A5D00,0x61895D00,0x61875C00,
  0x61845B00,0x61815900,0x617C5600,0xFFFFD200,0xFFFFD200,0xFFFFD200,0xFFFFD200,0x3E564000,
  0x3A4E3B00,0x35463500,0x303D2E00,0x2A352800,0x242D2200,0x1F251D00,0x1A1F1700,0x15191300,
  0x12130F00,0x0E0F0C00,0x0B0C0900,0x08090700,0x06060500,0x04040300,0x03030200,0x01010100,
  0x01010000,0x01010100,0x03030200,0x04040300,0x06060500,0x08080700,0x0A0B0900,0x0D0F0B00,
  0x11130F00,0x15191300,0x1A1F1700,0x1F241D00,0x242C2300,0x2A352800,0x303C2E00,0x36463500,
  0x3B4E3B00,0x40564100,0xFFFFD200,0xFFFFD200,0xFFFFD200,0xFFFFD200,0x647D5700,0x65815A00,
  0x65855C00,0x65885E00,0x658A5E00,0x648B5F00,0x628C5F00,0x618D6000,0x608D6000,0x5E8E5F00,
  0x5D8E5F00,0x5C8D5F00,0x5A8E5E00,0x598E5E00,0x598E5E00,0x598D5E00,0x598D5E00,0x598C5E00,
  0x5A8C5E00,0x5B8C5E00,0x5C8C5E00,0x5E8B5E00,0x5F8A5D00,0x618A5D00,0x61885D00,0x61865B00,
  0x61835A00,0x61805900,0x617C5600,0xFFFFD200,0xFFFFD200,0xFFFFD200,0xFFFFD200,0x3E554000,
  0x3A4D3A00,0x35453400,0x303C2E00,0x2A342800,0x242C2200,0x1F241D00,0x191F1700,0x15191300,
  0x11130F00,0x0D0F0B00,0x0A0B0900,0x08080700,0x06060500,0x04040300,0x03030200,0x01010100,
  0x01010000,0x01010100,0x03030200,0x04040300,0x06060500,0x07080600,0x0A0B0800,0x0D0F0B00,
  0x11130F00,0x15181300,0x191E1700,0x1F241C00,0x242B2200,0x2A342800,0x303B2E00,0x36443400,
  0x3B4D3A00,0x3F554000,0xFFFFD200,0xFFFFD200,0xFFFFD200,0xFFFFD200,0x637C5600,0x65805900,
  0x65835C00,0x66865D00,0x65895E00,0x648A5E00,0x638B5E00,0x618C5F00,0x608C5F00,0x5E8D5F00,
  0x5E8D5F00,0x5C8C5E00,0x5B8C5E00,0x5A8C5D00,0x5A8C5D00,0x598C5D00,0x5A8C5D00,0x5A8C5D00,
  0x5B8C5D00,0x5C8B5E00,0x5D8A5E00,0x5F8A5E00,0x608A5D00,0x61885D00,0x61875C00,0x62855B00,
  0x62825900,0x627E5800,0x617B5600,0xFFFFD200,0xFFFFD200,0xFFFFD200,0xFFFFD200,0x3E543F00,
  0x3A4C3A00,0x34443300,0x2F3B2D00,0x29332700,0x232B2100,0x1E241C00,0x191E1700,0x15181300,
  0x11130F00,0x0D0F0B00,0x0A0B0800,0x07080600,0x06060500,0x04040300,0x03030200,0x01010100,
  0x01010000,0x01010100,0x03030200,0x04040300,0x05050400,0x07080600,0x0A0B0800,0x0D0E0B00,
  0x11120E00,0x15181200,0x191D1600,0x1E231C00,0x232B2100,0x29322700,0x2F3A2D00,0x35433300,
  0x3A4B3900,0x3E533F00,0xFFFFD200,0xFFFFD200,0xFFFFD200,0xFFFFD200,0x637A5600,0x657E5800,
  0x65825B00,0x66855C00,0x65875D00,0x64885E00,0x63895E00,0x628A5E00,0x618B5E00,0x5F8B5E00,
  0x5F8B5E00,0x5D8B5D00,0x5C8B5D00,0x5B8B5D00,0x5B8B5D00,0x5A8B5C00,0x5B8B5C00,0x5B8A5C00,
  0x5C8A5D00,0x5D8A5D00,0x5E8A5D00,0x60895D00,0x61885D00,0x61885C00,0x62865B00,0x62835B00,
  0x62815900,0x627D5700,0x61795400,0xFFFFD200,0xFFFFD200,0xFFFFD200,0xFFFFD200,0x3D523E00,
  0x394B3900,0x34433300,0x2E3A2D00,0x29322700,0x232A2100,0x1E231C00,0x181D1600,0x15181200,
  0x11120E00,0x0D0E0B00,0x0A0B0800,0x07080600,0x05050400,0x04040300,0x03030200,0x01010100,
  0x01010000,0x01010100,0x03030200,0x03030300,0x05050400,0x07080600,0x0A0A0800,0x0D0E0B00,
  0x10120E00,0x14171200,0x181C1600,0x1D221B00,0x22292000,0x28312600,0x2E392C00,0x34413200,
  0x39493800,0x3E513E00,0xFFFFD200,0xFFFFD200,0xFFFFD200,0xFFFFD200,0x63795400,0x647C5700,
  0x65805900,0x65835B00,0x65855C00,0x65865D00,0x63885D00,0x62885E00,0x61895D00,0x60895D00,
  0x5F8A5D00,0x5E895D00,0x5D8A5D00,0x5C8A5D00,0x5C8A5D00,0x5C895C00,0x5C895C00,0x5D895C00,
  0x5D895C00,0x5E885D00,0x5F885D00,0x61875D00,0x61865C00,0x62865B00,0x63845B00,0x63825900,
  0x627F5800,0x627C5600,0x61785400,0xFFFFD200,0xFFFFD200,0xFFFFD200,0xFFFFD200,0x3D513D00,
  0x38493700,0x33413200,0x2E382C00,0x28312600,0x22292000,0x1D221B00,0x181C1600,0x14171200,
  0x10120E00,0x0D0E0B00,0x0A0A0800,0x07080600,0x05050400,0x03030300,0x03030200,0x01010100,
  0x01010000,0x01010100,0x03030200,0x03030300,0x05050400,0x07070600,0x090A0800,0x0C0D0A00,
  0x10110E00,0x13161100,0x171B1500,0x1C211A00,0x22281F00,0x272F2500,0x2D372B00,0x333F3000,
  0x38473700,0x3C4F3C00,0xFFFFD200,0xFFFFD200,0xFFFFD200,0xFFFFD200,0x62775300,0x637A5600,
  0x647E5800,0x65815900,0x65835B00,0x65845C00,0x63865B00,0x63865C00,0x61875C00,0x61875C00,
  0x60885C00,0x5F875C00,0x5E885C00,0x5D885B00,0x5D885B00,0x5D885B00,0x5D885B00,0x5E875B00,
  0x5E875B00,0x5F865B00,0x60865B00,0x61855B00,0x61845B00,0x62835B00,0x63825900,0x63805900,
  0x627D5600,0x62795500,0x61765200,0xFFFFD200,0xFFFFD200,0xFFFFD200,0xFFFFD200,0x3C4E3B00,
  0x37473600,0x323F3000,0x2C372A00,0x272F2500,0x21281F00,0x1C211A00,0x171B1500,0x13161100,
  0x10110E00,0x0C0D0A00,0x090A0800,0x07070600,0x05050400,0x03030300,0x03030200,0x01010100,
  0x01010000,0x01010100,0x02020200,0x03030200,0x05050400,0x06070500,0x090A0700,0x0C0D0A00,
  0x0F100D00,0x13151100,0x171A1400,0x1B1F1900,0x20261E00,0x262E2300,0x2C352900,0x313D2F00,
  0x36443500,0x3B4C3A00,0xFFFFD200,0xFFFFD200,0xFFFFD200,0xFFFFD200,0x61745100,0x62775400,
  0x637B5600,0x647E5800,0x64805900,0x64815900,0x63825A00,0x62835B00,0x61845B00,0x61845B00,
  0x60855B00,0x5F855B00,0x5E855B00,0x5E855A00,0x5E855A00,0x5E855A00,0x5E855A00,0x5E845A00,
  0x5F845A00,0x5F845A00,0x60835A00,0x61835A00,0x61825900,0x62815900,0x637F5800,0x627D5600,
  0x617A5500,0x61775300,0x60735100,0xFFFFD200,0xFFFFD200,0xFFFFD200,0xFFFFD200,0x3A4B3900,
  0x36443400,0x303D2E00,0x2B342900,0x262D2300,0x20261E00,0x1B1F1900,0x161A1400,0x13151100,
  0x0F100D00,0x0C0D0A00,0x090A0700,0x06070500,0x05050400,0x03030200,0x02020200,0x01010100,
  0x01010000,0x01010100,0x02020200,0x03030200,0x05050400,0x06070500,0x08090700,0x0B0C0900,
  0x0E0F0C00,0x12141000,0x16191300,0x1A1E1800,0x1F241D00,0x242B2200,0x2A322700,0x2F3A2D00,
  0x34413200,0x39493700,0xFFFFD200,0xFFFFD200,0xFFFFD200,0xFFFFD200,0x5F704F00,0x61755100,
  0x61775400,0x637A5600,0x637C5600,0x637E5700,0x627F5800,0x62805900,0x61815900,0x60815800,
  0x60815800,0x5F815800,0x5E815800,0x5E815800,0x5E815800,0x5E815800,0x5E815800,0x5E815800,
  0x5F815800,0x5F815800,0x60805800,0x617F5800,0x617E5700,0x617E5700,0x627C5600,0x61795500,
  0x61775300,0x60745100,0x5E704F00,0xFFFFD200,0xFFFFD200,0xFFFFD200,0xFFFFD200,0x38483700,
  0x34413200,0x2F3A2C00,0x29322700,0x242B2200,0x1F241C00,0x1A1E1800,0x15191300,0x12141000,
  0x0E0F0C00,0x0B0C0900,0x08090700,0x06070500,0x05050400,0x03030200,0x02020200,0x01010100,
  0x01010000,0x01010100,0x02020100,0x03030200,0x04040300,0x06060500,0x08090700,0x0B0B0900,
  0x0E0F0C00,0x11130F00,0x14181200,0x191C1700,0x1D221B00,0x23292000,0x28302500,0x2D372A00,
  0x323E3000,0x36453500,0xFFFFD200,0xFFFFD200,0xFFFFD200,0xFFFFD200,0x5D6D4D00,0x5F704F00,
  0x60735100,0x61775300,0x61795400,0x617A5500,0x617B5500,0x617C5600,0x607C5600,0x5F7D5600,
  0x5F7E5600,0x5E7D5600,0x5E7E5600,0x5D7E5600,0x5D7E5600,0x5D7E5600,0x5D7E5600,0x5E7D5600,
  0x5E7D5600,0x5F7D5600,0x5F7C5600,0x607C5600,0x617B5500,0x61795400,0x61785400,0x60765200,
  0x5F735100,0x5E704F00,0x5C6D4D00,0xFFFFD200,0xFFFFD200,0xFFFFD200,0xFFFFD200,0x36443400,
  0x323E3000,0x2D372A00,0x282F2500,0x23292000,0x1D221B00,0x191C1700,0x14181200,0x11130F00,
  0x0E0F0C00,0x0B0B0900,0x08090700,0x06060500,0x04040300,0x03030200,0x02020100,0x01010100,
  0x01010000,0x01010100,0x02020100,0x03030200,0x04040300,0x05060400,0x07080600,0x0A0B0800,
  0x0D0E0B00,0x10120E00,0x13161100,0x171A1500,0x1C201A00,0x21261E00,0x262D2300,0x2B332800,
  0x2F3A2D00,0x34413200,0xFFFFD200,0xFFFFD200,0xFFFFD200,0xFFFFD200,0xFFFFD200,0xFFFFD200,
  0xFFFFD200,0xFFFFD200,0xFFFFD200,0xFFFFD200,0xFFFFD200,0xFFFFD200,0xFFFFD200,0xFFFFD200,
  0xFFFFD200,0xFFFFD200,0xFFFFD200,0xFFFFD200,0xFFFFD200,0xFFFFD200,0xFFFFD200,0xFFFFD200,
  0xFFFFD200,0xFFFFD200,0xFFFFD200,0xFFFFD200,0xFFFFD200,0xFFFFD200,0xFFFFD200,0xFFFFD200,
  0xFFFFD200,0xFFFFD200,0xFFFFD200,0xFFFFD200,0xFFFFD200,0xFFFFD200,0xFFFFD200,0x33403100,
  0x2F3A2D00,0x2A332800,0x252C2300,0x21261E00,0x1C201900,0x171A1500,0x13161100,0x10120E00,
  0x0D0E0B00,0x0A0B0800,0x07080600,0x05060400,0x04040300,0x03030200,0x02020100,0x01010100,
  0x01010000,0x01010100,0x02020100,0x02020200,0x04040300,0x05050400,0x07070600,0x090A0800,
  0x0C0D0A00,0x0F100D00,0x12141000,0x16191400,0x1A1E1800,0x1F241C00,0x232A2100,0x28302500,
  0x2C362A00,0x313C2E00,0xFFFFD200,0xFFFFD200,0xFFFFD200,0xFFFFD200,0xFFFFD200,0xFFFFD200,
  0xFFFFD200,0xFFFFD200,0xFFFFD200,0xFFFFD200,0xFFFFD200,0xFFFFD200,0xFFFFD200,0xFFFFD200,
  0xFFFFD200,0xFFFFD200,0xFFFFD200,0xFFFFD200,0xFFFFD200,0xFFFFD200,0xFFFFD200,0xFFFFD200,
  0xFFFFD200,0xFFFFD200,0xFFFFD200,0xFFFFD200,0xFFFFD200,0xFFFFD200,0xFFFFD200,0xFFFFD200,
  0xFFFFD200,0xFFFFD200,0xFFFFD200,0xFFFFD200,0xFFFFD200,0xFFFFD200,0xFFFFD200,0x303C2E00,
  0x2C362A00,0x28302500,0x23292000,0x1F241C00,0x1A1E1700,0x16191400,0x12141000,0x0F100D00,
  0x0C0D0A00,0x090A0800,0x07070600,0x05050400,0x04040300,0x02020200,0x02020100,0x01010100,
  0x00000000,0x01010000,0x02020100,0x02020200,0x03030300,0x04050400,0x06070500,0x08090700,
  0x0B0C0900,0x0E0F0C00,0x11130E00,0x14171200,0x181C1600,0x1C211A00,0x21261E00,0x252C2200,
  0x29322700,0x2D382B00,0x323E2F00,0xFFFFD200,0xFFFFD200,0xFFFFD200,0xFFFFD200,0xFFFFD200,
  0xFFFFD200,0xFFFFD200,0xFFFFD200,0xFFFFD200,0xFFFFD200,0xFFFFD200,0xFFFFD200,0xFFFFD200,
  0xFFFFD200,0xFFFFD200,0xFFFFD200,0xFFFFD200,0xFFFFD200,0xFFFFD200,0xFFFFD200,0xFFFFD200,
  0xFFFFD200,0xFFFFD200,0xFFFFD200,0xFFFFD200,0xFFFFD200,0xFFFFD200,0xFFFFD200,0xFFFFD200,
  0xFFFFD200,0xFFFFD200,0xFFFFD200,0xFFFFD200,0xFFFFD200,0xFFFFD200,0x313D2F00,0x2D372B00,
  0x29322700,0x252C2200,0x21261E00,0x1C211A00,0x181C1600,0x14171200,0x10130E00,0x0E0F0C00,
  0x0B0C0900,0x08090700,0x06070500,0x04050400,0x03030300,0x02020200,0x02020100,0x01010000,
  0x00000000,0x00000000,0x01010100,0x02020100,0x03030200,0x04040300,0x06060500,0x08080600,
  0x0A0A0800,0x0C0E0B00,0x0F110D00,0x12151100,0x16191400,0x1A1E1800,0x1E231B00,0x22281F00,
  0x262E2400,0x2A332700,0x2E382B00,0x313D2F00,0xFFFFD200,0xFFFFD200,0xFFFFD200,0xFFFFD200,
  0xFFFFD200,0xFFFFD200,0xFFFFD200,0xFFFFD200,0xFFFFD200,0xFFFFD200,0xFFFFD200,0xFFFFD200,
  0xFFFFD200,0xFFFFD200,0xFFFFD200,0xFFFFD200,0xFFFFD200,0xFFFFD200,0xFFFFD200,0xFFFFD200,
  0xFFFFD200,0xFFFFD200,0xFFFFD200,0xFFFFD200,0xFFFFD200,0xFFFFD200,0xFFFFD200,0xFFFFD200,
  0xFFFFD200,0xFFFFD200,0xFFFFD200,0xFFFFD200,0xFFFFD200,0x313D2F00,0x2E382B00,0x2A332700,
  0x262D2400,0x22281F00,0x1E231B00,0x1A1E1800,0x16191400,0x12151100,0x0F110D00,0x0C0E0B00,
  0x0A0A0800,0x08080600,0x06060500,0x04040300,0x03030200,0x02020100,0x01010100,0x00000000,
  0x00000000,0x00000000,0x01010100,0x02020100,0x03030200,0x04040300,0x05050400,0x07070600,
  0x09090700,0x0B0C0A00,0x0E0F0C00,0x10120F00,0x14171200,0x181B1500,0x1B1F1900,0x1F241C00,
  0x23292000,0x262E2400,0x2A332700,0x2D382B00,0x313C2E00,0x33403200,0x36443500,0x38483700,
  0x3A4B3A00,0x3B4E3C00,0x3D513D00,0x3D533E00,0x3E543F00,0x3E554000,0x3E564000,0x3E574100,
  0x3E574100,0x3E574100,0x3D584100,0x3D584100,0x3E584100,0x3D584100,0x3D584100,0x3D574100,
  0x3E574100,0x3E574100,0x3E564000,0x3E554000,0x3E543F00,0x3D533E00,0x3D513D00,0x3B4E3B00,
  0x3A4B3A00,0x38483700,0x36443500,0x33403200,0x313C2E00,0x2D372B00,0x2A332700,0x262E2400,
  0x23292000,0x1F241C00,0x1B1F1900,0x181B1500,0x14171200,0x10120F00,0x0E0F0C00,0x0B0C0A00,
  0x09090700,0x07070600,0x05050400,0x04040300,0x03030200,0x02020100,0x01010100,0x00000000,
  0x00000000,0x00000000,0x01010100,0x01010100,0x02020200,0x03030300,0x04050400,0x06060500,
  0x08080700,0x0A0B0900,0x0C0D0B00,0x0F100D00,0x12141000,0x15181300,0x191C1600,0x1C201900,
  0x20251D00,0x23292000,0x262E2300,0x29322700,0x2C362A00,0x2F3A2D00,0x323D2F00,0x34413200,
  0x35443400,0x37473600,0x38493700,0x394A3900,0x394C3900,0x394D3A00,0x394E3B00,0x394E3B00,
  0x3A4F3B00,0x394F3B00,0x394F3C00,0x394F3C00,0x39503C00,0x394F3C00,0x394F3C00,0x394F3B00,
  0x3A4F3B00,0x394E3B00,0x394E3B00,0x394D3A00,0x394C3900,0x394A3800,0x38493700,0x37463600,
  0x35443400,0x34413200,0x323D2F00,0x2F3A2D00,0x2C362A00,0x29322700,0x262E2300,0x23292000,
  0x20251D00,0x1C201900,0x181C1600,0x15181300,0x12141000,0x0F100D00,0x0C0D0B00,0x0A0B0900,
  0x08080700,0x06060500,0x04050400,0x03030300,0x02020200,0x01010100,0x01010100,0x00000000,
  0x00000000,0x00000000,0x01010000,0x01010100,0x02020200,0x03030200,0x04040300,0x05050400,
  0x07070600,0x090A0800,0x0B0C0900,0x0D0E0C00,0x10120E00,0x13151100,0x16191300,0x191C1600,
  0x1C201A00,0x1F241C00,0x22281F00,0x252C2200,0x28302500,0x2A332800,0x2D362A00,0x2F392C00,
  0x303C2E00,0x323F3000,0x33413200,0x34423300,0x34433300,0x34453400,0x35453500,0x35463500,
  0x35463500,0x35473500,0x35473600,0x35473600,0x35473600,0x35473600,0x35473600,0x35473500,
  0x35463500,0x35463500,0x35453500,0x34453400,0x34433300,0x34423300,0x33413200,0x323F3000,
  0x303C2E00,0x2F392C00,0x2D362A00,0x2A332800,0x28302500,0x252C2200,0x22281F00,0x1F241C00,
  0x1C201A00,0x191C1600,0x16191300,0x13151100,0x10120E00,0x0D0E0C00,0x0B0C0900,0x090A0800,
  0x07070600,0x05050400,0x04040300,0x03030200,0x02020200,0x01010100,0x01010000,0x00000000,
  0x00000000,0x00000000,0x01010000,0x01010100,0x02020100,0x02030200,0x03040300,0x05050400,
  0x06060500,0x07080700,0x090A0800,0x0B0C0A00,0x0E0F0C00,0x10120E00,0x13151100,0x16191300,
  0x191C1600,0x1B1F1900,0x1E231B00,0x21261E00,0x23292000,0x252D2300,0x28302500,0x2A322700,
  0x2B352900,0x2C372B00,0x2E392C00,0x2E3A2D00,0x2F3B2E00,0x2F3C2E00,0x303D2F00,0x303E2F00,
  0x303E2F00,0x303E2F00,0x303F3000,0x303F3000,0x303F3000,0x303F3000,0x303F3000,0x303E2F00,
  0x303E2F00,0x303E2F00,0x303D2F00,0x2F3C2E00,0x2F3B2E00,0x2E3A2D00,0x2E392C00,0x2C372B00,
  0x2B352900,0x2A322700,0x28302500,0x252D2300,0x23292000,0x21261E00,0x1E231B00,0x1B1F1900,
  0x191C1600,0x16191300,0x13151100,0x10120E00,0x0E0F0C00,0x0B0C0A00,0x090A0800,0x07080700,
  0x06060500,0x05050400,0x03040300,0x02030200,0x02020100,0x01010100,0x01010000,0x00000000,
  0x00000000,0x00000000,0x01010000,0x01010100,0x01010100,0x02020200,0x03030200,0x04040300,
  0x05050400,0x06070600,0x08090700,0x0A0B0900,0x0C0D0A00,0x0E100C00,0x10120F00,0x13151100,
  0x16181300,0x181B1500,0x1A1E1800,0x1D211A00,0x1F241C00,0x21271E00,0x23292000,0x252C2200,
  0x262E2400,0x27302500,0x29312600,0x29332700,0x2A342800,0x2A352900,0x2A352900,0x2B362A00,
  0x2B362A00,0x2B362A00,0x2B372A00,0x2B372A00,0x2B372A00,0x2B372A00,0x2B372A00,0x2B362A00,
  0x2B362A00,0x2B362A00,0x2A352900,0x2A352900,0x2A342800,0x29332700,0x29312600,0x27302500,
  0x262E2400,0x252C2200,0x23292000,0x21271E00,0x1F241C00,0x1D211A00,0x1A1E1800,0x181B1500,
  0x16181300,0x13151100,0x10120F00,0x0E100C00,0x0C0D0A00,0x0A0B0900,0x08090700,0x06070600,
  0x05050400,0x04040300,0x03030200,0x02020200,0x01010100,0x01010100,0x01010000,0x00000000,
  0x00000000,0x00000000,0x00000000,0x01010000,0x01010100,0x02020100,0x03030200,0x03030300,
  0x04050400,0x05060500,0x07070600,0x08090700,0x0A0B0900,0x0C0D0B00,0x0E100C00,0x10120E00,
  0x13151000,0x14171200,0x171A1400,0x191C1600,0x1B1F1800,0x1D211A00,0x1F231C00,0x20251D00,
  0x21271F00,0x22292000,0x242A2100,0x242C2200,0x252D2300,0x252D2300,0x262E2400,0x262E2400,
  0x262F2400,0x262F2400,0x262F2500,0x262F2500,0x262F2500,0x262F2500,0x262F2500,0x262F2400,
  0x262F2400,0x262E2400,0x262E2400,0x252D2300,0x252D2300,0x242C2200,0x242A2100,0x22292000,
  0x21271F00,0x20251D00,0x1F231C00,0x1D211A00,0x1B1F1800,0x191C1600,0x171A1400,0x14171200,
  0x13151000,0x10120E00,0x0E100C00,0x0C0D0B00,0x0A0B0900,0x08090700,0x07070600,0x05060500,
  0x04050400,0x03030300,0x03030200,0x02020100,0x01010100,0x01010000,0x00000000,0x00000000,
  0x00000000,0x00000000,0x00000000,0x01010000,0x01010100,0x01010100,0x02020200,0x03030200,
  0x04040300,0x04050400,0x06060500,0x07080600,0x08090700,0x0A0B0900,0x0C0D0B00,0x0E0F0C00,
  0x10110E00,0x11130F00,0x13161100,0x15181300,0x171A1500,0x191C1600,0x1B1E1800,0x1C201900,
  0x1D211A00,0x1E231C00,0x1F241C00,0x20251D00,0x21261E00,0x21271E00,0x21271F00,0x21281F00,
  0x21281F00,0x21281F00,0x22292000,0x22292000,0x22292000,0x22292000,0x22292000,0x21281F00,
  0x21281F00,0x21281F00,0x21271F00,0x21271E00,0x21261E00,0x20251D00,0x1F241C00,0x1E231C00,
  0x1D211A00,0x1C201900,0x1B1E1800,0x191C1600,0x171A1500,0x15181300,0x13161100,0x11130F00,
  0x10110E00,0x0E0F0C00,0x0C0D0B00,0x0A0B0900,0x08090700,0x07080600,0x06060500,0x04050400,
  0x04040300,0x03030200,0x02020200,0x01010100,0x01010100,0x01010000,0x00000000,0x00000000,
  0x00000000,0x00000000,0x00000000,0x00000000,0x01010100,0x01010100,0x02020100,0x02020200,
  0x03030300,0x04040300,0x05050400,0x06060500,0x07080600,0x09090700,0x0A0B0900,0x0C0D0A00,
  0x0E0F0C00,0x0F100D00,0x11120F00,0x12141000,0x14161100,0x15181300,0x17191400,0x181B1500,
  0x191C1600,0x1A1D1800,0x1B1F1800,0x1B201900,0x1C211A00,0x1D211A00,0x1D211A00,0x1D221B00,
  0x1D221B00,0x1D231B00,0x1E231B00,0x1E231B00,0x1E231B00,0x1E231B00,0x1E231B00,0x1D231B00,
  0x1D221B00,0x1D221B00,0x1D211A00,0x1D211A00,0x1C211A00,0x1B201900,0x1B1F1800,0x1A1D1800,
  0x191C1600,0x181B1500,0x17191400,0x15181300,0x14161100,0x12141000,0x11120F00,0x0F100D00,
  0x0E0F0C00,0x0C0D0A00,0x0A0B0900,0x09090700,0x07080600,0x06060500,0x05050400,0x04040300,
  0x03030300,0x02020200,0x02020100,0x01010100,0x01010100,0x00000000,0x00000000,0x00000000,
  0x00000000,0x00000000,0x00000000,0x00000000,0x01010000,0x01010100,0x02020100,0x02020200,
  0x02030200,0x03030300,0x04040300,0x05050400,0x06060500,0x07080600,0x08090700,0x0A0B0800,
  0x0C0C0A00,0x0D0E0B00,0x0E0F0C00,0x10110E00,0x11120F00,0x12141000,0x14151100,0x15171200,
  0x16181300,0x16191400,0x171A1500,0x181B1500,0x191C1600,0x191C1600,0x191C1700,0x191D1700,
  0x191D1700,0x191D1700,0x1A1E1800,0x1A1E1800,0x1A1E1800,0x1A1E1800,0x1A1E1800,0x191D1700,
  0x191D1700,0x191D1700,0x191C1700,0x191C1600,0x191C1600,0x181B1500,0x171A1500,0x16191400,
  0x16181300,0x15171200,0x14151100,0x12141000,0x11120F00,0x10110E00,0x0E0F0C00,0x0D0E0B00,
  0x0C0C0A00,0x0A0B0800,0x08090700,0x07080600,0x06060500,0x05050400,0x04040300,0x03030300,
  0x02030200,0x02020200,0x02020100,0x01010100,0x01010000,0x00000000,0x00000000,0x00000000,
  0x00000000,0x00000000,0x00000000,0x00000000,0x00000000,0x01010000,0x01010100,0x02020200,
  0x02020200,0x03030200,0x04040300,0x04040400,0x05050400,0x06060500,0x07070600,0x08090700,
  0x0A0A0800,0x0B0B0900,0x0C0D0A00,0x0D0E0C00,0x0E0F0C00,0x10110E00,0x11120E00,0x12131000,
  0x13141000,0x13151100,0x14161200,0x15171200,0x16181300,0x16181300,0x16181300,0x16181400,
  0x16191400,0x16191400,0x17191400,0x17191400,0x17191400,0x17191400,0x17191400,0x16191400,
  0x16191400,0x16181400,0x16181300,0x16181300,0x16181300,0x15171200,0x14161200,0x13151100,
  0x13141000,0x12131000,0x11120E00,0x10110E00,0x0E0F0C00,0x0D0E0C00,0x0C0D0A00,0x0B0B0900,
  0x0A0A0800,0x08090700,0x07070600,0x06060500,0x05050400,0x04040400,0x04040300,0x03030200,
  0x02020200,0x02020200,0x01010100,0x01010000,0x00000000,0x00000000,0x00000000,0x00000000,
};

#define BR_ICON_DISC_W 72
#define BR_ICON_DISC_H 72
static const unsigned int BR_ICON_DISC[] = {
  0x00000000,0x00000000,0x00000000,0x00000000,0x00000000,0x00000000,0x00000000,0x00000000,
  0x00000000,0x00000000,0x00000000,0x01010100,0x01010100,0x01010100,0x01010100,0x02020100,
  0x02020200,0x02020200,0x03040300,0x04040300,0x04050400,0x05050400,0x06060500,0x07070600,
  0x07080700,0x08090700,0x090A0700,0x0A0A0900,0x0B0C0900,0x0B0C0A00,0x0C0D0B00,0x0D0E0B00,
  0x0D0E0B00,0x0D0E0B00,0x0D0F0C00,0x0D0F0C00,0x0D0F0C00,0x0D0F0C00,0x0D0E0B00,0x0D0E0B00,
  0x0D0E0B00,0x0C0D0B00,0x0B0C0A00,0x0B0C0900,0x0A0A0900,0x090A0700,0x08090700,0x07080700,
  0x07070600,0x06060500,0x05050400,0x04050400,0x04040300,0x03040300,0x02020200,0x02020200,
  0x02020100,0x01010100,0x01010100,0x01010100,0x01010100,0x00000000,0x00000000,0x00000000,
  0x00000000,0x00000000,0x00000000,0x00000000,0x00000000,0x00000000,0x00000000,0x00000000,
  0x00000000,0x00000000,0x00000000,0x00000000,0x00000000,0x00000000,0x00000000,0x00000000,
  0x00000000,0x01010000,0x01010100,0x01010100,0x01010100,0x01020100,0x02020200,0x02030200,
  0x03030200,0x03040300,0x04050400,0x05050400,0x06060500,0x07070600,0x08080700,0x09090800,
  0x090A0800,0x0B0C0900,0x0B0C0A00,0x0C0D0B00,0x0D0E0B00,0x0E0F0C00,0x0E100D00,0x0F110D00,
  0x10110E00,0x10120E00,0x10120E00,0x10120E00,0x10120E00,0x10120E00,0x10120E00,0x10110E00,
  0x0F110D00,0x0E100D00,0x0E0F0C00,0x0D0E0B00,0x0C0D0B00,0x0B0C0A00,0x0B0C0900,0x090A0800,
  0x09090800,0x08080700,0x07070600,0x06060500,0x05050400,0x04050400,0x03040300,0x03030200,
  0x02030200,0x02020200,0x01020100,0x01010100,0x01010100,0x01010100,0x01010000,0x00000000,
  0x00000000,0x00000000,0x00000000,0x00000000,0x00000000,0x00000000,0x00000000,0x00000000,
  0x00000000,0x00000000,0x00000000,0x00000000,0x00000000,0x00000000,0x00000000,0x00000000,
  0x01010000,0x01010100,0x01010100,0x01010100,0x02020100,0x02020200,0x03030200,0x03040300,
  0x04040300,0x05050400,0x06060500,0x07070600,0x08080700,0x09090800,0x0A0B0800,0x0B0C0A00,
  0x0C0D0B00,0x0D0F0B00,0x0E100C00,0x0F110D00,0x10120E00,0x11130F00,0x11141000,0x12151000,
  0x13151100,0x13161100,0x13161100,0x13161200,0x13161200,0x13161100,0x13161100,0x13151100,
  0x12151000,0x11141000,0x11130F00,0x10120E00,0x0F110D00,0x0E100C00,0x0D0F0B00,0x0C0D0B00,
  0x0B0C0A00,0x0A0B0800,0x09090800,0x08080700,0x07070600,0x06060500,0x05050400,0x04040300,
  0x03040300,0x03030200,0x02020200,0x02020100,0x01010100,0x01010100,0x01010100,0x01010000,
  0x00000000,0x00000000,0x00000000,0x00000000,0x00000000,0x00000000,0x00000000,0x00000000,
  0x00000000,0x00000000,0x00000000,0x00000000,0x00000000,0x00000000,0x00000000,0x01010000,
  0x01010100,0x01010100,0x01010100,0x02020200,0x03030200,0x03030300,0x04040300,0x05050400,
  0x05060500,0x06070500,0x07080700,0x09090700,0x0A0B0900,0x0B0C0A00,0x0C0E0B00,0x0D0F0C00,
  0x0E100D00,0x10120E00,0x11140F00,0x12151000,0x13161100,0x14171200,0x15181300,0x161A1400,
  0x161A1500,0x171B1500,0x171B1500,0x171B1500,0x171B1500,0x171B1500,0x171B1500,0x161A1500,
  0x161A1400,0x15181300,0x14171200,0x13161100,0x12151000,0x11140F00,0x10120E00,0x0E100D00,
  0x0D0F0C00,0x0C0E0B00,0x0B0C0A00,0x0A0B0900,0x09090700,0x07080700,0x06070500,0x05060500,
  0x05050400,0x04040300,0x03030300,0x03030200,0x02020200,0x01010100,0x01010100,0x01010100,
  0x01010000,0x00000000,0x00000000,0x00000000,0x00000000,0x00000000,0x00000000,0x00000000,
  0x00000000,0x00000000,0x00000000,0x00000000,0x00000000,0x00000000,0x01010000,0x01010100,
  0x01010100,0x02020100,0x02020200,0x03030200,0x03040300,0x04040400,0x05050400,0x06060500,
  0x07080600,0x08090700,0x090B0800,0x0B0C0A00,0x0C0E0B00,0x0D0F0C00,0x0F110D00,0x10130F00,
  0x12151000,0x13161200,0x14181300,0x161A1400,0x171B1500,0x181D1600,0x191E1700,0x1A1F1800,
  0x1A201900,0x1B201900,0x1B211A00,0x1B211A00,0x1B211A00,0x1B211A00,0x1B201900,0x1A201900,
  0x1A1F1800,0x191E1700,0x181D1600,0x171B1500,0x161A1400,0x14181300,0x13161200,0x12151000,
  0x10130F00,0x0F110D00,0x0D0F0C00,0x0C0E0B00,0x0B0C0A00,0x090B0800,0x08090700,0x07080600,
  0x06060500,0x05050400,0x04040400,0x03040300,0x03030200,0x02020200,0x02020100,0x01010100,
  0x01010100,0x01010000,0x00000000,0x00000000,0x00000000,0x00000000,0x00000000,0x00000000,
  0x00000000,0x00000000,0x00000000,0x00000000,0x00000000,0x01010000,0x01010100,0x01010100,
  0x02020100,0x02020200,0x03030200,0x04040300,0x04050400,0x05060500,0x06070600,0x08080700,
  0x090A0800,0x0A0B0900,0x0C0D0B00,0x0D0F0C00,0x0F110E00,0x10130F00,0x12151100,0x14171200,
  0x15191400,0x171B1500,0x181D1700,0x1A1F1800,0x1B211900,0x1C221B00,0x1D241C00,0x1E251D00,
  0x1F261E00,0x1F271E00,0x20271E00,0x20271E00,0x20271E00,0x20271E00,0x1F271E00,0x1F261E00,
  0x1E251D00,0x1D241C00,0x1C221B00,0x1B211900,0x1A1F1800,0x181D1700,0x171B1500,0x15191400,
  0x14171200,0x12151100,0x10130F00,0x0F110E00,0x0D0F0C00,0x0C0D0B00,0x0A0B0900,0x090A0800,
  0x08080700,0x06070600,0x05060500,0x04050400,0x04040300,0x03030200,0x02020200,0x02020100,
  0x01010100,0x01010100,0x01010000,0x00000000,0x00000000,0x00000000,0x00000000,0x00000000,
  0x00000000,0x00000000,0x00000000,0x00000000,0x01010000,0x01010100,0x01010100,0x02020100,
  0x02020200,0x03030200,0x04040300,0x05050400,0x06060500,0x07080600,0x08090700,0x0A0B0800,
  0x0B0D0A00,0x0D0F0B00,0x0E110D00,0x10130F00,0x12151100,0x14181200,0x161A1400,0x181C1600,
  0x191F1800,0x1B211A00,0x1D231B00,0x1E251D00,0x20271E00,0x21292000,0x222B2100,0x232C2200,
  0x242D2300,0x242E2300,0x242E2400,0x252F2400,0x252F2400,0x242E2400,0x242E2300,0x242D2300,
  0x232C2200,0x222B2100,0x21292000,0x20271E00,0x1E251D00,0x1D231B00,0x1B211A00,0x191F1800,
  0x181C1600,0x161A1400,0x14181200,0x12151100,0x10130F00,0x0E110D00,0x0D0F0B00,0x0B0D0A00,
  0x0A0B0800,0x08090700,0x07080600,0x06060500,0x05050400,0x04040300,0x03030200,0x02020200,
  0x02020100,0x01010100,0x01010100,0x01010000,0x00000000,0x00000000,0x00000000,0x00000000,
  0x00000000,0x00000000,0x00000000,0x01010000,0x01010100,0x01010100,0x02020100,0x02030200,
  0x03030300,0x04040300,0x05050400,0x06070500,0x07080600,0x080A0800,0x0A0C0900,0x0C0E0B00,
  0x0E100C00,0x0F120E00,0x11151000,0x14171200,0x161A1400,0x181D1600,0x1A1F1800,0x1C221A00,
  0x1E251D00,0x1F271E00,0x212A2000,0x232C2200,0x252E2300,0x26302500,0x27322700,0x28342700,
  0x29352800,0x29362900,0x2A362900,0x2A362A00,0x2A362A00,0x2A362900,0x29362900,0x29352800,
  0x28342700,0x27322700,0x26302500,0x252E2300,0x232C2200,0x212A2000,0x1F271E00,0x1E251D00,
  0x1C221A00,0x1A1F1800,0x181D1600,0x161A1400,0x14171200,0x11151000,0x0F120E00,0x0E100C00,
  0x0C0E0B00,0x0A0C0900,0x080A0800,0x07080600,0x06070500,0x05050400,0x04040300,0x03030300,
  0x02030200,0x02020100,0x01010100,0x01010100,0x01010000,0x00000000,0x00000000,0x00000000,
  0x00000000,0x00000000,0x01010000,0x01010100,0x01010100,0x02020100,0x02020200,0x03030300,
  0x04040300,0x05050400,0x06070500,0x07080700,0x090A0800,0x0A0C0900,0x0C0E0B00,0x0F110D00,
  0x10130F00,0x13161100,0x15191300,0x171C1600,0x191F1800,0x1C221A00,0x1E251D00,0x20281F00,
  0x222B2100,0x242E2400,0x26312500,0x28342700,0x29362900,0x2B382B00,0x2C3A2C00,0x2D3C2D00,
  0x2E3D2E00,0x2E3E2F00,0x2E3E2F00,0x2F3F2F00,0x2F3F2F00,0x2E3E2F00,0x2E3E2F00,0x2E3D2E00,
  0x2D3C2D00,0x2C3A2C00,0x2B382B00,0x29362900,0x28342700,0x26312500,0x242E2400,0x222B2100,
  0x20281F00,0x1E251D00,0x1C221A00,0x191F1800,0x171C1600,0x15191300,0x13161100,0x10130F00,
  0x0F110D00,0x0C0E0B00,0x0A0C0900,0x090A0800,0x07080700,0x06070500,0x05050400,0x04040300,
  0x03030300,0x02020200,0x02020100,0x01010100,0x01010100,0x01010000,0x00000000,0x00000000,
  0x00000000,0x00000000,0x01010100,0x01010100,0x02020100,0x02020200,0x03030200,0x04040300,
  0x05050400,0x06070500,0x07080700,0x090A0800,0x0B0C0A00,0x0D0F0C00,0x0F120E00,0x11141000,
  0x13171200,0x161A1500,0x181E1700,0x1B211A00,0x1E251C00,0x20281F00,0x222C2200,0x252F2400,
  0x27322700,0x29352900,0x2B382B00,0x2D3B2D00,0x2E3E2F00,0x2F403000,0x31423200,0x31443300,
  0x32453400,0x33463500,0x33463500,0x34473500,0x34473500,0x33463500,0x33463500,0x32453400,
  0x31443300,0x31423200,0x2F403000,0x2E3E2F00,0x2D3B2D00,0x2B382B00,0x29352900,0x27322700,
  0x252F2400,0x222C2200,0x20281F00,0x1E251C00,0x1B211A00,0x181E1700,0x161A1500,0x13171200,
  0x11141000,0x0F120E00,0x0D0F0C00,0x0B0C0A00,0x090A0800,0x07080700,0x06070500,0x05050400,
  0x04040300,0x03030200,0x02020200,0x02020100,0x01010100,0x01010100,0x00000000,0x00000000,
  0x00000000,0x01010000,0x01010100,0x01020100,0x02020200,0x03030200,0x04040300,0x05050400,
  0x06070500,0x07080700,0x090A0800,0x0B0D0A00,0x0D0F0C00,0x0F120E00,0x12151000,0x14181300,
  0x171C1600,0x1A1F1800,0x1C231B00,0x1F271E00,0x222B2100,0x242E2400,0x27322600,0x29362900,
  0x2B3A2C00,0x2D3D2E00,0x2F403000,0x31433200,0x32453400,0x34483600,0x354A3800,0x364C3900,
  0x364D3A00,0x374E3A00,0x374F3B00,0x384F3B00,0x384F3B00,0x374F3B00,0x374E3A00,0x364D3A00,
  0x364C3900,0x354A3800,0x34483600,0x32453400,0x31433200,0x2F403000,0x2D3D2E00,0x2B3A2C00,
  0x29362900,0x27322600,0x242E2400,0x222B2100,0x1F271E00,0x1C231B00,0x1A1F1800,0x171C1600,
  0x14181300,0x12151000,0x0F120E00,0x0D0F0C00,0x0B0D0A00,0x090A0800,0x07080700,0x06070500,
  0x05050400,0x04040300,0x03030200,0x02020200,0x01020100,0x01010100,0x01010000,0x00000000,
  0x01010000,0x01010100,0x01010100,0x02020200,0x03030200,0x04040300,0x05050400,0x06070500,
  0x07080700,0x090A0800,0x0B0D0A00,0x0D0F0C00,0x10120E00,0x12151100,0x15191300,0x181D1600,
  0x1A211900,0x1D251C00,0x20291F00,0x232D2200,0x26312500,0x29352800,0x2B392B00,0x2D3D2E00,
  0x30413100,0x32443400,0x34483600,0x354B3800,0x374D3A00,0x38503B00,0x39523D00,0xFFFFD200,
  0xFFFFD200,0xFFFFD200,0xFFFFD200,0xFFFFD200,0xFFFFD200,0xFFFFD200,0xFFFFD200,0xFFFFD200,
  0xFFFFD200,0x39523D00,0x38503B00,0x374D3A00,0x354B3800,0x34483600,0x32443400,0x30413100,
  0x2D3D2E00,0x2B392B00,0x29352800,0x26312500,0x232D2200,0x20291F00,0x1D251C00,0x1A211900,
  0x181D1600,0x15191300,0x12151100,0x10120E00,0x0D0F0C00,0x0B0D0A00,0x090A0800,0x07080700,
  0x06070500,0x05050400,0x04040300,0x03030200,0x02020200,0x01010100,0x01010100,0x01010000,
  0x01010100,0x01010100,0x02020100,0x02030200,0x03040300,0x04050400,0x06060500,0x07080600,
  0x090A0800,0x0B0C0A00,0x0D0F0C00,0x0F120E00,0x12151100,0x15191300,0x181D1700,0x1B211A00,
  0x1E261D00,0x212A2000,0x242E2400,0x27332700,0x2A382A00,0x2D3C2D00,0x2F403100,0x32443300,
  0x34483600,0x364C3900,0x374F3B00,0x39523D00,0xFFFFD200,0xFFFFD200,0xFFFFD200,0xFFFFF596,
  0xFFFFF596,0xFFFFF596,0xFFFFD200,0xFFFFD200,0xFFFFD200,0xFFFFD200,0xFFFFD200,0xFFFFD200,
  0xFFFFD200,0xFFFFD200,0xFFFFD200,0xFFFFD200,0x39523D00,0x374F3B00,0x364C3900,0x34483600,
  0x32443300,0x2F403100,0x2D3C2D00,0x2A382A00,0x27332700,0x242E2400,0x212A2000,0x1E261D00,
  0x1B211A00,0x181D1700,0x15191300,0x12151100,0x0F120E00,0x0D0F0C00,0x0B0C0A00,0x090A0800,
  0x07080600,0x06060500,0x04050400,0x03040300,0x02030200,0x02020100,0x01010100,0x01010100,
  0x01010100,0x02020100,0x02020200,0x03030300,0x04040300,0x05060400,0x07080600,0x090A0800,
  0x0A0C0A00,0x0D0F0C00,0x0F120E00,0x12161100,0x15191400,0x181D1600,0x1B221A00,0x1F261D00,
  0x212B2100,0x25302400,0x28352800,0x2B392B00,0x2E3E2F00,0x31433200,0x33473600,0x354C3900,
  0x38503B00,0xFFFFD200,0xFFFFD200,0xFFFFD200,0xFFFFD200,0xFFFFD200,0xFFFFF596,0xFFFFF596,
  0xFFFFF596,0xFFFFF596,0xFFFFF596,0xFFFFD200,0xFFFFD200,0xFFFFD200,0xFFFFD200,0xFFFFD200,
  0xFFFFD200,0xFFFFD200,0xFFFFD200,0xFFFFD200,0xFFFFD200,0xFFFFD200,0xFFFFD200,0x38503B00,
  0x354C3900,0x33473600,0x31433200,0x2E3E2F00,0x2B392B00,0x28352800,0x25302400,0x212B2100,
  0x1F261D00,0x1B221A00,0x181D1600,0x15191400,0x12161100,0x0F120E00,0x0D0F0C00,0x0A0C0A00,
  0x090A0800,0x07080600,0x05060400,0x04040300,0x03030300,0x02020200,0x02020100,0x01010100,
  0x01010100,0x02020200,0x03030200,0x04040300,0x05050400,0x06070500,0x08090700,0x0A0C0900,
  0x0C0E0B00,0x0F110E00,0x11151000,0x15191300,0x181D1700,0x1B221A00,0x1E261E00,0x222B2100,
  0x25302500,0x29362900,0x2C3B2D00,0x2F403000,0x32453400,0x344A3700,0x374E3B00,0xFFFFD200,
  0xFFFFD200,0xFFFFD200,0xFFFFD200,0xFFFFD200,0xFFFFD200,0xFFFFD200,0xFFFFF596,0xFFFFF596,
  0xFFFFF596,0xFFFFF596,0xFFFFF596,0xFFFFD200,0xFFFFD200,0xFFFFD200,0xFFFFD200,0xFFFFD200,
  0xFFFFD200,0xFFFFD200,0xFFFFD200,0xFFFFD200,0xFFFFD200,0xFFFFD200,0xFFFFD200,0xFFFFD200,
  0xFFFFD200,0x374E3B00,0x344A3700,0x32453400,0x2F403000,0x2C3B2D00,0x29362900,0x25302500,
  0x222B2100,0x1E261E00,0x1B221A00,0x181D1700,0x15191300,0x11151000,0x0F110E00,0x0C0E0B00,
  0x0A0C0900,0x08090700,0x06070500,0x05050400,0x04040300,0x03030200,0x02020200,0x01010100,
  0x02020100,0x02030200,0x03040300,0x04050400,0x06070500,0x08090700,0x0A0B0800,0x0C0E0B00,
  0x0E100D00,0x11141000,0x14181300,0x171D1600,0x1B211A00,0x1E261D00,0x222B2100,0x26312500,
  0x29362900,0x2C3C2D00,0x30413100,0x33463500,0x354C3900,0x38513C00,0xFFFFD200,0xFFFFD200,
  0xFFFFD200,0xFFFFD200,0xFFFFD200,0xFFFFD200,0xFFFFD200,0xFFFFD200,0xFFFFF596,0xFFFFF596,
  0xFFFFF596,0xFFFFF596,0xFFFFF596,0x55775200,0x55775200,0x55775200,0x55775100,0x55775100,
  0x55755100,0xFFFFD200,0xFFFFD200,0xFFFFD200,0xFFFFD200,0xFFFFD200,0xFFFFD200,0xFFFFD200,
  0xFFFFD200,0xFFFFD200,0x38513C00,0x354C3900,0x33463500,0x30413100,0x2C3C2D00,0x29362900,
  0x26312500,0x222B2100,0x1E261D00,0x1B211A00,0x171D1600,0x14181300,0x11141000,0x0E100D00,
  0x0C0E0B00,0x0A0B0800,0x08090700,0x06070500,0x04050400,0x03040300,0x02030200,0x02020100,
  0x02020200,0x03030200,0x04040300,0x05060500,0x07080600,0x090A0800,0x0B0D0A00,0x0E100C00,
  0x10130F00,0x13171200,0x171C1500,0x1A211900,0x1E251D00,0x222B2100,0x25302500,0x29362900,
  0x2C3C2D00,0x30423100,0x33483600,0x364D3900,0x39533D00,0xFFFFD200,0xFFFFD200,0xFFFFD200,
  0xFFFFD200,0xFFFFD200,0xFFFFD200,0xFFFFD200,0x55765100,0x55775200,0x55795300,0xFFFFF596,
  0xFFFFF596,0xFFFFF596,0x557C5400,0x567C5400,0x567C5400,0x557C5400,0x567B5400,0x567B5400,
  0x56795400,0x55795300,0x55775200,0x55765100,0xFFFFD200,0xFFFFD200,0xFFFFD200,0xFFFFD200,
  0xFFFFD200,0xFFFFD200,0xFFFFD200,0x39533D00,0x364D3900,0x33483600,0x30423100,0x2C3C2D00,
  0x29362900,0x25302500,0x222B2100,0x1E251D00,0x1A211900,0x171C1500,0x13171200,0x10130F00,
  0x0E100C00,0x0B0D0A00,0x090A0800,0x07080600,0x05060500,0x04040300,0x03030200,0x02020200,
  0x03030200,0x04040300,0x05050400,0x06070500,0x08090700,0x0A0C0900,0x0D0F0B00,0x10120E00,
  0x13161100,0x161A1400,0x191F1800,0x1D251C00,0x212A2000,0x25302400,0x29362900,0x2D3C2D00,
  0x30423200,0x33483600,0x364E3A00,0xFFFFD200,0xFFFFD200,0xFFFFD200,0xFFFFD200,0xFFFFD200,
  0xFFFFD200,0xFFFFD200,0x55775100,0x56785200,0x567A5400,0x567B5400,0x567D5500,0x567E5600,
  0x567E5600,0x567F5600,0x557F5600,0x567F5600,0x567F5600,0x557F5600,0x567F5600,0x567E5600,
  0x567E5600,0x567D5500,0x567B5400,0x567A5400,0x56785200,0x55775100,0xFFFFD200,0xFFFFD200,
  0xFFFFD200,0xFFFFD200,0xFFFFD200,0xFFFFD200,0xFFFFD200,0x364E3A00,0x33483600,0x30423200,
  0x2D3C2D00,0x29362900,0x25302400,0x212A2000,0x1D251C00,0x191F1800,0x161A1400,0x13161100,
  0x10120E00,0x0D0F0B00,0x0A0C0900,0x08090700,0x06070500,0x05050400,0x04040300,0x03030200,
  0x03030300,0x04050400,0x06060500,0x07080600,0x090B0800,0x0C0E0A00,0x0E110D00,0x12151000,
  0x15191300,0x181E1700,0x1C231B00,0x20291F00,0x242E2400,0x28352800,0x2C3B2D00,0x30413100,
  0x33473600,0x374E3A00,0xFFFFD200,0xFFFFD200,0xFFFFD200,0xFFFFD200,0xFFFFD200,0xFFFFD200,
  0x55765100,0x56785200,0x567A5400,0x567C5400,0x567E5600,0x567E5600,0x56805700,0x55815700,
  0x55815700,0x55825700,0x55825800,0x55825800,0x55825800,0x55825800,0x55825700,0x55815700,
  0x55815700,0x56805700,0x567E5600,0x567E5600,0x567C5400,0x567A5400,0x56785200,0x55765100,
  0xFFFFD200,0xFFFFD200,0xFFFFD200,0xFFFFD200,0xFFFFD200,0xFFFFD200,0x374E3A00,0x33473600,
  0x30413100,0x2C3B2D00,0x28352800,0x242E2400,0x20291F00,0x1C231B00,0x181E1700,0x15191300,
  0x12151000,0x0E110D00,0x0C0E0A00,0x090B0800,0x07080600,0x06060500,0x04050400,0x03030300,
  0x04040300,0x05050400,0x07070600,0x08090700,0x0B0C0900,0x0D0F0C00,0x10130F00,0x14171200,
  0x171C1600,0x1B211A00,0x1F271E00,0x232D2200,0x27332700,0x2B3A2B00,0x2F403000,0x33473500,
  0x364D3A00,0xFFFFD200,0xFFFFD200,0xFFFFD200,0xFFFFD200,0xFFFFD200,0xFFFFD200,0x56775100,
  0x56795300,0x567C5400,0x567E5600,0x567F5600,0x56815700,0x55815800,0x55835800,0x55835800,
  0x55845800,0x55845800,0x54855900,0x54855800,0x54855800,0x54855900,0x55845800,0x55845800,
  0x55835800,0x55835800,0x55815800,0x56815700,0x567F5600,0x567E5600,0x567C5400,0x56795300,
  0x56775100,0xFFFFD200,0xFFFFD200,0xFFFFD200,0xFFFFD200,0xFFFFD200,0xFFFFD200,0x364D3A00,
  0x33473500,0x2F403000,0x2B3A2B00,0x27332700,0x232D2200,0x1F271E00,0x1B211A00,0x171C1600,
  0x14171200,0x10130F00,0x0D0F0C00,0x0B0C0900,0x08090700,0x07070600,0x05050400,0x04040300,
  0x04050400,0x06060500,0x08080700,0x0A0B0800,0x0C0E0B00,0x0F110D00,0x12151000,0x161A1400,
  0x191F1800,0x1D241C00,0x212B2100,0x26312600,0x2A372A00,0x2E3E2F00,0x32453400,0x364C3900,
  0x39523D00,0xFFFFD200,0xFFFFD200,0xFFFFD200,0xFFFFD200,0xFFFFD200,0x56775200,0x567A5400,
  0x567D5500,0x567E5600,0x56815700,0x55825800,0x55835800,0x55845800,0x54855900,0x54865900,
  0x54865900,0x53865900,0x53865A00,0x53865900,0x53865900,0x53865A00,0x53865900,0x54865900,
  0x54865900,0x54855900,0x55845800,0x55835800,0x55825800,0x56815700,0x567E5600,0x567D5500,
  0x567A5400,0x56775200,0xFFFFD200,0xFFFFD200,0xFFFFD200,0xFFFFD200,0xFFFFD200,0x39523D00,
  0x364C3900,0x32453400,0x2E3E2F00,0x2A372A00,0x26312600,0x212B2100,0x1D241C00,0x191F1800,
  0x161A1400,0x12151000,0x0F110D00,0x0C0E0B00,0x0A0B0800,0x08080700,0x06060500,0x04050400,
  0x05060400,0x07070600,0x09090700,0x0B0C0A00,0x0E0F0C00,0x10130F00,0x14181200,0x181D1600,
  0x1C221B00,0x20281F00,0x242E2300,0x28352900,0x2D3C2D00,0x31433200,0x354A3700,0x38513C00,
  0xFFFFD200,0xFFFFD200,0xFFFFD200,0xFFFFD200,0xFFFFD200,0x56785200,0x567B5400,0x567D5500,
  0x567F5600,0x56815700,0x55835800,0x55845800,0x54855900,0x54865A00,0x53875A00,0x52875A00,
  0x52885A00,0x51885A00,0x51885A00,0x51885A00,0x51885A00,0x51885A00,0x51885A00,0x52885A00,
  0x52875A00,0x53875A00,0x54865A00,0x54855900,0x55845800,0x55835800,0x56815700,0x567F5600,
  0x567D5500,0x567B5400,0x56785200,0xFFFFD200,0xFFFFD200,0xFFFFD200,0xFFFFD200,0xFFFFD200,
  0x38513C00,0x354A3700,0x31433200,0x2D3C2D00,0x28352900,0x242E2300,0x20281F00,0x1C221B00,
  0x181D1600,0x14181200,0x10130F00,0x0E0F0C00,0x0B0C0A00,0x09090700,0x07070600,0x05060400,
  0x06060500,0x07080600,0x0A0B0800,0x0C0E0B00,0x0F110D00,0x12151100,0x161A1400,0x1A1F1800,
  0x1E251D00,0x222B2100,0x27322600,0x2B392C00,0x2F403000,0x33483500,0x374F3B00,0xFFFFD200,
  0xFFFFD200,0xFFFFD200,0xFFFFD200,0xFFFFD200,0x56775200,0x567B5400,0x567D5500,0x567F5600,
  0x55825800,0x55835800,0x55855900,0x54865A00,0x53875A00,0x52885A00,0x51885A00,0x50885A00,
  0x50895A00,0x4F895A00,0x4F895A00,0x4F895A00,0x4F895A00,0x4F895A00,0x4F895A00,0x50895A00,
  0x51885A00,0x51885A00,0x52885A00,0x53875A00,0x54865A00,0x55855900,0x55835800,0x55825800,
  0x56805600,0x567E5500,0x567B5400,0x56775200,0xFFFFD200,0xFFFFD200,0xFFFFD200,0xFFFFD200,
  0xFFFFD200,0x374F3B00,0x33483500,0x2F403000,0x2B392C00,0x27322600,0x222B2100,0x1E251D00,
  0x1A1F1800,0x161A1400,0x12151100,0x0F110D00,0x0C0E0B00,0x0A0B0800,0x07080600,0x06060500,
  0x07070600,0x08090700,0x0B0C0900,0x0D0F0C00,0x10130F00,0x14171200,0x181D1600,0x1C221A00,
  0x20281F00,0x252F2400,0x29362900,0x2D3D2E00,0x32443300,0x364C3800,0xFFFFD200,0xFFFFD200,
  0xFFFFD200,0xFFFFD200,0xFFFFD200,0x56775100,0x567A5400,0x567D5500,0x56805600,0x56825800,
  0x55845800,0x55855900,0x54865A00,0x53885A00,0x52885A00,0x51885A00,0x508A5A00,0x4F8A5A00,
  0x4F8A5A00,0x4E895A00,0x4E895A00,0x4E895A00,0x4E895A00,0x4E895A00,0x4E895A00,0x4F8A5A00,
  0x4F8A5A00,0x508A5A00,0x51895A00,0x52885A00,0x53885A00,0x54875A00,0x55855900,0x55845800,
  0x56825800,0x56805600,0x567E5500,0x567A5400,0x56775100,0xFFFFD200,0xFFFFD200,0xFFFFD200,
  0xFFFFD200,0xFFFFD200,0x364C3800,0x32443300,0x2D3D2E00,0x29362900,0x252F2400,0x20281F00,
  0x1C221A00,0x181D1600,0x14171200,0x10130F00,0x0D0F0C00,0x0B0C0900,0x08090700,0x07070600,
  0x07080600,0x090A0800,0x0C0D0A00,0x0F110D00,0x12151000,0x15191400,0x191F1800,0x1E251C00,
  0x222B2100,0x27322600,0x2B392C00,0x30413100,0x34483600,0x38503B00,0xFFFFD200,0xFFFFD200,
  0xFFFFD200,0xFFFFD200,0x55765100,0x56795300,0x567D5500,0x56805600,0x55825700,0x55835800,
  0x55865900,0x54875A00,0x53885A00,0x51895A00,0x50895A00,0x4F8A5B00,0x4E8A5B00,0x4E8A5A00,
  0x4D8B5B00,0x4D8B5A00,0x4C8B5B00,0x4C8B5B00,0x4D8B5B00,0x4C8B5B00,0x4D8B5A00,0x4D8B5B00,
  0x4E8A5B00,0x4F8A5B00,0x508A5B00,0x518A5A00,0x52895A00,0x53885A00,0x54875A00,0x55865A00,
  0x55835800,0x56825800,0x56805600,0x567D5500,0x56795300,0x56765100,0xFFFFD200,0xFFFFD200,
  0xFFFFD200,0xFFFFD200,0x38503B00,0x34483600,0x30413100,0x2B392C00,0x27322600,0x222B2100,
  0x1E251C00,0x191F1800,0x15191400,0x12151000,0x0F110D00,0x0C0D0A00,0x090A0800,0x07080600,
  0x08090700,0x0A0B0900,0x0D0E0C00,0x10120E00,0x13161100,0x171B1500,0x1B211900,0x20271E00,
  0x242E2400,0x29352900,0x2D3D2E00,0x32453400,0x364C3900,0xFFFFD200,0xFFFFD200,0xFFFFD200,
  0xFFFFD200,0xFFFFD200,0x56785200,0x567C5400,0x567E5600,0x56815700,0x55835800,0x55855900,
  0x54875A00,0x52885A00,0x51895A00,0x508A5B00,0x4F8A5B00,0x4E8A5B00,0x4D8B5B00,0x4D8B5B00,
  0x4C8B5B00,0x4C8B5B00,0x4C8B5B00,0x4C8B5B00,0x4C8B5B00,0x4C8B5B00,0x4C8B5B00,0x4D8B5B00,
  0x4D8B5B00,0x4E8B5B00,0x4F8A5B00,0x508A5B00,0x518A5B00,0x52895B00,0x53885A00,0x54875A00,
  0x55865900,0x55835800,0x56815800,0x567E5600,0x567C5400,0x56785200,0xFFFFD200,0xFFFFD200,
  0xFFFFD200,0xFFFFD200,0xFFFFD200,0x364C3900,0x32453400,0x2D3D2E00,0x29352900,0x242E2400,
  0x20271E00,0x1B211900,0x171B1500,0x13161100,0x10120E00,0x0D0E0C00,0x0A0B0900,0x08090700,
  0x090A0800,0x0B0C0A00,0x0E100D00,0x11140F00,0x15181300,0x181D1700,0x1D231B00,0x212A2000,
  0x26312600,0x2B382B00,0x2F403000,0x33483600,0x374F3B00,0xFFFFD200,0xFFFFD200,0xFFFFD200,
  0xFFFFD200,0x55775100,0x567A5400,0x567E5600,0x56815700,0x55835800,0x55855900,0x54865A00,
  0x52885A00,0x51895A00,0x508A5B00,0x4F8A5B00,0x4E8B5B00,0x4D8B5B00,0x4C8B5B00,0x4C8B5B00,
  0x4C8C5B00,0x4C8C5B00,0x4C8C5B00,0x4C8C5B00,0x4C8C5B00,0x4C8C5B00,0x4C8C5B00,0x4C8C5B00,
  0x4D8B5B00,0x4D8B5C00,0x4E8B5C00,0x4F8B5B00,0x508A5C00,0x518A5B00,0x52895B00,0x53885A00,
  0x54865A00,0x55855900,0x55835800,0x56815700,0x567E5600,0x577A5400,0x55775100,0xFFFFD200,
  0xFFFFD200,0xFFFFD200,0xFFFFD200,0x384F3B00,0x33483600,0x2F403000,0x2B382B00,0x26312600,
  0x212A2000,0x1D231B00,0x181D1700,0x15181300,0x11140F00,0x0E100D00,0x0B0C0A00,0x090A0800,
  0x0A0B0800,0x0C0D0B00,0x0F110D00,0x12151000,0x161A1400,0x1A1F1800,0x1E251D00,0x232C2200,
  0x28332700,0x2C3B2D00,0x31433200,0x354B3800,0x39523D00,0xFFFFD200,0xFFFFD200,0xFFFFD200,
  0xFFFFD200,0x56785200,0x567C5400,0x567F5600,0x55825800,0x55845800,0x54865900,0x53885A00,
  0x51885A00,0x508A5A00,0x4F8A5B00,0x4E8B5B00,0x4D8B5B00,0x4C8B5B00,0x4C8C5B00,0x4C8C5B00,
  0x4C8C5B00,0x4C8C5B00,0x4C8C5B00,0x4C8C5B00,0x4C8C5B00,0x4C8C5B00,0x4C8D5B00,0x4C8D5B00,
  0x4C8C5B00,0x4D8C5C00,0x4D8B5C00,0x4E8C5C00,0x4F8B5C00,0x508B5C00,0x518A5B00,0x52895B00,
  0x54885B00,0x55865A00,0x55855900,0x56825800,0x567F5600,0x577C5400,0x56795300,0xFFFFD200,
  0xFFFFD200,0xFFFFD200,0xFFFFD200,0x39523D00,0x354B3800,0x31433200,0x2C3B2D00,0x28332700,
  0x232C2200,0x1E251D00,0x1A1F1800,0x161A1400,0x12151000,0x0F110D00,0x0C0D0B00,0x0A0B0800,
  0x0A0C0900,0x0D0E0B00,0x10120E00,0x13161100,0x171B1500,0x1B211A00,0x20271E00,0x252E2300,
  0x29362900,0x2E3E2F00,0x33463400,0x364E3A00,0xFFFFD200,0xFFFFD200,0xFFFFD200,0xFFFFD200,
  0x55765100,0x567A5400,0x567E5500,0x55815700,0x55835800,0x54865900,0x53875A00,0x52885A00,
  0x50895A00,0x4F8A5B00,0x4E8B5B00,0x4D8B5B00,0x4C8B5B00,0x4C8B5B00,0x4C8C5B00,0x4C8C5B00,
  0x4C8D5B00,0x4C8D5B00,0x4C8D5B00,0x4C8D5B00,0x4C8D5B00,0x4C8D5C00,0x4C8D5B00,0x4C8D5B00,
  0x4C8D5B00,0x4D8D5C00,0x4D8C5C00,0x4E8C5C00,0x4E8C5C00,0x4F8C5C00,0x518A5B00,0x528A5B00,
  0x53885A00,0x54885A00,0x55865A00,0x56835900,0x56815700,0x577E5600,0x567A5400,0x55765100,
  0xFFFFD200,0xFFFFD200,0xFFFFD200,0xFFFFD200,0x364E3A00,0x33463400,0x2E3E2F00,0x29362900,
  0x252E2300,0x20271E00,0x1B211A00,0x171B1500,0x13161100,0x10120E00,0x0D0E0B00,0x0A0C0900,
  0x0B0C0A00,0x0D0F0C00,0x11130F00,0x14171200,0x181C1600,0x1C221B00,0x21291F00,0x26302500,
  0x2B382B00,0x2F403000,0x34483600,0x38503B00,0xFFFFD200,0xFFFFD200,0xFFFFD200,0xFFFFD200,
  0x55775200,0x567C5400,0x567F5600,0x55825800,0x55845800,0x54865900,0x52885A00,0x51895A00,
  0x4F8A5B00,0x4E8A5B00,0x4D8B5B00,0x4C8B5B00,0x4C8C5B00,0x4C8C5B00,0x4C8D5B00,0x4C8D5B00,
  0x4C8D5B00,0x4C8D5B00,0x4C8D5C00,0x4C8D5C00,0x4C8D5C00,0x4C8D5C00,0x4C8D5C00,0x4C8D5C00,
  0x4D8E5C00,0x4D8E5C00,0x4D8D5C00,0x4E8D5C00,0x4E8C5C00,0x4F8C5C00,0x508B5C00,0x518A5C00,
  0x528A5B00,0x54885B00,0x55875A00,0x55855900,0x56825800,0x577F5600,0x577C5400,0x56775200,
  0xFFFFD200,0xFFFFD200,0xFFFFD200,0xFFFFD200,0x38503C00,0x34483600,0x2F403000,0x2B382B00,
  0x26302500,0x21291F00,0x1C221B00,0x181C1600,0x14171200,0x11130F00,0x0D0F0C00,0x0B0C0A00,
  0x0C0D0A00,0x0E100D00,0x12141000,0x15191300,0x191E1700,0x1D241C00,0x222B2100,0x27322600,
  0x2C3A2C00,0x30423200,0x354A3700,0x39523D00,0xFFFFD200,0xFFFFD200,0xFFFFD200,0xFFFFD200,
  0x56795300,0x567C5500,0x56805600,0x55835800,0x54855900,0x53875A00,0x51885A00,0x50895A00,
  0x4E8A5B00,0x4E8B5B00,0x4D8B5B00,0x4C8B5B00,0x4C8C5B00,0x4C8C5B00,0x4C8D5B00,0x4C8D5B00,
  0x4C8D5C00,0x4C8D5C00,0xFFFFD200,0xFFFFD200,0xFFFFD200,0xFFFFD200,0x4D8E5D00,0x4D8E5D00,
  0x4D8E5C00,0x4D8E5C00,0x4E8E5C00,0x4E8E5C00,0x4E8D5C00,0x4F8C5C00,0x508C5C00,0x518B5C00,
  0x528A5B00,0x53895A00,0x55885B00,0x55865A00,0x56835900,0x57815700,0x577D5600,0x56795300,
  0xFFFFD200,0xFFFFD200,0xFFFFD200,0xFFFFD200,0x39523D00,0x354A3700,0x30423200,0x2C3A2C00,
  0x27322600,0x222B2100,0x1D241C00,0x191E1700,0x15191300,0x12141000,0x0E100D00,0x0C0D0A00,
  0x0C0E0B00,0x0F110D00,0x12151100,0x16191400,0x1A1F1800,0x1E251D00,0x232C2200,0x28332700,
  0x2D3B2D00,0x31433300,0x364C3800,0xFFFFD200,0xFFFFD200,0xFFFFD200,0xFFFFD200,0x55765100,
  0x567A5300,0x567E5600,0x55815700,0x55835800,0x54865900,0x52875A00,0x51885A00,0x4F8A5A00,
  0x4E8A5B00,0x4D8B5B00,0x4C8B5B00,0x4C8C5B00,0x4C8C5B00,0x4C8D5B00,0x4C8D5C00,0x4C8D5B00,
  0xFFFFD200,0xFFFFD200,0xFFFFD200,0xFFFFD200,0xFFFFD200,0xFFFFD200,0xFFFFD200,0xFFFFD200,
  0x4E8E5D00,0x4E8E5D00,0x4E8E5D00,0x4F8E5D00,0x4F8E5D00,0x4F8D5C00,0x508C5C00,0x518C5C00,
  0x528A5C00,0x538A5B00,0x55885B00,0x55865A00,0x56845900,0x57815800,0x577E5600,0x577A5400,
  0x56765100,0xFFFFD200,0xFFFFD200,0xFFFFD200,0xFFFFD200,0x364C3900,0x31443300,0x2D3B2D00,
  0x28332700,0x232C2200,0x1E251D00,0x1A1F1800,0x16191400,0x12151100,0x0F110D00,0x0C0E0B00,
  0x0D0E0B00,0x0F110E00,0x13161100,0x161A1500,0x1A1F1800,0x1F261E00,0x242D2200,0x29352800,
  0x2D3C2E00,0x32453400,0x374D3900,0xFFFFD200,0xFFFFD200,0xFFFFD200,0xFFFFD200,0x55775100,
  0x567B5400,0x567E5600,0x55815700,0x55845800,0x53865900,0x51885A00,0x50895A00,0x4E895A00,
  0x4D8A5B00,0x4D8B5B00,0x4C8B5B00,0x4C8C5B00,0x4C8D5B00,0x4C8D5B00,0x4C8D5C00,0xFFFFD200,
  0xFFFFD200,0xFFFFD200,0x4E8F5D00,0x4F8F5E00,0x4F8F5E00,0x4F8F5E00,0xFFFFD200,0xFFFFD200,
  0xFFFFD200,0x4F8F5E00,0x4F8E5D00,0x4F8E5D00,0x4F8E5D00,0x508E5D00,0x518D5C00,0x518C5C00,
  0x528B5C00,0x548A5C00,0x55895B00,0x55875B00,0x56855A00,0x57825900,0x577F5600,0x577B5400,
  0x56775100,0xFFFFD200,0xFFFFD200,0xFFFFD200,0xFFFFD200,0x374D3A00,0x32453400,0x2E3D2E00,
  0x29352800,0x242D2200,0x1F261E00,0x1B1F1800,0x161A1500,0x13161100,0x0F110E00,0x0D0E0B00,
  0x0D0F0B00,0x10120E00,0x13161200,0x171B1500,0x1B201900,0x1F271E00,0x242E2300,0x2A352900,
  0x2E3D2F00,0x33463500,0x374E3A00,0xFFFFD200,0xFFFFD200,0xFFFFD200,0xFFFFD200,0x55775100,
  0x567C5400,0x557E5600,0x55825700,0x54845800,0x53865A00,0x51885A00,0x4F895A00,0x4E895A00,
  0x4D8A5B00,0x4C8B5B00,0x4C8B5B00,0x4C8C5B00,0x4C8D5B00,0x4C8D5C00,0x4C8D5C00,0xFFFFD200,
  0xFFFFD200,0x4E8F5D00,0x4F8F5E00,0x508F5E00,0x51905F00,0x51905F00,0x51905F00,0xFFFFD200,
  0xFFFFD200,0x50905E00,0x508F5E00,0x508F5E00,0x508E5E00,0x518E5E00,0x528D5D00,0x528C5D00,
  0x538C5D00,0x548B5C00,0x558A5C00,0x56885B00,0x57865A00,0x58835900,0x58805700,0x577C5500,
  0x57775200,0xFFFFD200,0xFFFFD200,0xFFFFD200,0xFFFFD200,0x384E3A00,0x33463500,0x2E3E2F00,
  0x2A352900,0x242E2300,0x1F271E00,0x1B201900,0x171B1500,0x13161200,0x10120E00,0x0D0F0B00,
  0x0D0F0B00,0x10120E00,0x14161200,0x171B1500,0x1B201900,0x20271F00,0x252E2300,0x2A362900,
  0x2E3E2F00,0x33473500,0x374F3A00,0xFFFFD200,0xFFFFD200,0xFFFFD200,0xFFFFD200,0x55775100,
  0x567C5400,0x557F5600,0x55825800,0x54855800,0x52875A00,0x51885A00,0x4F895A00,0x4E895A00,
  0x4D8B5B00,0x4C8B5B00,0x4C8B5B00,0x4C8C5B00,0x4C8D5B00,0x4C8D5C00,0xFFFFD200,0xFFFFD200,
  0x4E8F5E00,0x4F8F5E00,0x50905E00,0x51905F00,0x52905F00,0x52915F00,0x52915F00,0x52915F00,
  0xFFFFD200,0xFFFFD200,0x51905F00,0x52905F00,0x518F5F00,0x528F5E00,0x538E5E00,0x538D5E00,
  0x548D5D00,0x558B5D00,0x558A5C00,0x56885B00,0x57865B00,0x58835900,0x58805700,0x587C5500,
  0x57785300,0xFFFFD200,0xFFFFD200,0xFFFFD200,0xFFFFD200,0x384F3B00,0x33473500,0x2F3E2F00,
  0x2A362900,0x252F2400,0x20271F00,0x1B201900,0x171B1500,0x14161200,0x10120E00,0x0D0F0B00,
  0x0D0F0C00,0x10120E00,0x14171200,0x171B1500,0x1B211900,0x20281F00,0x252F2400,0x2A362900,
  0x2F3E2F00,0x33473500,0x384F3B00,0xFFFFD200,0xFFFFD200,0xFFFFD200,0xFFFFD200,0x55785200,
  0x567C5400,0x557F5600,0x55825800,0x54855900,0x52875A00,0x51885A00,0x4F895A00,0x4E895A00,
  0x4D8B5B00,0x4C8B5B00,0x4C8C5B00,0x4C8C5B00,0x4C8D5B00,0x4C8D5C00,0xFFFFD200,0xFFFFD200,
  0x4F8F5E00,0x50905E00,0x51905F00,0x52915F00,0x53915F00,0x53915F00,0x53915F00,0x53915F00,
  0xFFFFD200,0xFFFFD200,0x53905F00,0x53905F00,0x53905F00,0x538F5F00,0x548F5E00,0x548E5E00,
  0x558D5D00,0x558C5D00,0x568B5D00,0x57895C00,0x58875B00,0x59845900,0x59815800,0x587D5600,
  0x57795300,0xFFFFD200,0xFFFFD200,0xFFFFD200,0xFFFFD200,0x38503B00,0x34473600,0x2F3F2F00,
  0x2A362900,0x252F2400,0x20281F00,0x1B211900,0x171B1500,0x14171200,0x10120E00,0x0D0F0C00,
  0x0D0F0C00,0x10120E00,0x14171200,0x171B1500,0x1B211900,0x20281F00,0x252F2400,0x2A362900,
  0x2F3E2F00,0x33473500,0x384F3B00,0xFFFFD200,0xFFFFD200,0xFFFFD200,0xFFFFD200,0x55785200,
  0x567C5400,0x557F5600,0x55825800,0x54855900,0x52875A00,0x51885A00,0x4F895A00,0x4E8A5A00,
  0x4D8B5B00,0x4C8B5B00,0x4C8C5B00,0x4C8C5B00,0x4C8D5B00,0x4C8D5C00,0xFFFFD200,0xFFFFD200,
  0x4F8F5E00,0x50905E00,0x52915F00,0x52915F00,0x54915F00,0x54916000,0x54916000,0x54916000,
  0xFFFFD200,0xFFFFD200,0x54915F00,0x54915F00,0x54905F00,0x54905F00,0x558F5F00,0x558F5F00,
  0x558D5E00,0x568D5D00,0x578B5E00,0x58895C00,0x59875C00,0x5A845A00,0x5A815800,0x597D5600,
  0x58795300,0xFFFFD200,0xFFFFD200,0xFFFFD200,0xFFFFD200,0x39503B00,0x34473600,0x2F3F2F00,
  0x2A372900,0x252F2400,0x20281F00,0x1B211900,0x171B1500,0x14171200,0x10120E00,0x0D0F0C00,
  0x0D0F0B00,0x10120E00,0x14161200,0x171B1500,0x1B201900,0x20271F00,0x252E2300,0x2A362900,
  0x2E3E2F00,0x33473500,0x374F3A00,0xFFFFD200,0xFFFFD200,0xFFFFD200,0xFFFFD200,0x55775100,
  0x567C5400,0x557F5600,0x55825800,0x54855800,0x52875A00,0x51885A00,0x4F895A00,0x4E895A00,
  0x4D8B5B00,0x4C8B5B00,0x4C8C5B00,0x4C8C5B00,0x4C8D5B00,0x4C8D5C00,0xFFFFD200,0xFFFFD200,
  0x4F8F5E00,0x51905F00,0x52915F00,0x53915F00,0x54916000,0x54916000,0x55916000,0x55916000,
  0xFFFFD200,0xFFFFD200,0x55916000,0x55916000,0x55916000,0x55906000,0x558F6000,0x568F6000,
  0x568E5F00,0x578D5E00,0x588B5E00,0x598A5D00,0x5A875C00,0x5B855A00,0x5A815900,0x5A7D5600,
  0x59795400,0xFFFFD200,0xFFFFD200,0xFFFFD200,0xFFFFD200,0x394F3B00,0x34473600,0x2F3F2F00,
  0x2A362900,0x252F2400,0x20271F00,0x1B211900,0x171B1500,0x14161200,0x10120E00,0x0D0F0B00,
  0x0D0F0B00,0x10120E00,0x13161200,0x171B1500,0x1B201900,0x1F271E00,0x242E2300,0x2A352900,
  0x2E3D2F00,0x33463500,0x374E3A00,0xFFFFD200,0xFFFFD200,0xFFFFD200,0xFFFFD200,0x55775100,
  0x567C5400,0x557E5600,0x55825700,0x54845800,0x53865A00,0x51885A00,0x4F895A00,0x4E895A00,
  0x4D8A5B00,0x4C8B5B00,0x4C8B5B00,0x4C8C5B00,0x4C8D5B00,0x4C8D5C00,0x4D8E5D00,0xFFFFD200,
  0xFFFFD200,0x51905F00,0x52915F00,0x53915F00,0x54916000,0x55916000,0x55916000,0xFFFFD200,
  0xFFFFD200,0x55926100,0x55926000,0x56926100,0x56926000,0x56916000,0x57906000,0x57906000,
  0x588E6000,0x598E5E00,0x5A8B5E00,0x5A8A5D00,0x5B885C00,0x5C855B00,0x5B815900,0x5A7D5600,
  0x59795400,0xFFFFD200,0xFFFFD200,0xFFFFD200,0xFFFFD200,0x384F3B00,0x34463500,0x2F3E2F00,
  0x2A362900,0x252E2300,0x20271E00,0x1B201900,0x171B1500,0x13161200,0x10120E00,0x0D0F0B00,
  0x0D0E0B00,0x0F110E00,0x13161100,0x161A1500,0x1A1F1800,0x1F261E00,0x242D2200,0x29352800,
  0x2D3C2E00,0x32453400,0x374D3900,0xFFFFD200,0xFFFFD200,0xFFFFD200,0xFFFFD200,0x55775100,
  0x567B5400,0x567E5600,0x55815700,0x55845800,0x53865900,0x51885A00,0x50895A00,0x4E895A00,
  0x4D8A5B00,0x4D8B5B00,0x4C8B5B00,0x4C8C5B00,0x4C8D5B00,0x4C8D5C00,0x4D8E5D00,0xFFFFD200,
  0xFFFFD200,0xFFFFD200,0x52905F00,0x53915F00,0x54916000,0x55916000,0xFFFFD200,0xFFFFD200,
  0xFFFFD200,0x56926100,0x56926100,0x57926100,0x57926100,0x58916100,0x59906100,0x59906100,
  0x5A8F6000,0x5A8E5F00,0x5C8C5F00,0x5C8A5E00,0x5D885C00,0x5D845B00,0x5C815900,0x5B7D5600,
  0x5A785300,0xFFFFD200,0xFFFFD200,0xFFFFD200,0xFFFFD200,0x384E3A00,0x33463500,0x2E3D2E00,
  0x29352800,0x242D2300,0x1F261E00,0x1B201800,0x161A1500,0x13161100,0x0F110E00,0x0D0E0B00,
  0x0C0E0B00,0x0F110D00,0x12151100,0x16191400,0x1A1F1800,0x1E251D00,0x232C2200,0x28332700,
  0x2D3B2D00,0x31433300,0x364C3800,0xFFFFD200,0xFFFFD200,0xFFFFD200,0xFFFFD200,0x55765100,
  0x567A5300,0x567E5600,0x55815700,0x55835800,0x54865900,0x52875A00,0x51885A00,0x4F8A5A00,
  0x4E8A5B00,0x4D8B5B00,0x4D8B5C00,0x4C8C5B00,0x4C8D5B00,0x4D8E5C00,0x4D8E5D00,0x4E8E5D00,
  0xFFFFD200,0xFFFFD200,0xFFFFD200,0xFFFFD200,0xFFFFD200,0xFFFFD200,0xFFFFD200,0xFFFFD200,
  0xFFFFD200,0xFFFFD200,0x57926100,0x58926200,0x59926200,0x59926100,0x5A916100,0x5B906100,
  0x5B8F6100,0x5C8E6000,0x5D8C5F00,0x5D8A5E00,0x5E875C00,0x5E845B00,0x5D815900,0x5C7C5600,
  0x5A775300,0xFFFFD200,0xFFFFD200,0xFFFFD200,0xFFFFD200,0x384D3900,0x33443400,0x2E3C2D00,
  0x29342700,0x242C2200,0x1E251D00,0x1A1F1800,0x16191400,0x12151100,0x0F110D00,0x0C0E0B00,
  0x0C0D0A00,0x0E100D00,0x12141000,0x15191300,0x191E1700,0x1D241C00,0x222B2100,0x27322600,
  0x2C3A2C00,0x30423200,0x354A3700,0x39523D00,0xFFFFD200,0xFFFFD200,0xFFFFD200,0xFFFFD200,
  0x56795300,0x567C5500,0x56805600,0x55835800,0x54855900,0x53875A00,0x51885A00,0x50895A00,
  0x4F8A5B00,0x4E8B5B00,0x4D8B5C00,0x4D8C5C00,0x4D8D5C00,0x4D8E5C00,0x4D8E5D00,0x4E8E5D00,
  0x4F8F5E00,0x508F5E00,0xFFFFD200,0xFFFFD200,0xFFFFD200,0xFFFFD200,0x55926000,0x56926100,
  0xFFFFD200,0xFFFFD200,0xFFFFD200,0x59936200,0x5A936200,0x5B926200,0x5C916100,0x5D916200,
  0x5D8F6100,0x5E8E6000,0x5E8C5F00,0x5E8A5E00,0x5E875D00,0x5E835B00,0x5E805800,0x5C7B5600,
  0xFFFFD200,0xFFFFD200,0xFFFFD200,0xFFFFD200,0x3B533E00,0x374B3800,0x32433300,0x2D3A2C00,
  0x28322600,0x232B2100,0x1E241C00,0x191E1700,0x15191300,0x12141000,0x0E100D00,0x0C0D0A00,
  0x0B0C0A00,0x0D0F0C00,0x11130F00,0x14171200,0x181C1600,0x1C221B00,0x21291F00,0x26302500,
  0x2B382B00,0x2F403000,0x34483600,0x38503B00,0xFFFFD200,0xFFFFD200,0xFFFFD200,0xFFFFD200,
  0x55775200,0x567C5400,0x567F5600,0x55825800,0x55845800,0x54865900,0x52885A00,0x51895A00,
  0x508A5B00,0x4F8A5B00,0x4E8C5C00,0x4D8B5C00,0x4D8C5C00,0x4D8D5C00,0x4E8E5C00,0x4E8E5D00,
  0x4F8E5D00,0x508F5E00,0x51905E00,0x52905F00,0x54915F00,0x55916000,0x55926000,0x56926100,
  0x57926200,0xFFFFD200,0xFFFFD200,0xFFFFD200,0x5B936200,0x5D926200,0x5D916200,0x5E916200,
  0x5E8F6200,0x5F8E6000,0x5F8C5F00,0x5F895E00,0x5F865D00,0x5F835A00,0x5E7F5800,0x5D7A5500,
  0xFFFFD200,0xFFFFD200,0xFFFFD200,0xFFFFD200,0x3A513D00,0x36493700,0x31413100,0x2C392B00,
  0x27312500,0x22292000,0x1D221B00,0x181D1600,0x14171200,0x11130F00,0x0D0F0C00,0x0B0C0A00,
  0x0A0C0900,0x0D0E0B00,0x10120E00,0x13161100,0x171B1500,0x1B211A00,0x20271E00,0x252E2300,
  0x29362900,0x2E3E2F00,0x33463400,0x364E3A00,0xFFFFD200,0xFFFFD200,0xFFFFD200,0xFFFFD200,
  0x55765100,0x567A5400,0x567E5500,0x55815700,0x55835800,0x54865900,0x53875A00,0x52885A00,
  0x518A5B00,0x508A5B00,0x4F8B5C00,0x4E8C5C00,0x4E8C5C00,0x4E8D5C00,0x4E8D5C00,0x4E8E5C00,
  0x4F8E5D00,0x508F5E00,0x518F5E00,0x52905F00,0x54915F00,0x55916000,0x55926000,0x56926100,
  0x58926200,0x59936200,0xFFFFD200,0xFFFFD200,0xFFFFD200,0x5E926200,0x5E916200,0x5F906200,
  0x608F6200,0x608D6000,0x618B6000,0x61895E00,0x60855D00,0x60825A00,0x5E7E5700,0x5D795400,
  0xFFFFD200,0xFFFFD200,0xFFFFD200,0xFFFFD200,0x394F3B00,0x35473500,0x303F3000,0x2B372A00,
  0x252F2400,0x20281F00,0x1C211A00,0x171B1500,0x13161200,0x10120E00,0x0D0E0B00,0x0A0C0900,
  0x0A0B0800,0x0C0D0B00,0x0F110D00,0x12151000,0x161A1400,0x1A1F1800,0x1E251D00,0x232C2200,
  0x28332700,0x2C3B2D00,0x31433200,0x354B3800,0x39523D00,0xFFFFD200,0xFFFFD200,0xFFFFD200,
  0xFFFFD200,0x56785200,0x567C5400,0x567F5600,0x55825800,0x55845800,0x54865900,0x53885A00,
  0x52895A00,0x518A5B00,0x508A5B00,0x4F8B5C00,0x4F8C5C00,0x4E8C5C00,0x4E8D5C00,0x4F8D5C00,
  0x4F8E5D00,0x508E5E00,0x518F5E00,0x528F5F00,0x54905F00,0x55916000,0x56916000,0x57926100,
  0x58926200,0x5A936200,0x5B936200,0xFFFFD200,0xFFFFD200,0xFFFFD200,0x5F916200,0x60906300,
  0x618F6200,0x628C6000,0x628A6000,0x62875D00,0x61845C00,0x60815A00,0x5F7C5700,0xFFFFD200,
  0xFFFFD200,0xFFFFD200,0xFFFFD200,0x3D553F00,0x384C3A00,0x33443400,0x2E3C2E00,0x29342800,
  0x242D2200,0x1F261D00,0x1A1F1900,0x161A1400,0x12151000,0x0F110D00,0x0C0D0B00,0x0A0B0800,
  0x090A0800,0x0B0C0A00,0x0E100D00,0x11140F00,0x15181300,0x181D1700,0x1D231B00,0x212A2000,
  0x26312600,0x2B382B00,0x2F403000,0x33483600,0x374F3B00,0xFFFFD200,0xFFFFD200,0xFFFFD200,
  0xFFFFD200,0x55775100,0x567A5400,0x567E5600,0x56815700,0x55835800,0x55855900,0x54865A00,
  0x53885A00,0x52895B00,0x518A5B00,0x508B5B00,0x508C5C00,0x4F8C5C00,0x4F8C5C00,0x4F8D5C00,
  0x508E5D00,0x508E5D00,0x518E5E00,0x538F5E00,0x548F5F00,0x55905F00,0x56916000,0x57916000,
  0x59916100,0x5A926200,0x5C926200,0x5E926200,0x5E916200,0xFFFFD200,0xFFFFD200,0xFFFFD200,
  0x628D6100,0x638C6000,0x63895F00,0x62865D00,0x62835B00,0x617E5800,0x5E7A5500,0xFFFFD200,
  0xFFFFD200,0xFFFFD200,0xFFFFD200,0x3C523D00,0x37493800,0x32423200,0x2D392C00,0x27322600,
  0x222A2100,0x1E241C00,0x191D1700,0x15181300,0x11140F00,0x0E100D00,0x0B0C0A00,0x090A0800,
  0x08090700,0x0A0B0900,0x0D0E0C00,0x10120E00,0x13161100,0x171B1500,0x1B211900,0x20271E00,
  0x242E2400,0x29352900,0x2D3D2E00,0x32453400,0x364C3900,0xFFFFD200,0xFFFFD200,0xFFFFD200,
  0xFFFFD200,0xFFFFD200,0x56785200,0x567C5400,0x567E5600,0x56815700,0x55835800,0x55865900,
  0x54875A00,0x53885A00,0x52895B00,0x518A5B00,0x518B5B00,0x508B5C00,0x508C5C00,0x508C5C00,
  0x508D5C00,0x518D5D00,0x528E5D00,0x538F5E00,0x548F5F00,0x558F5F00,0x56906000,0x58906000,
  0x59906100,0x5B916100,0x5D916200,0x5E916200,0x5F916200,0x61906300,0xFFFFD200,0xFFFFD200,
  0xFFFFD200,0x648A6000,0x64875E00,0x63845C00,0x62815A00,0x607C5700,0xFFFFD200,0xFFFFD200,
  0xFFFFD200,0xFFFFD200,0xFFFFD200,0x3A4E3B00,0x35463500,0x303E2F00,0x2B372A00,0x262F2400,
  0x21281F00,0x1C211A00,0x171C1600,0x13161100,0x10120E00,0x0D0F0C00,0x0A0B0900,0x08090700,
  0x07080600,0x090A0800,0x0C0D0A00,0x0F110D00,0x12151000,0x15191400,0x191F1800,0x1E251C00,
  0x222B2100,0x27322600,0x2B392C00,0x30413100,0x34483600,0x38503B00,0xFFFFD200,0xFFFFD200,
  0xFFFFD200,0xFFFFD200,0x55765100,0x56795300,0x567D5500,0x56805600,0x55825700,0x55845800,
  0x55865900,0x54875A00,0x53885A00,0x52895B00,0x528A5B00,0x518A5B00,0x518B5C00,0x518C5C00,
  0x518C5C00,0x518C5C00,0x528D5D00,0x538D5E00,0x558E5E00,0x558F5F00,0x578F6000,0x58906000,
  0x5A906100,0x5C916100,0x5D906200,0x5E906200,0x608F6200,0x618F6200,0x628E6100,0xFFFFD200,
  0xFFFFD200,0xFFFFD200,0x64855D00,0x63825B00,0x627E5900,0x607A5600,0xFFFFD200,0xFFFFD200,
  0xFFFFD200,0xFFFFD200,0x3D523E00,0x384B3900,0x33433300,0x2E3B2D00,0x29332800,0x242C2200,
  0x1F251D00,0x1A1F1800,0x161A1400,0x12151000,0x0F110D00,0x0C0D0A00,0x090A0800,0x07080600,
  0x07070600,0x08090700,0x0B0C0900,0x0D0F0C00,0x10130F00,0x14171200,0x181D1600,0x1C221A00,
  0x20281F00,0x252F2400,0x29362900,0x2D3D2E00,0x32443300,0x364C3800,0xFFFFD200,0xFFFFD200,
  0xFFFFD200,0xFFFFD200,0xFFFFD200,0x56775100,0x567A5400,0x567D5500,0x56805600,0x56825800,
  0x55845800,0x55865A00,0x54875A00,0x54885B00,0x53895A00,0x528A5B00,0x528A5C00,0x528A5C00,
  0x528B5C00,0x528C5D00,0x538C5D00,0x548D5D00,0x558D5E00,0x558E5E00,0x578E5F00,0x598E6000,
  0x5B8E6000,0x5C8F6100,0x5E8E6100,0x5F8F6100,0x618E6100,0x628D6100,0x638C6000,0x648A6000,
  0xFFFFD200,0xFFFFD200,0xFFFFD200,0x637F5900,0x617B5700,0xFFFFD200,0xFFFFD200,0xFFFFD200,
  0xFFFFD200,0xFFFFD200,0x3B4E3B00,0x36473600,0x313F3000,0x2C382A00,0x27302500,0x22292000,
  0x1D231B00,0x181D1700,0x14171300,0x11130F00,0x0D0F0C00,0x0B0C0900,0x08090700,0x07070600,
  0x06060500,0x07080600,0x0A0B0800,0x0C0E0B00,0x0F110D00,0x12151100,0x161A1400,0x1A1F1800,
  0x1E251D00,0x222B2100,0x27322600,0x2B392C00,0x2F403000,0x33483500,0x374F3B00,0xFFFFD200,
  0xFFFFD200,0xFFFFD200,0xFFFFD200,0xFFFFD200,0x56775200,0x567B5400,0x567D5500,0x56805600,
  0x56825800,0x55835800,0x55855900,0x55865A00,0x54885A00,0x54885B00,0x53895B00,0x538A5B00,
  0x538A5C00,0x538A5C00,0x548B5C00,0x558B5D00,0x558C5D00,0x568D5E00,0x588D5E00,0x598D5F00,
  0x5B8D5F00,0x5D8E6000,0x5E8D6000,0x5F8D6000,0x618C6000,0x628B6000,0x63895F00,0x64885E00,
  0x64865D00,0xFFFFD200,0xFFFFD200,0xFFFFD200,0xFFFFD200,0xFFFFD200,0xFFFFD200,0xFFFFD200,
  0xFFFFD200,0x3D523E00,0x384A3800,0x33423300,0x2E3B2D00,0x29342800,0x242D2300,0x1F261E00,
  0x1B201900,0x161A1500,0x13151100,0x0F110D00,0x0C0E0B00,0x0A0B0800,0x07080600,0x06060500,
  0x05060400,0x07070600,0x09090700,0x0B0C0A00,0x0E0F0C00,0x10130F00,0x14181200,0x181D1600,
  0x1C221B00,0x20281F00,0x242E2300,0x28352900,0x2D3C2D00,0x31433200,0x354A3700,0x38513C00,
  0xFFFFD200,0xFFFFD200,0xFFFFD200,0xFFFFD200,0xFFFFD200,0x56785200,0x567B5400,0x567D5500,
  0x567F5600,0x56815800,0x55835800,0x55845900,0x55865900,0x55875A00,0x55885B00,0x54885B00,
  0x54885B00,0x55895B00,0x558A5C00,0x558A5C00,0x568B5D00,0x578B5E00,0x598B5E00,0x5A8B5E00,
  0x5C8B5F00,0x5E8C5F00,0x5E8B5F00,0x608B5F00,0x61895F00,0x62895E00,0x63875D00,0x63855D00,
  0x63835B00,0x63805A00,0xFFFFD200,0xFFFFD200,0xFFFFD200,0xFFFFD200,0xFFFFD200,0xFFFFD200,
  0x3F544000,0x3A4D3B00,0x36463500,0x313E3000,0x2C372A00,0x27302500,0x22292000,0x1D231B00,
  0x191D1700,0x15181300,0x11130F00,0x0E0F0C00,0x0B0C0A00,0x090A0700,0x07070600,0x05060400,
  0x04050400,0x06060500,0x08080700,0x0A0B0800,0x0C0E0B00,0x0F110D00,0x12151000,0x161A1400,
  0x191F1800,0x1D241C00,0x212B2100,0x26312600,0x2A372A00,0x2E3E2F00,0x32453400,0x364C3900,
  0x39523D00,0xFFFFD200,0xFFFFD200,0xFFFFD200,0xFFFFD200,0xFFFFD200,0x56775200,0x567A5400,
  0x567D5500,0x567E5600,0x56815700,0x56825800,0x56835900,0x55855900,0x55865A00,0x55865A00,
  0x55875B00,0x55885B00,0x56885B00,0x56885B00,0x57895C00,0x58895C00,0x5A895D00,0x5B895D00,
  0x5D895E00,0x5E895E00,0x5E895E00,0x60885D00,0x61875D00,0x62865D00,0x62835C00,0x63815A00,
  0x627F5900,0x627C5700,0xFFFFD200,0xFFFFD200,0xFFFFD200,0xFFFFD200,0xFFFFD200,0x40574200,
  0x3C4F3C00,0x37483700,0x33413200,0x2E3A2C00,0x29322700,0x242C2200,0x1F261E00,0x1B201900,
  0x171A1500,0x13151100,0x0F110E00,0x0C0E0B00,0x0A0B0900,0x08080700,0x06060500,0x04050400,
  0x04040300,0x05050400,0x07070600,0x08090700,0x0B0C0900,0x0D0F0C00,0x10130F00,0x14171200,
  0x171C1600,0x1B211A00,0x1F271E00,0x232D2200,0x27332700,0x2B3A2B00,0x2F403000,0x33473500,
  0x364D3A00,0xFFFFD200,0xFFFFD200,0xFFFFD200,0xFFFFD200,0xFFFFD200,0xFFFFD200,0x56775100,
  0x56795300,0x567C5400,0x577E5600,0x577F5600,0x56815700,0x56825800,0x56835900,0x56845900,
  0x56855900,0x56865A00,0x57865A00,0x57865B00,0x58865B00,0x59875C00,0x5A875C00,0x5C875C00,
  0x5D865C00,0x5E865C00,0x5E865C00,0x60855C00,0x61835B00,0x61825A00,0x61805A00,0x617E5800,
  0x607B5700,0xFFFFD200,0xFFFFD200,0xFFFFD200,0xFFFFD200,0xFFFFD200,0xFFFFD200,0x3D513E00,
  0x394A3800,0x34433300,0x2F3C2E00,0x2A352900,0x262E2400,0x21281F00,0x1D221B00,0x181C1700,
  0x14181300,0x11130F00,0x0E0F0C00,0x0B0C0900,0x09090800,0x07070600,0x05050400,0x04040300,
  0x03030300,0x04050400,0x06060500,0x07080600,0x090B0800,0x0C0E0A00,0x0E110D00,0x12151000,
  0x15191300,0x181E1700,0x1C231B00,0x20291F00,0x242E2400,0x28352800,0x2C3B2D00,0x30413100,
  0x33473600,0x374E3A00,0xFFFFD200,0xFFFFD200,0xFFFFD200,0xFFFFD200,0xFFFFD200,0xFFFFD200,
  0x55765100,0x56785300,0x567A5400,0x577C5400,0x577E5600,0x577F5600,0x57815700,0x57815800,
  0x57825900,0x57835900,0x58835900,0x58835900,0x59845900,0x5A845A00,0x5B845A00,0x5C845A00,
  0x5D835A00,0x5E835A00,0x5E825A00,0x5F815A00,0x5F805900,0x607E5800,0x5F7C5700,0x5F795500,
  0xFFFFD200,0xFFFFD200,0xFFFFD200,0xFFFFD200,0xFFFFD200,0xFFFFD200,0x3E523E00,0x3A4B3900,
  0x35443400,0x303D2F00,0x2C372A00,0x27302500,0x232A2100,0x1E241C00,0x1A1F1800,0x16191400,
  0x12151100,0x0F110E00,0x0C0E0B00,0x0A0B0800,0x08080600,0x06060500,0x04050400,0x03030300,
  0x03030200,0x04040300,0x05050400,0x06070500,0x08090700,0x0A0C0900,0x0D0F0B00,0x10120E00,
  0x13161100,0x161A1400,0x191F1800,0x1D251C00,0x212A2000,0x25302400,0x29362900,0x2D3C2D00,
  0x30423200,0x33483600,0x364E3A00,0xFFFFD200,0xFFFFD200,0xFFFFD200,0xFFFFD200,0xFFFFD200,
  0xFFFFD200,0xFFFFD200,0x56775100,0x56795200,0x567A5400,0x577C5400,0x577D5500,0x577E5600,
  0x577E5600,0x58805700,0x58805700,0x58815800,0x59815800,0x5A815800,0x5B815800,0x5B815800,
  0x5C805800,0x5D7F5800,0x5E7E5700,0x5E7D5700,0x5E7B5600,0x5E7A5500,0xFFFFD200,0xFFFFD200,
  0xFFFFD200,0xFFFFD200,0xFFFFD200,0xFFFFD200,0xFFFFD200,0x3E513E00,0x3A4B3900,0x36453500,
  0x323E3000,0x2D382B00,0x28322600,0x242B2200,0x20261D00,0x1B201900,0x171B1600,0x14161200,
  0x10120F00,0x0D0F0C00,0x0B0C0900,0x08090700,0x06070600,0x05050400,0x04040300,0x03030200,
  0x02020200,0x03030200,0x04040300,0x05060500,0x07080600,0x090A0800,0x0B0D0A00,0x0E100C00,
  0x10130F00,0x13171200,0x171C1500,0x1A211900,0x1E251D00,0x222B2100,0x25302500,0x29362900,
  0x2C3C2D00,0x30423100,0x33483600,0x364D3900,0x39533D00,0xFFFFD200,0xFFFFD200,0xFFFFD200,
  0xFFFFD200,0xFFFFD200,0xFFFFD200,0xFFFFD200,0x56765100,0x56785200,0x56795300,0x577A5400,
  0x577B5400,0x577C5400,0x587C5500,0x587C5600,0x597D5600,0x597D5600,0x5A7D5600,0x5A7C5600,
  0x5B7B5600,0x5C7B5500,0x5C7A5400,0x5C795400,0xFFFFD200,0xFFFFD200,0xFFFFD200,0xFFFFD200,
  0xFFFFD200,0xFFFFD200,0xFFFFD200,0x40564100,0x3D513D00,0x394B3900,0x36453500,0x323F3000,
  0x2D382C00,0x29322700,0x252D2300,0x20271E00,0x1C211A00,0x181D1600,0x15181300,0x11141000,
  0x0E100D00,0x0B0D0A00,0x090A0800,0x07080600,0x06060500,0x04040300,0x03030200,0x02020200,
  0x02020100,0x02030200,0x03040300,0x04050400,0x06070500,0x08090700,0x0A0B0800,0x0C0E0B00,
  0x0E100D00,0x11141000,0x14181300,0x171D1600,0x1B211A00,0x1E261D00,0x222B2100,0x26312500,
  0x29362900,0x2C3C2D00,0x30413100,0x33463500,0x354C3900,0x38513C00,0xFFFFD200,0xFFFFD200,
  0xFFFFD200,0xFFFFD200,0xFFFFD200,0xFFFFD200,0xFFFFD200,0xFFFFD200,0xFFFFD200,0x56765100,
  0x56775100,0x57775200,0x57785200,0x57785300,0x58795300,0x58795300,0x58785300,0x59785300,
  0x59775200,0xFFFFD200,0xFFFFD200,0xFFFFD200,0xFFFFD200,0xFFFFD200,0xFFFFD200,0xFFFFD200,
  0xFFFFD200,0xFFFFD200,0x3E544000,0x3B4F3C00,0x39493800,0x35443400,0x313E3000,0x2D382C00,
  0x29332700,0x252D2300,0x21281F00,0x1D221B00,0x191D1700,0x15191300,0x12151100,0x0F110E00,
  0x0C0E0B00,0x0A0B0900,0x08090700,0x06070500,0x05050400,0x03040300,0x02030200,0x02020100,
  0x01010100,0x02020200,0x03030200,0x04040300,0x05050400,0x06070500,0x08090700,0x0A0C0900,
  0x0C0E0B00,0x0F110E00,0x11151000,0x15191300,0x181D1700,0x1B221A00,0x1E261E00,0x222B2100,
  0x25302500,0x29362900,0x2C3B2D00,0x2F403000,0x32453400,0x344A3700,0x374E3B00,0xFFFFD200,
  0xFFFFD200,0xFFFFD200,0xFFFFD200,0xFFFFD200,0xFFFFD200,0xFFFFD200,0xFFFFD200,0xFFFFD200,
  0xFFFFD200,0xFFFFD200,0xFFFFD200,0xFFFFD200,0xFFFFD200,0xFFFFD200,0xFFFFD200,0xFFFFD200,
  0xFFFFD200,0xFFFFD200,0xFFFFD200,0xFFFFD200,0xFFFFD200,0xFFFFD200,0xFFFFD200,0xFFFFD200,
  0xFFFFD200,0x3D513E00,0x3A4D3A00,0x37483700,0x34423300,0x303D2F00,0x2D382B00,0x29322700,
  0x252D2300,0x21281F00,0x1D231B00,0x1A1E1800,0x161A1400,0x13161100,0x10120E00,0x0D0E0C00,
  0x0B0C0900,0x08090700,0x07070600,0x05050400,0x04040300,0x03030200,0x02020200,0x01010100,
  0x01010100,0x02020100,0x02020200,0x03030300,0x04040300,0x05060400,0x07080600,0x090A0800,
  0x0A0C0A00,0x0D0F0C00,0x0F120E00,0x12161100,0x15191400,0x181D1600,0x1B221A00,0x1F261D00,
  0x212B2100,0x25302400,0x28352800,0x2B392B00,0x2E3E2F00,0x31433200,0x33473600,0x354C3900,
  0x38503B00,0xFFFFD200,0xFFFFD200,0xFFFFD200,0xFFFFD200,0xFFFFD200,0xFFFFD200,0xFFFFD200,
  0xFFFFD200,0xFFFFD200,0xFFFFD200,0xFFFFD200,0xFFFFD200,0xFFFFD200,0xFFFFD200,0xFFFFD200,
  0xFFFFD200,0xFFFFD200,0xFFFFD200,0xFFFFD200,0xFFFFD200,0xFFFFD200,0xFFFFD200,0x3C523E00,
  0x3A4E3B00,0x384A3800,0x35453500,0x32413100,0x2F3B2E00,0x2C362A00,0x28322600,0x252D2300,
  0x21281F00,0x1D231B00,0x1A1F1800,0x161A1400,0x13161100,0x10120E00,0x0E0F0C00,0x0B0C0A00,
  0x090A0800,0x07080600,0x06060500,0x04040300,0x03030300,0x02020200,0x02020100,0x01010100,
  0x01010100,0x01010100,0x02020100,0x02030200,0x03040300,0x04050400,0x06060500,0x07080600,
  0x090A0800,0x0B0C0A00,0x0D0F0C00,0x0F120E00,0x12151100,0x15191300,0x181D1700,0x1B211A00,
  0x1E261D00,0x212A2000,0x242E2400,0x27332700,0x2A382A00,0x2D3C2D00,0x2F403100,0x32443300,
  0x34483600,0x364C3900,0x374F3B00,0x39523D00,0xFFFFD200,0xFFFFD200,0xFFFFD200,0xFFFFD200,
  0xFFFFD200,0xFFFFD200,0xFFFFD200,0xFFFFD200,0xFFFFD200,0xFFFFD200,0xFFFFD200,0xFFFFD200,
  0xFFFFD200,0xFFFFD200,0xFFFFD200,0xFFFFD200,0x3C543F00,0x3B513D00,0x394E3B00,0x374A3800,
  0x35463600,0x33423300,0x303E2F00,0x2D392C00,0x2A352900,0x27302500,0x242B2200,0x20271E00,
  0x1D221B00,0x191E1800,0x161A1400,0x13161200,0x11130F00,0x0E100C00,0x0C0D0A00,0x090A0800,
  0x08080700,0x06060500,0x05050400,0x03040300,0x03030200,0x02020100,0x01010100,0x01010100,
  0x01010000,0x01010100,0x01010100,0x02020200,0x03030200,0x04040300,0x05050400,0x06070500,
  0x07080700,0x090A0800,0x0B0D0A00,0x0D0F0C00,0x10120E00,0x12151100,0x15191300,0x181D1600,
  0x1A211900,0x1D251C00,0x20291F00,0x232D2200,0x26312500,0x29352800,0x2B392B00,0x2D3D2E00,
  0x30413100,0x32443400,0x34483600,0x354B3800,0x374D3A00,0x38503C00,0x39523D00,0xFFFFD200,
  0xFFFFD200,0xFFFFD200,0xFFFFD200,0xFFFFD200,0xFFFFD200,0xFFFFD200,0xFFFFD200,0xFFFFD200,
  0xFFFFD200,0x3B533E00,0x3A513D00,0x394F3B00,0x384C3900,0x36493700,0x34463500,0x32423300,
  0x303E3000,0x2E3B2D00,0x2B372A00,0x28332700,0x262E2400,0x222A2100,0x1F261D00,0x1C221A00,
  0x191D1700,0x161A1400,0x13161100,0x10130F00,0x0E100D00,0x0C0D0A00,0x0A0B0900,0x08080700,
  0x06070500,0x05050400,0x04040300,0x03030200,0x02020200,0x01010100,0x01010100,0x01010000,
  0x00000000,0x01010000,0x01010100,0x01020100,0x02020200,0x03030200,0x04040300,0x05050400,
  0x06070500,0x07080700,0x090A0800,0x0B0D0A00,0x0D0F0C00,0x0F120E00,0x12151000,0x14181300,
  0x171C1600,0x1A1F1800,0x1C231B00,0x1F271E00,0x222B2100,0x242E2400,0x27322600,0x29362900,
  0x2B3A2C00,0x2D3D2E00,0x2F403000,0x31433200,0x33453400,0x34483600,0x354A3800,0x364C3900,
  0x374D3A00,0x374E3A00,0x384F3B00,0x384F3B00,0x384F3B00,0x384F3B00,0x384E3B00,0x384E3A00,
  0x374C3900,0x364B3800,0x35493700,0x34463500,0x33443300,0x31413100,0x2F3E2F00,0x2D3B2D00,
  0x2B372A00,0x29332800,0x26302500,0x242C2200,0x21281F00,0x1E241C00,0x1B201900,0x181C1600,
  0x16191400,0x13161100,0x10130F00,0x0E100C00,0x0C0D0A00,0x0A0B0800,0x08090700,0x06070600,
  0x05050400,0x04040300,0x03030200,0x02020200,0x02020100,0x01010100,0x01010000,0x00000000,
  0x00000000,0x00000000,0x01010100,0x01010100,0x02020100,0x02020200,0x03030200,0x04040300,
  0x05050400,0x06070500,0x07080700,0x090A0800,0x0B0C0A00,0x0D0F0C00,0x0F120E00,0x11141000,
  0x13171200,0x161A1500,0x181E1700,0x1B211A00,0x1E251C00,0x20281F00,0x222C2200,0x252F2400,
  0x27322700,0x29352900,0x2B382B00,0x2D3B2D00,0x2E3E2F00,0x2F403000,0x31423200,0x31443300,
  0x32453400,0x33463500,0x33473500,0x34473600,0x34473600,0x34473600,0x34463500,0x33453400,
  0x32443300,0x32433200,0x30403100,0x2F3E2F00,0x2E3C2D00,0x2C392C00,0x2A362A00,0x28332700,
  0x26302500,0x242C2200,0x21292000,0x1F261D00,0x1C221A00,0x1A1E1800,0x171B1500,0x15181300,
  0x12151000,0x10120E00,0x0D0F0C00,0x0C0D0A00,0x0A0B0900,0x08090700,0x06070600,0x05050400,
  0x04040300,0x03030300,0x02020200,0x02020100,0x01010100,0x01010100,0x00000000,0x00000000,
  0x00000000,0x00000000,0x01010000,0x01010100,0x01010100,0x02020100,0x02020200,0x03030300,
  0x04040300,0x05050400,0x06070500,0x07080700,0x090A0800,0x0A0C0900,0x0C0E0B00,0x0F110D00,
  0x10130F00,0x13161100,0x15191300,0x171C1600,0x191F1800,0x1C221A00,0x1E251D00,0x20281F00,
  0x222B2100,0x242E2400,0x26312500,0x28342700,0x29362900,0x2B382B00,0x2C3A2C00,0x2D3C2D00,
  0x2E3D2E00,0x2F3E2F00,0x2F3E2F00,0x2F3F3000,0x2F3F3000,0x2F3E3000,0x2F3E2F00,0x2E3D2E00,
  0x2D3C2D00,0x2D3A2D00,0x2B382B00,0x2A362A00,0x29342800,0x27322600,0x252F2400,0x232C2200,
  0x21292000,0x1F261E00,0x1D231B00,0x1B201900,0x181C1600,0x16191400,0x13161200,0x11140F00,
  0x0F110E00,0x0D0F0B00,0x0B0D0A00,0x090A0800,0x08090700,0x06070500,0x05050400,0x04040300,
  0x03030300,0x02030200,0x02020100,0x01010100,0x01010100,0x01010000,0x00000000,0x00000000,
  0x00000000,0x00000000,0x00000000,0x01010000,0x01010100,0x01010100,0x02020100,0x02030200,
  0x03030300,0x04040300,0x05050400,0x06070500,0x07080600,0x080A0800,0x0A0C0900,0x0C0E0B00,
  0x0E100C00,0x0F120E00,0x11151000,0x14171200,0x161A1400,0x181D1600,0x1A1F1800,0x1C221A00,
  0x1E251D00,0x1F271E00,0x212A2000,0x232C2200,0x252E2300,0x26302500,0x27322700,0x28342700,
  0x29352800,0x2A362900,0x2A362A00,0x2A372A00,0x2A372A00,0x2A362A00,0x2A362900,0x29352800,
  0x28342800,0x28322700,0x26302500,0x252F2400,0x242D2200,0x222A2000,0x20281F00,0x1E251D00,
  0x1C221B00,0x1A201900,0x181D1700,0x161A1500,0x14171200,0x12151100,0x10120F00,0x0E100D00,
  0x0C0E0B00,0x0A0C0900,0x090A0800,0x08080600,0x06070500,0x05050400,0x04040300,0x03030300,
  0x03030200,0x02020100,0x01010100,0x01010100,0x01010000,0x00000000,0x00000000,0x00000000,
  0x00000000,0x00000000,0x00000000,0x00000000,0x01010000,0x01010100,0x01010100,0x02020100,
  0x02020200,0x03030200,0x04040300,0x05050400,0x06060500,0x07080600,0x08090700,0x0A0B0800,
  0x0B0D0A00,0x0D0F0B00,0x0E110D00,0x10130F00,0x12151100,0x14181200,0x161A1400,0x181C1600,
  0x191F1800,0x1B211A00,0x1D231B00,0x1E251D00,0x20271E00,0x21292000,0x222B2100,0x232C2200,
  0x242D2300,0x242E2300,0x252E2400,0x252F2400,0x252F2400,0x252E2400,0x252E2300,0x242D2300,
  0x232C2200,0x222B2100,0x21292000,0x20271E00,0x1F261D00,0x1D241B00,0x1C211A00,0x1A1F1800,
  0x181D1600,0x161A1500,0x14181300,0x13161100,0x11130F00,0x0F110D00,0x0D0F0C00,0x0C0D0A00,
  0x0A0B0900,0x08090700,0x07080600,0x06060500,0x05050400,0x04040300,0x03030300,0x02020200,
  0x02020100,0x01010100,0x01010100,0x01010000,0x00000000,0x00000000,0x00000000,0x00000000,
  0x00000000,0x00000000,0x00000000,0x00000000,0x00000000,0x01010000,0x01010100,0x01010100,
  0x02020100,0x02020200,0x03030200,0x04040300,0x04050400,0x05060500,0x06070600,0x08080700,
  0x090A0800,0x0A0B0900,0x0C0D0B00,0x0D0F0C00,0x0F110E00,0x10130F00,0x12151100,0x14171200,
  0x15191400,0x171B1500,0x181D1700,0x1A1F1800,0x1B211900,0x1C221B00,0x1D241C00,0x1E251D00,
  0x1F261E00,0x20271E00,0x20271E00,0x20271F00,0x20281F00,0x20271F00,0x20271E00,0x1F261E00,
  0x1E251D00,0x1E241C00,0x1C231B00,0x1B211A00,0x1A1F1800,0x191D1700,0x171C1600,0x16191400,
  0x14171200,0x12151100,0x11130F00,0x0F110E00,0x0E0F0C00,0x0C0E0B00,0x0A0C0900,0x090A0800,
  0x08090700,0x07070600,0x05060500,0x05050400,0x04040300,0x03030200,0x02020200,0x02020100,
  0x01010100,0x01010100,0x01010000,0x00000000,0x00000000,0x00000000,0x00000000,0x00000000,
  0x00000000,0x00000000,0x00000000,0x00000000,0x00000000,0x00000000,0x01010000,0x01010100,
  0x01010100,0x02020100,0x02020200,0x03030200,0x03040300,0x04040400,0x05050400,0x06060500,
  0x07080600,0x08090700,0x090B0800,0x0B0C0A00,0x0C0E0B00,0x0D0F0C00,0x0F110D00,0x10130F00,
  0x12151000,0x13161200,0x14181300,0x161A1400,0x171B1500,0x181D1600,0x191E1700,0x1A1F1800,
  0x1A201900,0x1B201900,0x1B211A00,0x1B211A00,0x1B211A00,0x1B211A00,0x1B201900,0x1A201900,
  0x1A1F1800,0x191E1700,0x181D1600,0x171B1500,0x161A1400,0x14181300,0x13171200,0x12151000,
  0x10130F00,0x0F110E00,0x0D0F0C00,0x0C0E0B00,0x0B0C0A00,0x090B0900,0x08090700,0x07080600,
  0x06070500,0x05050400,0x04050400,0x03040300,0x03030200,0x02020200,0x02020100,0x01010100,
  0x01010100,0x01010000,0x00000000,0x00000000,0x00000000,0x00000000,0x00000000,0x00000000,
  0x00000000,0x00000000,0x00000000,0x00000000,0x00000000,0x00000000,0x00000000,0x01010000,
  0x01010100,0x01010100,0x01010100,0x02020200,0x03030200,0x03030300,0x04040300,0x05050400,
  0x05060500,0x06070500,0x07080700,0x09090700,0x0A0B0900,0x0B0C0A00,0x0C0E0B00,0x0D0F0C00,
  0x0E100D00,0x10120E00,0x11140F00,0x12151000,0x13161100,0x14171200,0x15181300,0x161A1400,
  0x161A1500,0x171B1500,0x171B1500,0x171B1500,0x171B1500,0x171B1500,0x171B1500,0x161A1500,
  0x161A1400,0x15181300,0x14171200,0x13161100,0x12151000,0x11140F00,0x10120E00,0x0E100D00,
  0x0D0F0C00,0x0C0E0B00,0x0B0C0A00,0x0A0B0900,0x09090800,0x07080700,0x06070600,0x05060500,
  0x05050400,0x04040300,0x03030300,0x03030200,0x02020200,0x01010100,0x01010100,0x01010100,
  0x01010000,0x00000000,0x00000000,0x00000000,0x00000000,0x00000000,0x00000000,0x00000000,
  0x00000000,0x00000000,0x00000000,0x00000000,0x00000000,0x00000000,0x00000000,0x00000000,
  0x01010000,0x01010100,0x01010100,0x01010100,0x02020100,0x02020200,0x03030200,0x03040300,
  0x04040300,0x05050400,0x06060500,0x07070600,0x08080700,0x09090800,0x0A0B0800,0x0B0C0A00,
  0x0C0D0B00,0x0D0F0B00,0x0E100C00,0x0F110D00,0x10120E00,0x11130F00,0x11141000,0x12151000,
  0x13151100,0x13161100,0x13161100,0x13161200,0x13161200,0x13161200,0x13161100,0x13151100,
  0x12151000,0x11141000,0x11130F00,0x10120E00,0x0F110D00,0x0E100C00,0x0D0F0B00,0x0C0D0B00,
  0x0B0C0A00,0x0A0B0800,0x09090800,0x08080700,0x07070600,0x06060500,0x05050400,0x04040300,
  0x03040300,0x03030200,0x02020200,0x02020100,0x01010100,0x01010100,0x01010100,0x01010000,
  0x00000000,0x00000000,0x00000000,0x00000000,0x00000000,0x00000000,0x00000000,0x00000000,
  0x00000000,0x00000000,0x00000000,0x00000000,0x00000000,0x00000000,0x00000000,0x00000000,
  0x00000000,0x01010000,0x01010100,0x01010100,0x01010100,0x01020100,0x02020200,0x02030200,
  0x03030200,0x03040300,0x04050400,0x05050400,0x06060500,0x07070600,0x08080700,0x09090800,
  0x090A0800,0x0B0C0900,0x0B0C0A00,0x0C0D0B00,0x0D0E0B00,0x0E0F0C00,0x0E100D00,0x0F110D00,
  0x10110E00,0x10120E00,0x10120E00,0x10120E00,0x10120E00,0x10120E00,0x10120E00,0x10110E00,
  0x0F110D00,0x0E100D00,0x0E0F0C00,0x0D0E0B00,0x0C0D0B00,0x0B0C0A00,0x0B0C0900,0x090A0800,
  0x09090800,0x08080700,0x07070600,0x06060500,0x05050400,0x04050400,0x03040300,0x03030200,
  0x02030200,0x02020200,0x01020100,0x01010100,0x01010100,0x01010100,0x01010000,0x00000000,
  0x00000000,0x00000000,0x00000000,0x00000000,0x00000000,0x00000000,0x00000000,0x00000000,
  0x00000000,0x00000000,0x00000000,0x00000000,0x00000000,0x00000000,0x00000000,0x00000000,
  0x00000000,0x00000000,0x00000000,0x01010100,0x01010100,0x01010100,0x01010100,0x02020100,
  0x02020200,0x02020200,0x03040300,0x04040300,0x04050400,0x05050400,0x06060500,0x07070600,
  0x07080700,0x08090700,0x090A0700,0x0A0A0900,0x0B0C0900,0x0B0C0A00,0x0C0D0B00,0x0D0E0B00,
  0x0D0E0B00,0x0D0E0B00,0x0D0F0C00,0x0D0F0C00,0x0D0F0C00,0x0D0F0C00,0x0D0E0B00,0x0D0E0B00,
  0x0D0E0B00,0x0C0D0B00,0x0B0C0A00,0x0B0C0900,0x0A0A0900,0x090A0700,0x08090700,0x07080700,
  0x07070600,0x06060500,0x05050400,0x04050400,0x04040300,0x03040300,0x02020200,0x02020200,
  0x02020100,0x01010100,0x01010100,0x01010100,0x01010100,0x00000000,0x00000000,0x00000000,
  0x00000000,0x00000000,0x00000000,0x00000000,0x00000000,0x00000000,0x00000000,0x00000000,
};

#define BR_ICON_HOMEBREW_W 72
#define BR_ICON_HOMEBREW_H 72
static const unsigned int BR_ICON_HOMEBREW[] = {
  0x00000000,0x00000000,0x00000000,0x00000000,0x00000000,0x00000000,0x00000000,0x00000000,
  0x00000000,0x00000000,0x00000000,0x01010000,0x01010100,0x01010100,0x01010100,0x01010100,
  0x01010100,0x01010100,0x01010100,0x01010100,0x01010100,0x01010100,0x01010100,0x01010100,
  0x01010100,0x01010100,0x01010100,0x01010100,0x01010100,0x01010100,0x01010100,0x01010100,
  0x01010100,0x01010100,0x01010100,0x01010100,0x01010100,0x01010100,0x01010100,0x01010100,
  0x01010100,0x01010100,0x01010100,0x01010100,0x01010100,0x01010100,0x01010100,0x01010100,
  0x01010100,0x01010100,0x01010100,0x01010100,0x01010100,0x01010100,0x01010100,0x01010100,
  0x01010100,0x01010100,0x01010100,0x01010100,0x01010000,0x00000000,0x00000000,0x00000000,
  0x00000000,0x00000000,0x00000000,0x00000000,0x00000000,0x00000000,0x00000000,0x00000000,
  0x00000000,0x00000000,0x00000000,0x00000000,0x00000000,0x00000000,0x00000000,0x01010000,
  0x01010100,0x01010100,0x01010100,0x01010100,0x01010100,0x01010100,0x01010100,0x02020100,
  0x02020100,0x02020100,0x02020200,0x02020200,0x02020200,0x02020200,0x02020200,0x02020200,
  0x02020200,0x02020200,0x02020200,0x02020200,0x02020200,0x02030200,0x02030200,0x02030200,
  0x02030200,0x03030200,0x03030200,0x03030200,0x03030200,0x03030200,0x03030200,0x02030200,
  0x02030200,0x02030200,0x02030200,0x02020200,0x02020200,0x02020200,0x02020200,0x02020200,
  0x02020200,0x02020200,0x02020200,0x02020200,0x02020200,0x02020200,0x02020100,0x02020100,
  0x02020100,0x01010100,0x01010100,0x01010100,0x01010100,0x01010100,0x01010100,0x01010100,
  0x01010000,0x00000000,0x00000000,0x00000000,0x00000000,0x00000000,0x00000000,0x00000000,
  0x00000000,0x00000000,0x00000000,0x00000000,0x00000000,0x01010000,0x01010100,0x01010100,
  0x01010100,0x01010100,0x01010100,0x02020100,0x02020200,0x02020200,0x02020200,0x02030200,
  0x03030200,0x03030200,0x03030300,0x03030300,0x03030300,0x03030300,0x03040300,0x04040300,
  0x04040300,0x04040300,0x04040300,0x04040300,0x04040300,0x04040300,0x04040300,0x04040300,
  0x04040300,0x04040300,0x04040300,0x04040300,0x04040300,0x04040300,0x04040300,0x04040300,
  0x04040300,0x04040300,0x04040300,0x04040300,0x04040300,0x04040300,0x04040300,0x04040300,
  0x04040300,0x03040300,0x03030300,0x03030300,0x03030300,0x03030300,0x03030200,0x03030200,
  0x02030200,0x02020200,0x02020200,0x02020200,0x02020100,0x01010100,0x01010100,0x01010100,
  0x01010100,0x01010100,0x01010000,0x00000000,0x00000000,0x00000000,0x00000000,0x00000000,
  0x00000000,0x00000000,0x00000000,0x01010000,0x01010100,0x01010100,0x01010100,0x01010100,
  0x02020100,0x02020200,0x02020200,0x02030200,0x03030200,0x03030300,0x03040300,0x04040300,
  0x04040300,0x04040400,0x05050400,0x05050400,0x05050400,0x05050400,0x05050500,0x05060500,
  0x06060500,0x06060500,0x06060500,0x06060500,0x06060500,0x06060500,0x06060500,0x06060500,
  0x06060500,0x06060500,0x06060500,0x06060500,0x06060500,0x06060500,0x06060500,0x06060500,
  0x06060500,0x06060500,0x06060500,0x06060500,0x06060500,0x06060500,0x06060500,0x06060500,
  0x05060500,0x05050500,0x05050400,0x05050400,0x05050400,0x05050400,0x04040400,0x04040300,
  0x04040300,0x03040300,0x03030300,0x03030200,0x02030200,0x02020200,0x02020200,0x02020100,
  0x01010100,0x01010100,0x01010100,0x01010100,0x01010000,0x00000000,0x00000000,0x00000000,
  0x00000000,0x00000000,0x01010000,0x01010100,0x01010100,0x01010100,0x02020100,0x02020200,
  0x02020200,0x03030200,0x03030300,0x03040300,0x04040300,0x04050400,0x05050400,0x05060400,
  0x06060500,0x06060500,0x06070500,0x07070600,0x07070600,0x07080600,0x07080600,0x08080700,
  0x08080700,0x08080700,0x08090700,0x08090700,0x08090700,0x08090700,0x08090700,0x08090700,
  0x08090700,0x08090700,0x08090700,0x08090700,0x08090700,0x08090700,0x08090700,0x08090700,
  0x08090700,0x08090700,0x08090700,0x08090700,0x08090700,0x08090700,0x08080700,0x08080700,
  0x08080700,0x07080600,0x07080600,0x07070600,0x07070600,0x06070500,0x06060500,0x06060500,
  0x05060400,0x05050400,0x04050400,0x04040300,0x03040300,0x03030300,0x03030200,0x02020200,
  0x02020200,0x02020100,0x01010100,0x01010100,0x01010100,0x01010000,0x00000000,0x00000000,
  0x00000000,0x01010100,0x01010100,0x01010100,0x01010100,0x02020100,0x02020200,0x03030200,
  0x03030300,0x04040300,0x04040400,0x05050400,0x05060500,0x06060500,0x07070600,0x07080600,
  0x08080700,0x08090700,0x09090700,0x090A0800,0x090A0800,0x0A0A0800,0x0A0B0900,0x0A0B0900,
  0x0A0B0900,0x0B0B0900,0x0B0C0900,0x0B0C0900,0x0B0C0900,0x0B0C0900,0x0B0C0900,0x0B0C0900,
  0x0B0C0900,0x0B0C0900,0x0B0C0900,0x0B0C0900,0x0B0C0900,0x0B0C0900,0x0B0C0900,0x0B0C0900,
  0x0B0C0900,0x0B0C0900,0x0B0C0900,0x0B0C0900,0x0B0C0900,0x0B0C0900,0x0B0B0900,0x0A0B0900,
  0x0A0B0900,0x0A0B0900,0x0A0A0800,0x090A0800,0x090A0800,0x09090700,0x08090700,0x08080700,
  0x07080600,0x07070600,0x06060500,0x05060500,0x05050400,0x04040400,0x04040300,0x03030300,
  0x03030200,0x02020200,0x02020100,0x01010100,0x01010100,0x01010100,0x01010100,0x00000000,
  0x01010000,0x01010100,0x01010100,0x01020100,0x02020200,0x02030200,0x03030200,0x03040300,
  0x04040400,0x05050400,0x06060500,0x06070500,0x07080600,0x08090700,0x09090800,0x090A0800,
  0x0A0B0900,0x0B0C0900,0x0B0C0A00,0x0C0D0A00,0x0C0E0B00,0x0D0E0B00,0x0D0E0C00,0x0D0F0C00,
  0x0D0F0C00,0x0E0F0C00,0x0E0F0C00,0x0E100C00,0x0E100C00,0x0E100C00,0x0E100C00,0x0E100C00,
  0x0E100C00,0x0E100C00,0x0E100C00,0x0E100C00,0x0E100C00,0x0E100C00,0x0E100C00,0x0E100C00,
  0x0E100C00,0x0E100C00,0x0E100C00,0x0E100C00,0x0E100C00,0x0E0F0C00,0x0E0F0C00,0x0D0F0C00,
  0x0D0F0C00,0x0D0E0C00,0x0D0E0B00,0x0C0E0B00,0x0C0D0A00,0x0B0C0A00,0x0B0C0900,0x0A0B0900,
  0x090A0800,0x09090800,0x08090700,0x07080600,0x06070500,0x06060500,0x05050400,0x04040400,
  0x03040300,0x03030200,0x02030200,0x02020200,0x01020100,0x01010100,0x01010100,0x01010000,
  0x01010100,0x01010100,0x01010100,0x02020200,0x02030200,0x03030300,0x04040300,0x05050400,
  0x06060500,0x06070600,0x07080600,0x08090700,0x090A0800,0x0A0B0900,0x0B0C0A00,0x0C0D0B00,
  0x0D0E0B00,0x0E0F0C00,0x0F100D00,0x0F110D00,0x10120E00,0x10120E00,0x10130F00,0x11130F00,
  0x11130F00,0x11140F00,0x11141000,0x12141000,0x11141000,0x12141000,0x12141000,0x12141000,
  0x12141000,0x12141000,0x12141000,0x12141000,0x12141000,0x12141000,0x12141000,0x12141000,
  0x12141000,0x12141000,0x12141000,0x11141000,0x12141000,0x11141000,0x11140F00,0x11130F00,
  0x11130F00,0x10130F00,0x10120E00,0x10120E00,0x0F110D00,0x0F100D00,0x0E0F0C00,0x0D0E0B00,
  0x0C0D0B00,0x0B0C0A00,0x0A0B0900,0x090A0800,0x08090700,0x07080600,0x06070600,0x06060500,
  0x05050400,0x04040300,0x03030300,0x02030200,0x02020200,0x01010100,0x01010100,0x01010100,
  0x01010100,0x02020100,0x02020200,0x03030200,0x03030300,0x04040300,0x05050400,0x06060500,
  0x07080600,0x08090700,0x090A0800,0x0A0B0900,0x0C0D0A00,0x0D0E0B00,0x0E0F0C00,0x0F110D00,
  0x10120E00,0x11130F00,0x12141000,0x13151100,0x13161200,0x14171200,0x14171300,0x15181300,
  0x15181300,0x15191300,0x16191400,0x16191400,0x16191400,0x16191400,0x16191400,0x16191400,
  0x16191400,0x161A1400,0x161A1400,0x161A1400,0x161A1400,0x161A1400,0x161A1400,0x16191400,
  0x16191400,0x16191400,0x16191400,0x16191400,0x16191400,0x16191400,0x15191300,0x15181300,
  0x15181300,0x14171300,0x14171200,0x13161200,0x13151100,0x12141000,0x11130F00,0x10120E00,
  0x0F110D00,0x0E0F0C00,0x0D0E0B00,0x0C0D0A00,0x0A0B0900,0x090A0800,0x08090700,0x07080600,
  0x06060500,0x05050400,0x04040300,0x03030300,0x03030200,0x02020200,0x02020100,0x01010100,
  0x01010100,0x02020200,0x02030200,0x03030300,0x04040400,0x05060400,0x06070500,0x07080600,
  0x090A0800,0x0A0B0900,0x0B0D0A00,0x0D0E0B00,0x0E100D00,0x10120E00,0x11130F00,0x13151100,
  0x14161200,0x15181300,0x16191400,0x171A1500,0x181C1600,0x181C1600,0x191D1700,0x191E1700,
  0x1A1E1800,0x1A1F1800,0x1A1F1800,0x1A1F1800,0x1A1F1800,0x1A1F1900,0x1A1F1800,0x1A201800,
  0x1A201800,0x1A201800,0x1A201800,0x1A201800,0x1A201800,0x1A201800,0x1A201800,0x1A201800,
  0x1A201800,0x1A1F1800,0x1A1F1900,0x1A1F1800,0x1A1F1800,0x1A1F1800,0x1A1F1800,0x1A1E1800,
  0x191E1700,0x191D1700,0x181C1600,0x181C1600,0x171A1500,0x16191400,0x15181300,0x14161200,
  0x13151100,0x11130F00,0x10120E00,0x0E100D00,0x0D0E0B00,0x0B0D0A00,0x0A0B0900,0x090A0800,
  0x07080600,0x06070500,0x05060400,0x04040400,0x03030300,0x02030200,0x02020200,0x01010100,
  0x02020200,0x03030200,0x03030300,0x04040300,0x05050400,0x06070500,0x08080700,0x090A0800,
  0x0B0C0900,0x0C0E0B00,0x0E100D00,0x10120E00,0x12141000,0x13161100,0x15181300,0x171A1400,
  0x181C1600,0x191D1700,0x1B1F1900,0x1C201A00,0x1D221A00,0x1D231B00,0x1E241C00,0x1F241C00,
  0x1F251D00,0x1F251D00,0x1F261D00,0x1F261E00,0x1F261E00,0x1F261E00,0x1F261E00,0x1F261E00,
  0x1F261E00,0x1F261E00,0x1F261E00,0x1F261E00,0x1F261E00,0x1F261E00,0x1F261E00,0x1F261E00,
  0x1F261E00,0x1F261E00,0x1F261E00,0x1F261E00,0x1F261E00,0x1F261D00,0x1F251D00,0x1F251D00,
  0x1F241C00,0x1E241C00,0x1D231B00,0x1D221A00,0x1C201A00,0x1B1F1800,0x191D1700,0x181C1600,
  0x171A1400,0x15181300,0x13161100,0x12141000,0x10120E00,0x0E100D00,0x0C0E0B00,0x0B0C0900,
  0x090A0800,0x08080700,0x06070500,0x05050400,0x04040300,0x03030300,0x03030200,0x02020200,
  0x02020200,0x03030300,0x04040300,0x05050400,0x06070500,0x08090700,0x090A0800,0x0B0C0A00,
  0x0D0E0B00,0x0F110D00,0x11130F00,0x13161100,0x15181300,0x171B1500,0x191D1700,0x1B1F1900,
  0x1D211A00,0x1E231C00,0x20251D00,0x21271F00,0x22292000,0x232A2100,0x232B2100,0x242C2200,
  0x242C2200,0x252D2300,0x252D2300,0x252E2300,0x252E2300,0x252E2300,0x252E2300,0x252E2300,
  0x252E2300,0x252E2300,0x252E2300,0x252E2300,0x252E2300,0x252E2300,0x252E2300,0x252E2300,
  0x252E2300,0x252E2300,0x252E2300,0x252E2300,0x252E2300,0x252D2300,0x252D2300,0x242C2200,
  0x242B2200,0x232B2100,0x232A2100,0x22292000,0x21271F00,0x20251D00,0x1E231C00,0x1D211A00,
  0x1B1F1900,0x191D1700,0x171B1500,0x15181300,0x13161100,0x11130F00,0x0F110D00,0x0D0E0B00,
  0x0B0C0A00,0x090A0800,0x08090700,0x06070500,0x05050400,0x04040300,0x03030300,0x02020200,
  0x03030200,0x04040300,0x05050400,0x06060500,0x07080700,0x090A0800,0x0B0C0A00,0x0D0F0C00,
  0x0F110E00,0x12141000,0x14171200,0x161A1400,0x191D1700,0x1B201900,0x1D221B00,0x20251D00,
  0x22281F00,0x232A2100,0x252C2300,0x262E2400,0x27302500,0x28312600,0x29332700,0x2A332800,
  0x2A342800,0x2A352900,0x2A352900,0x2B362900,0x2A362900,0x2A362900,0x2A362900,0xFFFFF596,
  0xFFFFF596,0xFFFFF596,0x2A362900,0x2A362900,0x2A362900,0x2A362900,0x2A362900,0x2A362900,
  0x2A362900,0x2A362900,0x2A362900,0x2A362900,0x2A362900,0x2A352900,0x2A352900,0x2A342800,
  0x2A332800,0x29322700,0x28312600,0x27302500,0x262E2400,0x252C2300,0x232A2100,0x22281F00,
  0x20251D00,0x1D221B00,0x1B201900,0x191D1700,0x161A1400,0x14171200,0x12141000,0x0F110E00,
  0x0D0F0C00,0x0B0C0A00,0x090A0800,0x07080700,0x06060500,0x05050400,0x04040300,0x03030200,
  0x03030300,0x05050400,0x06060500,0x07080600,0x090A0800,0x0B0C0900,0x0D0E0B00,0x0F110E00,
  0x12141000,0x15181300,0x171B1500,0x1A1E1800,0x1D221B00,0x1F251D00,0x22282000,0x252C2200,
  0x272E2400,0x29312600,0x2B342800,0x2C362A00,0x2D382B00,0x2E392C00,0x2F3B2D00,0x2F3C2E00,
  0x303D2F00,0x303D2F00,0x303E2F00,0x303E2F00,0x303E3000,0x303E3000,0xFFFFF596,0xFFFFF596,
  0xFFFFF596,0xFFFFF596,0xFFFFF596,0x2F3E2F00,0x2F3E2F00,0x2F3E2F00,0x2F3E2F00,0x2F3E2F00,
  0x303E2F00,0x303E2F00,0x303E2F00,0x303E2F00,0x303E2F00,0x303E2F00,0x303D2F00,0x2F3D2E00,
  0x2F3B2E00,0x2E3B2D00,0x2E392C00,0x2D382B00,0x2B362A00,0x2B342800,0x28312600,0x272E2400,
  0x242C2200,0x22282000,0x1F251D00,0x1D221A00,0x1A1E1800,0x171B1500,0x15181300,0x12141000,
  0x0F110E00,0x0D0E0B00,0x0B0C0900,0x090A0800,0x07080600,0x06060500,0x05050400,0x03030300,
  0x04040300,0x05050500,0x07070600,0x08090700,0x0A0B0900,0x0D0E0B00,0x0F110D00,0x12141000,
  0x15181200,0x181B1600,0x1B1F1900,0x1E231B00,0x21271E00,0x242B2100,0x272E2400,0x29322700,
  0x2C352900,0x2E382C00,0x303B2E00,0x313E3000,0x33403100,0x34423200,0x34433300,0x35443400,
  0x35453500,0x36463500,0x35463600,0x35473600,0x35473600,0x35473600,0xFFFFF596,0xFFFFF596,
  0xFFFFF596,0xFFFFF596,0xFFFFF596,0x34473500,0x34473500,0x34473500,0x34473500,0x34473500,
  0x34473500,0x34473500,0x35473500,0x35463500,0x35463500,0x35463500,0x35453500,0x34453400,
  0x34443400,0x34433300,0x33413200,0x32403100,0x313E2F00,0x303B2E00,0x2E382B00,0x2C352900,
  0x29322700,0x272E2400,0x242B2100,0x21271E00,0x1E231B00,0x1B1F1900,0x181B1600,0x15181200,
  0x12141000,0x0F110D00,0x0D0E0B00,0x0A0B0900,0x08090700,0x07070600,0x05050500,0x04040300,
  0x05050400,0x06060500,0x07080700,0x0A0A0800,0x0C0D0A00,0x0E100D00,0x11130F00,0x14171200,
  0x181B1500,0x1B1F1900,0x1E231C00,0x22281F00,0x252C2300,0x28312600,0x2B352900,0x2E392C00,
  0x313C2F00,0x33403100,0x36433400,0x37463500,0x38483700,0x394A3800,0x3A4B3900,0x3A4D3A00,
  0x3A4E3B00,0x3B4E3B00,0x3A4F3C00,0x3A4F3C00,0x3A4F3C00,0x3A4F3C00,0xFFFFF596,0xFFFFF596,
  0xFFFFF596,0xFFFFF596,0xFFFFF596,0x394F3B00,0x394F3B00,0x394F3B00,0x394F3B00,0x394F3B00,
  0x394F3B00,0x394F3B00,0x394F3B00,0x394F3B00,0x394F3B00,0x394F3B00,0x3A4E3B00,0x394D3A00,
  0x394C3A00,0x394B3900,0x38493800,0x37483700,0x36453500,0x35433300,0x323F3100,0x303C2E00,
  0x2E382C00,0x2B352900,0x28302500,0x252C2200,0x22281F00,0x1E231C00,0x1B1F1800,0x171B1500,
  0x14171200,0x11130F00,0x0E100D00,0x0C0D0A00,0x0A0A0800,0x07080700,0x06060500,0x05050400,
  0x05050400,0x07070600,0x08090700,0x0B0B0900,0x0D0F0C00,0x10120E00,0x13161100,0x171A1400,
  0x1A1E1800,0x1E231C00,0x22281F00,0x252D2300,0x29322700,0x2D372A00,0x303B2E00,0x333F3100,
  0x36433400,0x38473700,0x3B4B3900,0x3C4E3B00,0x3D503D00,0x3E523E00,0x3F543F00,0x3F554000,
  0x3F564100,0x3F574100,0x3F584200,0x3F584200,0x3E584200,0x3E584200,0x3E584100,0xFFFFF596,
  0xFFFFF596,0xFFFFF596,0x3D574100,0x3D574100,0x3D574100,0x3C574000,0x3C574000,0x3C574100,
  0x3D574100,0x3D574100,0x3D574100,0x3D574100,0x3D574100,0x3D574100,0x3E564000,0x3D554000,
  0x3D543F00,0x3D533E00,0x3C513D00,0x3C503C00,0x3A4D3B00,0x394A3800,0x37473600,0x35433300,
  0x323F3100,0x2F3B2D00,0x2C362A00,0x29312600,0x252C2300,0x22281F00,0x1E231B00,0x1A1E1800,
  0x161A1400,0x13151100,0x10120E00,0x0D0F0C00,0x0B0B0900,0x08090700,0x07070600,0x05050400,
  0x06060500,0x08080700,0x0A0A0800,0x0C0D0B00,0x0F100D00,0x12141000,0x15181300,0x191D1700,
  0x1D221A00,0x21271F00,0x252C2300,0x29322700,0x2D372B00,0x313C2E00,0x34413200,0xFFFFD200,
  0xFFFFD200,0xFFFFD200,0xFFFFD200,0xFFFFD200,0xFFFFD200,0xFFFFD200,0xFFFFD200,0xFFFFD200,
  0xFFFFD200,0xFFFFD200,0xFFFFD200,0xFFFFD200,0xFFFFD200,0xFFFFD200,0xFFFFD200,0xFFFFD200,
  0xFFFFD200,0xFFFFD200,0xFFFFD200,0xFFFFD200,0xFFFFD200,0xFFFFD200,0xFFFFD200,0xFFFFD200,
  0xFFFFD200,0xFFFFD200,0xFFFFD200,0xFFFFD200,0xFFFFD200,0xFFFFD200,0xFFFFD200,0xFFFFD200,
  0xFFFFD200,0xFFFFD200,0xFFFFD200,0xFFFFD200,0xFFFFD200,0xFFFFD200,0xFFFFD200,0xFFFFD200,
  0xFFFFD200,0x33413200,0x303C2E00,0x2C372A00,0x29312600,0x252C2200,0x21271E00,0x1D221A00,
  0x191D1700,0x15181300,0x12141000,0x0F100D00,0x0C0D0B00,0x0A0A0800,0x08080700,0x06060500,
  0x07070600,0x09090800,0x0B0B0900,0x0D0E0C00,0x10120E00,0x14161100,0x171B1500,0x1B201900,
  0x20251D00,0x242B2100,0x28312600,0x2D362A00,0x313C2F00,0xFFFFD200,0xFFFFD200,0xFFFFD200,
  0xFFFFD200,0xFFFFD200,0xFFFFD200,0xFFFFD200,0xFFFFD200,0xFFFFD200,0xFFFFD200,0xFFFFD200,
  0xFFFFD200,0xFFFFD200,0xFFFFD200,0xFFFFD200,0xFFFFD200,0xFFFFD200,0xFFFFD200,0xFFFFD200,
  0xFFFFD200,0xFFFFD200,0xFFFFD200,0xFFFFD200,0xFFFFD200,0xFFFFD200,0xFFFFD200,0xFFFFD200,
  0xFFFFD200,0xFFFFD200,0xFFFFD200,0xFFFFD200,0xFFFFD200,0xFFFFD200,0xFFFFD200,0xFFFFD200,
  0xFFFFD200,0xFFFFD200,0xFFFFD200,0xFFFFD200,0xFFFFD200,0xFFFFD200,0xFFFFD200,0xFFFFD200,
  0xFFFFD200,0xFFFFD200,0xFFFFD200,0x303C2E00,0x2C362A00,0x28302600,0x242B2100,0x1F251D00,
  0x1B201900,0x171A1500,0x14161100,0x10120E00,0x0D0E0C00,0x0B0B0900,0x09090800,0x07070600,
  0x08080600,0x0A0A0800,0x0C0C0A00,0x0F100D00,0x12141000,0x16191300,0x191D1700,0x1E231B00,
  0x22291F00,0x272F2400,0x2C352900,0x303B2E00,0x34413200,0xFFFFD200,0xFFFFD200,0xFFFFD200,
  0xFFFFD200,0xFFFFD200,0xFFFFD200,0xFFFFD200,0xFFFFD200,0xFFFFD200,0xFFFFD200,0xFFFFD200,
  0xFFFFD200,0xFFFFD200,0xFFFFD200,0xFFFFD200,0xFFFFD200,0xFFFFD200,0xFFFFD200,0xFFFFD200,
  0xFFFFD200,0xFFFFD200,0xFFFFD200,0xFFFFD200,0xFFFFD200,0xFFFFD200,0xFFFFD200,0xFFFFD200,
  0xFFFFD200,0xFFFFD200,0xFFFFD200,0xFFFFD200,0xFFFFD200,0xFFFFD200,0xFFFFD200,0xFFFFD200,
  0xFFFFD200,0xFFFFD200,0xFFFFD200,0xFFFFD200,0xFFFFD200,0xFFFFD200,0xFFFFD200,0xFFFFD200,
  0xFFFFD200,0xFFFFD200,0xFFFFD200,0x33413200,0x2F3B2D00,0x2B352900,0x262F2400,0x22281F00,
  0x1D221B00,0x191D1700,0x15191300,0x12141000,0x0F100D00,0x0C0C0A00,0x0A0A0800,0x08080600,
  0x08090700,0x0A0B0900,0x0D0E0B00,0x10110E00,0x13151100,0x171A1500,0x1B201900,0x20251D00,
  0x252C2200,0x2A332700,0x2F392C00,0x33403100,0xFFFFD200,0xFFFFD200,0xFFFFD200,0xFFFFD200,
  0xFFFFD200,0xFFFFD200,0xFFFFD200,0xFFFFD200,0xFFFFD200,0xFFFFD200,0xFFFFD200,0xFFFFD200,
  0xFFFFD200,0xFFFFD200,0xFFFFD200,0xFFFFD200,0xFFFFD200,0xFFFFD200,0xFFFFD200,0xFFFFD200,
  0xFFFFD200,0xFFFFD200,0xFFFFD200,0xFFFFD200,0xFFFFD200,0xFFFFD200,0xFFFFD200,0xFFFFD200,
  0xFFFFD200,0xFFFFD200,0xFFFFD200,0xFFFFD200,0xFFFFD200,0xFFFFD200,0xFFFFD200,0xFFFFD200,
  0xFFFFD200,0xFFFFD200,0xFFFFD200,0xFFFFD200,0xFFFFD200,0xFFFFD200,0xFFFFD200,0xFFFFD200,
  0xFFFFD200,0xFFFFD200,0xFFFFD200,0xFFFFD200,0x323F3000,0x2E392C00,0x29322700,0x242B2200,
  0x1F251D00,0x1B1F1900,0x171A1500,0x13151100,0x10110E00,0x0D0E0B00,0x0A0B0900,0x08090700,
  0x09090700,0x0B0C0A00,0x0D0F0C00,0x11120F00,0x14171200,0x191C1600,0x1D221A00,0x22281F00,
  0x272F2400,0x2C362A00,0x313D2F00,0x36443400,0xFFFFD200,0xFFFFD200,0xFFFFD200,0xFFFFD200,
  0x606D4D00,0x62714F00,0x65745200,0x65775400,0x667A5500,0x677B5600,0x677C5700,0x667D5800,
  0x667E5800,0x657E5800,0x657F5800,0x647F5800,0x637F5800,0x627F5700,0x617F5700,0x607E5600,
  0x5F7E5600,0x5E7D5500,0x5E7D5500,0x5E7D5500,0x5D7D5500,0x5C7D5400,0x5C7D5400,0x5C7D5400,
  0x5C7D5400,0x5C7D5400,0x5D7D5500,0x5D7C5500,0x5E7D5500,0x5E7D5500,0x5E7C5500,0x5F7B5500,
  0x5F7A5400,0x607A5300,0x60785300,0x60775200,0x60755100,0x60734F00,0x5E704D00,0x5D6C4B00,
  0xFFFFD200,0xFFFFD200,0xFFFFD200,0xFFFFD200,0x35433300,0x303C2E00,0x2B362900,0x262E2400,
  0x21281F00,0x1D211A00,0x191C1600,0x14171200,0x11120F00,0x0D0F0C00,0x0B0C0A00,0x09090700,
  0x0A0A0800,0x0C0C0B00,0x0E100D00,0x12141000,0x16181300,0x1A1E1700,0x1F241C00,0x242A2100,
  0x29322600,0x2F392C00,0x34403200,0x39483700,0xFFFFD200,0xFFFFD200,0xFFFFD200,0xFFFFD200,
  0x63715000,0x65755200,0x67785500,0x687C5600,0x697E5900,0x6A805900,0x6A815A00,0x69825B00,
  0x68835B00,0x67835B00,0x66835B00,0x65835B00,0x65835B00,0x64835A00,0x62835900,0x61825800,
  0x60825800,0x5F815800,0x5E815700,0x5E815700,0x5D805700,0x5C805600,0x5C805600,0x5C805600,
  0x5C7F5600,0x5C805600,0x5D805600,0x5D7F5600,0x5E805700,0x5E805700,0x5E7F5700,0x5F7F5700,
  0x607E5600,0x617D5600,0x617C5600,0x627B5500,0x61795300,0x61765200,0x60735000,0x5E704E00,
  0xFFFFD200,0xFFFFD200,0xFFFFD200,0xFFFFD200,0x37473600,0x32403100,0x2D392B00,0x28312600,
  0x232A2100,0x1F241C00,0x1A1E1700,0x16181300,0x12141000,0x0E100D00,0x0C0C0B00,0x0A0A0800,
  0x0A0B0800,0x0D0D0B00,0x0F110E00,0x13151100,0x171A1400,0x1B201900,0x20261D00,0x262D2300,
  0x2B342800,0x313C2E00,0x36443400,0x3B4C3A00,0xFFFFD200,0xFFFFD200,0xFFFFD200,0xFFFFD200,
  0x65755200,0x67795500,0x6A7C5800,0x6B7F5900,0x6C825B00,0x6C835C00,0x6C855D00,0x6B865E00,
  0x6A875E00,0x69875E00,0x68885E00,0x67875D00,0x65875D00,0x65865C00,0x63865B00,0x62855A00,
  0x60855A00,0x5F845A00,0x5E845900,0x5E835800,0x5D835800,0x5C835700,0x5B835700,0x5B835700,
  0x5B835700,0x5B835700,0x5C835700,0x5C835700,0x5D835800,0x5E835800,0x5E825800,0x5F815800,
  0x60815800,0x61805800,0x627F5700,0x627E5600,0x627C5600,0x63795400,0x61765200,0x5F725000,
  0xFFFFD200,0xFFFFD200,0xFFFFD200,0xFFFFD200,0x394A3800,0x34433300,0x2F3C2E00,0x2A332800,
  0x252C2200,0x20251D00,0x1B201900,0x171A1400,0x13151100,0x0F110E00,0x0D0D0B00,0x0A0B0800,
  0x0B0B0900,0x0D0E0C00,0x10110E00,0x14161200,0x181B1500,0x1C211A00,0x21281F00,0x272F2400,
  0x2D362A00,0x323F3000,0x38463600,0x3E4F3C00,0xFFFFD200,0xFFFFD200,0xFFFFD200,0xFFFFD200,
  0x67775400,0x6A7C5700,0x6C7F5A00,0x6D835C00,0x6D855E00,0x6D875F00,0x6D895F00,0x6D896000,
  0x6C8A6000,0x6B8B6000,0x698B6000,0x688B5F00,0x668A5F00,0x658A5E00,0x63895D00,0x62885C00,
  0x60885C00,0x5F875B00,0x5E865A00,0x5D865900,0x5C855900,0x5B855900,0x5A855800,0x59855800,
  0x59855800,0x59855800,0x5A855900,0x5B855900,0x5C855900,0x5C855900,0x5E845900,0x5E845A00,
  0x5F835900,0x61835900,0x61825800,0x62815800,0x637F5700,0x637C5600,0x62785300,0x60755100,
  0xFFFFD200,0xFFFFD200,0xFFFFD200,0xFFFFD200,0x3B4D3A00,0x36453500,0x313E2F00,0x2B362A00,
  0x262E2400,0x21271E00,0x1C211A00,0x181B1500,0x14161200,0x10110E00,0x0D0E0C00,0x0B0B0900,
  0x0B0C0900,0x0E0E0C00,0x11120F00,0x14171200,0x181C1600,0x1D221B00,0x22292000,0x28302500,
  0x2E382C00,0x34413200,0x3A493800,0x3F513E00,0xFFFFD200,0xFFFFD200,0xFFFFD200,0xFFFFD200,
  0x697A5600,0x6B7E5900,0x6D825C00,0x6E865E00,0x6E885F00,0x6F8A6100,0x6E8B6100,0x6D8C6100,
  0x6D8D6200,0x6C8E6200,0x6A8D6100,0x698D6100,0x678D6000,0x658C5F00,0x638B5F00,0x628A5D00,
  0x608A5C00,0x5E895C00,0x5D885B00,0x5C885A00,0x5A875A00,0x59875900,0x58875900,0x57875900,
  0x57865900,0x57865900,0x58865900,0x59865900,0x5A865900,0x5A865900,0x5C865900,0x5D855900,
  0x5E855A00,0x5F845A00,0x61845A00,0x62825900,0x62815800,0x637E5600,0x627A5500,0x61775300,
  0xFFFFD200,0xFFFFD200,0xFFFFD200,0xFFFFD200,0x3C4F3C00,0x37483700,0x32403100,0x2D372B00,
  0x27302500,0x22291F00,0x1D221B00,0x181C1600,0x14171200,0x11120F00,0x0E0E0C00,0x0B0C0900,
  0x0C0C0A00,0x0E0F0D00,0x11130F00,0x15171300,0x191D1700,0x1E231B00,0x232A2100,0x29322600,
  0x2F3A2D00,0x35433300,0x3B4B3900,0x40543F00,0xFFFFD200,0xFFFFD200,0xFFFFD200,0xFFFFD200,
  0x6A7C5800,0x6D815B00,0x6E855E00,0x6F895F00,0x708B6200,0x708D6200,0x6F8E6300,0x6E8F6400,
  0x6D906400,0x6C906300,0x6B906300,0x69906300,0x678F6100,0x658E6000,0x638D5F00,0x618C5F00,
  0x5F8C5E00,0x5E8B5C00,0x5C8A5B00,0x5A895B00,0x59895A00,0x57885900,0x56875900,0x56875900,
  0x56875800,0x56875800,0x56875900,0x56875900,0x57875900,0x58875900,0x5A875A00,0x5B875A00,
  0x5D865A00,0x5E855A00,0x5F855A00,0x61845A00,0x62825800,0x637F5700,0x627C5600,0x61785300,
  0xFFFFD200,0xFFFFD200,0xFFFFD200,0xFFFFD200,0x3D513D00,0x384A3800,0x33423200,0x2D392C00,
  0x28312600,0x232A2000,0x1E231B00,0x191D1700,0x15171300,0x11130F00,0x0E0F0D00,0x0C0C0A00,
  0x0C0D0A00,0x0F0F0D00,0x12131000,0x16181400,0x1A1E1700,0x1F241C00,0x242B2200,0x2A332700,
  0x303C2E00,0x36443400,0x3C4D3B00,0x41564100,0xFFFFD200,0xFFFFD200,0xFFFFD200,0xFFFFD200,
  0x6B7E5900,0x6D835C00,0x6F875F00,0x708A6100,0x718D6200,0x718E6400,0x70906500,0x6F916400,
  0x6E926500,0x6D926400,0x6B926400,0x69926300,0x67916200,0x65906200,0x638F6000,0x608E5F00,
  0x5E8D5E00,0x5D8C5D00,0x5A8B5C00,0x598A5B00,0x57895B00,0x56885A00,0x55885900,0x54885900,
  0x54885800,0x53885800,0x54885900,0x55885900,0x56885900,0x56885900,0x57885A00,0x59875A00,
  0x5B875A00,0x5D875A00,0x5E865A00,0x5F855A00,0x61835900,0x62815800,0x617D5600,0x617A5400,
  0xFFFFD200,0xFFFFD200,0xFFFFD200,0xFFFFD200,0x3D533E00,0x394B3900,0x34433300,0x2E3A2D00,
  0x29332700,0x242B2100,0x1E241C00,0x191E1700,0x16181400,0x12131000,0x0F0F0D00,0x0C0D0A00,
  0x0C0D0A00,0x0F100D00,0x12141000,0x16191400,0x1A1E1800,0x1F251D00,0x252C2200,0x2B342800,
  0x313D2F00,0x37463500,0x3D4E3C00,0x42574200,0xFFFFD200,0xFFFFD200,0xFFFFD200,0xFFFFD200,
  0x6C805A00,0x6E845D00,0x70896000,0x718C6200,0x728F6400,0x72916500,0x71926500,0x70936600,
  0x6E936600,0x6D936600,0x6C946500,0x69936400,0x67926300,0x65916200,0x63916100,0x608F6000,
  0x5E8E5E00,0x5C8D5D00,0x598C5C00,0x578B5B00,0x568A5A00,0x548A5A00,0x53895900,0x52885900,
  0x51885800,0x51885800,0x52885800,0x52885900,0x53885900,0x54885900,0x56885A00,0x57885A00,
  0x59875A00,0x5B875A00,0x5D875A00,0x5E855A00,0x5F845A00,0x61815800,0x607E5600,0x607A5400,
  0xFFFFD200,0xFFFFD200,0xFFFFD200,0xFFFFD200,0x3E543F00,0x394C3A00,0x34443400,0x2F3B2E00,
  0x29342700,0x242C2200,0x1F251D00,0x1A1E1800,0x16181400,0x12141000,0x0F100D00,0x0C0D0A00,
  0x0C0D0A00,0x0F100D00,0x12141000,0x16191400,0x1A1F1800,0x20261D00,0x252D2300,0x2B352900,
  0x313E2F00,0x37473600,0x3D4F3C00,0x43594300,0xFFFFD200,0xFFFFD200,0xFFFFD200,0xFFFFD200,
  0x6D815B00,0x6F865F00,0x718A6100,0x728E6300,0x72906500,0x72926600,0x72946600,0xFFFFD200,
  0x6F956700,0x6D956700,0x6C956600,0x6A956500,0x67946400,0x65926300,0x62916100,0x60906000,
  0x5E8F5F00,0x5B8D5D00,0x588D5D00,0x568C5B00,0x558B5A00,0x538A5A00,0x51895900,0x50895900,
  0x4F885800,0x4F885800,0x50885800,0x50885800,0x51885900,0x52895900,0x54885900,0x56885A00,
  0x57885A00,0x5A885A00,0x5C875A00,0x5E865A00,0x5E855A00,0x60825800,0x607F5700,0x607B5500,
  0xFFFFD200,0xFFFFD200,0xFFFFD200,0xFFFFD200,0x3E554000,0x394D3A00,0x34453400,0x2F3C2E00,
  0x2A342800,0x252C2200,0x1F261D00,0x1A1F1800,0x16191400,0x12141000,0x0F100D00,0x0C0D0A00,
  0x0D0D0B00,0x0F100E00,0x12141000,0x16191400,0x1B1F1800,0x20261D00,0x252D2300,0x2B362900,
  0x323E3000,0x38473600,0x3E503D00,0x435A4300,0xFFFFD200,0xFFFFD200,0xFFFFD200,0xFFFFD200,
  0x6D825C00,0x6F865F00,0x728B6200,0x738F6400,0x73926500,0x73936700,0xFFFFD200,0xFFFFD200,
  0xFFFFD200,0x6E966700,0x6D966600,0x6A956600,0x68956500,0x65946400,0x63936200,0x5F916000,
  0x5D906000,0x5B8E5E00,0x588D5D00,0x568C5B00,0x548B5A00,0x528A5A00,0x508A5900,0x4F895800,
  0x4F895800,0x4F895800,0x4F895800,0x4F895800,0x50895800,0x51895900,0x53895900,0x55885A00,
  0x56885A00,0x58885A00,0x5B885A00,0x5D875A00,0x5E855A00,0x5F835800,0x5F7F5700,0x5F7C5500,
  0xFFFFD200,0xFFFFD200,0xFFFFD200,0xFFFFD200,0x3E564000,0x394E3B00,0x35463500,0x2F3D2F00,
  0x2A352800,0x252D2200,0x20261D00,0x1B1F1800,0x16191400,0x12141000,0x0F100E00,0x0D0D0B00,
  0x0D0E0B00,0x10110E00,0x13151100,0x171A1500,0x1B1F1900,0x20261E00,0x262E2300,0x2C362900,
  0x323F3000,0x38483700,0x3E513D00,0x445A4400,0xFFFFD200,0xFFFFD200,0xFFFFD200,0xFFFFD200,
  0x6D835C00,0x70885F00,0x728C6200,0x738F6500,0x74926600,0x74956800,0xFFFFD200,0xFFFFD200,
  0xFFFFD200,0xFFFFD200,0xFFFFD200,0x6B966600,0x68956500,0x65946400,0x63936300,0x5F926100,
  0x5D906000,0x5B8F5E00,0x578E5C00,0x568C5C00,0x538C5A00,0x518B5900,0x4F895900,0x4E895800,
  0x4E895700,0x4D895700,0x4E895800,0x4E895800,0x4F895800,0x4F895800,0x51895900,0x53895900,
  0x55885A00,0x57885A00,0x59885A00,0x5C875A00,0x5E855A00,0x5F835800,0x5E805700,0x5F7C5500,
  0xFFFFD200,0xFFFFD200,0xFFFFD200,0xFFFFD200,0x3E574000,0x394F3B00,0x35463500,0x2F3D2F00,
  0x2A352900,0x252D2300,0x20261E00,0x1B1F1900,0x17191500,0x13151100,0x10110E00,0x0D0E0B00,
  0x0D0E0B00,0x10110E00,0x13151100,0x171A1500,0x1B201900,0x20271E00,0x262E2400,0x2C362A00,
  0x323F3100,0x38483700,0x3E513E00,0x445B4400,0xFFFFD200,0xFFFFD200,0xFFFFD200,0xFFFFD200,
  0x6D835C00,0x70886000,0x738C6300,0x74906500,0x74936700,0xFFFFD200,0xFFFFD200,0xFFFFD200,
  0xFFFFD200,0xFFFFD200,0xFFFFD200,0xFFFFD200,0x68966600,0x65956400,0x63936300,0x5F926100,
  0x5D916000,0x5A8F5E00,0x578E5C00,0x558D5C00,0x538C5A00,0x508B5900,0x4F8A5900,0x4E895800,
  0x4D895700,0x4C895700,0x4D895700,0x4D895700,0x4E895800,0x4F895800,0x50895900,0x52895900,
  0x54885A00,0x56895A00,0x59885A00,0x5B875A00,0x5D855900,0x5E835800,0x5E805700,0x5E7D5500,
  0xFFFFD200,0xFFFFD200,0xFFFFD200,0xFFFFD200,0x3E574100,0x394F3B00,0x35473500,0x303E2F00,
  0x2A362900,0x252E2300,0x20271E00,0x1B201900,0x171A1500,0x13151100,0x10110E00,0x0D0E0B00,
  0x0D0E0B00,0x10110E00,0x13151100,0x171A1500,0x1B201900,0x21271E00,0x262E2400,0x2C372A00,
  0x32403100,0x38493700,0x3E523E00,0x445B4500,0xFFFFD200,0xFFFFD200,0xFFFFD200,0xFFFFD200,
  0x6E835D00,0x71896000,0x738D6300,0x74916500,0x74946700,0x74966900,0xFFFFD200,0xFFFFD200,
  0xFFFFD200,0xFFFFD200,0xFFFFD200,0xFFFFD200,0xFFFFD200,0x66956500,0x63946400,0x60936100,
  0x5D926000,0x5A8F5F00,0x578E5D00,0x558D5C00,0x528C5B00,0x508B5900,0x4F8A5900,0x4D8A5800,
  0x4C895700,0x4C895700,0x4C895700,0x4C895700,0x4E895800,0x4F895800,0x50895900,0x52895900,
  0x54885A00,0x56895A00,0x58885A00,0x5B875A00,0x5C855900,0x5E835900,0x5E805700,0x5E7D5500,
  0xFFFFD200,0xFFFFD200,0xFFFFD200,0xFFFFD200,0x3E584100,0x394F3C00,0x35473500,0x303E2F00,
  0x2A362900,0x252E2300,0x20271E00,0x1B201900,0x171A1500,0x13151100,0x10110E00,0x0D0E0B00,
  0x0D0E0B00,0x10110E00,0x13151100,0x171A1500,0x1B201900,0x21271E00,0x262F2400,0x2C372A00,
  0x32403100,0x39493700,0x3E523E00,0x445C4500,0xFFFFD200,0xFFFFD200,0xFFFFD200,0xFFFFD200,
  0x6E845D00,0x71896100,0x738D6400,0x74916600,0x74946800,0x74966900,0x74976900,0x73986A00,
  0xFFFFD200,0xFFFFD200,0xFFFFD200,0xFFFFD200,0xFFFFD200,0xFFFFD200,0xFFFFD200,0x60936200,
  0x5D926000,0x5B905F00,0x578E5D00,0x558E5C00,0x538C5B00,0x508B5900,0x4F8A5900,0x4D8A5900,
  0x4C895800,0x4C895800,0x4C895800,0x4D895800,0x4E895800,0x4F895800,0x508A5900,0x52895900,
  0x54895A00,0x56895A00,0x58895A00,0x5A875A00,0x5C865900,0x5E835900,0x5E815700,0x5E7D5500,
  0xFFFFD200,0xFFFFD200,0xFFFFD200,0xFFFFD200,0x3E584100,0x39503C00,0x35473500,0x303E2F00,
  0x2A362900,0x252E2300,0x20271E00,0x1B201900,0x171A1500,0x13151100,0x10110E00,0x0D0E0B00,
  0x0D0E0B00,0x10110E00,0x13151100,0x171A1500,0x1B201900,0x21271E00,0x262F2400,0x2C372A00,
  0x32403100,0x39493800,0x3E523E00,0x445C4500,0xFFFFD200,0xFFFFD200,0xFFFFD200,0xFFFFD200,
  0x6E845D00,0x71896100,0x738E6400,0x74926600,0x74956800,0x74966900,0x74986900,0x73996A00,
  0x729A6A00,0xFFFFD200,0xFFFFD200,0xFFFFD200,0xFFFFD200,0xFFFFD200,0xFFFFD200,0xFFFFD200,
  0x5E926000,0x5B905F00,0x588F5E00,0x568E5C00,0x538C5B00,0x518B5A00,0x4F8B5900,0x4E8A5900,
  0x4D8A5800,0x4D8A5800,0x4D8A5800,0x4D895800,0x4E895900,0x4F8A5900,0x508A5900,0x528A5A00,
  0x54895A00,0x56895A00,0x58895A00,0x5B875A00,0x5D865900,0x5E845900,0x5E815700,0x5E7D5500,
  0xFFFFD200,0xFFFFD200,0xFFFFD200,0xFFFFD200,0x3E584100,0x39503C00,0x35473500,0x303E2F00,
  0x2A362900,0x252E2300,0x20271E00,0x1B201900,0x171A1500,0x13151100,0x10110E00,0x0D0E0B00,
  0x0D0E0B00,0x10110E00,0x13151100,0x171A1500,0x1B201900,0x21271E00,0x262F2400,0x2C372A00,
  0x32403100,0x39493800,0x3E523E00,0x445C4500,0xFFFFD200,0xFFFFD200,0xFFFFD200,0xFFFFD200,
  0x6E845D00,0x71896100,0x738E6400,0x74926600,0x74956800,0x74966900,0x74986A00,0x73996A00,
  0x729A6A00,0x70996A00,0xFFFFD200,0xFFFFD200,0xFFFFD200,0xFFFFD200,0xFFFFD200,0x61936200,
  0x5E926100,0x5C915F00,0x598F5E00,0x568E5C00,0x548D5C00,0x528C5B00,0x508B5900,0x4F8B5900,
  0x4E8A5900,0x4E8A5900,0x4E8A5900,0x4F8A5900,0x4F8A5900,0x508A5900,0x518A5900,0x538A5A00,
  0x558A5A00,0x57895B00,0x59895B00,0x5C885A00,0x5D865A00,0x5E845900,0x5E815800,0x5E7D5500,
  0xFFFFD200,0xFFFFD200,0xFFFFD200,0xFFFFD200,0x3E584100,0x39503C00,0x35473500,0x303E2F00,
  0x2A362900,0x252E2300,0x20271E00,0x1B201900,0x171A1500,0x13151100,0x10110E00,0x0D0E0B00,
  0x0D0E0B00,0x10110E00,0x13151100,0x171A1500,0x1B201900,0x21271E00,0x262F2400,0x2C372A00,
  0x32403100,0x39493700,0x3E523E00,0x445C4500,0xFFFFD200,0xFFFFD200,0xFFFFD200,0xFFFFD200,
  0x6E845D00,0x71896100,0x738E6400,0x74926600,0x74946800,0x74966900,0x74986900,0x73996A00,
  0xFFFFD200,0xFFFFD200,0xFFFFD200,0xFFFFD200,0xFFFFD200,0xFFFFD200,0xFFFFD200,0xFFFFD200,
  0x5F926100,0x5D916000,0x5A905F00,0x578E5D00,0x568E5C00,0x548D5B00,0x528C5A00,0x508B5A00,
  0x4F8B5900,0x4F8B5900,0x4F8B5900,0x508B5900,0x508B5900,0x518B5900,0x538B5A00,0x558A5A00,
  0x568A5B00,0x588A5B00,0x5B895B00,0x5D885B00,0x5E875A00,0x5F845A00,0x5F815800,0x5F7D5500,
  0xFFFFD200,0xFFFFD200,0xFFFFD200,0xFFFFD200,0x3E584100,0x3A503C00,0x35473500,0x303E2F00,
  0x2A362900,0x252E2300,0x20271E00,0x1B201900,0x171A1500,0x13151100,0x10110E00,0x0D0E0B00,
  0x0D0E0B00,0x10110E00,0x13151100,0x171A1500,0x1B201900,0x21271E00,0x262E2400,0x2C372A00,
  0x32403100,0x38493700,0x3E523E00,0x445B4500,0xFFFFD200,0xFFFFD200,0xFFFFD200,0xFFFFD200,
  0x6E835D00,0x71896000,0x738D6300,0x74916600,0x74946700,0x74966900,0x74986900,0xFFFFD200,
  0xFFFFD200,0xFFFFD200,0xFFFFD200,0xFFFFD200,0xFFFFD200,0xFFFFD200,0x65966400,0x63946300,
  0x60936200,0x5E926000,0x5B905F00,0x598F5E00,0x568E5C00,0x558D5C00,0x548C5B00,0x528C5B00,
  0x528C5A00,0x518B5A00,0x528C5A00,0x528C5A00,0x538C5A00,0x548C5A00,0x558B5B00,0x568B5B00,
  0x588B5C00,0x5A8A5B00,0x5C895B00,0x5E895C00,0x5F875B00,0x60845A00,0x60815800,0x607D5600,
  0xFFFFD200,0xFFFFD200,0xFFFFD200,0xFFFFD200,0x3E584100,0x3A503C00,0x35473500,0x303E2F00,
  0x2A362900,0x252E2300,0x20271E00,0x1B201900,0x171A1500,0x13151100,0x10110E00,0x0D0E0B00,
  0x0D0E0B00,0x10110E00,0x13151100,0x171A1500,0x1B201900,0x20271E00,0x262E2400,0x2C362A00,
  0x323F3100,0x38483700,0x3E513E00,0x445B4400,0xFFFFD200,0xFFFFD200,0xFFFFD200,0xFFFFD200,
  0x6E835C00,0x70896000,0x738D6300,0x74906500,0x74936700,0xFFFFD200,0xFFFFD200,0xFFFFD200,
  0xFFFFD200,0xFFFFD200,0xFFFFD200,0xFFFFD200,0xFFFFD200,0x69966600,0x65966400,0x64946300,
  0x61936200,0x5F926000,0x5D916000,0x5A8F5F00,0x588F5D00,0x578E5C00,0x568D5C00,0x558D5C00,
  0x548C5B00,0x548C5B00,0x548C5B00,0x548C5B00,0x558C5C00,0x568C5C00,0x578C5C00,0x588C5C00,
  0x5A8B5C00,0x5C8B5C00,0x5E8A5C00,0x5F895C00,0x60885B00,0x62855A00,0x61815800,0x617D5600,
  0xFFFFD200,0xFFFFD200,0xFFFFD200,0xFFFFD200,0x3F584100,0x3A503C00,0x35473500,0x303E2F00,
  0x2A362900,0x252E2300,0x20271E00,0x1B201900,0x171A1500,0x13151100,0x10110E00,0x0D0E0B00,
  0x0D0E0B00,0x10110E00,0x13151100,0x171A1500,0x1B1F1900,0x20261E00,0x262E2300,0x2C362900,
  0x323F3000,0x38483700,0x3E513D00,0x445A4400,0xFFFFD200,0xFFFFD200,0xFFFFD200,0xFFFFD200,
  0x6D835C00,0x70885F00,0x728C6200,0x748F6500,0x74926600,0x74956800,0xFFFFD200,0xFFFFD200,
  0xFFFFD200,0xFFFFD200,0xFFFFD200,0x6D986800,0x6B976700,0x69966500,0x66956500,0x64936300,
  0x62936200,0x60926100,0x5E916000,0x5C8F5F00,0x5A8F5E00,0x598E5D00,0x578E5C00,0x568D5C00,
  0x568D5C00,0x568D5C00,0x568D5C00,0x568C5C00,0x578D5C00,0x588D5D00,0x598D5D00,0x5B8C5D00,
  0x5C8B5D00,0x5E8B5D00,0x5F8A5D00,0x61895C00,0x62885C00,0x63855A00,0x62815800,0x627D5600,
  0xFFFFD200,0xFFFFD200,0xFFFFD200,0xFFFFD200,0x3F574100,0x3A4F3C00,0x35463500,0x303D2F00,
  0x2A352900,0x252D2300,0x20261E00,0x1B1F1900,0x17191500,0x13151100,0x10110E00,0x0D0E0B00,
  0x0D0D0B00,0x0F100E00,0x12141000,0x16191400,0x1B1F1800,0x20261D00,0x252D2300,0x2B362900,
  0x323E3000,0x38473600,0x3E503D00,0x435A4300,0xFFFFD200,0xFFFFD200,0xFFFFD200,0xFFFFD200,
  0x6D825C00,0x70875F00,0x728B6200,0x738F6400,0x74926600,0x74946700,0xFFFFD200,0xFFFFD200,
  0xFFFFD200,0xFFFFD200,0x6E986800,0x6D976700,0x6B966600,0x69956500,0x67946500,0x65946300,
  0x63936200,0x61916100,0x5F906000,0x5E906000,0x5C8F5F00,0x5B8F5E00,0x5A8E5D00,0x598E5D00,
  0x588D5D00,0x588D5D00,0x598D5D00,0x598D5D00,0x5A8D5D00,0x5B8D5D00,0x5C8D5D00,0x5D8D5E00,
  0x5E8C5E00,0x5F8C5E00,0x618A5E00,0x63895D00,0x63885C00,0x64855A00,0x63815800,0x627D5600,
  0xFFFFD200,0xFFFFD200,0xFFFFD200,0xFFFFD200,0x3F574100,0x3A4F3B00,0x35463500,0x303D2F00,
  0x2A352800,0x252D2200,0x20261D00,0x1B1F1800,0x16191400,0x12141000,0x0F100E00,0x0D0D0B00,
  0x0C0D0A00,0x0F100D00,0x12141000,0x16191400,0x1A1F1800,0x20261D00,0x252D2300,0x2B352900,
  0x313E2F00,0x37473600,0x3D4F3C00,0x43594300,0xFFFFD200,0xFFFFD200,0xFFFFD200,0xFFFFD200,
  0x6D815B00,0x6F865F00,0x718A6200,0x738E6300,0x73916500,0x73926600,0x73946700,0xFFFFD200,
  0x71966800,0x6F966700,0x6E966700,0x6D966600,0x6B956600,0x69956500,0x67946400,0x65936300,
  0x64926200,0x62916100,0x60906100,0x5F906000,0x5E8F5F00,0x5D8E5E00,0x5C8E5E00,0x5B8E5E00,
  0x5B8E5D00,0x5B8E5E00,0x5C8E5D00,0x5C8D5E00,0x5D8D5E00,0x5E8E5E00,0x5E8E5E00,0x5F8D5E00,
  0x608C5E00,0x628C5E00,0x638A5E00,0x64895D00,0x65875D00,0x65845B00,0x64815800,0x637C5600,
  0xFFFFD200,0xFFFFD200,0xFFFFD200,0xFFFFD200,0x3F564000,0x3A4E3B00,0x35453400,0x303C2E00,
  0x2A342800,0x252D2200,0x1F261D00,0x1A1F1800,0x16191400,0x12141000,0x0F100D00,0x0C0D0A00,
  0x0C0D0A00,0x0F100D00,0x12141000,0x16191400,0x1A1E1800,0x1F251D00,0x252C2200,0x2B342800,
  0x313D2F00,0x37463500,0x3D4E3C00,0x42574200,0xFFFFD200,0xFFFFD200,0xFFFFD200,0xFFFFD200,
  0x6D805A00,0x6E845D00,0x71896000,0x728C6200,0x728F6400,0x72916500,0x72926600,0x71946700,
  0x70946700,0x6F946700,0x6D956700,0x6D956600,0x6C946600,0x6A936500,0x67936400,0x66926200,
  0x65916200,0x64916100,0x62906100,0x608F6000,0xFFFFD200,0xFFFFD200,0xFFFFD200,0xFFFFD200,
  0xFFFFD200,0xFFFFD200,0xFFFFD200,0xFFFFD200,0xFFFFD200,0xFFFFD200,0xFFFFD200,0xFFFFD200,
  0xFFFFD200,0x648B5F00,0x658A5E00,0x65895D00,0x65875D00,0x66835B00,0x65805800,0x647C5600,
  0xFFFFD200,0xFFFFD200,0xFFFFD200,0xFFFFD200,0x3F554000,0x394D3A00,0x35443400,0x2F3B2E00,
  0x29342700,0x242C2200,0x1F251D00,0x1A1E1800,0x16181400,0x12141000,0x0F100D00,0x0C0D0A00,
  0x0C0D0A00,0x0F0F0D00,0x12131000,0x16181400,0x1A1E1700,0x1F241C00,0x242B2200,0x2A332700,
  0x303B2E00,0x36443400,0x3C4D3B00,0x41564100,0xFFFFD200,0xFFFFD200,0xFFFFD200,0xFFFFD200,
  0x6C7E5900,0x6D835C00,0x70875F00,0x718B6200,0x718D6300,0x728F6400,0x72916500,0x70926500,
  0x6F936500,0x6E936600,0x6D936600,0x6D936500,0x6C936500,0x6A926400,0x68926300,0x66916200,
  0x65906200,0x658F6100,0x638F6100,0x628E6000,0xFFFFD200,0xFFFFD200,0xFFFFD200,0xFFFFD200,
  0xFFFFD200,0xFFFFD200,0xFFFFD200,0xFFFFD200,0xFFFFD200,0xFFFFD200,0xFFFFD200,0xFFFFD200,
  0xFFFFD200,0x658A5F00,0x668A5E00,0x67885D00,0x67865C00,0x67835B00,0x657F5800,0x657B5600,
  0xFFFFD200,0xFFFFD200,0xFFFFD200,0xFFFFD200,0x3E543F00,0x394C3A00,0x34433300,0x2F3A2D00,
  0x29332700,0x242B2100,0x1E241C00,0x191E1700,0x16181400,0x12131000,0x0F0F0D00,0x0C0D0A00,
  0x0C0C0A00,0x0E0F0D00,0x11130F00,0x15171300,0x191D1700,0x1E231B00,0x232A2100,0x29322600,
  0x2F3A2D00,0x35433300,0x3B4B3900,0x40543F00,0xFFFFD200,0xFFFFD200,0xFFFFD200,0xFFFFD200,
  0x6B7C5800,0x6D815B00,0x6F855E00,0x70896000,0x708B6200,0x718D6300,0x718E6400,0x70906400,
  0x6F916400,0x6E916400,0x6D916400,0x6D916400,0x6B916300,0x6A906300,0x68906300,0x678F6200,
  0x668F6100,0x658F6000,0x658E6000,0x648E5F00,0x638D5F00,0x638D5F00,0x628D5F00,0x628D5F00,
  0x628D5F00,0x628D5F00,0x638D5F00,0x648D5F00,0x648D5F00,0x658D5F00,0x658D5F00,0x658C5F00,
  0x668A6000,0x678A5F00,0x68885E00,0x68875D00,0x68855C00,0x68825A00,0x667E5800,0x657A5500,
  0xFFFFD200,0xFFFFD200,0xFFFFD200,0xFFFFD200,0x3E523E00,0x384A3900,0x34423200,0x2E392C00,
  0x28322600,0x232A2000,0x1E231B00,0x191D1700,0x15171300,0x11130F00,0x0E0F0D00,0x0C0C0A00,
  0x0B0C0900,0x0E0E0C00,0x11120F00,0x14171200,0x181C1600,0x1D221B00,0x22292000,0x28302500,
  0x2E382C00,0x34413200,0x3A493800,0x3F513E00,0xFFFFD200,0xFFFFD200,0xFFFFD200,0xFFFFD200,
  0x697A5600,0x6C7E5900,0x6D835C00,0x6F865E00,0x6F896000,0x6F8B6100,0x708C6200,0x6F8D6200,
  0x6E8E6300,0x6D8E6300,0x6D8F6300,0x6C8F6300,0x6B8E6200,0x6A8E6200,0x688E6100,0x678D6000,
  0x668D6000,0x668D6000,0x658D5F00,0x658D5F00,0x658C5F00,0x648C5F00,0x648C5F00,0x648C5F00,
  0x648C5F00,0x658C5F00,0x658C5F00,0x658C5F00,0x658C5F00,0x668C6000,0x678B6000,0x678B5F00,
  0x688A5F00,0x68885E00,0x69875E00,0x69865D00,0x68835B00,0x68805900,0x667C5700,0x65785400,
  0xFFFFD200,0xFFFFD200,0xFFFFD200,0xFFFFD200,0x3D503D00,0x38483700,0x33403100,0x2D382B00,
  0x27302500,0x22291F00,0x1D221B00,0x181C1600,0x14171200,0x11120F00,0x0E0E0C00,0x0B0C0900,
  0x0B0B0900,0x0D0E0C00,0x10110E00,0x14161200,0x181B1500,0x1C211A00,0x21281F00,0x272F2400,
  0x2D362A00,0x323F3000,0x38463600,0x3E4F3C00,0xFFFFD200,0xFFFFD200,0xFFFFD200,0xFFFFD200,
  0x67775500,0x6A7C5700,0x6C805A00,0x6D835C00,0x6D865E00,0x6E885F00,0x6E896000,0x6D8A6100,
  0x6D8B6100,0x6D8B6100,0x6C8C6100,0x6B8C6100,0x6B8C6100,0x698B6000,0x688B6000,0x678B5F00,
  0x678B5F00,0x668A5F00,0x668A5F00,0x658A5E00,0x658A5E00,0x658A5E00,0x658A5E00,0x658A5E00,
  0x658A5E00,0x658A5F00,0x668A5F00,0x668A5F00,0x678A5F00,0x678A5F00,0x68895F00,0x68885E00,
  0x69885E00,0x69865E00,0x69855D00,0x69835B00,0x68815A00,0x687E5800,0x667A5600,0x64765300,
  0xFFFFD200,0xFFFFD200,0xFFFFD200,0xFFFFD200,0x3C4E3B00,0x36463600,0x323E2F00,0x2C362A00,
  0x262E2400,0x21271E00,0x1C211A00,0x181B1500,0x14161200,0x10110E00,0x0D0E0C00,0x0B0B0900,
  0x0A0B0800,0x0D0D0B00,0x0F110E00,0x13151100,0x171A1400,0x1B201900,0x20261D00,0x262D2300,
  0x2B342800,0x313C2E00,0x36443400,0x3B4C3A00,0xFFFFD200,0xFFFFD200,0xFFFFD200,0xFFFFD200,
  0x65755200,0x68795500,0x6A7C5800,0x6C7F5900,0x6C825C00,0x6D845C00,0x6D855E00,0x6C865E00,
  0x6C875E00,0x6B885E00,0x6B885F00,0x6A885E00,0x69885E00,0x68885E00,0x68885E00,0x67885D00,
  0x66885D00,0x66885D00,0x66885D00,0x65885D00,0x65875D00,0x65875D00,0x65875D00,0x65885D00,
  0x66885D00,0x66885D00,0x67885D00,0x67885D00,0x68885E00,0x68885E00,0x69875E00,0x69865D00,
  0x69855D00,0x69845B00,0x69835B00,0x69815A00,0x687E5900,0x677B5600,0x65775400,0x63735100,
  0xFFFFD200,0xFFFFD200,0xFFFFD200,0xFFFFD200,0x3A4B3900,0x35433400,0x303C2E00,0x2A342800,
  0x252D2200,0x20261D00,0x1B201900,0x171A1400,0x13151100,0x0F110E00,0x0D0D0B00,0x0A0B0800,
  0x0A0A0800,0x0C0C0B00,0x0E100D00,0x12141000,0x16181300,0x1A1E1700,0x1F241C00,0x242A2100,
  0x29322600,0x2F392C00,0x34403200,0x39483700,0xFFFFD200,0xFFFFD200,0xFFFFD200,0xFFFFD200,
  0x63715000,0x65755200,0x67795500,0x697C5700,0x6A7E5900,0x6A805900,0x6B815B00,0x6A825B00,
  0x6A835B00,0x69845C00,0x69845C00,0x68855C00,0x68845C00,0x67845C00,0x66845B00,0x66845B00,
  0x65845B00,0x65845B00,0x65845B00,0x65845B00,0x65845B00,0x65845B00,0x65845B00,0x65845B00,
  0x66845B00,0x66845B00,0x67845B00,0x67845B00,0x67845B00,0x68845B00,0x68835B00,0x68835B00,
  0x68815B00,0x68815A00,0x687F5900,0x687D5800,0x667B5600,0x65785400,0x64745200,0x61714F00,
  0xFFFFD200,0xFFFFD200,0xFFFFD200,0xFFFFD200,0x38483700,0x33403100,0x2E392B00,0x29312600,
  0x232A2100,0x1F241C00,0x1A1E1700,0x16181300,0x12141000,0x0E100D00,0x0C0C0B00,0x0A0A0800,
  0x09090700,0x0B0C0A00,0x0D0F0C00,0x11120F00,0x14171200,0x191C1600,0x1D221A00,0x22281F00,
  0x272F2400,0x2C362A00,0x313D2F00,0x36443400,0xFFFFD200,0xFFFFD200,0xFFFFD200,0xFFFFD200,
  0x606D4D00,0x63714F00,0x65755200,0x66775400,0x67795600,0x677C5600,0x687C5700,0x677E5800,
  0x677E5900,0x677F5900,0x66805900,0x66805900,0x66805900,0x65805900,0x65805800,0x65805800,
  0x65805800,0x65805800,0x64805800,0x64805800,0x64805800,0x65805800,0x65805800,0x65815800,
  0x65815800,0x65815900,0x65815900,0x66815900,0x66815900,0x66805900,0x677F5900,0x677E5900,
  0x677E5800,0x677C5700,0x667B5600,0x657A5500,0x65775400,0x64745100,0x61714F00,0x5F6D4D00,
  0xFFFFD200,0xFFFFD200,0xFFFFD200,0xFFFFD200,0x36443400,0x313D2F00,0x2C362900,0x272F2400,
  0x22281F00,0x1D221A00,0x191C1600,0x14171200,0x11120F00,0x0D0F0C00,0x0B0C0A00,0x09090700,
  0x08090700,0x0A0B0900,0x0D0E0B00,0x10110E00,0x13151100,0x171A1500,0x1B201900,0x20251D00,
  0x252C2200,0x2A332700,0x2F392C00,0x33403100,0xFFFFD200,0xFFFFD200,0xFFFFD200,0xFFFFD200,
  0xFFFFD200,0xFFFFD200,0xFFFFD200,0xFFFFD200,0xFFFFD200,0xFFFFD200,0xFFFFD200,0xFFFFD200,
  0xFFFFD200,0xFFFFD200,0xFFFFD200,0xFFFFD200,0xFFFFD200,0xFFFFD200,0xFFFFD200,0xFFFFD200,
  0xFFFFD200,0xFFFFD200,0xFFFFD200,0xFFFFD200,0xFFFFD200,0xFFFFD200,0xFFFFD200,0xFFFFD200,
  0xFFFFD200,0xFFFFD200,0xFFFFD200,0xFFFFD200,0xFFFFD200,0xFFFFD200,0xFFFFD200,0xFFFFD200,
  0xFFFFD200,0xFFFFD200,0xFFFFD200,0xFFFFD200,0xFFFFD200,0xFFFFD200,0xFFFFD200,0xFFFFD200,
  0xFFFFD200,0xFFFFD200,0xFFFFD200,0xFFFFD200,0x33403100,0x2E392C00,0x2A322700,0x252C2200,
  0x20251D00,0x1B201900,0x171A1500,0x13151100,0x10110E00,0x0D0E0B00,0x0A0B0900,0x08090700,
  0x08080600,0x0A0A0800,0x0C0C0A00,0x0F100D00,0x12141000,0x16191300,0x191D1700,0x1E231B00,
  0x22281F00,0x272F2400,0x2C352900,0x303B2E00,0x34413200,0xFFFFD200,0xFFFFD200,0xFFFFD200,
  0xFFFFD200,0xFFFFD200,0xFFFFD200,0xFFFFD200,0xFFFFD200,0xFFFFD200,0xFFFFD200,0xFFFFD200,
  0xFFFFD200,0xFFFFD200,0xFFFFD200,0xFFFFD200,0xFFFFD200,0xFFFFD200,0xFFFFD200,0xFFFFD200,
  0xFFFFD200,0xFFFFD200,0xFFFFD200,0xFFFFD200,0xFFFFD200,0xFFFFD200,0xFFFFD200,0xFFFFD200,
  0xFFFFD200,0xFFFFD200,0xFFFFD200,0xFFFFD200,0xFFFFD200,0xFFFFD200,0xFFFFD200,0xFFFFD200,
  0xFFFFD200,0xFFFFD200,0xFFFFD200,0xFFFFD200,0xFFFFD200,0xFFFFD200,0xFFFFD200,0xFFFFD200,
  0xFFFFD200,0xFFFFD200,0xFFFFD200,0x34423200,0x303B2D00,0x2B352900,0x272F2400,0x22281F00,
  0x1D231B00,0x191D1700,0x15191300,0x12141000,0x0F100D00,0x0C0C0A00,0x0A0A0800,0x08080600,
  0x07070600,0x09090800,0x0B0B0900,0x0D0E0C00,0x10120E00,0x14161100,0x171B1500,0x1B201900,
  0x20251D00,0x242B2100,0x28312600,0x2D362A00,0x313C2F00,0xFFFFD200,0xFFFFD200,0xFFFFD200,
  0xFFFFD200,0xFFFFD200,0xFFFFD200,0xFFFFD200,0xFFFFD200,0xFFFFD200,0xFFFFD200,0xFFFFD200,
  0xFFFFD200,0xFFFFD200,0xFFFFD200,0xFFFFD200,0xFFFFD200,0xFFFFD200,0xFFFFD200,0xFFFFD200,
  0xFFFFD200,0xFFFFD200,0xFFFFD200,0xFFFFD200,0xFFFFD200,0xFFFFD200,0xFFFFD200,0xFFFFD200,
  0xFFFFD200,0xFFFFD200,0xFFFFD200,0xFFFFD200,0xFFFFD200,0xFFFFD200,0xFFFFD200,0xFFFFD200,
  0xFFFFD200,0xFFFFD200,0xFFFFD200,0xFFFFD200,0xFFFFD200,0xFFFFD200,0xFFFFD200,0xFFFFD200,
  0xFFFFD200,0xFFFFD200,0xFFFFD200,0x313C2E00,0x2D362A00,0x28312600,0x242B2100,0x20251D00,
  0x1B201900,0x171B1500,0x14161100,0x10120E00,0x0D0E0C00,0x0B0B0900,0x09090800,0x07070600,
  0x06060500,0x08080700,0x0A0A0800,0x0C0D0B00,0x0F100D00,0x12141000,0x15181300,0x191D1700,
  0x1D221A00,0x21271F00,0x252C2300,0x29322700,0x2D372B00,0x313C2E00,0x34413200,0xFFFFD200,
  0xFFFFD200,0xFFFFD200,0xFFFFD200,0xFFFFD200,0xFFFFD200,0xFFFFD200,0xFFFFD200,0xFFFFD200,
  0xFFFFD200,0xFFFFD200,0xFFFFD200,0xFFFFD200,0xFFFFD200,0xFFFFD200,0xFFFFD200,0xFFFFD200,
  0xFFFFD200,0xFFFFD200,0xFFFFD200,0xFFFFD200,0xFFFFD200,0xFFFFD200,0xFFFFD200,0xFFFFD200,
  0xFFFFD200,0xFFFFD200,0xFFFFD200,0xFFFFD200,0xFFFFD200,0xFFFFD200,0xFFFFD200,0xFFFFD200,
  0xFFFFD200,0xFFFFD200,0xFFFFD200,0xFFFFD200,0xFFFFD200,0xFFFFD200,0xFFFFD200,0xFFFFD200,
  0xFFFFD200,0x34413200,0x313C2E00,0x2D372B00,0x29322600,0x252C2300,0x21271E00,0x1D221A00,
  0x191D1700,0x15181300,0x12141000,0x0F100D00,0x0C0D0B00,0x0A0A0800,0x08080700,0x06060500,
  0x05050400,0x07070600,0x08090700,0x0B0B0900,0x0D0F0C00,0x10120E00,0x13161100,0x171A1400,
  0x1A1E1800,0x1E231C00,0x22281F00,0x252D2300,0x29322700,0x2D372A00,0x303B2E00,0x333F3100,
  0x36433400,0x38473700,0x3B4B3900,0x3C4E3B00,0x3D503D00,0x3E523E00,0x3F544000,0x3F554000,
  0x40574100,0x40574200,0x40584200,0x40594200,0x40594300,0x40594300,0x40594300,0x40594200,
  0x40594300,0x40594200,0x40594300,0x40594300,0x40594300,0x405A4300,0x415A4300,0x415A4300,
  0x415A4300,0x415A4400,0x425A4400,0x425A4400,0x425A4400,0x42594300,0x42584300,0x41574200,
  0x41564100,0x40554000,0x40533F00,0x3E513E00,0x3D4E3C00,0x3B4B3A00,0x39473700,0x37443400,
  0x33403100,0x303B2E00,0x2D372A00,0x29322700,0x252D2300,0x22281F00,0x1E231B00,0x1A1E1800,
  0x171A1400,0x13161100,0x10120E00,0x0D0F0C00,0x0B0B0900,0x08090700,0x07070600,0x05050400,
  0x05050400,0x06060500,0x07080700,0x0A0A0800,0x0C0D0A00,0x0E100D00,0x11130F00,0x14171200,
  0x181B1500,0x1B1F1900,0x1E231C00,0x22281F00,0x252C2300,0x28312600,0x2B352900,0x2E392C00,
  0x313C2F00,0x33403100,0x36433400,0x37463600,0x38483700,0x394A3800,0x3A4C3A00,0x3A4D3A00,
  0x3B4E3B00,0x3B4F3C00,0x3B4F3C00,0x3B503C00,0x3B503C00,0x3B503D00,0x3B503D00,0x3B503C00,
  0x3B503D00,0x3B503C00,0x3B503D00,0x3C513D00,0x3C513D00,0x3C513D00,0x3C513D00,0x3C513D00,
  0x3D513D00,0x3D513D00,0x3D513D00,0x3D513D00,0x3D513D00,0x3D503D00,0x3D503D00,0x3C4F3C00,
  0x3C4E3B00,0x3B4D3A00,0x3B4B3900,0x39493800,0x38463600,0x36443400,0x34403200,0x323D2F00,
  0x2F392C00,0x2C352900,0x28312600,0x252C2300,0x22281F00,0x1E231C00,0x1B1F1800,0x181B1500,
  0x14171200,0x11130F00,0x0E100D00,0x0C0D0A00,0x0A0A0800,0x07080700,0x06060500,0x05050400,
  0x04040300,0x05050500,0x07070600,0x08090700,0x0A0B0900,0x0D0E0B00,0x0F110D00,0x12141000,
  0x15181200,0x181B1600,0x1B1F1900,0x1E231B00,0x21271E00,0x242B2100,0x272E2400,0x29322700,
  0x2C352900,0x2E382C00,0x303B2E00,0x323E3000,0x33403100,0x34423200,0x34433300,0x35443400,
  0x35453500,0x36463500,0x36473600,0x36473600,0x36473600,0x36473600,0x36483600,0x36483600,
  0x36483600,0x36483600,0x36483600,0x37483600,0x37483600,0x37483700,0x37483700,0x37483700,
  0x37483700,0x37483700,0x38483700,0x38483700,0x38483700,0x37483700,0x37473600,0x37463600,
  0x36453500,0x36443400,0x35423300,0x34413200,0x323E3000,0x313C2E00,0x2F392C00,0x2D362A00,
  0x2A322700,0x272F2400,0x242B2100,0x21271F00,0x1E231B00,0x1B1F1900,0x181B1600,0x15181300,
  0x12141000,0x0F110D00,0x0D0E0B00,0x0A0B0900,0x08090700,0x07070600,0x05050500,0x04040300,
  0x03030300,0x05050400,0x06060500,0x07080600,0x090A0800,0x0B0C0900,0x0D0E0B00,0x0F110E00,
  0x12141000,0x15181300,0x171B1500,0x1A1E1800,0x1D221B00,0x1F251D00,0x22282000,0x252C2200,
  0x272E2400,0x29312600,0x2B342800,0x2C362A00,0x2D382B00,0x2E392C00,0x2F3B2D00,0x303C2E00,
  0x303D2F00,0x303D2F00,0x303E3000,0x313F3000,0x313F3000,0x313F3000,0x313F3000,0x313F3000,
  0x313F3000,0x313F3000,0x313F3000,0x313F3000,0x313F3000,0x313F3000,0x313F3000,0x31403000,
  0x32403000,0x32403100,0x32403100,0x323F3100,0x323F3100,0x323F3000,0x323E3000,0x313D2F00,
  0x313C2F00,0x303B2E00,0x2F3A2D00,0x2E392C00,0x2D362A00,0x2B342900,0x29312700,0x272F2400,
  0x252C2200,0x22292000,0x20251D00,0x1D221B00,0x1A1E1800,0x181B1500,0x15181300,0x12141000,
  0x0F110E00,0x0D0E0B00,0x0B0C0900,0x090A0800,0x07080600,0x06060500,0x05050400,0x03030300,
  0x03030200,0x04040300,0x05050400,0x06060500,0x07080700,0x090A0800,0x0B0C0A00,0x0D0F0C00,
  0x0F110E00,0x12141000,0x14171200,0x161A1400,0x191D1700,0x1B201900,0x1D221B00,0x20251D00,
  0x22281F00,0x232A2100,0x252C2300,0x262E2400,0x27302500,0x28312600,0x29332700,0x2A332800,
  0x2A342800,0x2B352900,0x2B362900,0x2B362900,0x2B362A00,0x2B362A00,0x2B362A00,0x2B362A00,
  0x2B362A00,0x2B372A00,0x2B372A00,0x2B372A00,0x2B372A00,0x2B372A00,0x2C372A00,0x2C372A00,
  0x2C372A00,0x2C372A00,0x2C372A00,0x2C372A00,0x2C372A00,0x2C362A00,0x2C352900,0x2B352900,
  0x2B342800,0x2A332800,0x29322700,0x28312600,0x272F2400,0x262D2300,0x242A2100,0x22281F00,
  0x20251D00,0x1E231B00,0x1B201900,0x191D1700,0x161A1400,0x14171200,0x12141000,0x10110E00,
  0x0D0F0C00,0x0B0C0A00,0x090A0800,0x07080700,0x06060500,0x05050400,0x04040300,0x03030200,
  0x02020200,0x03030300,0x04040300,0x05050400,0x06070500,0x08090700,0x090A0800,0x0B0C0A00,
  0x0D0E0B00,0x0F110D00,0x11130F00,0x13161100,0x15181300,0x171B1500,0x191D1700,0x1B1F1900,
  0x1D211A00,0x1E231C00,0x20251D00,0x21271F00,0x22292000,0x232A2100,0x232B2100,0x242C2200,
  0x242C2200,0x252D2300,0x252D2300,0x252E2300,0x252E2300,0x252E2400,0x252E2400,0x252E2400,
  0x252E2400,0x252E2400,0x252E2400,0x262E2400,0x262F2400,0x262F2400,0x262F2400,0x262F2400,
  0x262F2400,0x262E2400,0x262E2400,0x262E2400,0x262E2400,0x262E2400,0x252D2300,0x252D2300,
  0x252C2200,0x242B2200,0x232A2100,0x22292000,0x21271F00,0x20261E00,0x1F241C00,0x1D221A00,
  0x1B201900,0x191D1700,0x171B1500,0x15181300,0x13161100,0x11130F00,0x0F110D00,0x0D0F0B00,
  0x0B0C0A00,0x090A0800,0x08090700,0x06070500,0x05050400,0x04040300,0x03030300,0x02020200,
  0x02020200,0x03030200,0x03030300,0x04040300,0x05050400,0x06070500,0x08080700,0x090A0800,
  0x0B0C0900,0x0C0E0B00,0x0E100D00,0x10120E00,0x12141000,0x13161100,0x15181300,0x171A1400,
  0x181C1600,0x191D1700,0x1B1F1900,0x1C201A00,0x1D221A00,0x1D231B00,0x1E241C00,0x1F241C00,
  0x1F251D00,0x1F251D00,0x1F261D00,0x1F261E00,0x1F261E00,0x20261E00,0x20261E00,0x20261E00,
  0x20261E00,0x20271E00,0x20271E00,0x20271E00,0x20271E00,0x20271E00,0x20271E00,0x20271E00,
  0x20271E00,0x20271E00,0x20271E00,0x20271E00,0x20261E00,0x20261E00,0x20261D00,0x1F251D00,
  0x1F251D00,0x1E241C00,0x1E231B00,0x1D221B00,0x1C211A00,0x1B1F1900,0x1A1D1700,0x181C1600,
  0x171A1500,0x15181300,0x13161100,0x12141000,0x10120E00,0x0E100D00,0x0C0E0B00,0x0B0C0900,
  0x090A0800,0x08080700,0x06070500,0x05050400,0x04040300,0x03030300,0x03030200,0x02020200,
  0x01010100,0x02020200,0x02030200,0x03030300,0x04040400,0x05060400,0x06070500,0x07080600,
  0x090A0800,0x0A0B0900,0x0B0D0A00,0x0D0E0B00,0x0E100D00,0x10120E00,0x11130F00,0x13151100,
  0x14161200,0x15181300,0x16191400,0x171A1500,0x181C1600,0x181C1600,0x191D1700,0x191E1700,
  0x1A1E1800,0x1A1F1800,0x1A1F1800,0x1A1F1800,0x1A1F1800,0x1A1F1900,0x1A1F1900,0x1A201900,
  0x1A201900,0x1B201900,0x1B201900,0x1B201900,0x1B201900,0x1B201900,0x1B201900,0x1B201900,
  0x1B201900,0x1B201900,0x1B201900,0x1B1F1900,0x1B1F1900,0x1A1F1800,0x1A1F1800,0x1A1E1800,
  0x1A1E1800,0x191D1700,0x191D1600,0x181C1600,0x171B1500,0x16191400,0x15181300,0x14171200,
  0x13151100,0x11130F00,0x10120E00,0x0E100D00,0x0D0E0B00,0x0B0D0A00,0x0A0B0900,0x090A0800,
  0x07080600,0x06070500,0x05060400,0x04040400,0x03030300,0x02030200,0x02020200,0x01010100,
  0x01010100,0x02020100,0x02020200,0x03030200,0x03030300,0x04040300,0x05050400,0x06060500,
  0x07080600,0x08090700,0x090A0800,0x0A0B0900,0x0C0D0A00,0x0D0E0B00,0x0E0F0C00,0x0F110D00,
  0x10120E00,0x11130F00,0x12141000,0x13151100,0x13161200,0x14171200,0x14171300,0x15181300,
  0x15181300,0x15191300,0x16191400,0x16191400,0x16191400,0x16191400,0x16191400,0x16191400,
  0x16191400,0x161A1400,0x161A1400,0x161A1400,0x161A1400,0x161A1400,0x161A1400,0x161A1400,
  0x161A1400,0x16191400,0x16191400,0x16191400,0x16191400,0x16191400,0x16191400,0x15181300,
  0x15181300,0x14171300,0x14171200,0x13161200,0x13151100,0x12141000,0x11130F00,0x10120E00,
  0x0F110D00,0x0E0F0C00,0x0D0E0B00,0x0C0D0A00,0x0A0B0900,0x090A0800,0x08090700,0x07080600,
  0x06060500,0x05050400,0x04040300,0x03030300,0x03030200,0x02020200,0x02020100,0x01010100,
  0x01010100,0x01010100,0x01010100,0x02020200,0x02030200,0x03030300,0x04040300,0x05050400,
  0x06060500,0x06070600,0x07080600,0x08090700,0x090A0800,0x0A0B0900,0x0B0C0A00,0x0C0D0B00,
  0x0D0E0B00,0x0E0F0C00,0x0F100D00,0x0F110D00,0x10120E00,0x10120E00,0x10130F00,0x11130F00,
  0x11130F00,0x11141000,0x11141000,0x12141000,0x12141000,0x12141000,0x12141000,0x12141000,
  0x12141000,0x12141000,0x12141000,0x12141000,0x12141000,0x12141000,0x12141000,0x12141000,
  0x12141000,0x12141000,0x12141000,0x12141000,0x12141000,0x11141000,0x11141000,0x11130F00,
  0x11130F00,0x10130F00,0x10120E00,0x10120E00,0x0F110D00,0x0F100D00,0x0E0F0C00,0x0D0E0B00,
  0x0C0D0B00,0x0B0C0A00,0x0A0B0900,0x090A0800,0x08090700,0x07080600,0x06070600,0x06060500,
  0x05050400,0x04040300,0x03030300,0x02030200,0x02020200,0x01010100,0x01010100,0x01010100,
  0x01010000,0x01010100,0x01010100,0x01020100,0x02020200,0x02030200,0x03030200,0x03040300,
  0x04040400,0x05050400,0x06060500,0x06070500,0x07080600,0x08090700,0x09090800,0x090A0800,
  0x0A0B0900,0x0B0C0900,0x0B0C0A00,0x0C0D0A00,0x0C0E0B00,0x0D0E0B00,0x0D0E0C00,0x0D0F0C00,
  0x0D0F0C00,0x0E0F0C00,0x0E0F0C00,0x0E100C00,0x0E100C00,0x0E100C00,0x0E100C00,0x0E100C00,
  0x0E100C00,0x0E100C00,0x0E100C00,0x0E100C00,0x0E100C00,0x0E100C00,0x0E100C00,0x0E100C00,
  0x0E100C00,0x0E100C00,0x0E100C00,0x0E100C00,0x0E100C00,0x0E0F0C00,0x0E0F0C00,0x0D0F0C00,
  0x0D0F0C00,0x0D0E0C00,0x0D0E0B00,0x0C0E0B00,0x0C0D0A00,0x0B0C0A00,0x0B0C0900,0x0A0B0900,
  0x090A0800,0x09090800,0x08090700,0x07080600,0x06070500,0x06060500,0x05050400,0x04040400,
  0x03040300,0x03030200,0x02030200,0x02020200,0x01020100,0x01010100,0x01010100,0x01010000,
  0x00000000,0x01010100,0x01010100,0x01010100,0x01010100,0x02020100,0x02020200,0x03030200,
  0x03030300,0x04040300,0x04040400,0x05050400,0x05060500,0x06060500,0x07070600,0x07080600,
  0x08080700,0x08090700,0x09090700,0x090A0800,0x090A0800,0x0A0A0800,0x0A0B0900,0x0A0B0900,
  0x0A0B0900,0x0B0B0900,0x0B0C0900,0x0B0C0900,0x0B0C0900,0x0B0C0900,0x0B0C0900,0x0B0C0900,
  0x0B0C0900,0x0B0C0900,0x0B0C0900,0x0B0C0900,0x0B0C0900,0x0B0C0900,0x0B0C0900,0x0B0C0900,
  0x0B0C0900,0x0B0C0900,0x0B0C0900,0x0B0C0900,0x0B0C0900,0x0B0C0900,0x0B0B0900,0x0A0B0900,
  0x0A0B0900,0x0A0B0900,0x0A0A0800,0x090A0800,0x090A0800,0x09090700,0x08090700,0x08080700,
  0x07080600,0x07070600,0x06060500,0x05060500,0x05050400,0x04040400,0x04040300,0x03030300,
  0x03030200,0x02020200,0x02020100,0x01010100,0x01010100,0x01010100,0x01010100,0x00000000,
  0x00000000,0x00000000,0x01010000,0x01010100,0x01010100,0x01010100,0x02020100,0x02020200,
  0x02020200,0x03030200,0x03030300,0x03040300,0x04040300,0x04050400,0x05050400,0x05060400,
  0x06060500,0x06060500,0x06070500,0x07070600,0x07070600,0x07080600,0x07080600,0x08080700,
  0x08080700,0x08080700,0x08090700,0x08090700,0x08090700,0x08090700,0x08090700,0x08090700,
  0x08090700,0x08090700,0x08090700,0x08090700,0x08090700,0x08090700,0x08090700,0x08090700,
  0x08090700,0x08090700,0x08090700,0x08090700,0x08090700,0x08090700,0x08080700,0x08080700,
  0x08080700,0x07080600,0x07080600,0x07070600,0x07070600,0x06070500,0x06060500,0x06060500,
  0x05060400,0x05050400,0x04050400,0x04040300,0x03040300,0x03030300,0x03030200,0x02020200,
  0x02020200,0x02020100,0x01010100,0x01010100,0x01010100,0x01010000,0x00000000,0x00000000,
  0x00000000,0x00000000,0x00000000,0x01010000,0x01010100,0x01010100,0x01010100,0x01010100,
  0x02020100,0x02020200,0x02020200,0x02030200,0x03030200,0x03030300,0x03040300,0x04040300,
  0x04040300,0x04040400,0x05050400,0x05050400,0x05050400,0x05050400,0x05050500,0x05060500,
  0x06060500,0x06060500,0x06060500,0x06060500,0x06060500,0x06060500,0x06060500,0x06060500,
  0x06060500,0x06060500,0x06060500,0x06060500,0x06060500,0x06060500,0x06060500,0x06060500,
  0x06060500,0x06060500,0x06060500,0x06060500,0x06060500,0x06060500,0x06060500,0x06060500,
  0x05060500,0x05050500,0x05050400,0x05050400,0x05050400,0x05050400,0x04040400,0x04040300,
  0x04040300,0x03040300,0x03030300,0x03030200,0x02030200,0x02020200,0x02020200,0x02020100,
  0x01010100,0x01010100,0x01010100,0x01010100,0x01010000,0x00000000,0x00000000,0x00000000,
  0x00000000,0x00000000,0x00000000,0x00000000,0x00000000,0x01010000,0x01010100,0x01010100,
  0x01010100,0x01010100,0x01010100,0x02020100,0x02020200,0x02020200,0x02020200,0x02030200,
  0x03030200,0x03030200,0x03030300,0x03030300,0x03030300,0x03030300,0x03040300,0x04040300,
  0x04040300,0x04040300,0x04040300,0x04040300,0x04040300,0x04040300,0x04040300,0x04040300,
  0x04040300,0x04040300,0x04040300,0x04040300,0x04040300,0x04040300,0x04040300,0x04040300,
  0x04040300,0x04040300,0x04040300,0x04040300,0x04040300,0x04040300,0x04040300,0x04040300,
  0x04040300,0x03040300,0x03030300,0x03030300,0x03030300,0x03030300,0x03030200,0x03030200,
  0x02030200,0x02020200,0x02020200,0x02020200,0x02020100,0x01010100,0x01010100,0x01010100,
  0x01010100,0x01010100,0x01010000,0x00000000,0x00000000,0x00000000,0x00000000,0x00000000,
  0x00000000,0x00000000,0x00000000,0x00000000,0x00000000,0x00000000,0x00000000,0x01010000,
  0x01010100,0x01010100,0x01010100,0x01010100,0x01010100,0x01010100,0x01010100,0x02020100,
  0x02020100,0x02020100,0x02020200,0x02020200,0x02020200,0x02020200,0x02020200,0x02020200,
  0x02020200,0x02020200,0x02020200,0x02020200,0x02020200,0x02030200,0x02030200,0x02030200,
  0x02030200,0x03030200,0x03030200,0x03030200,0x03030200,0x03030200,0x03030200,0x02030200,
  0x02030200,0x02030200,0x02030200,0x02020200,0x02020200,0x02020200,0x02020200,0x02020200,
  0x02020200,0x02020200,0x02020200,0x02020200,0x02020200,0x02020200,0x02020100,0x02020100,
  0x02020100,0x01010100,0x01010100,0x01010100,0x01010100,0x01010100,0x01010100,0x01010100,
  0x01010000,0x00000000,0x00000000,0x00000000,0x00000000,0x00000000,0x00000000,0x00000000,
  0x00000000,0x00000000,0x00000000,0x00000000,0x00000000,0x00000000,0x00000000,0x00000000,
  0x00000000,0x00000000,0x00000000,0x01010000,0x01010100,0x01010100,0x01010100,0x01010100,
  0x01010100,0x01010100,0x01010100,0x01010100,0x01010100,0x01010100,0x01010100,0x01010100,
  0x01010100,0x01010100,0x01010100,0x01010100,0x01010100,0x01010100,0x01010100,0x01010100,
  0x01010100,0x01010100,0x01010100,0x01010100,0x01010100,0x01010100,0x01010100,0x01010100,
  0x01010100,0x01010100,0x01010100,0x01010100,0x01010100,0x01010100,0x01010100,0x01010100,
  0x01010100,0x01010100,0x01010100,0x01010100,0x01010100,0x01010100,0x01010100,0x01010100,
  0x01010100,0x01010100,0x01010100,0x01010100,0x01010000,0x00000000,0x00000000,0x00000000,
  0x00000000,0x00000000,0x00000000,0x00000000,0x00000000,0x00000000,0x00000000,0x00000000,
};

#define BR_ICON_ARCHIVE_W 72
#define BR_ICON_ARCHIVE_H 72
static const unsigned int BR_ICON_ARCHIVE[] = {
  0x00000000,0x00000000,0x00000000,0x00000000,0x01010100,0x01010100,0x01010100,0x02020100,
  0x02020200,0x03030200,0x03030300,0x04040300,0x04050400,0x05050400,0x06060500,0x07070600,
  0x07070600,0x08080700,0x08090700,0x090A0800,0x0A0A0800,0x0A0B0800,0x0B0B0900,0x0B0C0A00,
  0x0B0C0A00,0x0C0D0A00,0x0C0D0A00,0x0D0D0B00,0x0D0D0B00,0x0D0E0B00,0x0D0E0B00,0x0D0E0B00,
  0x0D0E0B00,0x0D0E0B00,0x0D0E0B00,0x0D0E0B00,0x0D0E0B00,0x0D0E0B00,0x0D0E0B00,0x0D0E0B00,
  0x0D0E0B00,0x0D0E0B00,0x0D0E0B00,0x0D0D0B00,0x0D0D0B00,0x0C0D0A00,0x0C0D0A00,0x0B0C0A00,
  0x0B0C0A00,0x0B0B0900,0x0A0B0800,0x0A0A0800,0x090A0800,0x08090700,0x08080700,0x07070600,
  0x07070600,0x06060500,0x05050400,0x04050400,0x04040300,0x03030300,0x03030200,0x02020200,
  0x02020100,0x01010100,0x01010100,0x01010100,0x00000000,0x00000000,0x00000000,0x00000000,
  0x00000000,0x00000000,0x00000000,0x01010100,0x01010100,0x01010100,0x02020100,0x02020200,
  0x02030200,0x04040300,0x04040400,0x05050400,0x06060500,0x06070600,0x07080600,0x08090700,
  0x090A0800,0x0A0A0900,0x0A0B0900,0x0C0C0A00,0x0C0D0A00,0x0D0E0B00,0x0D0E0C00,0x0E0F0C00,
  0x0E0F0D00,0x0F100D00,0x0F110D00,0x10110D00,0x10110E00,0x10110E00,0x10110E00,0x10120E00,
  0x10120E00,0x10120E00,0x10120E00,0x10120E00,0x10120E00,0x10120E00,0x10120E00,0x10120E00,
  0x10120E00,0x10110E00,0x10110E00,0x10110E00,0x10110E00,0x0F110D00,0x0F100D00,0x0E100D00,
  0x0E0F0C00,0x0D0E0C00,0x0D0E0B00,0x0C0D0A00,0x0C0C0A00,0x0A0B0900,0x0A0A0900,0x090A0800,
  0x08090700,0x07080600,0x06070600,0x06060500,0x05050400,0x04040400,0x04040300,0x02030200,
  0x02020200,0x02020100,0x01010100,0x01010100,0x01010100,0x00000000,0x00000000,0x00000000,
  0x00000000,0x00000000,0x01010000,0x01010100,0x01010100,0x02020100,0x02020200,0x03030200,
  0x03040300,0x04050400,0x05060500,0x06070500,0x07080600,0x08090700,0x090A0800,0x0A0B0900,
  0x0B0C0A00,0x0C0D0B00,0x0D0E0C00,0x0E100C00,0x0F110D00,0x10110E00,0x10120F00,0x11130F00,
  0x11131000,0x12141000,0x13151000,0x13151100,0x13151100,0x14161100,0x14161100,0x14161100,
  0x14161100,0x14161100,0x14161100,0x14161100,0x14161100,0x14161100,0x14161100,0x14161100,
  0x14161100,0x14161100,0x14161100,0x13151100,0x13151100,0x13151000,0x13141000,0x12141000,
  0x11130F00,0x11120F00,0x10110E00,0x0F110D00,0x0E100C00,0x0D0E0C00,0x0C0D0B00,0x0B0C0A00,
  0x0A0B0900,0x090A0800,0x08090700,0x07080600,0x06070500,0x05060500,0x04050400,0x03040300,
  0x03030200,0x02020200,0x02020100,0x01010100,0x01010100,0x01010000,0x00000000,0x00000000,
  0x00000000,0x01010000,0x01010100,0x01010100,0x02020100,0x02020200,0x03030200,0x03040300,
  0x04050400,0x05060500,0x07070600,0x08080700,0x090A0800,0x0A0B0900,0x0B0C0A00,0x0D0E0B00,
  0x0E0F0C00,0x0F100D00,0x10120E00,0x12130F00,0x12151000,0x13161100,0x14171200,0x15171300,
  0x15181300,0x16191400,0x171A1400,0x171A1500,0x181A1500,0x181B1500,0x181B1500,0x181B1500,
  0x181B1600,0x181B1600,0x181B1600,0x181B1600,0x181B1600,0x181B1600,0x181B1600,0x181B1600,
  0x181B1600,0x181B1500,0x181B1500,0x181A1500,0x171A1500,0x171A1400,0x17191400,0x16181400,
  0x15181300,0x14171200,0x13161100,0x13151000,0x12140F00,0x10120E00,0x0F100D00,0x0E0F0C00,
  0x0D0E0B00,0x0B0C0A00,0x0A0B0900,0x090A0800,0x08080700,0x07070600,0x05060500,0x04050400,
  0x03040300,0x03030200,0x02020200,0x02020100,0x01010100,0x01010100,0x01010000,0x00000000,
  0x00000000,0x01010100,0x01010100,0x02020100,0x02020200,0x03030200,0x03040300,0x04050400,
  0x05060500,0x07070600,0x08090700,0x090A0800,0x0B0C0A00,0x0C0E0B00,0x0E0F0C00,0x10110E00,
  0x11130F00,0x12141000,0x14161200,0x15181300,0x16191400,0x171B1500,0x181C1600,0x191D1700,
  0x1A1E1800,0x1B1F1800,0x1B1F1900,0x1C201900,0x1C201900,0x1D211A00,0x1D211A00,0x1D211A00,
  0x1D211A00,0x1D211A00,0x1D211A00,0x1D221A00,0x1D221A00,0x1D221A00,0x1D211A00,0x1D211A00,
  0x1D211A00,0x1D211A00,0x1D211A00,0x1D201A00,0x1C201900,0x1C201900,0x1B1F1800,0x1A1E1800,
  0x1A1D1700,0x191C1600,0x181B1500,0x17191400,0x15181300,0x14161200,0x12141000,0x11130F00,
  0x10110E00,0x0E0F0C00,0x0C0E0B00,0x0B0C0A00,0x090A0800,0x08090700,0x07070600,0x05060500,
  0x04050400,0x03040300,0x03030200,0x02020200,0x02020100,0x01010100,0x01010100,0x00000000,
  0x01010000,0x01010100,0x01010100,0x02020200,0x03030200,0x03040300,0x04050400,0x05060500,
  0x07070600,0x08090700,0x0A0B0900,0x0B0D0A00,0x0D0F0C00,0x0F110D00,0x11130F00,0x13151100,
  0x14171200,0x16191400,0x181B1500,0x191D1700,0x1B1F1800,0x1C201900,0x1D221B00,0x1E231C00,
  0x1F241D00,0x20251D00,0x21261E00,0x21271E00,0x22271F00,0x22281F00,0x22281F00,0x22282000,
  0x23282000,0x23292000,0x23292000,0x23292000,0x23292000,0x23292000,0x23292000,0x23292000,
  0x23282000,0x23282000,0x22281F00,0x22271F00,0x21271F00,0x21261E00,0x20251D00,0x1F241D00,
  0x1F231C00,0x1D221B00,0x1C211900,0x1B1F1800,0x1A1D1700,0x181B1500,0x16191400,0x14171200,
  0x13151100,0x11130F00,0x0F110D00,0x0D0F0C00,0x0B0D0A00,0x0A0B0900,0x08090700,0x07070600,
  0x05060500,0x04050400,0x03040300,0x03030200,0x02020200,0x01010100,0x01010100,0x01010000,
  0x01010000,0x01010100,0x02020100,0x02020200,0x03030300,0x04040300,0x05060500,0x07070600,
  0x08090700,0x0A0B0900,0x0C0D0A00,0x0E0F0C00,0x10120E00,0x12141000,0x14171200,0x16191400,
  0x181C1600,0x1A1E1800,0x1C201A00,0x1E231B00,0x20251D00,0x21271E00,0x23292000,0x242A2100,
  0x252B2200,0x262D2300,0x262D2400,0x272E2400,0x282F2500,0x282F2500,0x28302500,0x29302600,
  0x29302600,0x29312600,0x29312600,0x29312600,0x29312600,0x29312600,0x29312600,0x29312600,
  0x29302600,0x29302600,0x29302500,0x282F2500,0x282F2500,0x272E2400,0x262D2300,0x252C2200,
  0x242A2100,0x23292000,0x22271F00,0x20251D00,0x1E231C00,0x1C211A00,0x1A1E1800,0x191C1600,
  0x16191400,0x14171200,0x12141000,0x10120E00,0x0E0F0C00,0x0C0D0A00,0x0A0B0900,0x08090700,
  0x07070600,0x05060500,0x04040300,0x03030300,0x02020200,0x02020100,0x01010100,0x01010000,
  0x01010100,0x01010100,0x02020200,0x03030200,0x04040300,0x05050400,0x06070600,0x08090700,
  0x0A0B0900,0x0C0D0A00,0x0E100C00,0x10120F00,0x13151100,0x16181300,0x181B1500,0x1A1E1800,
  0x1D211A00,0x1F241C00,0x21271E00,0x24292000,0x262C2300,0x272E2400,0x29302600,0x2A322700,
  0x2B332800,0x2C352900,0x2D362A00,0x2E372B00,0x2F372B00,0x2F382C00,0x2F392C00,0x30392C00,
  0x30392D00,0x303A2D00,0x303A2D00,0x303A2D00,0x303A2D00,0x303A2D00,0x303A2D00,0x303A2D00,
  0x30392D00,0x30392C00,0x30392C00,0x2F382C00,0x2E372B00,0x2E362A00,0x2D352A00,0x2C342900,
  0x2B322700,0x29312600,0x282E2400,0x262C2300,0x242A2100,0x22271F00,0x1F241C00,0x1D211A00,
  0x1B1E1800,0x181B1600,0x16181300,0x13151100,0x10120F00,0x0E100C00,0x0C0D0A00,0x0A0B0900,
  0x08090700,0x06070600,0x05050400,0x04040300,0x03030200,0x02020200,0x01010100,0x01010100,
  0x01010100,0x02020100,0x02030200,0x03030300,0x05050400,0x06060500,0x07080700,0x090A0800,
  0x0B0C0A00,0x0E0F0C00,0x11120E00,0x13161100,0x16191400,0x191C1600,0x1C201900,0x1F231C00,
  0x21271E00,0x242A2100,0x272D2400,0x29302600,0x2B332800,0x2D362A00,0x2F382C00,0x303A2D00,
  0x323C2F00,0x333E3000,0x343F3100,0x35403200,0x36413200,0x36413300,0x36423300,0x37423400,
  0x37433400,0x37433400,0x38433400,0x38433400,0x38433400,0x38433400,0x38433400,0x38433400,
  0x37433400,0x37423400,0x37423300,0x36413300,0x36403200,0x353F3100,0x343E3000,0x323C2F00,
  0x313B2E00,0x30392C00,0x2E362A00,0x2C332800,0x2A312600,0x272E2400,0x242A2100,0x22271F00,
  0x1F231C00,0x1C201900,0x191C1600,0x16191400,0x13161100,0x11120E00,0x0E0F0C00,0x0B0C0A00,
  0x090A0800,0x07080700,0x06060500,0x05050400,0x03030300,0x02030200,0x02020100,0x01010100,
  0x01010100,0x02020200,0x03030200,0x04040300,0x05050500,0x07070600,0x090A0800,0x0B0C0900,
  0x0D0F0C00,0x10120E00,0x13151100,0x16191400,0x1A1D1700,0x1D211A00,0x20251D00,0x23292000,
  0x262D2300,0x29312600,0x2C342900,0x2F382C00,0x313B2E00,0x343E3000,0x36413200,0x37433400,
  0x38453600,0x3A473700,0x3B483800,0x3C493900,0x3D4A3A00,0x3D4B3A00,0x3D4C3B00,0x3E4C3B00,
  0x3E4C3B00,0x3F4D3C00,0x3F4D3C00,0x3F4D3C00,0x3F4D3C00,0x3F4D3C00,0x3F4D3C00,0x3F4D3C00,
  0x3F4D3B00,0x3E4C3B00,0x3E4C3B00,0x3E4B3A00,0x3D4A3900,0x3C493800,0x3B473700,0x39453600,
  0x38443500,0x36413300,0x343F3100,0x323B2E00,0x2F382C00,0x2C352900,0x2A312600,0x272D2300,
  0x23292000,0x20251D00,0x1D211A00,0x1A1D1700,0x16191400,0x13151100,0x10120E00,0x0D0F0C00,
  0x0B0C0900,0x090A0800,0x07070600,0x05050500,0x04040300,0x03030200,0x02020200,0x01010100,
  0x01010100,0x02020200,0x03030300,0x05050400,0x06060500,0x08090700,0x0A0B0900,0x0C0E0B00,
  0x0F110D00,0x12141000,0x16181300,0x191C1700,0x1D211A00,0x21251D00,0x242A2100,0x282F2500,
  0x2B332800,0x2E372B00,0x323B2E00,0x353F3100,0x37433400,0x3A463600,0x3C493900,0x3E4C3B00,
  0x3F4E3D00,0x41503E00,0x42513F00,0x43534000,0x44544100,0x44554100,0x44554200,0x45564200,
  0x46564300,0x46574300,0x46574300,0x46574300,0x46574300,0x47574300,0x46574300,0x46574300,
  0x46574300,0x46564300,0x46554200,0x45544200,0x44544100,0x43524000,0x42513E00,0x404F3D00,
  0x3F4C3B00,0x3D4A3900,0x3B473700,0x38433400,0x35403200,0x323C2F00,0x2F372B00,0x2C332800,
  0x282F2500,0x242A2100,0x21251D00,0x1D211A00,0x191C1700,0x16181300,0x12141000,0x0F110D00,
  0x0C0E0B00,0x0A0B0900,0x08090700,0x06060500,0x05050400,0x03030300,0x02020200,0x01010100,
  0x02020100,0x03030200,0x04040300,0x05050400,0x07070600,0x090A0800,0x0B0C0A00,0x0E0F0C00,
  0x11130F00,0x14171200,0x191B1600,0x1C201900,0x21251D00,0x252A2100,0x282F2500,0x2C342900,
  0x30392C00,0x343E3000,0x37423400,0x3A473700,0x3D4B3A00,0x404F3D00,0x42523F00,0x44554100,
  0x46574300,0x47594500,0x485B4600,0x4A5C4700,0x4A5D4800,0x4B5E4900,0x4B5F4900,0x4C604A00,
  0x4C604A00,0x4D614A00,0x4D614A00,0x4E614B00,0x4E614B00,0x4E614B00,0x4E614B00,0x4D614B00,
  0x4D604A00,0x4D604A00,0x4D5F4900,0x4C5E4900,0x4B5D4800,0x4A5C4700,0x495A4600,0x47584400,
  0x45564200,0x43534000,0x414F3D00,0x3E4B3B00,0x3B473800,0x38433400,0x343E3000,0x30392D00,
  0x2D342900,0x282F2500,0x252A2100,0x21251D00,0x1C201900,0x191B1600,0x14171200,0x11130F00,
  0x0E0F0C00,0x0B0C0A00,0x090A0800,0x07070600,0x05050400,0x04040300,0x03030200,0x02020100,
  0x02020100,0x03030200,0x04040300,0x06060500,0x08080700,0x0A0B0900,0x0D0E0B00,0x10110D00,
  0x13151100,0x171A1400,0x1B1F1800,0x1F241C00,0x24292000,0x282F2500,0x2C342900,0x313A2D00,
  0x353F3100,0xFFFFD200,0xFFFFD200,0xFFFFD200,0xFFFFD200,0xFFFFD200,0xFFFFD200,0xFFFFD200,
  0xFFFFD200,0xFFFFD200,0xFFFFD200,0xFFFFD200,0xFFFFD200,0xFFFFD200,0xFFFFD200,0xFFFFF596,
  0xFFFFF596,0xFFFFF596,0xFFFFD200,0xFFFFD200,0xFFFFD200,0xFFFFD200,0xFFFFD200,0xFFFFD200,
  0xFFFFD200,0xFFFFD200,0xFFFFD200,0xFFFFD200,0xFFFFD200,0xFFFFD200,0xFFFFD200,0xFFFFD200,
  0xFFFFD200,0xFFFFD200,0xFFFFD200,0xFFFFD200,0xFFFFD200,0xFFFFD200,0xFFFFD200,0x353F3200,
  0x313A2D00,0x2D342900,0x282F2500,0x24292000,0x1F241C00,0x1B1F1800,0x171A1400,0x13151100,
  0x10110D00,0x0D0E0B00,0x0A0B0900,0x08080700,0x06060500,0x04040300,0x03030200,0x02020100,
  0x02020200,0x03030300,0x04050400,0x06070500,0x09090700,0x0B0C0900,0x0E0F0C00,0x11130F00,
  0x15171300,0x191C1600,0x1E221A00,0x22271F00,0x272D2400,0x2C332800,0x30392D00,0x353F3200,
  0xFFFFD200,0xFFFFD200,0xFFFFD200,0xFFFFD200,0xFFFFD200,0xFFFFD200,0xFFFFD200,0xFFFFD200,
  0xFFFFD200,0xFFFFD200,0xFFFFD200,0xFFFFD200,0xFFFFD200,0xFFFFD200,0xFFFFF596,0xFFFFF596,
  0xFFFFF596,0xFFFFF596,0xFFFFF596,0xFFFFD200,0xFFFFD200,0xFFFFD200,0xFFFFD200,0xFFFFD200,
  0xFFFFD200,0xFFFFD200,0xFFFFD200,0xFFFFD200,0xFFFFD200,0xFFFFD200,0xFFFFD200,0xFFFFD200,
  0xFFFFD200,0xFFFFD200,0xFFFFD200,0xFFFFD200,0xFFFFD200,0xFFFFD200,0xFFFFD200,0xFFFFD200,
  0x35403200,0x31392D00,0x2C332800,0x272D2400,0x22271F00,0x1E221A00,0x191C1600,0x15171300,
  0x11130F00,0x0E0F0C00,0x0B0C0900,0x09090700,0x06070500,0x04050400,0x03030300,0x02020200,
  0x02020200,0x04040300,0x05050400,0x07070600,0x090A0800,0x0C0D0A00,0x0F110D00,0x13151000,
  0x17191400,0x1B1F1800,0x21251D00,0x252B2200,0x2B312700,0x30382C00,0x343E3000,0xFFFFD200,
  0xFFFFD200,0xFFFFD200,0xFFFFD200,0xFFFFD200,0xFFFFD200,0xFFFFD200,0xFFFFD200,0xFFFFD200,
  0xFFFFD200,0xFFFFD200,0xFFFFD200,0xFFFFD200,0xFFFFD200,0xFFFFD200,0xFFFFF596,0xFFFFF596,
  0xFFFFF596,0xFFFFF596,0xFFFFF596,0xFFFFD200,0xFFFFD200,0xFFFFD200,0xFFFFD200,0xFFFFD200,
  0xFFFFD200,0xFFFFD200,0xFFFFD200,0xFFFFD200,0xFFFFD200,0xFFFFD200,0xFFFFD200,0xFFFFD200,
  0xFFFFD200,0xFFFFD200,0xFFFFD200,0xFFFFD200,0xFFFFD200,0xFFFFD200,0xFFFFD200,0xFFFFD200,
  0xFFFFD200,0x353E3100,0x30382C00,0x2B312700,0x252B2200,0x21251D00,0x1B1F1800,0x17191400,
  0x13151000,0x0F110D00,0x0C0D0A00,0x090A0800,0x07070600,0x05050400,0x04040300,0x02020200,
  0x03030200,0x04040300,0x05060400,0x08080600,0x0A0B0900,0x0D0E0B00,0x10120E00,0x14171100,
  0x191B1600,0x1D211A00,0x23281F00,0x282E2400,0x2E352A00,0x333C2F00,0x38433400,0xFFFFD200,
  0xFFFFD200,0xFFFFD200,0xFFFFD200,0xFFFFD200,0xFFFFD200,0xFFFFD200,0xFFFFD200,0xFFFFD200,
  0xFFFFD200,0xFFFFD200,0xFFFFD200,0xFFFFD200,0xFFFFD200,0xFFFFD200,0xFFFFF596,0xFFFFF596,
  0xFFFFF596,0xFFFFF596,0xFFFFF596,0xFFFFD200,0xFFFFD200,0xFFFFD200,0xFFFFD200,0xFFFFD200,
  0xFFFFD200,0xFFFFD200,0xFFFFD200,0xFFFFD200,0xFFFFD200,0xFFFFD200,0xFFFFD200,0xFFFFD200,
  0xFFFFD200,0xFFFFD200,0xFFFFD200,0xFFFFD200,0xFFFFD200,0xFFFFD200,0xFFFFD200,0xFFFFD200,
  0xFFFFD200,0x38433500,0x333C2F00,0x2E352A00,0x282E2400,0x23281F00,0x1D211A00,0x191B1600,
  0x14171100,0x10120E00,0x0D0E0B00,0x0A0B0900,0x08080600,0x05060400,0x04040300,0x03030200,
  0x03030200,0x04040300,0x06060500,0x08090700,0x0B0C0900,0x0E0F0C00,0x12130F00,0x16181300,
  0x1A1D1800,0x1F241C00,0x252A2100,0x2B312700,0x31392D00,0x36403200,0x3C483700,0xFFFFD200,
  0xFFFFD200,0xFFFFD200,0xFFFFD200,0x67715100,0x6A755400,0x6D795700,0x707C5A00,0x717F5C00,
  0x73815E00,0x75845F00,0x76856100,0x77876200,0x78886300,0x79896300,0x798A6400,0xFFFFF596,
  0xFFFFF596,0xFFFFF596,0xFFFFD200,0x7B8C6600,0x7B8C6600,0x7B8C6600,0x7B8C6600,0xFFFFD200,
  0xFFFFD200,0x7A8A6500,0x7A8A6500,0x79896400,0x79886300,0x78876200,0x77846100,0x75825F00,
  0x73805D00,0x717D5B00,0x6F7A5800,0x6B755500,0x68715200,0xFFFFD200,0xFFFFD200,0xFFFFD200,
  0xFFFFD200,0x3C483800,0x36403200,0x31392D00,0x2B312700,0x252A2100,0x1F241C00,0x1A1D1800,
  0x16181300,0x12130F00,0x0E0F0C00,0x0B0C0900,0x08090700,0x06060500,0x04040300,0x03030200,
  0x03030200,0x05050400,0x06070500,0x09090700,0x0C0C0A00,0x0F100D00,0x13151000,0x171A1400,
  0x1C1F1900,0x21261E00,0x282D2300,0x2D342900,0x343C2F00,0x39443500,0x3F4C3B00,0xFFFFD200,
  0xFFFFD200,0xFFFFD200,0xFFFFD200,0x6A755400,0x6E7A5800,0x717D5B00,0x73815E00,0x75846000,
  0x77876200,0x79896300,0x798B6500,0x7B8D6600,0x7C8E6700,0x7D8F6800,0x7D906900,0x7E916900,
  0x7E916A00,0xFFFFD200,0xFFFFD200,0x80926B00,0x80926B00,0x80926B00,0x80926B00,0xFFFFD200,
  0xFFFFD200,0x7F916A00,0x7F906900,0x7E8F6800,0x7D8E6700,0x7C8C6600,0x7B8B6500,0x79876300,
  0x78866100,0x75825E00,0x727E5C00,0x6F7B5900,0x6C755500,0xFFFFD200,0xFFFFD200,0xFFFFD200,
  0xFFFFD200,0x3F4C3B00,0x39443500,0x343C2F00,0x2D342900,0x282D2300,0x21261E00,0x1C1F1900,
  0x171A1400,0x13151000,0x0F100D00,0x0C0C0A00,0x09090700,0x06070500,0x05050400,0x03030200,
  0x03030200,0x05050400,0x06070600,0x090A0800,0x0C0D0A00,0x10110E00,0x14161100,0x181B1500,
  0x1D211B00,0x23281F00,0x2A2F2500,0x30372B00,0x36403200,0x3C483800,0x42503E00,0xFFFFD200,
  0xFFFFD200,0xFFFFD200,0xFFFFD200,0x6E795700,0x717E5B00,0x75825E00,0x77866200,0x79896300,
  0x7A8C6600,0x7C8E6700,0x7D906900,0x7E926A00,0x7F936B00,0x80956C00,0x80956C00,0x81966D00,
  0x81966D00,0xFFFFD200,0xFFFFD200,0x82976E00,0x82976E00,0x83976E00,0x83976F00,0xFFFFD200,
  0xFFFFD200,0x82966E00,0x82966D00,0x81946C00,0x81936B00,0x80926A00,0x7E8F6900,0x7C8D6600,
  0x7A8A6500,0x79876200,0x76835F00,0x727E5C00,0x6F7A5800,0xFFFFD200,0xFFFFD200,0xFFFFD200,
  0xFFFFD200,0x42503E00,0x3C483800,0x36403200,0x30372B00,0x2A2F2500,0x23281F00,0x1D211B00,
  0x181B1500,0x14161100,0x10110E00,0x0C0D0A00,0x090A0800,0x06070600,0x05050400,0x03030200,
  0x03030300,0x05050400,0x07070600,0x0A0A0800,0x0D0E0B00,0x11120E00,0x15171200,0x191C1600,
  0x1F221C00,0x242A2100,0x2B312700,0x32392D00,0x38423400,0x3F4B3A00,0x44534000,0xFFFFD200,
  0xFFFFD200,0xFFFFD200,0xFFFFD200,0x717D5B00,0x74815E00,0x78866200,0x798A6500,0x7B8D6600,
  0x7D906900,0x7F926A00,0x80956C00,0x81966D00,0x81986E00,0x82996F00,0x829A6F00,0x839A7000,
  0x849B7000,0xFFFFD200,0xFFFFD200,0x859C7100,0x859C7100,0x869C7100,0x869C7200,0xFFFFD200,
  0xFFFFD200,0x859A7100,0x859A7000,0x84997000,0x83986F00,0x82966D00,0x81946C00,0x80916A00,
  0x7E8E6700,0x7B8B6500,0x79876200,0x75825E00,0x717D5B00,0xFFFFD200,0xFFFFD200,0xFFFFD200,
  0xFFFFD200,0x45534100,0x3F4B3A00,0x38423400,0x32392D00,0x2B312700,0x242A2100,0x1F221C00,
  0x191C1600,0x15171200,0x11120E00,0x0D0E0B00,0x0A0A0800,0x07070600,0x05050400,0x03030300,
  0x03030300,0x05050400,0x07080600,0x0A0A0800,0x0D0E0B00,0x11120F00,0x15181200,0x1A1E1700,
  0x20241D00,0x262B2200,0x2D332800,0x333B2F00,0x3A453500,0x414D3C00,0x46564200,0xFFFFD200,
  0xFFFFD200,0xFFFFD200,0xFFFFD200,0x72805D00,0x76856100,0x79896400,0x7C8E6700,0x7E916900,
  0x7F946B00,0x81966D00,0x81986F00,0x829A6F00,0x839B7100,0x849D7200,0x849D7200,0x859E7300,
  0x869E7300,0xFFFFD200,0xFFFFD200,0x879F7400,0x879F7400,0x879F7400,0x889F7500,0xFFFFD200,
  0xFFFFD200,0x879F7400,0x879E7300,0x869D7200,0x859B7100,0x849A7000,0x83976F00,0x81956C00,
  0x80926A00,0x7D8E6800,0x7B8B6500,0x78866100,0x74805E00,0xFFFFD200,0xFFFFD200,0xFFFFD200,
  0xFFFFD200,0x47564300,0x414D3C00,0x3A453500,0x333B2F00,0x2D332800,0x262B2200,0x20241D00,
  0x1A1E1700,0x15181200,0x11120F00,0x0D0E0B00,0x0A0A0800,0x07080600,0x05050400,0x03030300,
  0x04040300,0x05050400,0x07080600,0x0B0B0900,0x0E0F0C00,0x12130F00,0x16181300,0x1B1F1800,
  0x21251E00,0x272D2300,0x2E352900,0x343D3000,0x3B473700,0x424F3E00,0x48594400,0xFFFFD200,
  0xFFFFD200,0xFFFFD200,0xFFFFD200,0x74825E00,0x78876200,0x7B8C6600,0x7D906900,0x7F936A00,
  0x81966D00,0x81996F00,0x829B7000,0x839D7100,0x849E7300,0x859F7400,0x85A07400,0x86A17400,
  0x86A27500,0xFFFFD200,0xFFFFD200,0x88A37500,0x88A37500,0x88A37500,0x88A37600,0xFFFFD200,
  0xFFFFD200,0x88A17500,0x87A07400,0x879F7400,0x869E7300,0x859C7200,0x849A7000,0x82976F00,
  0x81956C00,0x7F916A00,0x7C8D6600,0x79886300,0x75835F00,0xFFFFD200,0xFFFFD200,0xFFFFD200,
  0xFFFFD200,0x48594500,0x424F3E00,0x3B473700,0x343D3000,0x2E352900,0x272D2300,0x21251E00,
  0x1B1F1800,0x16181300,0x12130F00,0x0E0F0C00,0x0B0B0900,0x07080600,0x05050400,0x04040300,
  0x04040300,0x06060500,0x07080600,0x0B0B0900,0x0E0F0C00,0x12141000,0x16191400,0x1B1F1800,
  0x21261E00,0x272E2300,0x2F362A00,0x353E3100,0x3C483800,0x43513F00,0x495B4600,0xFFFFD200,
  0xFFFFD200,0xFFFFD200,0xFFFFD200,0x75846000,0x79896400,0x7B8E6700,0x7E926A00,0x80966C00,
  0x81996F00,0x829B7000,0x839D7100,0x849F7300,0x84A07300,0x85A27400,0x85A27500,0x86A27600,
  0x86A37600,0xFFFFD200,0xFFFFD200,0x88A47700,0x88A47700,0x88A47700,0x88A47700,0xFFFFD200,
  0xFFFFD200,0x88A37600,0x88A37600,0x87A27500,0x86A07400,0x859E7300,0x849C7100,0x839A6F00,
  0x81976D00,0x80936B00,0x7D8F6800,0x798A6400,0x76846000,0xFFFFD200,0xFFFFD200,0xFFFFD200,
  0xFFFFD200,0x495B4600,0x43513F00,0x3C483800,0x353E3100,0x2F362A00,0x272E2300,0x21261E00,
  0x1B1F1800,0x16191400,0x12141000,0x0E0F0C00,0x0B0B0900,0x07080600,0x06060500,0x04040300,
  0x04040300,0x06060500,0x08080700,0x0B0B0900,0x0E100C00,0x13141000,0x171A1400,0x1C201900,
  0x22261F00,0x282F2400,0x30372B00,0x363F3200,0x3D4A3900,0x44534000,0x4A5C4700,0xFFFFD200,
  0xFFFFD200,0xFFFFD200,0xFFFFD200,0x76856100,0x798A6500,0x7C8F6800,0x7E946B00,0x80976D00,
  0x819A6F00,0x819D7100,0x829E7200,0x83A07300,0x84A27400,0x85A37500,0x85A37600,0x86A47600,
  0x86A57700,0xFFFFD200,0xFFFFD200,0x87A67800,0x87A67800,0x88A67800,0x88A67800,0xFFFFD200,
  0xFFFFD200,0x87A47700,0x87A47600,0x86A27600,0x86A27400,0x85A07400,0x849E7200,0x829B7000,
  0x81996E00,0x80956C00,0x7D906900,0x7A8B6500,0x77866200,0xFFFFD200,0xFFFFD200,0xFFFFD200,
  0xFFFFD200,0x4A5C4700,0x44534000,0x3D4A3900,0x363F3200,0x30372B00,0x282F2400,0x22261F00,
  0x1C201900,0x171A1400,0x13141000,0x0E100C00,0x0B0B0900,0x08080700,0x06060500,0x04040300,
  0x04040300,0x06060500,0x08090700,0x0B0C0900,0x0E100C00,0x13141000,0x171A1400,0x1C201900,
  0x22271F00,0x282F2500,0x30382C00,0x37403300,0x3E4B3A00,0x44544100,0x4A5D4700,0xFFFFD200,
  0xFFFFD200,0xFFFFD200,0xFFFFD200,0xFFFFD200,0xFFFFD200,0xFFFFD200,0xFFFFD200,0xFFFFD200,
  0xFFFFD200,0xFFFFD200,0xFFFFD200,0xFFFFD200,0xFFFFD200,0xFFFFD200,0xFFFFD200,0xFFFFD200,
  0xFFFFD200,0xFFFFD200,0xFFFFD200,0xFFFFD200,0xFFFFD200,0xFFFFD200,0xFFFFD200,0xFFFFD200,
  0xFFFFD200,0xFFFFD200,0xFFFFD200,0xFFFFD200,0xFFFFD200,0xFFFFD200,0xFFFFD200,0xFFFFD200,
  0xFFFFD200,0xFFFFD200,0xFFFFD200,0xFFFFD200,0xFFFFD200,0xFFFFD200,0xFFFFD200,0xFFFFD200,
  0xFFFFD200,0x4B5D4800,0x44544100,0x3E4B3A00,0x37403300,0x30382C00,0x282F2500,0x22271F00,
  0x1C201900,0x171A1400,0x13141000,0x0E100C00,0x0B0C0900,0x08090700,0x06060500,0x04040300,
  0x04040300,0x06060500,0x08090700,0x0B0C0900,0x0F100D00,0x13141000,0x171A1400,0x1C211900,
  0x23272000,0x29302500,0x30382C00,0x37413300,0x3E4B3A00,0x44544100,0x4A5E4800,0xFFFFD200,
  0xFFFFD200,0xFFFFD200,0xFFFFD200,0xFFFFD200,0xFFFFD200,0xFFFFD200,0xFFFFD200,0xFFFFD200,
  0xFFFFD200,0xFFFFD200,0xFFFFD200,0xFFFFD200,0xFFFFD200,0xFFFFD200,0xFFFFD200,0xFFFFD200,
  0xFFFFD200,0xFFFFD200,0xFFFFD200,0xFFFFD200,0xFFFFD200,0xFFFFD200,0xFFFFD200,0xFFFFD200,
  0xFFFFD200,0xFFFFD200,0xFFFFD200,0xFFFFD200,0xFFFFD200,0xFFFFD200,0xFFFFD200,0xFFFFD200,
  0xFFFFD200,0xFFFFD200,0xFFFFD200,0xFFFFD200,0xFFFFD200,0xFFFFD200,0xFFFFD200,0xFFFFD200,
  0xFFFFD200,0x4B5E4800,0x44544100,0x3E4B3A00,0x37413300,0x30382C00,0x29302500,0x23272000,
  0x1C211900,0x171A1400,0x13141000,0x0F100D00,0x0B0C0900,0x08090700,0x06060500,0x04040300,
  0x04040300,0x06060500,0x08090700,0x0C0C0A00,0x0F100D00,0x13151100,0x171B1500,0x1C211900,
  0x23282000,0x29302500,0x30392C00,0x37413300,0x3E4C3A00,0x44554100,0x4A5E4800,0xFFFFD200,
  0xFFFFD200,0xFFFFD200,0xFFFFD200,0xFFFFD200,0xFFFFD200,0xFFFFD200,0xFFFFD200,0xFFFFD200,
  0xFFFFD200,0xFFFFD200,0xFFFFD200,0xFFFFD200,0xFFFFD200,0xFFFFD200,0xFFFFD200,0xFFFFD200,
  0xFFFFD200,0xFFFFD200,0xFFFFD200,0xFFFFD200,0xFFFFD200,0xFFFFD200,0xFFFFD200,0xFFFFD200,
  0xFFFFD200,0xFFFFD200,0xFFFFD200,0xFFFFD200,0xFFFFD200,0xFFFFD200,0xFFFFD200,0xFFFFD200,
  0xFFFFD200,0xFFFFD200,0xFFFFD200,0xFFFFD200,0xFFFFD200,0xFFFFD200,0xFFFFD200,0xFFFFD200,
  0xFFFFD200,0x4B5E4800,0x44554100,0x3E4C3A00,0x37413300,0x30392C00,0x29302500,0x23282000,
  0x1C211900,0x171B1500,0x13151100,0x0F100D00,0x0C0C0A00,0x08090700,0x06060500,0x04040300,
  0x04040300,0x06060500,0x08090700,0x0C0C0A00,0x0F100D00,0x13151100,0x171B1500,0x1C211900,
  0x23282000,0x29302500,0x30392D00,0x37423300,0x3E4C3A00,0x44554100,0x4A5F4800,0xFFFFD200,
  0xFFFFD200,0xFFFFD200,0xFFFFD200,0xFFFFD200,0xFFFFD200,0xFFFFD200,0xFFFFD200,0xFFFFD200,
  0xFFFFD200,0xFFFFD200,0xFFFFD200,0xFFFFD200,0xFFFFD200,0xFFFFD200,0xFFFFD200,0xFFFFD200,
  0xFFFFD200,0xFFFFD200,0xFFFFD200,0xFFFFD200,0xFFFFD200,0xFFFFD200,0xFFFFD200,0xFFFFD200,
  0xFFFFD200,0xFFFFD200,0xFFFFD200,0xFFFFD200,0xFFFFD200,0xFFFFD200,0xFFFFD200,0xFFFFD200,
  0xFFFFD200,0xFFFFD200,0xFFFFD200,0xFFFFD200,0xFFFFD200,0xFFFFD200,0xFFFFD200,0xFFFFD200,
  0xFFFFD200,0x4A5F4800,0x44554100,0x3E4C3A00,0x37423300,0x30392D00,0x29302500,0x23282000,
  0x1C211900,0x171B1500,0x13151100,0x0F100D00,0x0C0C0A00,0x08090700,0x06060500,0x04040300,
  0x04040300,0x06060500,0x08090700,0x0C0C0A00,0x0F110D00,0x13151100,0x181B1500,0x1C211A00,
  0x23282000,0x29302500,0x30392D00,0x37423300,0x3D4C3A00,0x44554100,0x495F4800,0xFFFFD200,
  0xFFFFD200,0xFFFFD200,0xFFFFD200,0x72876100,0x768D6500,0x78916800,0x79956B00,0x7A986D00,
  0x7B9B6E00,0x7C9D7000,0x7D9F7100,0x7DA07200,0x7DA27300,0x7EA37400,0x7EA37400,0x7FA47500,
  0x7FA57500,0x7FA57500,0x7FA57500,0x7FA57500,0x7FA57500,0x80A57500,0x80A57500,0x80A57500,
  0x80A57500,0x7FA47500,0x7FA47400,0x7FA37400,0x7EA27300,0x7EA07100,0x7D9E7100,0x7D9C6F00,
  0x7B996D00,0x7A956B00,0x79916800,0x768D6500,0x73876100,0xFFFFD200,0xFFFFD200,0xFFFFD200,
  0xFFFFD200,0x4A5F4800,0x44554100,0x3D4C3A00,0x37423300,0x30392D00,0x29302500,0x23282000,
  0x1C211A00,0x181B1500,0x13151100,0x0F110D00,0x0C0C0A00,0x08090700,0x06060500,0x04040300,
  0x04040300,0x06060500,0x08090700,0x0C0C0A00,0x0F110D00,0x13151100,0x171B1500,0x1C211900,
  0x23282000,0x28302500,0x30392D00,0x36423300,0x3D4C3A00,0x43554100,0x495E4800,0xFFFFD200,
  0xFFFFD200,0xFFFFD200,0xFFFFD200,0x71876000,0x748C6400,0x76906700,0x78946A00,0x79976C00,
  0x799A6D00,0x7A9C6F00,0x7A9F7000,0x7B9F7100,0x7BA17200,0x7BA27300,0x7BA27300,0x7CA37300,
  0x7CA47400,0x7DA47400,0x7DA47400,0x7DA47400,0x7DA47400,0x7DA47400,0x7DA47400,0x7DA47400,
  0x7DA47400,0x7DA37400,0x7DA37300,0x7CA27200,0x7CA07100,0x7C9F7100,0x7B9D6F00,0x7A9B6E00,
  0x79986C00,0x79946A00,0x77916700,0x748C6400,0x71876100,0xFFFFD200,0xFFFFD200,0xFFFFD200,
  0xFFFFD200,0x495E4800,0x43554100,0x3D4C3A00,0x36423300,0x30392D00,0x28302500,0x23282000,
  0x1C211900,0x171B1500,0x13151100,0x0F110D00,0x0C0C0A00,0x08090700,0x06060500,0x04040300,
  0x04040300,0x06060500,0x08090700,0x0C0C0A00,0x0F110D00,0x13151100,0x171B1500,0x1C211900,
  0x22282000,0x28302500,0x2F392C00,0x36413300,0x3C4C3A00,0x42554000,0x485E4700,0xFFFFD200,
  0xFFFFD200,0xFFFFD200,0xFFFFD200,0x70865F00,0x728B6300,0x74906600,0x76946800,0x77976A00,
  0x78996C00,0x789B6D00,0x799D6F00,0x799E6F00,0x79A07000,0x79A17100,0x79A27100,0x79A27200,
  0x79A27200,0x7AA37200,0x7AA27200,0x7AA37300,0x7AA37300,0x7AA37300,0x7AA37300,0x7AA27300,
  0x7AA27200,0x7AA27200,0x7AA27200,0x79A07000,0x799F7000,0x799E6F00,0x799B6E00,0x799A6C00,
  0x77976B00,0x77946900,0x75906600,0x728B6300,0x71866000,0xFFFFD200,0xFFFFD200,0xFFFFD200,
  0xFFFFD200,0x485E4700,0x42554000,0x3C4C3A00,0x36413300,0x2F392C00,0x28302500,0x22282000,
  0x1C211900,0x171B1500,0x13151100,0x0F110D00,0x0C0C0A00,0x08090700,0x06060500,0x04040300,
  0x04040300,0x06060500,0x08090700,0x0B0C0900,0x0F100D00,0x13151100,0x171B1500,0x1C211900,
  0x22282000,0x28302500,0x2F392C00,0x35413300,0x3B4B3900,0x41544000,0x475D4700,0xFFFFD200,
  0xFFFFD200,0xFFFFD200,0xFFFFD200,0x6E855E00,0x718A6200,0x728F6500,0x73936700,0x74956900,
  0x75986B00,0x759A6C00,0x769C6D00,0x769D6E00,0x769E6F00,0x76A06F00,0x77A07000,0x77A17000,
  0x77A17000,0x78A17100,0x77A17000,0x78A17100,0x78A17100,0x78A17100,0x78A17100,0x78A17100,
  0x78A17000,0x77A17000,0x77A07000,0x779F6F00,0x769D6F00,0x769C6E00,0x769A6C00,0x76986B00,
  0x74966900,0x74936800,0x738F6500,0x718A6200,0x6E855F00,0xFFFFD200,0xFFFFD200,0xFFFFD200,
  0xFFFFD200,0x475D4700,0x41544000,0x3B4B3900,0x35413300,0x2F392C00,0x28302500,0x22282000,
  0x1C211900,0x171B1500,0x13151100,0x0F100D00,0x0B0C0900,0x08090700,0x06060500,0x04040300,
  0x04040300,0x06060500,0x08090700,0x0B0C0900,0x0F100D00,0x13151100,0x171B1500,0x1C211900,
  0x22282000,0x27302500,0x2E382C00,0x34413200,0x3A4B3900,0x40543F00,0x465D4600,0xFFFFD200,
  0xFFFFD200,0xFFFFD200,0xFFFFD200,0x6C845D00,0x6E896000,0x708D6300,0x71916600,0x71946700,
  0x72966A00,0x72996A00,0x729A6B00,0x729C6D00,0x739C6D00,0x739E6E00,0x739E6E00,0x749F6E00,
  0x74A06F00,0x74A06F00,0x74A06E00,0x74A06F00,0x74A06F00,0x74A06F00,0x74A06F00,0x74A06F00,
  0x74A06E00,0x749F6E00,0x749E6E00,0x739D6E00,0x739C6D00,0x739B6C00,0x73996A00,0x73976A00,
  0x71946800,0x71916700,0x718E6400,0x6F896000,0x6C845D00,0xFFFFD200,0xFFFFD200,0xFFFFD200,
  0xFFFFD200,0x465D4600,0x40543F00,0x3A4B3900,0x34413200,0x2E382C00,0x27302500,0x22282000,
  0x1C211900,0x171B1500,0x13151100,0x0F100D00,0x0B0C0900,0x08090700,0x06060500,0x04040300,
  0x04040300,0x06060500,0x08090700,0x0B0C0900,0x0E100C00,0x13141000,0x171A1500,0x1B211900,
  0x21271F00,0x272F2400,0x2E382B00,0x34403200,0x3A4A3800,0x3F533F00,0x445C4500,0xFFFFD200,
  0xFFFFD200,0xFFFFD200,0xFFFFD200,0x6A835D00,0x6C886000,0x6E8C6300,0x6F906500,0x6F926600,
  0x70956800,0x70976900,0x70986A00,0x709A6B00,0x709B6B00,0x719C6D00,0x719D6D00,0xFFFFD200,
  0xFFFFD200,0xFFFFD200,0xFFFFD200,0xFFFFD200,0xFFFFD200,0xFFFFD200,0xFFFFD200,0xFFFFD200,
  0xFFFFD200,0x719D6D00,0x719C6D00,0x719C6C00,0x719A6B00,0x71996A00,0x71976900,0x71966800,
  0x70936600,0x6F906500,0x6E8C6300,0x6C886000,0x6A835D00,0xFFFFD200,0xFFFFD200,0xFFFFD200,
  0xFFFFD200,0x445C4500,0x3F533F00,0x3A4A3800,0x34403200,0x2E382B00,0x272F2400,0x21271F00,
  0x1B211900,0x171A1500,0x13141000,0x0E100C00,0x0B0C0900,0x08090700,0x06060500,0x04040300,
  0x04040300,0x06060500,0x08090700,0x0B0C0900,0x0E100C00,0x13141000,0x171A1400,0x1B211900,
  0x21271F00,0x262F2400,0x2D382B00,0x33403100,0x394A3800,0x3E533E00,0x435C4500,0xFFFFD200,
  0xFFFFD200,0xFFFFD200,0xFFFFD200,0x69835C00,0x6A875E00,0x6B8B6100,0x6D8F6300,0x6D926500,
  0x6D946600,0x6D966700,0x6D986900,0x6D986900,0x6D9A6A00,0x6E9B6B00,0xFFFFD200,0xFFFFD200,
  0xFFFFD200,0xFFFFD200,0xFFFFD200,0xFFFFD200,0xFFFFD200,0xFFFFD200,0xFFFFD200,0xFFFFD200,
  0xFFFFD200,0xFFFFD200,0x6E9B6B00,0x6E9A6A00,0x6E996900,0x6E986900,0x6E966800,0x6E946600,
  0x6D926500,0x6D8F6400,0x6C8C6100,0x6A875F00,0x69835C00,0xFFFFD200,0xFFFFD200,0xFFFFD200,
  0xFFFFD200,0x435C4500,0x3E533E00,0x394A3800,0x33403100,0x2D382B00,0x262F2400,0x21271F00,
  0x1B211900,0x171A1400,0x13141000,0x0E100C00,0x0B0C0900,0x08090700,0x06060500,0x04040300,
  0x04040300,0x06060500,0x08090700,0x0B0C0900,0x0E100C00,0x13141000,0x171A1400,0x1B211900,
  0x21271F00,0x262F2400,0x2D372B00,0x32403100,0x38493700,0x3D523E00,0x425B4400,0xFFFFD200,
  0xFFFFD200,0xFFFFD200,0xFFFFD200,0x67825B00,0x69865D00,0x698A6000,0x6A8E6200,0x6A916400,
  0x6B936500,0x6B946600,0x6B966700,0x6A976800,0x6B986800,0x6B9A6900,0xFFFFD200,0xFFFFD200,
  0x6B9A6A00,0x6C9B6A00,0x6C9B6A00,0x6C9B6A00,0x6C9B6A00,0x6C9B6A00,0x6C9B6A00,0x6C9A6A00,
  0xFFFFD200,0xFFFFD200,0x6B9A6900,0x6B996800,0x6B976800,0x6B976700,0x6B946600,0x6B936500,
  0x6A916400,0x6A8E6200,0x698A6000,0x69865D00,0x67825B00,0xFFFFD200,0xFFFFD200,0xFFFFD200,
  0xFFFFD200,0x425B4400,0x3D523E00,0x38493700,0x32403100,0x2D372B00,0x262F2400,0x21271F00,
  0x1B211900,0x171A1400,0x13141000,0x0E100C00,0x0B0C0900,0x08090700,0x06060500,0x04040300,
  0x04040300,0x06060500,0x08090700,0x0B0C0900,0x0E100C00,0x12141000,0x161A1400,0x1B201800,
  0x20271F00,0x262F2400,0x2C372A00,0x323F3100,0x37493700,0x3D523D00,0x415A4400,0xFFFFD200,
  0xFFFFD200,0xFFFFD200,0xFFFFD200,0x65815A00,0x67865C00,0x68895F00,0x698D6200,0x698F6200,
  0x69916500,0x69946500,0x69956600,0x69976700,0x69976700,0x69986800,0xFFFFD200,0xFFFFD200,
  0x699A6900,0x699A6900,0x699A6900,0x699A6900,0x699A6900,0x699A6900,0x699A6900,0x699A6900,
  0xFFFFD200,0xFFFFD200,0x69986800,0x69976700,0x69976700,0x69956600,0x69946500,0x69926500,
  0x69906300,0x698D6200,0x68895F00,0x67865C00,0x65815A00,0xFFFFD200,0xFFFFD200,0xFFFFD200,
  0xFFFFD200,0x415A4400,0x3D523D00,0x37493700,0x323F3100,0x2C372A00,0x262F2400,0x20271F00,
  0x1B201800,0x161A1400,0x12141000,0x0E100C00,0x0B0C0900,0x08090700,0x06060500,0x04040300,
  0x04040300,0x06060500,0x08090700,0x0B0C0900,0x0E100C00,0x12141000,0x161A1400,0x1B201800,
  0x20271F00,0x252F2400,0x2C372A00,0x313F3000,0x37493700,0x3C523D00,0x405A4300,0xFFFFD200,
  0xFFFFD200,0xFFFFD200,0xFFFFD200,0x63815900,0x65855C00,0x67895F00,0x678C6100,0x678E6100,
  0x67916300,0x67936400,0x67946400,0x67956600,0x67966600,0x67976700,0xFFFFD200,0xFFFFD200,
  0x68996800,0x68996800,0x68996700,0x68996800,0x68996800,0x68996800,0x68996800,0x68996800,
  0xFFFFD200,0xFFFFD200,0x67976700,0x67966600,0x67956600,0x67946500,0x67936400,0x68916300,
  0x678E6100,0x678C6100,0x67895F00,0x65855C00,0x64815900,0xFFFFD200,0xFFFFD200,0xFFFFD200,
  0xFFFFD200,0x405A4300,0x3C523D00,0x37493700,0x313F3000,0x2C372A00,0x252F2400,0x20271F00,
  0x1B201800,0x161A1400,0x12141000,0x0E100C00,0x0B0C0900,0x08090700,0x06060500,0x04040300,
  0x04040300,0x06060500,0x08090700,0x0B0C0900,0x0E100C00,0x12141000,0x161A1400,0x1B201800,
  0x20261E00,0x252F2400,0x2B372A00,0x313F3000,0x36483600,0x3B513C00,0x405A4300,0xFFFFD200,
  0xFFFFD200,0xFFFFD200,0xFFFFD200,0x62805900,0x64845B00,0x65885E00,0x668B6000,0x658E6100,
  0x66906200,0x66926300,0x65936400,0x65946500,0x65966500,0x65966600,0xFFFFD200,0xFFFFD200,
  0x66986600,0x66986700,0x66986600,0x66986600,0x66986600,0x66986600,0x66986700,0x66986700,
  0xFFFFD200,0xFFFFD200,0x65966600,0x65966500,0x65946500,0x65936400,0x66926400,0x66906200,
  0x658E6100,0x668B6000,0x65895E00,0x64845B00,0x62805900,0xFFFFD200,0xFFFFD200,0xFFFFD200,
  0xFFFFD200,0x405A4300,0x3B513C00,0x36483600,0x313F3000,0x2B372A00,0x252F2400,0x20261E00,
  0x1B201800,0x161A1400,0x12141000,0x0E100C00,0x0B0C0900,0x08090700,0x06060500,0x04040300,
  0x04040300,0x06060500,0x08090700,0x0B0C0900,0x0E100C00,0x12141000,0x161A1400,0x1A201800,
  0x20261E00,0x252E2300,0x2B372A00,0x313F3000,0x36483600,0x3B513C00,0x3F594200,0xFFFFD200,
  0xFFFFD200,0xFFFFD200,0xFFFFD200,0x61805900,0x63845B00,0x64885D00,0x648B5F00,0x648E6100,
  0x64906200,0x64916300,0x64936300,0x63946400,0x63956400,0x64956600,0xFFFFD200,0xFFFFD200,
  0x64976600,0x64976600,0x64976600,0x64976600,0x64976600,0x64976600,0x64976600,0x64976600,
  0xFFFFD200,0xFFFFD200,0x64956600,0x63956400,0x63946400,0x64936300,0x64916300,0x64906200,
  0x648E6100,0x648B5F00,0x64885D00,0x63845B00,0x61805900,0xFFFFD200,0xFFFFD200,0xFFFFD200,
  0xFFFFD200,0x3F594200,0x3B513C00,0x36483600,0x313F3000,0x2B372A00,0x252E2300,0x20261E00,
  0x1A201800,0x161A1400,0x12141000,0x0E100C00,0x0B0C0900,0x08090700,0x06060500,0x04040300,
  0x04040300,0x06060500,0x08090700,0x0B0C0900,0x0E100C00,0x12141000,0x161A1400,0x1A201800,
  0x20261E00,0x252E2300,0x2B372A00,0x303F3000,0x36483600,0x3B513C00,0x3F594200,0xFFFFD200,
  0xFFFFD200,0xFFFFD200,0xFFFFD200,0x617F5800,0x62835A00,0x63875D00,0x638B5E00,0x638D6000,
  0x638F6100,0x63906200,0x62926300,0x62936300,0x62946300,0x62956500,0xFFFFD200,0xFFFFD200,
  0x62966500,0x63966600,0x63966500,0x63966600,0x63966600,0x63966500,0x63966600,0x62966500,
  0xFFFFD200,0xFFFFD200,0x62956500,0x62946300,0x62936300,0x63926300,0x63906200,0x638F6100,
  0x638D6000,0x638B5F00,0x63875D00,0x62835A00,0x617F5800,0xFFFFD200,0xFFFFD200,0xFFFFD200,
  0xFFFFD200,0x3F594200,0x3B513C00,0x36483600,0x303F3000,0x2B372A00,0x252E2300,0x20261E00,
  0x1A201800,0x161A1400,0x12141000,0x0E100C00,0x0B0C0900,0x08090700,0x06060500,0x04040300,
  0x04040300,0x06060500,0x08090700,0x0B0C0900,0x0E100C00,0x12141000,0x161A1400,0x1A201800,
  0x20261E00,0x252E2300,0x2B362A00,0x303F3000,0x35483600,0x3A513C00,0x3F594200,0xFFFFD200,
  0xFFFFD200,0xFFFFD200,0xFFFFD200,0x617F5800,0x61835A00,0x62875C00,0x638A5E00,0x628D5F00,
  0x628E6000,0x62906100,0x61926200,0x61926300,0x61936300,0x61956400,0xFFFFD200,0xFFFFD200,
  0x61956500,0x61966500,0x61966500,0x61966500,0x61966500,0x61966500,0x61966500,0x61956500,
  0xFFFFD200,0xFFFFD200,0x61956400,0x61936300,0x61926300,0x62926200,0x62906100,0x628E6000,
  0x628D5F00,0x638A5E00,0x62875C00,0x61835A00,0x617F5800,0xFFFFD200,0xFFFFD200,0xFFFFD200,
  0xFFFFD200,0x3F594200,0x3A513C00,0x35483600,0x303F3000,0x2B362A00,0x252E2300,0x20261E00,
  0x1A201800,0x161A1400,0x12141000,0x0E100C00,0x0B0C0900,0x08090700,0x06060500,0x04040300,
  0x04040300,0x06060500,0x08090700,0x0B0C0900,0x0E100C00,0x12141000,0x161A1400,0x1A201800,
  0x20261E00,0x252E2300,0x2B362900,0x303E3000,0x35483600,0x3A503C00,0x3E594200,0xFFFFD200,
  0xFFFFD200,0xFFFFD200,0xFFFFD200,0x617E5700,0x61835A00,0x62865C00,0x628A5E00,0x628C5F00,
  0x628E6000,0x61906100,0x61916200,0x61926200,0x61936200,0x61946300,0xFFFFD200,0xFFFFD200,
  0x61946400,0x61956400,0x61956400,0x61956400,0x61956400,0x61956400,0x61956400,0x61946400,
  0xFFFFD200,0xFFFFD200,0x61946300,0x61936200,0x61926200,0x61916200,0x61906100,0x628E6000,
  0x628C5F00,0x628A5E00,0x62865C00,0x61835A00,0x617E5700,0xFFFFD200,0xFFFFD200,0xFFFFD200,
  0xFFFFD200,0x3E594200,0x3A503C00,0x35483600,0x303E3000,0x2B362900,0x252E2300,0x20261E00,
  0x1A201800,0x161A1400,0x12141000,0x0E100C00,0x0B0C0900,0x08090700,0x06060500,0x04040300,
  0x04040300,0x06060500,0x08090700,0x0B0C0900,0x0E100C00,0x12141000,0x161A1400,0x1A201800,
  0x1F261E00,0x252E2300,0x2B362900,0x303E2F00,0x35473500,0x3A503C00,0x3E594200,0xFFFFD200,
  0xFFFFD200,0xFFFFD200,0xFFFFD200,0x617E5700,0x61835900,0x62865C00,0x62895E00,0x618C5F00,
  0x618D6000,0x61906000,0x61916100,0x61926200,0x60926200,0x60946300,0xFFFFD200,0xFFFFD200,
  0x60946300,0x60946300,0x60946300,0x60946300,0x60946300,0x60946300,0x60946300,0x60946300,
  0xFFFFD200,0xFFFFD200,0x60946300,0x60926200,0x61926200,0x61916100,0x61906000,0x618D6000,
  0x618C5F00,0x62895E00,0x62865C00,0x61835900,0x617E5700,0xFFFFD200,0xFFFFD200,0xFFFFD200,
  0xFFFFD200,0x3E594200,0x3A503C00,0x35473500,0x303E2F00,0x2B362900,0x252E2300,0x1F261E00,
  0x1A201800,0x161A1400,0x12141000,0x0E100C00,0x0B0C0900,0x08090700,0x06060500,0x04040300,
  0x04040300,0x06060500,0x08090700,0x0B0C0900,0x0E100C00,0x12141000,0x161A1400,0x1A201800,
  0x1F261E00,0x242E2300,0x2B362900,0x303E2F00,0x35473500,0x3A503B00,0x3E584100,0xFFFFD200,
  0xFFFFD200,0xFFFFD200,0xFFFFD200,0x617E5700,0x61835900,0x62865B00,0x62895E00,0x628B5E00,
  0x618D6000,0x618F6000,0x61906100,0x60916200,0x60926200,0x60936200,0xFFFFD200,0xFFFFD200,
  0x60936300,0x60946300,0x60946300,0x60946300,0x60946300,0x60946300,0x60946300,0x60936300,
  0xFFFFD200,0xFFFFD200,0x60936200,0x60926200,0x60916200,0x61906100,0x618F6000,0x618D6000,
  0x628B5E00,0x62895E00,0x62865B00,0x61835900,0x617E5700,0xFFFFD200,0xFFFFD200,0xFFFFD200,
  0xFFFFD200,0x3E584100,0x3A503B00,0x35473500,0x303E2F00,0x2B362900,0x242E2300,0x1F261E00,
  0x1A201800,0x161A1400,0x12141000,0x0E100C00,0x0B0C0900,0x08090700,0x06060500,0x04040300,
  0x04040300,0x06060500,0x08090700,0x0B0C0900,0x0E100C00,0x12141000,0x161A1400,0x1A201800,
  0x1F261E00,0x242D2300,0x2A362900,0x303E2F00,0x35473500,0x3A4F3B00,0x3E584100,0xFFFFD200,
  0xFFFFD200,0xFFFFD200,0xFFFFD200,0x617E5700,0x61825900,0x62865B00,0x62885E00,0x628B5E00,
  0x628D6000,0x618E6000,0x618F6100,0x61916200,0x60926200,0x60926200,0xFFFFD200,0xFFFFD200,
  0xFFFFD200,0xFFFFD200,0xFFFFD200,0xFFFFD200,0xFFFFD200,0xFFFFD200,0xFFFFD200,0xFFFFD200,
  0xFFFFD200,0xFFFFD200,0x60926200,0x60926200,0x61916200,0x618F6100,0x618E6000,0x628D6000,
  0x628B5E00,0x62885E00,0x62865B00,0x61825900,0x617E5700,0xFFFFD200,0xFFFFD200,0xFFFFD200,
  0xFFFFD200,0x3E584100,0x3A4F3B00,0x35473500,0x303E2F00,0x2A362900,0x242D2300,0x1F261E00,
  0x1A201800,0x161A1400,0x12141000,0x0E100C00,0x0B0C0900,0x08090700,0x06060500,0x04040300,
  0x04040300,0x06060500,0x08090700,0x0B0C0900,0x0E100C00,0x12141000,0x16191400,0x1A1F1800,
  0x1F251D00,0x242D2200,0x2A352900,0x303D2F00,0x35463500,0x3A4F3B00,0x3E574100,0xFFFFD200,
  0xFFFFD200,0xFFFFD200,0xFFFFD200,0x617E5700,0x61815900,0x62865B00,0x63885E00,0x628B5E00,
  0x628D6000,0x618E6000,0x61906000,0x61906100,0x61916200,0x61926200,0x60926200,0xFFFFD200,
  0xFFFFD200,0xFFFFD200,0xFFFFD200,0xFFFFD200,0xFFFFD200,0xFFFFD200,0xFFFFD200,0xFFFFD200,
  0xFFFFD200,0x60926200,0x61926200,0x61916200,0x61906100,0x61906000,0x618E6000,0x628D6000,
  0x628B5E00,0x63885E00,0x62865B00,0x61815900,0x617E5700,0xFFFFD200,0xFFFFD200,0xFFFFD200,
  0xFFFFD200,0x3E574100,0x3A4F3B00,0x35463500,0x303D2F00,0x2A352900,0x242D2200,0x1F251D00,
  0x1A1F1800,0x16191400,0x12141000,0x0E100C00,0x0B0C0900,0x08090700,0x06060500,0x04040300,
  0x04040300,0x06060500,0x08090700,0x0B0C0900,0x0E0F0C00,0x12130F00,0x15191300,0x1A1F1700,
  0x1F251D00,0x242D2200,0x2A352800,0x303D2E00,0x35463500,0x3A4E3B00,0x3E564000,0xFFFFD200,
  0xFFFFD200,0xFFFFD200,0xFFFFD200,0x617D5600,0x62815900,0x63855B00,0x63885D00,0x638A5E00,
  0x638C5F00,0x628D6000,0x628F6000,0x61906100,0x61906100,0x61916200,0x61916200,0x60926200,
  0x60926200,0x60926200,0x60926200,0x60926200,0x60926200,0x60926200,0x60926200,0x60926200,
  0x60926200,0x61916200,0x61916200,0x61906100,0x61906100,0x628F6000,0x628D6000,0x638C5F00,
  0x638A5E00,0x63885D00,0x63855B00,0x62815900,0x617D5600,0xFFFFD200,0xFFFFD200,0xFFFFD200,
  0xFFFFD200,0x3E564000,0x3A4E3B00,0x35463500,0x303D2E00,0x2A352800,0x242D2200,0x1F251D00,
  0x1A1F1700,0x15191300,0x12130F00,0x0E0F0C00,0x0B0C0900,0x08090700,0x06060500,0x04040300,
  0x04040300,0x06060500,0x08080700,0x0A0B0900,0x0D0F0B00,0x11130F00,0x15191300,0x191F1700,
  0x1F241D00,0x242C2200,0x2A342800,0x2F3C2E00,0x35453400,0x3A4D3A00,0x3E554000,0xFFFFD200,
  0xFFFFD200,0xFFFFD200,0xFFFFD200,0x617C5600,0x62815900,0x64845B00,0x64875D00,0x64895E00,
  0x648B5F00,0x638D6000,0x628D6000,0x618F6100,0x61906100,0x61906200,0x61906200,0x61916200,
  0x61906200,0x61916200,0x60916100,0x61916100,0x61916100,0x60916100,0x61916200,0x61906200,
  0x61916200,0x61906200,0x61906200,0x61906100,0x618F6100,0x628D6000,0x638D6000,0x648B5F00,
  0x64895E00,0x64875D00,0x64845B00,0x62815900,0x617C5600,0xFFFFD200,0xFFFFD200,0xFFFFD200,
  0xFFFFD200,0x3E554000,0x3A4D3A00,0x35453400,0x2F3C2E00,0x2A342800,0x242C2200,0x1F241D00,
  0x191F1700,0x15191300,0x11130F00,0x0D0F0B00,0x0A0B0900,0x08080700,0x06060500,0x04040300,
  0x04040300,0x06060500,0x07080600,0x0A0B0800,0x0D0F0B00,0x11130F00,0x15181300,0x191E1700,
  0x1E241C00,0x232B2100,0x29332700,0x2F3B2D00,0x34443300,0x394C3900,0x3E543F00,0xFFFFD200,
  0xFFFFD200,0xFFFFD200,0xFFFFD200,0x617B5600,0x637F5800,0x64835A00,0x65865C00,0x65895E00,
  0x648A5E00,0x648B5F00,0x638D6000,0x628D6000,0x628E6000,0x62906100,0x61906100,0x61906100,
  0x61906100,0x61906100,0x618F6100,0x61906100,0x61906100,0x618F6100,0x61906100,0x61906100,
  0x61906100,0x61906100,0x62906100,0x628E6000,0x628D6000,0x638D6000,0x648B5F00,0x648A5E00,
  0x65895E00,0x65865C00,0x64835A00,0x637F5800,0x617B5600,0xFFFFD200,0xFFFFD200,0xFFFFD200,
  0xFFFFD200,0x3E543F00,0x394C3900,0x34443300,0x2F3B2D00,0x29332700,0x232B2100,0x1E241C00,
  0x191E1700,0x15181300,0x11130F00,0x0D0F0B00,0x0A0B0800,0x07080600,0x06060500,0x04040300,
  0x04040300,0x05050400,0x07080600,0x0A0B0800,0x0D0E0B00,0x11120E00,0x15181200,0x181D1600,
  0x1E231C00,0x232A2100,0x29322700,0x2E3A2D00,0x34433300,0x394B3900,0x3D533E00,0xFFFFD200,
  0xFFFFD200,0xFFFFD200,0xFFFFD200,0x62795500,0x637E5700,0x64815A00,0x65845C00,0x65875D00,
  0x65895E00,0x658A5E00,0x648B5F00,0x638C6000,0x638D6000,0x638D6100,0x628E6000,0x628E6000,
  0x628E6000,0x618E6000,0x618E6000,0x618E6000,0x618E6000,0x618E6000,0x618E6000,0x628E6000,
  0x628E6000,0x628E6000,0x638D6100,0x638D6000,0x638C6000,0x648B5F00,0x658A5E00,0x65895E00,
  0x65875D00,0x65845C00,0x64815A00,0x637E5700,0x62795500,0xFFFFD200,0xFFFFD200,0xFFFFD200,
  0xFFFFD200,0x3D533E00,0x394B3900,0x34433300,0x2E3A2D00,0x29322700,0x232A2100,0x1E231C00,
  0x181D1600,0x15181200,0x11120E00,0x0D0E0B00,0x0A0B0800,0x07080600,0x05050400,0x04040300,
  0x03030300,0x05050400,0x07080600,0x0A0A0800,0x0D0E0B00,0x10120E00,0x14171200,0x181C1600,
  0x1D221B00,0x22292000,0x28312600,0x2D382C00,0x33413100,0x38493700,0x3D513D00,0xFFFFD200,
  0xFFFFD200,0xFFFFD200,0xFFFFD200,0x61785400,0x637C5600,0x65805900,0x65835B00,0x66855C00,
  0x66875D00,0x65895E00,0x65895E00,0x648B5F00,0x638B5F00,0x638C6000,0x638C6000,0x638C6000,
  0x628C6000,0x628C6000,0x618C5F00,0x628C5F00,0x628C5F00,0x618C5F00,0x628C6000,0x628C6000,
  0x638C6000,0x638C6000,0x638C6000,0x638B5F00,0x648B5F00,0x65895E00,0x65895E00,0x66875D00,
  0x66855C00,0x65835B00,0x65805900,0x637C5600,0x61785400,0xFFFFD200,0xFFFFD200,0xFFFFD200,
  0xFFFFD200,0x3D513D00,0x38493700,0x33413100,0x2D382C00,0x28312600,0x22292000,0x1D221B00,
  0x181C1600,0x14171200,0x10120E00,0x0D0E0B00,0x0A0A0800,0x07080600,0x05050400,0x03030300,
  0x03030300,0x05050400,0x07070600,0x090A0800,0x0C0D0A00,0x10110E00,0x13161100,0x171B1500,
  0x1C211A00,0x21281F00,0x272F2500,0x2C372A00,0x323F3000,0x37473600,0x3C4E3B00,0xFFFFD200,
  0xFFFFD200,0xFFFFD200,0xFFFFD200,0x61765300,0x637A5500,0x647E5700,0x65815900,0x65835B00,
  0x66845C00,0x65865C00,0x65875D00,0x64885E00,0x64885E00,0x648A5E00,0x638A5E00,0x638A5E00,
  0x628A5E00,0x628A5E00,0x628A5E00,0x628A5E00,0x628A5E00,0x628A5E00,0x628A5E00,0x628A5E00,
  0x638A5E00,0x638A5E00,0x648A5E00,0x64885E00,0x64885E00,0x65875D00,0x65865C00,0x66845C00,
  0x65835B00,0x65815900,0x647E5700,0x637A5500,0x61765300,0xFFFFD200,0xFFFFD200,0xFFFFD200,
  0xFFFFD200,0x3C4E3B00,0x37473600,0x323F3000,0x2C372A00,0x272F2500,0x21281F00,0x1C211A00,
  0x171B1500,0x13161100,0x10110E00,0x0C0D0A00,0x090A0800,0x07070600,0x05050400,0x03030300,
  0x03030200,0x05050400,0x06070500,0x090A0700,0x0C0D0A00,0x0F100D00,0x13151100,0x161A1400,
  0x1B1F1900,0x20261E00,0x262D2300,0x2B342900,0x303D2E00,0x35443400,0x3A4C3900,0xFFFFD200,
  0xFFFFD200,0xFFFFD200,0xFFFFD200,0x61735100,0x62775400,0x637B5600,0x647E5800,0x65805900,
  0x65815A00,0x65835B00,0x65845C00,0x64855C00,0x63865C00,0x63865D00,0x63865D00,0x63875D00,
  0x62865D00,0x62875C00,0x61865C00,0x62865C00,0x62865C00,0x61865C00,0x62875C00,0x62865D00,
  0x63875D00,0x63865D00,0x63865D00,0x63865C00,0x64855C00,0x65845C00,0x65835B00,0x65815A00,
  0x65805900,0x647E5800,0x637B5600,0x62775400,0x61735100,0xFFFFD200,0xFFFFD200,0xFFFFD200,
  0xFFFFD200,0x3A4C3900,0x35443400,0x303D2E00,0x2B342900,0x262D2300,0x20261E00,0x1B1F1900,
  0x161A1400,0x13151100,0x0F100D00,0x0C0D0A00,0x090A0700,0x06070500,0x05050400,0x03030200,
  0x03030200,0x05050400,0x06070500,0x08090700,0x0B0C0900,0x0E0F0C00,0x12141000,0x15191300,
  0x1A1E1800,0x1F241C00,0x242B2200,0x29322700,0x2F3A2C00,0x34413200,0x38483700,0xFFFFD200,
  0xFFFFD200,0xFFFFD200,0xFFFFD200,0x5F704F00,0x61745100,0x62775400,0x637A5600,0x637C5600,
  0x647E5800,0x64805900,0x64815900,0x63815A00,0x63825A00,0x63835A00,0x62835B00,0x62835B00,
  0x61835B00,0x61835A00,0x61835A00,0x61835A00,0x61835A00,0x61835A00,0x61835A00,0x61835B00,
  0x62835B00,0x62835B00,0x63835A00,0x63825A00,0x63815A00,0x64815900,0x64805900,0x647E5800,
  0x637C5600,0x637A5600,0x62775400,0x61745100,0x5F704F00,0xFFFFD200,0xFFFFD200,0xFFFFD200,
  0xFFFFD200,0x38483700,0x34413200,0x2F3A2C00,0x29322700,0x242B2200,0x1F241C00,0x1A1E1800,
  0x15191300,0x12141000,0x0E0F0C00,0x0B0C0900,0x08090700,0x06070500,0x05050400,0x03030200,
  0x03030200,0x04040300,0x06060500,0x08090700,0x0B0B0900,0x0E0F0C00,0x11130F00,0x14181200,
  0x191C1700,0x1D221B00,0x23292000,0x282F2500,0x2D372A00,0x313E3000,0x36443400,0xFFFFD200,
  0xFFFFD200,0xFFFFD200,0xFFFFD200,0x5D6D4D00,0x5F704F00,0x60745100,0x61765300,0x62795400,
  0x627A5500,0x627C5600,0x627C5600,0x627E5700,0x617E5800,0x617E5800,0x617E5800,0x617F5800,
  0x617F5800,0x617F5800,0x607F5700,0x617F5700,0x617F5700,0x607F5700,0x617F5800,0x617F5800,
  0x617F5800,0x617E5800,0x617E5800,0x617E5800,0x627E5700,0x627C5600,0x627C5600,0x627A5500,
  0x62795400,0x61765300,0x60745100,0x5F704F00,0x5D6D4D00,0xFFFFD200,0xFFFFD200,0xFFFFD200,
  0xFFFFD200,0x36443400,0x313E3000,0x2D372A00,0x282F2500,0x23292000,0x1D221B00,0x191C1700,
  0x14181200,0x11130F00,0x0E0F0C00,0x0B0B0900,0x08090700,0x06060500,0x04040300,0x03030200,
  0x03030200,0x04040300,0x05060400,0x07080600,0x0A0B0800,0x0D0E0B00,0x10120E00,0x13161100,
  0x171A1500,0x1C201900,0x21261E00,0x252C2300,0x2A332800,0x2F3A2D00,0x33403100,0xFFFFD200,
  0xFFFFD200,0xFFFFD200,0xFFFFD200,0xFFFFD200,0xFFFFD200,0xFFFFD200,0xFFFFD200,0xFFFFD200,
  0xFFFFD200,0xFFFFD200,0xFFFFD200,0xFFFFD200,0xFFFFD200,0xFFFFD200,0xFFFFD200,0xFFFFD200,
  0xFFFFD200,0xFFFFD200,0xFFFFD200,0xFFFFD200,0xFFFFD200,0xFFFFD200,0xFFFFD200,0xFFFFD200,
  0xFFFFD200,0xFFFFD200,0xFFFFD200,0xFFFFD200,0xFFFFD200,0xFFFFD200,0xFFFFD200,0xFFFFD200,
  0xFFFFD200,0xFFFFD200,0xFFFFD200,0xFFFFD200,0xFFFFD200,0xFFFFD200,0xFFFFD200,0xFFFFD200,
  0xFFFFD200,0x33403100,0x2F3A2D00,0x2A332800,0x252C2300,0x21261E00,0x1C201900,0x171A1500,
  0x13161100,0x10120E00,0x0D0E0B00,0x0A0B0800,0x07080600,0x05060400,0x04040300,0x03030200,
  0x02020200,0x04040300,0x05050400,0x07070600,0x090A0800,0x0C0D0A00,0x0F100D00,0x12141000,
  0x16191400,0x1A1E1700,0x1F241C00,0x23292000,0x28302500,0x2C362A00,0x303C2E00,0xFFFFD200,
  0xFFFFD200,0xFFFFD200,0xFFFFD200,0xFFFFD200,0xFFFFD200,0xFFFFD200,0xFFFFD200,0xFFFFD200,
  0xFFFFD200,0xFFFFD200,0xFFFFD200,0xFFFFD200,0xFFFFD200,0xFFFFD200,0xFFFFD200,0xFFFFD200,
  0xFFFFD200,0xFFFFD200,0xFFFFD200,0xFFFFD200,0xFFFFD200,0xFFFFD200,0xFFFFD200,0xFFFFD200,
  0xFFFFD200,0xFFFFD200,0xFFFFD200,0xFFFFD200,0xFFFFD200,0xFFFFD200,0xFFFFD200,0xFFFFD200,
  0xFFFFD200,0xFFFFD200,0xFFFFD200,0xFFFFD200,0xFFFFD200,0xFFFFD200,0xFFFFD200,0xFFFFD200,
  0xFFFFD200,0x303C2E00,0x2C362A00,0x28302500,0x23292000,0x1F241C00,0x1A1E1700,0x16191400,
  0x12141000,0x0F100D00,0x0C0D0A00,0x090A0800,0x07070600,0x05050400,0x04040300,0x02020200,
  0x02020200,0x03030300,0x04050400,0x06070500,0x08090700,0x0B0C0900,0x0E0F0C00,0x10130E00,
  0x14171200,0x181C1600,0x1C211A00,0x21261E00,0x252C2200,0x29322700,0x2D372B00,0x313D2F00,
  0xFFFFD200,0xFFFFD200,0xFFFFD200,0xFFFFD200,0xFFFFD200,0xFFFFD200,0xFFFFD200,0xFFFFD200,
  0xFFFFD200,0xFFFFD200,0xFFFFD200,0xFFFFD200,0xFFFFD200,0xFFFFD200,0xFFFFD200,0xFFFFD200,
  0xFFFFD200,0xFFFFD200,0xFFFFD200,0xFFFFD200,0xFFFFD200,0xFFFFD200,0xFFFFD200,0xFFFFD200,
  0xFFFFD200,0xFFFFD200,0xFFFFD200,0xFFFFD200,0xFFFFD200,0xFFFFD200,0xFFFFD200,0xFFFFD200,
  0xFFFFD200,0xFFFFD200,0xFFFFD200,0xFFFFD200,0xFFFFD200,0xFFFFD200,0xFFFFD200,0xFFFFD200,
  0x313D2F00,0x2D372B00,0x29322700,0x252C2200,0x21261E00,0x1C211A00,0x181C1600,0x14171200,
  0x10130E00,0x0E0F0C00,0x0B0C0900,0x08090700,0x06070500,0x04050400,0x03030300,0x02020200,
  0x02020100,0x03030200,0x04040300,0x06060500,0x08080600,0x0A0A0800,0x0C0E0B00,0x0F110D00,
  0x12151100,0x16191400,0x1A1E1800,0x1E231B00,0x22281F00,0x262D2400,0x2A332700,0x2E382B00,
  0x313D2F00,0xFFFFD200,0xFFFFD200,0xFFFFD200,0xFFFFD200,0xFFFFD200,0xFFFFD200,0xFFFFD200,
  0xFFFFD200,0xFFFFD200,0xFFFFD200,0xFFFFD200,0xFFFFD200,0xFFFFD200,0xFFFFD200,0xFFFFD200,
  0xFFFFD200,0xFFFFD200,0xFFFFD200,0xFFFFD200,0xFFFFD200,0xFFFFD200,0xFFFFD200,0xFFFFD200,
  0xFFFFD200,0xFFFFD200,0xFFFFD200,0xFFFFD200,0xFFFFD200,0xFFFFD200,0xFFFFD200,0xFFFFD200,
  0xFFFFD200,0xFFFFD200,0xFFFFD200,0xFFFFD200,0xFFFFD200,0xFFFFD200,0xFFFFD200,0x313D2F00,
  0x2E382B00,0x2A332700,0x262D2400,0x22281F00,0x1E231B00,0x1A1E1800,0x16191400,0x12151100,
  0x0F110D00,0x0C0E0B00,0x0A0A0800,0x08080600,0x06060500,0x04040300,0x03030200,0x02020100,
  0x02020100,0x03030200,0x04040300,0x05050400,0x07070600,0x09090700,0x0B0C0A00,0x0E0F0C00,
  0x10120F00,0x14171200,0x181B1500,0x1B1F1900,0x1F241C00,0x23292000,0x262E2400,0x2A332700,
  0x2D372B00,0x313C2E00,0x33413200,0x36443500,0x39483700,0x3A4C3A00,0x3C4E3C00,0x3D513D00,
  0x3E533F00,0x3F544000,0x3F564000,0x3F574100,0x3F574200,0x3F584200,0x3F584200,0x3F584200,
  0x3F584200,0x3F584200,0x3E584200,0x3E584200,0x3E584200,0x3E584200,0x3F584200,0x3F584200,
  0x3F584200,0x3F584200,0x3F584200,0x3F574200,0x3F574100,0x3F564000,0x3F544000,0x3E533F00,
  0x3D513D00,0x3C4E3C00,0x3A4C3A00,0x39483700,0x36443500,0x33413200,0x313C2E00,0x2D372B00,
  0x2A332700,0x262E2400,0x23292000,0x1F241C00,0x1B1F1900,0x181B1500,0x14171200,0x10120F00,
  0x0E0F0C00,0x0B0C0A00,0x09090700,0x07070600,0x05050400,0x04040300,0x03030200,0x02020100,
  0x01010100,0x02020200,0x03030300,0x04050400,0x06060500,0x08080700,0x0A0B0900,0x0C0D0B00,
  0x0F100D00,0x12141000,0x15181300,0x181C1600,0x1C201900,0x20251D00,0x23292000,0x262E2300,
  0x29322700,0x2C362A00,0x2F3A2D00,0x323D3000,0x34413200,0x35443400,0x37473600,0x38493800,
  0x394B3900,0x3A4C3A00,0x3A4D3B00,0x3A4E3B00,0x3A4F3C00,0x3B503C00,0x3A503C00,0x3B503C00,
  0x3A503C00,0x3A503C00,0x3A503C00,0x3A503C00,0x3A503C00,0x3A503C00,0x3A503C00,0x3A503C00,
  0x3B503C00,0x3A503C00,0x3B503C00,0x3A4F3C00,0x3A4E3B00,0x3A4D3B00,0x3A4C3A00,0x394B3900,
  0x38493800,0x37473600,0x35443400,0x34413200,0x323D3000,0x2F3A2D00,0x2C362A00,0x29322700,
  0x262E2300,0x23292000,0x20251D00,0x1C201900,0x181C1600,0x15181300,0x12141000,0x0F100D00,
  0x0C0D0B00,0x0A0B0900,0x08080700,0x06060500,0x04050400,0x03030300,0x02020200,0x01010100,
  0x01010100,0x02020200,0x03030200,0x04040300,0x05050400,0x07070600,0x090A0800,0x0B0C0900,
  0x0D0E0C00,0x10120E00,0x13151100,0x16191300,0x191C1600,0x1C201A00,0x1F241C00,0x22281F00,
  0x252C2200,0x28302500,0x2A332800,0x2D362A00,0x2F392D00,0x303C2F00,0x323F3000,0x33413200,
  0x34423300,0x35443400,0x35453400,0x35463500,0x35463600,0x36473600,0x35473600,0x36473600,
  0x35473600,0x35473600,0x35473600,0x35473600,0x35473600,0x35473600,0x35473600,0x35473600,
  0x36473600,0x35473600,0x36473600,0x35463600,0x35463500,0x35453400,0x35443400,0x34423300,
  0x33413200,0x323F3000,0x303C2F00,0x2F392D00,0x2D362A00,0x2A332800,0x28302500,0x252C2200,
  0x22281F00,0x1F241C00,0x1C201A00,0x191C1600,0x16191300,0x13151100,0x10120E00,0x0D0E0C00,
  0x0B0C0900,0x090A0800,0x07070600,0x05050400,0x04040300,0x03030200,0x02020200,0x01010100,
  0x01010100,0x02020100,0x02030200,0x03030300,0x05050400,0x06060500,0x07080700,0x090A0800,
  0x0B0C0A00,0x0E0F0C00,0x10120E00,0x13151100,0x16191300,0x191C1600,0x1B1F1900,0x1E231B00,
  0x21261E00,0x23292000,0x252D2300,0x282F2500,0x2A322700,0x2B352900,0x2D372A00,0x2E392C00,
  0x2E3A2D00,0x2F3B2E00,0x2F3C2E00,0x303D2F00,0x303E2F00,0x303E3000,0x303E3000,0x303F3000,
  0x303F3000,0x303F3000,0x303F3000,0x303F3000,0x303F3000,0x303F3000,0x303F3000,0x303F3000,
  0x303F3000,0x303E3000,0x303E3000,0x303E2F00,0x303D2F00,0x2F3C2E00,0x2F3B2E00,0x2E3A2D00,
  0x2E392C00,0x2D372A00,0x2B352900,0x2A322700,0x282F2500,0x252D2300,0x23292000,0x21261E00,
  0x1E231B00,0x1B1F1900,0x191C1600,0x16191300,0x13151100,0x10120E00,0x0E0F0C00,0x0B0C0A00,
  0x090A0800,0x07080700,0x06060500,0x05050400,0x03030300,0x02030200,0x02020100,0x01010100,
  0x01010100,0x01010100,0x02020200,0x03030200,0x04040300,0x05050400,0x06070600,0x08090700,
  0x0A0A0900,0x0C0D0A00,0x0E0F0C00,0x10120E00,0x13151100,0x15181300,0x171B1500,0x1A1E1700,
  0x1C211A00,0x1E231C00,0x20261E00,0x23292000,0x242B2200,0x262D2300,0x272F2500,0x28312600,
  0x29322700,0x2A332800,0x2A342800,0x2A352900,0x2A352900,0x2B362900,0x2A362900,0x2B362A00,
  0x2B362A00,0x2B362A00,0x2A362900,0x2A362900,0x2A362900,0x2A362900,0x2B362A00,0x2B362A00,
  0x2B362A00,0x2A362900,0x2B362900,0x2A352900,0x2A352900,0x2A342800,0x2A332800,0x29322700,
  0x28312600,0x272F2500,0x262D2300,0x242B2200,0x23292000,0x20261E00,0x1E231C00,0x1C211A00,
  0x1A1E1700,0x171B1500,0x15181300,0x13151100,0x10120E00,0x0E0F0C00,0x0C0D0A00,0x0A0A0900,
  0x08090700,0x06070600,0x05050400,0x04040300,0x03030200,0x02020200,0x01010100,0x01010100,
  0x01010000,0x01010100,0x02020100,0x02020200,0x03030300,0x04040300,0x05060500,0x07070600,
  0x08090700,0x0A0B0900,0x0C0D0A00,0x0E0F0C00,0x10120E00,0x12141000,0x14161200,0x16191400,
  0x181C1600,0x1A1E1800,0x1C201900,0x1E221B00,0x1F241D00,0x20261E00,0x22281F00,0x23292000,
  0x232A2100,0x242B2200,0x242C2200,0x252D2300,0x252D2300,0x252E2300,0x252E2300,0x252E2400,
  0x252E2400,0x252E2300,0x252E2300,0x252E2300,0x252E2300,0x252E2300,0x252E2300,0x252E2400,
  0x252E2400,0x252E2300,0x252E2300,0x252D2300,0x252D2300,0x242C2200,0x242B2200,0x232A2100,
  0x23292000,0x22281F00,0x20261E00,0x1F241D00,0x1E221B00,0x1C201900,0x1A1E1800,0x181C1600,
  0x16191400,0x14161200,0x12141000,0x10120E00,0x0E0F0C00,0x0C0D0A00,0x0A0B0900,0x08090700,
  0x07070600,0x05060500,0x04040300,0x03030300,0x02020200,0x02020100,0x01010100,0x01010000,
  0x01010000,0x01010100,0x01010100,0x02020200,0x03030200,0x03040300,0x04050400,0x05060500,
  0x07070600,0x08090700,0x0A0B0900,0x0B0D0A00,0x0D0F0C00,0x0F110D00,0x11130F00,0x13151100,
  0x14171200,0x16191400,0x171B1500,0x191D1700,0x1A1E1800,0x1B201900,0x1C211A00,0x1D231B00,
  0x1E241C00,0x1F241C00,0x1F251D00,0x1F251D00,0x20261E00,0x20261E00,0x20261E00,0x20271E00,
  0x20271E00,0x20271E00,0x20271E00,0x20271E00,0x20271E00,0x20271E00,0x20271E00,0x20271E00,
  0x20271E00,0x20261E00,0x20261E00,0x20261E00,0x1F251D00,0x1F251D00,0x1F241C00,0x1E241C00,
  0x1D231B00,0x1C211A00,0x1B201900,0x1A1E1800,0x191D1700,0x171B1500,0x16191400,0x14171200,
  0x13151100,0x11130F00,0x0F110D00,0x0D0F0C00,0x0B0D0A00,0x0A0B0900,0x08090700,0x07070600,
  0x05060500,0x04050400,0x03040300,0x03030200,0x02020200,0x01010100,0x01010100,0x01010000,
  0x00000000,0x01010100,0x01010100,0x02020100,0x02020200,0x03030200,0x03040300,0x04050400,
  0x05060500,0x07070600,0x08090700,0x090A0800,0x0B0C0A00,0x0C0E0B00,0x0E0F0C00,0x10110E00,
  0x11130F00,0x12141000,0x13161200,0x15181300,0x16191400,0x171A1500,0x181B1600,0x191D1700,
  0x191D1700,0x1A1E1800,0x1A1F1800,0x1A1F1800,0x1B201900,0x1B201900,0x1B201900,0x1B201900,
  0x1B201900,0x1B201900,0x1B201900,0x1B201900,0x1B201900,0x1B201900,0x1B201900,0x1B201900,
  0x1B201900,0x1B201900,0x1B201900,0x1B201900,0x1A1F1800,0x1A1F1800,0x1A1E1800,0x191D1700,
  0x191D1700,0x181B1600,0x171A1500,0x16191400,0x15181300,0x13161200,0x12141000,0x11130F00,
  0x10110E00,0x0E0F0C00,0x0C0E0B00,0x0B0C0A00,0x090A0800,0x08090700,0x07070600,0x05060500,
  0x04050400,0x03040300,0x03030200,0x02020200,0x02020100,0x01010100,0x01010100,0x00000000,
  0x00000000,0x01010000,0x01010100,0x01010100,0x02020100,0x02020200,0x03030200,0x03040300,
  0x04050400,0x05060500,0x07070600,0x08080700,0x090A0800,0x0A0B0900,0x0B0C0A00,0x0D0E0B00,
  0x0E0F0C00,0x0F100D00,0x10120E00,0x11130F00,0x12141000,0x13151100,0x14161200,0x15171300,
  0x15181300,0x16191400,0x16191400,0x16191400,0x161A1400,0x171A1400,0x161A1400,0x171A1500,
  0x171A1500,0x171A1500,0x171A1500,0x171A1500,0x171A1500,0x171A1500,0x171A1500,0x171A1500,
  0x171A1500,0x161A1400,0x171A1400,0x161A1400,0x16191400,0x16191400,0x16191400,0x15181300,
  0x15171300,0x14161200,0x13151100,0x12141000,0x11130F00,0x10120E00,0x0F100D00,0x0E0F0C00,
  0x0D0E0B00,0x0B0C0A00,0x0A0B0900,0x090A0800,0x08080700,0x07070600,0x05060500,0x04050400,
  0x03040300,0x03030200,0x02020200,0x02020100,0x01010100,0x01010100,0x01010000,0x00000000,
  0x00000000,0x00000000,0x01010000,0x01010100,0x01010100,0x02020100,0x02020200,0x03030200,
  0x03040300,0x04050400,0x05060500,0x06070500,0x07080600,0x08090700,0x090A0800,0x0A0B0900,
  0x0B0C0A00,0x0C0D0B00,0x0D0E0C00,0x0E100C00,0x0F100D00,0x10110E00,0x10120F00,0x11130F00,
  0x11131000,0x12141000,0x12141000,0x12151000,0x13151100,0x13151100,0x13151100,0x13151100,
  0x13151100,0x13151100,0x13151100,0x13151100,0x13151100,0x13151100,0x13151100,0x13151100,
  0x13151100,0x13151100,0x13151100,0x13151100,0x12151000,0x12141000,0x12141000,0x11131000,
  0x11130F00,0x10120F00,0x10110E00,0x0F100D00,0x0E100C00,0x0D0E0C00,0x0C0D0B00,0x0B0C0A00,
  0x0A0B0900,0x090A0800,0x08090700,0x07080600,0x06070500,0x05060500,0x04050400,0x03040300,
  0x03030200,0x02020200,0x02020100,0x01010100,0x01010100,0x01010000,0x00000000,0x00000000,
  0x00000000,0x00000000,0x00000000,0x01010100,0x01010100,0x01010100,0x02020100,0x02020200,
  0x02030200,0x04040300,0x04040400,0x05050400,0x06060500,0x06070600,0x07080600,0x08090700,
  0x090A0800,0x0A0A0900,0x0A0B0900,0x0C0C0A00,0x0C0D0A00,0x0D0E0B00,0x0D0E0C00,0x0E0F0C00,
  0x0E0F0C00,0x0F100D00,0x0F100D00,0x0F110D00,0x0F110D00,0x0F110D00,0x0F110D00,0x10110E00,
  0x10110E00,0x10110E00,0x0F110E00,0x10110E00,0x10110E00,0x0F110E00,0x10110E00,0x10110E00,
  0x10110E00,0x0F110D00,0x0F110D00,0x0F110D00,0x0F110D00,0x0F100D00,0x0F100D00,0x0E0F0C00,
  0x0E0F0C00,0x0D0E0C00,0x0D0E0B00,0x0C0D0A00,0x0C0C0A00,0x0A0B0900,0x0A0A0900,0x090A0800,
  0x08090700,0x07080600,0x06070600,0x06060500,0x05050400,0x04040400,0x04040300,0x02030200,
  0x02020200,0x02020100,0x01010100,0x01010100,0x01010100,0x00000000,0x00000000,0x00000000,
  0x00000000,0x00000000,0x00000000,0x00000000,0x01010100,0x01010100,0x01010100,0x02020100,
  0x02020200,0x03030200,0x03030300,0x04040300,0x04050400,0x05050400,0x06060500,0x07070600,
  0x07070600,0x08080700,0x08090700,0x090A0800,0x0A0A0800,0x0A0B0800,0x0B0B0900,0x0B0C0A00,
  0x0B0C0A00,0x0C0D0A00,0x0C0D0A00,0x0C0D0B00,0x0C0D0B00,0x0C0E0B00,0x0C0E0B00,0x0D0E0B00,
  0x0D0E0B00,0x0D0E0B00,0x0D0E0B00,0x0D0E0B00,0x0D0E0B00,0x0D0E0B00,0x0D0E0B00,0x0D0E0B00,
  0x0D0E0B00,0x0C0E0B00,0x0C0E0B00,0x0C0D0B00,0x0C0D0B00,0x0C0D0A00,0x0C0D0A00,0x0B0C0A00,
  0x0B0C0A00,0x0B0B0900,0x0A0B0800,0x0A0A0800,0x090A0800,0x08090700,0x08080700,0x07070600,
  0x07070600,0x06060500,0x05050400,0x04050400,0x04040300,0x03030300,0x03030200,0x02020200,
  0x02020100,0x01010100,0x01010100,0x01010100,0x00000000,0x00000000,0x00000000,0x00000000,
};

#define BR_ICON_FILE_W 72
#define BR_ICON_FILE_H 72
static const unsigned int BR_ICON_FILE[] = {
  0x00000000,0x00000000,0x00000000,0x00000000,0x00000000,0x01010100,0x01010100,0x02020100,
  0x02020200,0x03030200,0x03030300,0x04040300,0x05050400,0x05060500,0x06060500,0x07080600,
  0x08080700,0x090A0800,0x0A0B0800,0x0B0B0900,0x0C0D0A00,0x0D0D0B00,0x0E0F0C00,0x0E0F0C00,
  0x0F100D00,0x10110D00,0x10110E00,0x10120E00,0x10120E00,0x10120F00,0x11130F00,0x11130F00,
  0x11130F00,0x11130F00,0x11130F00,0x11130F00,0x11130F00,0x11130F00,0x11130F00,0x11130F00,
  0x11130F00,0x11130F00,0x10120F00,0x10120E00,0x10120E00,0x10110E00,0x10110D00,0x0F100D00,
  0x0E0F0C00,0x0E0F0C00,0x0D0D0B00,0x0C0D0A00,0x0B0B0900,0x0A0B0800,0x090A0800,0x08080700,
  0x07080600,0x06060500,0x05060500,0x05050400,0x04040300,0x03030300,0x03030200,0x02020200,
  0x02020100,0x01010100,0x01010100,0x00000000,0x00000000,0x00000000,0x00000000,0x00000000,
  0x00000000,0x00000000,0x00000000,0x00000000,0x01010000,0x01010100,0x01010100,0x02020100,
  0x03030200,0x03030300,0x04040300,0x04050400,0x06060500,0x06070600,0x07080700,0x09090700,
  0x0A0A0900,0x0B0C0900,0x0C0D0A00,0x0D0E0B00,0x0E0F0C00,0x0F100D00,0x10120E00,0x11120F00,
  0x11130F00,0x12141000,0x13151100,0x13151100,0x13161100,0x13161200,0x14171200,0x14171200,
  0x14171200,0x14171200,0x14171200,0x14171200,0x14171200,0x14171200,0x14171200,0x14171200,
  0x14171200,0x14171200,0x13161200,0x13161100,0x13151100,0x13151100,0x12141000,0x11130F00,
  0x11120F00,0x10120E00,0x0F100D00,0x0E0F0C00,0x0D0E0B00,0x0C0D0A00,0x0B0C0900,0x0A0A0900,
  0x09090700,0x07080700,0x06070600,0x06060500,0x04050400,0x04040300,0x03030300,0x03030200,
  0x02020100,0x01010100,0x01010100,0x01010000,0x00000000,0x00000000,0x00000000,0x00000000,
  0x00000000,0x00000000,0x00000000,0x01010000,0x01010100,0x01010100,0x02020100,0x02030200,
  0x03030300,0x04040300,0x05050400,0x05060500,0x07070600,0x08090700,0x090A0800,0x0B0C0900,
  0x0C0D0A00,0x0D0F0C00,0x0E100D00,0x10110E00,0x11130F00,0x12141000,0x13151100,0x14161200,
  0x15171300,0x16191300,0x16191400,0x171A1400,0x171A1500,0x171A1500,0x181B1500,0x181B1500,
  0x181B1500,0x181C1600,0x181C1600,0x181C1600,0x181C1600,0x181C1600,0x181C1600,0x181B1500,
  0x181B1500,0x181B1500,0x171A1500,0x171A1500,0x171A1400,0x16191400,0x16191300,0x15171300,
  0x14161200,0x13151100,0x12141000,0x11130F00,0x10110E00,0x0E100D00,0x0D0F0C00,0x0C0D0A00,
  0x0B0C0900,0x090A0800,0x08090700,0x07070600,0x05060500,0x05050400,0x04040300,0x03030300,
  0x02030200,0x02020100,0x01010100,0x01010100,0x01010000,0x00000000,0x00000000,0x00000000,
  0x00000000,0x00000000,0x00000000,0x01010100,0x01010100,0x02020100,0x02020200,0x03030200,
  0x04040300,0x05050400,0x06060500,0x07070600,0x08090700,0x0A0B0900,0x0B0C0A00,0x0D0E0B00,
  0x0E100D00,0x10120E00,0x11130F00,0x13151100,0x14171200,0x15181300,0x171A1500,0x181B1600,
  0x191C1600,0x1A1E1700,0x1A1E1800,0x1B1F1800,0x1B201900,0x1B201900,0x1C211900,0x1C211A00,
  0x1C211A00,0x1C211A00,0x1C211A00,0x1C211A00,0x1C211A00,0x1C211A00,0x1C211A00,0x1C211A00,
  0x1C211A00,0x1C211900,0x1B201900,0x1B201900,0x1B1F1800,0x1A1E1800,0x1A1E1700,0x191C1600,
  0x181B1600,0x171A1500,0x15181300,0x14171200,0x13151100,0x11130F00,0x10120E00,0x0E100D00,
  0x0D0E0B00,0x0B0C0A00,0x0A0B0900,0x08090700,0x07070600,0x06060500,0x05050400,0x04040300,
  0x03030200,0x02020200,0x02020100,0x01010100,0x01010100,0x00000000,0x00000000,0x00000000,
  0x00000000,0x00000000,0x01010000,0x01010100,0x01010100,0x02020200,0x03030200,0x04040300,
  0x04050400,0x06060500,0x07070600,0x08090700,0x0A0B0900,0x0C0D0A00,0x0D0F0C00,0x0F110D00,
  0x11130F00,0x13151100,0x15171200,0x16191400,0x181B1600,0x191D1700,0x1B1F1800,0x1C201A00,
  0x1D221B00,0x1E231B00,0x1E241C00,0x1F251D00,0x1F261D00,0x20261E00,0x20271E00,0x20271E00,
  0x20271E00,0x20271F00,0x20271F00,0x20271F00,0x20271F00,0x20271F00,0x20271F00,0x20271E00,
  0x20271E00,0x20271E00,0x20261E00,0x1F261D00,0x1F251D00,0x1E241C00,0x1E231B00,0x1D221B00,
  0x1C201A00,0x1B1F1800,0x191D1700,0x181B1600,0x16191400,0x15171200,0x13151100,0x11130F00,
  0x0F110D00,0x0D0F0C00,0x0C0D0A00,0x0A0B0900,0x08090700,0x07070600,0x06060500,0x04050400,
  0x04040300,0x03030200,0x02020200,0x01010100,0x01010100,0x01010000,0x00000000,0x00000000,
  0x00000000,0x00000000,0x01010000,0x01010100,0x02020100,0x02020200,0x03030300,0x04050300,
  0x05060500,0x07070600,0x08090700,0x0A0B0900,0x0C0D0A00,0x0E0F0C00,0x10120E00,0x12141000,
  0x14171200,0x16191400,0x181C1600,0x1A1E1800,0x1C211A00,0x1E231B00,0x1F251D00,0x20271E00,
  0x22281F00,0x232A2000,0x232B2100,0x242C2200,0x242D2300,0x252D2300,0x252E2300,0x252E2400,
  0x252E2400,0x252E2400,0x252E2400,0x252F2400,0x252F2400,0x252E2400,0x252E2400,0x252E2400,
  0x252E2400,0x252E2300,0x252D2300,0x242D2300,0x242C2200,0x232B2100,0x232A2000,0x22281F00,
  0x20271E00,0x1F251D00,0x1E231B00,0x1C211A00,0x1A1E1800,0x181C1600,0x16191400,0x14171200,
  0x12141000,0x10120E00,0x0E0F0C00,0x0C0D0A00,0x0A0B0900,0x08090700,0x07070600,0x05060500,
  0x04050300,0x03030300,0x02020200,0x02020100,0x01010100,0x01010000,0x00000000,0x00000000,
  0x00000000,0x01010000,0x01010100,0x01010100,0x02020200,0x03030200,0x04040300,0x05050400,
  0x06070600,0x08090700,0x0A0B0900,0x0C0D0A00,0x0E0F0C00,0x10120F00,0x13151100,0x15181300,
  0x171B1500,0x1A1E1700,0x1C211A00,0x1E231C00,0x20261E00,0x22292000,0x242B2200,0x252D2300,
  0x272F2500,0x28312600,0x28322700,0x29332800,0x29342800,0x2A352900,0x2A352900,0x2A362900,
  0x2A362900,0x2A362A00,0x2A362A00,0x2A362A00,0x2A362A00,0x2A362A00,0x2A362A00,0x2A362900,
  0x2A362900,0x2A352900,0x2A352900,0x29342800,0x29332800,0x28322700,0x28312600,0x272F2500,
  0x252D2300,0x242B2200,0x22292000,0x20261E00,0x1E231C00,0x1C211A00,0x1A1E1700,0x171B1500,
  0x15181300,0x13151100,0x10120F00,0x0E0F0C00,0x0C0D0A00,0x0A0B0900,0x08090700,0x06070600,
  0x05050400,0x04040300,0x03030200,0x02020200,0x01010100,0x01010100,0x01010000,0x00000000,
  0x00000000,0x01010000,0x01010100,0x02020100,0x02030200,0x03030300,0x05050400,0x06060500,
  0x07080700,0x090A0800,0x0B0C0A00,0x0E0F0C00,0x10120E00,0x13151100,0x16191300,0x191C1600,
  0x1B1F1900,0x1E231B00,0x20261E00,0x23292000,0x252D2300,0x272F2500,0x29322700,0x2A352900,
  0x2C372A00,0x2D392C00,0x2E3A2D00,0x2F3B2D00,0x2F3C2E00,0x2F3D2F00,0x2F3D2F00,0x2F3E2F00,
  0x2F3E2F00,0x2F3E3000,0x2F3E3000,0x2F3F3000,0x2F3F3000,0x2F3E3000,0x2F3E3000,0x2F3E2F00,
  0x2F3E2F00,0x2F3D2F00,0x2F3D2F00,0x2F3C2E00,0x2F3B2D00,0x2E3A2D00,0x2D392C00,0x2C372A00,
  0x2A352900,0x29322700,0x272F2500,0x252D2300,0x23292000,0x20261E00,0x1E231B00,0x1B1F1900,
  0x191C1600,0x16191300,0x13151100,0x10120E00,0x0E0F0C00,0x0B0C0A00,0x090A0800,0x07080700,
  0x06060500,0x05050400,0x03030300,0x02030200,0x02020100,0x01010100,0x01010000,0x00000000,
  0x00000000,0x01010000,0x01010100,0x02020200,0x03030200,0x04040300,0x05050400,0x07070600,
  0x090A0800,0x0B0C0900,0x0D0E0C00,0x10120E00,0x13151100,0x16191300,0x191C1600,0x1C201A00,
  0x1F241C00,0x22281F00,0x252C2200,0x28302500,0x2A332800,0x2C362A00,0x2E392C00,0x303C2E00,
  0x313F3000,0x32413200,0x33423300,0x34433300,0x34453400,0x34453500,0x34463500,0x34463500,
  0x34473500,0x34473600,0x34473600,0x34473600,0x34473600,0x34473600,0x34473600,0x34473500,
  0x34463500,0x34463500,0x34453500,0x34453400,0x34433300,0x33423300,0x32413200,0x313F3000,
  0x303C2E00,0x2E392C00,0x2C362A00,0x2A332800,0x28302500,0x252C2200,0x22281F00,0x1F241C00,
  0x1C201A00,0x191C1600,0x16191300,0x13151100,0x10120E00,0x0D0E0C00,0x0B0C0900,0x090A0800,
  0x07070600,0x05050400,0x04040300,0x03030200,0x02020200,0x01010100,0x01010000,0x00000000,
  0x00000000,0x01010100,0x01010100,0x02020200,0x03030300,0x04050400,0x06060500,0x08080700,
  0x0A0B0900,0x0C0D0B00,0x0F100D00,0x12141000,0x15181300,0x191C1600,0x1C201900,0x1F251D00,
  0x23292000,0x262E2300,0x29322700,0x2C362A00,0x2F3A2D00,0x313D2F00,0x33413200,0x35443400,
  0x36473600,0x37493700,0x384A3900,0x394C3900,0x394D3A00,0x394E3B00,0x394E3B00,0x394F3B00,
  0x394F3B00,0x394F3C00,0x384F3C00,0x394F3C00,0x394F3C00,0x384F3C00,0x394F3C00,0x394F3B00,
  0x394F3B00,0x394E3B00,0x394E3B00,0x394D3A00,0x394C3900,0x384A3900,0x37493700,0x36473600,
  0x35443400,0x33413200,0x313D2F00,0x2F3A2D00,0x2C362A00,0x29322700,0x262E2300,0x23292000,
  0x1F251D00,0x1C201900,0x191C1600,0x15181300,0x12141000,0x0F100D00,0x0C0D0B00,0x0A0B0900,
  0x08080700,0x06060500,0x04050400,0x03030300,0x02020200,0x01010100,0x01010100,0x00000000,
  0x00000000,0x01010100,0x02020100,0x03030200,0x04040300,0x05050400,0x07070600,0x09090700,
  0x0B0C0A00,0x0E0F0C00,0x10120F00,0x14171200,0x181B1500,0x1B1F1900,0x1F241C00,0x23292000,
  0x262E2400,0x2A332700,0x2D382B00,0x303C2E00,0x33403200,0x36443500,0x38483700,0x394B3A00,
  0x3B4E3C00,0x3C513D00,0x3C533E00,0x3D543F00,0x3D554000,0x3D564000,0x3D574100,0x3D574100,
  0x3D574100,0x3D584100,0x3C584100,0x3D584100,0x3D584100,0x3C584100,0x3D584100,0x3D574100,
  0x3D574100,0x3D574100,0x3D564000,0x3D554000,0x3D543F00,0x3C533E00,0x3C513D00,0x3B4E3C00,
  0x394B3A00,0x38483700,0x36443500,0x33403200,0x303C2E00,0x2D382B00,0x2A332700,0x262E2400,
  0x23292000,0x1F241C00,0x1B1F1900,0x181B1500,0x14171200,0x10120F00,0x0E0F0C00,0x0B0C0A00,
  0x09090700,0x07070600,0x05050400,0x04040300,0x03030200,0x02020100,0x01010100,0x00000000,
  0x00000000,0x01010100,0x02020100,0x03030200,0x04040300,0x06060500,0x08080600,0x0A0A0800,
  0x0C0E0B00,0x0F110D00,0x12151100,0x16191400,0x1A1E1800,0x1E231B00,0x22281F00,0x262E2400,
  0x2A332700,0x2D382B00,0x313D2F00,0xFFFFD200,0xFFFFD200,0xFFFFD200,0xFFFFD200,0xFFFFD200,
  0xFFFFD200,0xFFFFD200,0xFFFFD200,0xFFFFD200,0xFFFFD200,0xFFFFD200,0xFFFFD200,0xFFFFD200,
  0xFFFFD200,0xFFFFD200,0xFFFFD200,0xFFFFD200,0xFFFFD200,0xFFFFD200,0xFFFFD200,0xFFFFD200,
  0xFFFFD200,0xFFFFD200,0xFFFFD200,0xFFFFD200,0xFFFFD200,0xFFFFD200,0xFFFFD200,0xFFFFD200,
  0xFFFFD200,0xFFFFD200,0xFFFFD200,0xFFFFD200,0xFFFFD200,0x313D2F00,0x2D382B00,0x2A332700,
  0x262E2400,0x22281F00,0x1E231B00,0x1A1E1800,0x16191400,0x12151100,0x0F110D00,0x0C0E0B00,
  0x0A0A0800,0x08080600,0x06060500,0x04040300,0x03030200,0x02020100,0x01010100,0x00000000,
  0x01010000,0x02020100,0x02020200,0x03030300,0x04050400,0x06070500,0x08090700,0x0B0C0900,
  0x0E0F0C00,0x10130E00,0x14171200,0x181C1600,0x1C211A00,0x21261E00,0x252C2200,0x29322700,
  0x2D382B00,0x313E2F00,0xFFFFD200,0xFFFFD200,0xFFFFD200,0xFFFFD200,0xFFFFD200,0xFFFFD200,
  0xFFFFD200,0xFFFFD200,0xFFFFD200,0xFFFFD200,0xFFFFD200,0xFFFFD200,0xFFFFD200,0xFFFFF596,
  0xFFFFF596,0xFFFFF596,0xFFFFD200,0xFFFFD200,0xFFFFD200,0xFFFFD200,0xFFFFD200,0xFFFFD200,
  0xFFFFD200,0xFFFFD200,0xFFFFD200,0xFFFFD200,0xFFFFD200,0xFFFFD200,0xFFFFD200,0xFFFFD200,
  0xFFFFD200,0xFFFFD200,0xFFFFD200,0xFFFFD200,0xFFFFD200,0xFFFFD200,0x313E2F00,0x2D382B00,
  0x29322700,0x252C2200,0x21261E00,0x1C211A00,0x181C1600,0x14171200,0x10130E00,0x0E0F0C00,
  0x0B0C0900,0x08090700,0x06070500,0x04050400,0x03030300,0x02020200,0x02020100,0x01010000,
  0x01010100,0x02020100,0x02020200,0x04040300,0x05050400,0x07070600,0x090A0800,0x0C0D0A00,
  0x0F100D00,0x12141000,0x16191400,0x1A1E1800,0x1F241C00,0x232A2100,0x28302500,0x2C362A00,
  0x313C2E00,0xFFFFD200,0xFFFFD200,0xFFFFD200,0xFFFFD200,0xFFFFD200,0xFFFFD200,0xFFFFD200,
  0xFFFFD200,0xFFFFD200,0xFFFFD200,0xFFFFD200,0xFFFFD200,0xFFFFD200,0xFFFFF596,0xFFFFF596,
  0xFFFFF596,0xFFFFF596,0xFFFFF596,0xFFFFD200,0xFFFFD200,0xFFFFD200,0xFFFFD200,0xFFFFD200,
  0xFFFFD200,0xFFFFD200,0xFFFFD200,0xFFFFD200,0xFFFFD200,0xFFFFD200,0xFFFFD200,0xFFFFD200,
  0xFFFFD200,0xFFFFD200,0xFFFFD200,0xFFFFD200,0xFFFFD200,0xFFFFD200,0xFFFFD200,0x313C2E00,
  0x2C362A00,0x28302500,0x232A2100,0x1F241C00,0x1A1E1800,0x16191400,0x12141000,0x0F100D00,
  0x0C0D0A00,0x090A0800,0x07070600,0x05050400,0x04040300,0x02020200,0x02020100,0x01010100,
  0x01010100,0x02020100,0x03030200,0x04040300,0x05060400,0x07080600,0x0A0B0800,0x0D0E0B00,
  0x10120E00,0x13161100,0x171A1500,0x1C201A00,0x21261E00,0x262D2300,0x2A332800,0x2F3A2D00,
  0x34413200,0xFFFFD200,0xFFFFD200,0xFFFFD200,0xFFFFD200,0xFFFFD200,0xFFFFD200,0xFFFFD200,
  0xFFFFD200,0xFFFFD200,0xFFFFD200,0xFFFFD200,0xFFFFD200,0xFFFFD200,0xFFFFF596,0xFFFFF596,
  0xFFFFF596,0xFFFFF596,0xFFFFF596,0xFFFFD200,0xFFFFD200,0xFFFFD200,0xFFFFD200,0xFFFFD200,
  0xFFFFD200,0xFFFFD200,0xFFFFD200,0xFFFFD200,0xFFFFD200,0xFFFFD200,0xFFFFD200,0xFFFFD200,
  0xFFFFD200,0xFFFFD200,0xFFFFD200,0xFFFFD200,0xFFFFD200,0xFFFFD200,0xFFFFD200,0x34413200,
  0x2F3A2D00,0x2A332800,0x262D2300,0x21261E00,0x1C201A00,0x171A1500,0x13161100,0x10120E00,
  0x0D0E0B00,0x0A0B0800,0x07080600,0x05060400,0x04040300,0x03030200,0x02020100,0x01010100,
  0x01010100,0x02020100,0x03030200,0x04040300,0x06060500,0x08090700,0x0B0B0900,0x0E0F0C00,
  0x11130F00,0x14181200,0x191C1700,0x1D221B00,0x23292000,0x28302500,0x2C372A00,0x313E3000,
  0x36453500,0xFFFFD200,0xFFFFD200,0xFFFFD200,0xFFFFD200,0x5A6C4C00,0x5C704F00,0x5D735100,
  0x5E765300,0x5E785400,0x5E7A5500,0x5E7B5500,0x5E7B5700,0x5E7D5700,0xFFFFF596,0xFFFFF596,
  0xFFFFF596,0xFFFFF596,0xFFFFF596,0x5A7E5600,0x5A7E5600,0x5A7E5600,0x5B7E5700,0x5B7E5700,
  0x5C7E5700,0x5D7D5700,0x5E7D5700,0x5E7B5700,0x5E7B5500,0x5E7A5500,0x5E785400,0x5E765300,
  0x5D735100,0x5C704F00,0x5A6C4C00,0xFFFFD200,0xFFFFD200,0xFFFFD200,0xFFFFD200,0x36453500,
  0x313E3000,0x2C372A00,0x28302500,0x23292000,0x1D221B00,0x191C1700,0x14181200,0x11130F00,
  0x0E0F0C00,0x0B0B0900,0x08090700,0x06060500,0x04040300,0x03030200,0x02020100,0x01010100,
  0x01010100,0x02020200,0x03030200,0x05050400,0x06070500,0x08090700,0x0B0C0900,0x0E0F0C00,
  0x12141000,0x15191300,0x1A1E1800,0x1F241D00,0x242B2200,0x2A322700,0x2F3A2D00,0x33413200,
  0x39493700,0xFFFFD200,0xFFFFD200,0xFFFFD200,0xFFFFD200,0x5C704F00,0x5E745100,0x5E775400,
  0x607A5600,0x607C5700,0x5F7E5800,0x5F7F5800,0x5E805900,0x5E815900,0x5E815A00,0xFFFFF596,
  0xFFFFF596,0xFFFFF596,0x5A815900,0x5B825900,0x5B825900,0x5A815900,0x5C825900,0x5C815900,
  0x5D815900,0x5E815A00,0x5E815900,0x5E805900,0x5F7F5800,0x5F7E5800,0x607C5700,0x607A5600,
  0x5E775400,0x5E745100,0x5C704F00,0xFFFFD200,0xFFFFD200,0xFFFFD200,0xFFFFD200,0x39493700,
  0x33413200,0x2F3A2D00,0x2A322700,0x242B2200,0x1F241D00,0x1A1E1800,0x15191300,0x12141000,
  0x0E0F0C00,0x0B0C0900,0x08090700,0x06070500,0x05050400,0x03030200,0x02020200,0x01010100,
  0x01010100,0x02020200,0x03030200,0x05050400,0x06070500,0x090A0700,0x0C0D0A00,0x0F100D00,
  0x13151100,0x161A1400,0x1B1F1900,0x20261E00,0x262E2300,0x2C352900,0x303D2F00,0x35443500,
  0x3B4C3A00,0xFFFFD200,0xFFFFD200,0xFFFFD200,0xFFFFD200,0x5E735100,0x5F775400,0x607B5600,
  0x617E5800,0x61805900,0x60815A00,0x60825A00,0x5F835B00,0x5E845B00,0x5E855B00,0x5D855B00,
  0x5C855B00,0x5C865B00,0x5A855B00,0x5B855B00,0x5B855B00,0x5A855B00,0x5C865B00,0x5C855B00,
  0x5D855B00,0x5E855B00,0x5E845B00,0x5F835B00,0x60825A00,0x60815A00,0x61805900,0x617E5800,
  0x607B5600,0x5F775400,0x5E735100,0xFFFFD200,0xFFFFD200,0xFFFFD200,0xFFFFD200,0x3B4C3A00,
  0x35443500,0x303D2F00,0x2C352900,0x262E2300,0x20261E00,0x1B1F1900,0x161A1400,0x13151100,
  0x0F100D00,0x0C0D0A00,0x090A0700,0x06070500,0x05050400,0x03030200,0x02020200,0x01010100,
  0x01010100,0x03030200,0x03030300,0x05050400,0x07070600,0x090A0800,0x0C0D0A00,0x10110E00,
  0x13161100,0x171B1500,0x1C211A00,0x22281F00,0x272F2500,0x2D372B00,0x323F3000,0x37473600,
  0x3C4F3C00,0xFFFFD200,0xFFFFD200,0xFFFFD200,0xFFFFD200,0x5E765300,0x607A5600,0x617E5800,
  0x62815A00,0x62835B00,0x60845C00,0x60855C00,0x5F865D00,0x5E875D00,0x5E885C00,0x5D885C00,
  0x5C885C00,0x5B885C00,0x5A885C00,0x5A885C00,0x5A885C00,0x5A885C00,0x5B885C00,0x5C885C00,
  0x5D885C00,0x5E885C00,0x5E875D00,0x5F865D00,0x60855C00,0x60845C00,0x62835B00,0x62815A00,
  0x617E5800,0x607A5600,0x5E765300,0xFFFFD200,0xFFFFD200,0xFFFFD200,0xFFFFD200,0x3C4F3C00,
  0x37473600,0x323F3000,0x2D372B00,0x272F2500,0x22281F00,0x1C211A00,0x171B1500,0x13161100,
  0x10110E00,0x0C0D0A00,0x090A0800,0x07070600,0x05050400,0x03030300,0x03030200,0x01010100,
  0x01010100,0x03030200,0x03030300,0x05050400,0x07080600,0x0A0A0800,0x0D0E0B00,0x10120E00,
  0x14171200,0x181C1600,0x1D221B00,0x22292000,0x28312600,0x2E392C00,0x33413200,0x38493800,
  0x3E513E00,0xFFFFD200,0xFFFFD200,0xFFFFD200,0xFFFFD200,0x5F785400,0x617C5700,0x61805A00,
  0x62835B00,0x62855C00,0x60865D00,0x60885D00,0x5E895E00,0x5E895E00,0x5D8A5E00,0x5C8A5E00,
  0x5B8A5E00,0x5A8A5E00,0x598A5D00,0x598A5D00,0x598A5D00,0x598A5D00,0x5A8A5E00,0x5B8A5E00,
  0x5C8A5E00,0x5D8A5E00,0x5E895E00,0x5E895E00,0x60885D00,0x60865D00,0x62855C00,0x62835B00,
  0x61805A00,0x617C5700,0x5F785400,0xFFFFD200,0xFFFFD200,0xFFFFD200,0xFFFFD200,0x3E513E00,
  0x38493800,0x33413200,0x2E392C00,0x28312600,0x22292000,0x1D221B00,0x181C1600,0x14171200,
  0x10120E00,0x0D0E0B00,0x0A0A0800,0x07080600,0x05050400,0x03030300,0x03030200,0x01010100,
  0x01010100,0x03030200,0x04040300,0x05050400,0x07080600,0x0A0B0800,0x0D0E0B00,0x11120E00,
  0x15181200,0x181D1600,0x1E231C00,0x232A2100,0x29322700,0x2F3A2D00,0x34433300,0x394B3900,
  0x3E533F00,0xFFFFD200,0xFFFFD200,0xFFFFD200,0xFFFFD200,0x5F7A5600,0x617E5800,0x62825A00,
  0x62855D00,0x61875D00,0x60895E00,0x60895E00,0x5E8A5F00,0x5E8C5F00,0x5C8B5F00,0x5B8C5E00,
  0x5A8B5E00,0x598C5E00,0x588B5E00,0x588C5E00,0x588C5E00,0x588B5E00,0x598C5E00,0x5A8B5E00,
  0x5B8C5E00,0x5C8B5F00,0x5E8C5F00,0x5E8A5F00,0x60895E00,0x60895E00,0x61875D00,0x62855D00,
  0x62825A00,0x617E5800,0x5F7A5600,0xFFFFD200,0xFFFFD200,0xFFFFD200,0xFFFFD200,0x3E533F00,
  0x394B3900,0x34433300,0x2F3A2D00,0x29322700,0x232A2100,0x1E231C00,0x181D1600,0x15181200,
  0x11120E00,0x0D0E0B00,0x0A0B0800,0x07080600,0x05050400,0x04040300,0x03030200,0x01010100,
  0x01010100,0x03030200,0x04040300,0x06060500,0x07080600,0x0A0B0800,0x0D0F0B00,0x11130F00,
  0x15181300,0x191E1700,0x1F241C00,0x242B2200,0x2A342800,0x303B2E00,0x35443400,0x3A4D3A00,
  0x3F554000,0xFFFFD200,0xFFFFD200,0xFFFFD200,0xFFFFD200,0x607B5700,0x61805900,0x62835C00,
  0x62865D00,0x61895E00,0x5F8A5F00,0x5F8B5F00,0x5E8C5F00,0x5D8D5F00,0x5B8D5F00,0x5A8E5F00,
  0x598D5F00,0x588D5E00,0x578D5E00,0x578D5E00,0x578D5E00,0x578D5E00,0x588D5E00,0x598D5F00,
  0x5A8E5F00,0x5B8D5F00,0x5D8D5F00,0x5E8C5F00,0x5F8B5F00,0x5F8A5F00,0x61895E00,0x62865D00,
  0x62835C00,0x61805900,0x607B5700,0xFFFFD200,0xFFFFD200,0xFFFFD200,0xFFFFD200,0x3F554000,
  0x3A4D3A00,0x35443400,0x303B2E00,0x2A342800,0x242B2200,0x1F241C00,0x191E1700,0x15181300,
  0x11130F00,0x0D0F0B00,0x0A0B0800,0x07080600,0x06060500,0x04040300,0x03030200,0x01010100,
  0x01010100,0x03030200,0x04040300,0x06060500,0x08080700,0x0A0B0900,0x0D0F0B00,0x11130F00,
  0x15191300,0x191F1700,0x1F241D00,0x242C2300,0x2A352800,0x303C2E00,0x35453500,0x3A4E3B00,
  0x40564100,0xFFFFD200,0xFFFFD200,0xFFFFD200,0xFFFFD200,0x607D5700,0x61815A00,0x61845D00,
  0x62885E00,0x618A5F00,0x5F8C5F00,0x5E8C5F00,0x5E8D6000,0x5C8E6000,0x5B8E6000,0x598E6000,
  0x588E6000,0x578F5F00,0x568E5E00,0x568E5F00,0x568E5F00,0x568E5E00,0x578F5F00,0x588E6000,
  0x598E6000,0x5B8E6000,0x5C8E6000,0x5E8D6000,0x5E8C5F00,0x5F8C5F00,0x618A5F00,0x62885E00,
  0x61845D00,0x61815A00,0x607D5700,0xFFFFD200,0xFFFFD200,0xFFFFD200,0xFFFFD200,0x40564100,
  0x3A4E3B00,0x35453500,0x303C2E00,0x2A352800,0x242C2300,0x1F241D00,0x191F1700,0x15191300,
  0x11130F00,0x0D0F0B00,0x0A0B0900,0x08080700,0x06060500,0x04040300,0x03030200,0x01010100,
  0x01010100,0x03030200,0x04040300,0x06060500,0x08090700,0x0B0C0900,0x0E0F0C00,0x12130F00,
  0x15191300,0x1A1F1700,0x1F251D00,0x252D2300,0x2B352900,0x313D2F00,0x36463500,0x3A4F3C00,
  0x40574200,0xFFFFD200,0xFFFFD200,0xFFFFD200,0xFFFFD200,0x607E5800,0x61825A00,0x61865D00,
  0x62895E00,0x618B6000,0x5F8C6000,0x5E8D6000,0x5D8E6100,0x5C8F6100,0x5A906100,0x59906100,
  0x578F6000,0x568F6000,0x558F5F00,0x558F5F00,0x558F5F00,0x558F5F00,0x568F6000,0x578F6000,
  0x59906100,0x5A906100,0x5C8F6100,0x5D8E6100,0x5E8D6000,0x5F8C6000,0x618B6000,0x62895E00,
  0x61865D00,0x61825A00,0x607E5800,0xFFFFD200,0xFFFFD200,0xFFFFD200,0xFFFFD200,0x40574200,
  0x3A4F3C00,0x36463500,0x313D2F00,0x2B352900,0x252D2300,0x1F251D00,0x1A1F1700,0x15191300,
  0x12130F00,0x0E0F0C00,0x0B0C0900,0x08090700,0x06060500,0x04040300,0x03030200,0x01010100,
  0x01010100,0x03030200,0x04040300,0x06060500,0x08090700,0x0B0C0900,0x0E100C00,0x12141000,
  0x16191400,0x1A1F1800,0x20251D00,0x252D2300,0x2B362900,0x313E2F00,0x36473600,0x3B503C00,
  0x40584200,0xFFFFD200,0xFFFFD200,0xFFFFD200,0xFFFFD200,0x607E5900,0x61835B00,0x61865D00,
  0x61895F00,0x608C6000,0x5E8D6000,0x5E8E6000,0x5D8F6100,0x5B906100,0x5A906100,0x58906000,
  0x57906000,0x56906000,0x558F5F00,0x55906000,0x55906000,0x558F5F00,0x56906000,0x57906000,
  0x58906000,0x5A906100,0x5B906100,0x5D8F6100,0x5E8E6000,0x5E8D6000,0x608C6000,0x61895F00,
  0x61865D00,0x61835B00,0x607E5900,0xFFFFD200,0xFFFFD200,0xFFFFD200,0xFFFFD200,0x40584200,
  0x3B503C00,0x36473600,0x313E2F00,0x2B362900,0x252D2300,0x20251D00,0x1A1F1800,0x16191400,
  0x12141000,0x0E100C00,0x0B0C0900,0x08090700,0x06060500,0x04040300,0x03030200,0x01010100,
  0x01010100,0x03030200,0x04040300,0x06060500,0x08090700,0x0B0C0900,0x0E100C00,0x12141000,
  0x161A1400,0x1A201800,0x20261E00,0x252D2400,0x2B362A00,0x313E3000,0x36483600,0x3B503D00,
  0x40594200,0xFFFFD200,0xFFFFD200,0xFFFFD200,0xFFFFD200,0x5F7F5900,0x61835B00,0x61875D00,
  0x618A5F00,0x608C6000,0x5E8E6100,0x5E8E6100,0x5C8F6100,0x5B906100,0x59906100,0x58916000,
  0x56906000,0x55916000,0x55905F00,0x55915F00,0x55915F00,0x55905F00,0x55916000,0x56906000,
  0x58916000,0x59906100,0x5B906100,0x5C8F6100,0x5E8E6100,0x5E8E6100,0x608C6000,0x618A5F00,
  0x61875D00,0x61835B00,0x5F7F5900,0xFFFFD200,0xFFFFD200,0xFFFFD200,0xFFFFD200,0x40594200,
  0x3B503D00,0x36483600,0x313E3000,0x2B362A00,0x252D2400,0x20261E00,0x1A201800,0x161A1400,
  0x12141000,0x0E100C00,0x0B0C0900,0x08090700,0x06060500,0x04040300,0x03030200,0x01010100,
  0x01010100,0x03030200,0x04040300,0x06060500,0x08090700,0x0B0C0900,0x0E100C00,0x12141000,
  0x161A1400,0x1A201800,0x20261E00,0x252E2400,0x2B372A00,0x313F3000,0x36483600,0x3B513D00,
  0x40594300,0xFFFFD200,0xFFFFD200,0xFFFFD200,0xFFFFD200,0x5F7F5900,0x60845B00,0x61875E00,
  0x618A6000,0x608D6000,0x5E8F6100,0x5E8F6100,0x5C906100,0x5A906100,0x59916100,0x57916100,
  0x56916000,0x55916000,0x55915F00,0x55915F00,0x55915F00,0x55915F00,0x55916000,0x56916000,
  0x57916100,0x59916100,0x5A906100,0x5C906100,0x5E8F6100,0x5E8F6100,0x608D6000,0x618A6000,
  0x61875E00,0x60845B00,0x5F7F5900,0xFFFFD200,0xFFFFD200,0xFFFFD200,0xFFFFD200,0x40594300,
  0x3B513D00,0x36483600,0x313F3000,0x2B372A00,0x252E2400,0x20261E00,0x1A201800,0x161A1400,
  0x12141000,0x0E100C00,0x0B0C0900,0x08090700,0x06060500,0x04040300,0x03030200,0x01010100,
  0x01010100,0x03030200,0x04040300,0x06060500,0x08090700,0x0B0C0900,0x0E100C00,0x12141000,
  0x161A1400,0x1A201800,0x20261E00,0x252E2400,0x2B372A00,0x313F3000,0x36483700,0x3B513D00,
  0x405A4300,0xFFFFD200,0xFFFFD200,0xFFFFD200,0xFFFFD200,0x5F805900,0x60845C00,0x61875E00,
  0x618B6000,0x5F8D6000,0x5E8E6100,0x5E8F6100,0x5C906100,0x5A916100,0x59916100,0x57926100,
  0x56916100,0x55926000,0x55915F00,0x55915F00,0x55915F00,0x55915F00,0x55926000,0x56916100,
  0x57926100,0x59916100,0x5A916100,0x5C906100,0x5E8F6100,0x5E8E6100,0x5F8D6000,0x618B6000,
  0x61875E00,0x60845C00,0x5F805900,0xFFFFD200,0xFFFFD200,0xFFFFD200,0xFFFFD200,0x405A4300,
  0x3B513D00,0x36483700,0x313F3000,0x2B372A00,0x252E2400,0x20261E00,0x1A201800,0x161A1400,
  0x12141000,0x0E100C00,0x0B0C0900,0x08090700,0x06060500,0x04040300,0x03030200,0x01010100,
  0x01010100,0x03030200,0x04040300,0x06060500,0x08090700,0x0B0C0900,0x0E100C00,0x12141000,
  0x161A1400,0x1A201800,0x20261E00,0x252E2400,0x2B372A00,0x313F3000,0x36493700,0x3B513D00,
  0x405A4300,0xFFFFD200,0xFFFFD200,0xFFFFD200,0xFFFFD200,0x5F805A00,0x60845C00,0x60885E00,
  0x608B6000,0xFFFFD200,0xFFFFD200,0xFFFFD200,0xFFFFD200,0xFFFFD200,0xFFFFD200,0xFFFFD200,
  0xFFFFD200,0xFFFFD200,0xFFFFD200,0xFFFFD200,0xFFFFD200,0xFFFFD200,0xFFFFD200,0xFFFFD200,
  0xFFFFD200,0xFFFFD200,0xFFFFD200,0xFFFFD200,0xFFFFD200,0xFFFFD200,0xFFFFD200,0x608B6000,
  0x60885E00,0x60845C00,0x5F805A00,0xFFFFD200,0xFFFFD200,0xFFFFD200,0xFFFFD200,0x405A4300,
  0x3B513D00,0x36493700,0x313F3000,0x2B372A00,0x252E2400,0x20261E00,0x1A201800,0x161A1400,
  0x12141000,0x0E100C00,0x0B0C0900,0x08090700,0x06060500,0x04040300,0x03030200,0x01010100,
  0x01010100,0x03030200,0x04040300,0x06060500,0x08090700,0x0B0C0900,0x0E100C00,0x12141000,
  0x161A1400,0x1A201800,0x20261E00,0x252E2400,0x2B372A00,0x313F3000,0x36493700,0x3B513D00,
  0x405A4300,0xFFFFD200,0xFFFFD200,0xFFFFD200,0xFFFFD200,0x5F805A00,0x60845C00,0x60885E00,
  0x608B6000,0xFFFFD200,0xFFFFD200,0xFFFFD200,0xFFFFD200,0xFFFFD200,0xFFFFD200,0xFFFFD200,
  0xFFFFD200,0xFFFFD200,0xFFFFD200,0xFFFFD200,0xFFFFD200,0xFFFFD200,0xFFFFD200,0xFFFFD200,
  0xFFFFD200,0xFFFFD200,0xFFFFD200,0xFFFFD200,0xFFFFD200,0xFFFFD200,0xFFFFD200,0x608B6000,
  0x60885E00,0x60845C00,0x5F805A00,0xFFFFD200,0xFFFFD200,0xFFFFD200,0xFFFFD200,0x405A4300,
  0x3B513D00,0x36493700,0x313F3000,0x2B372A00,0x252E2400,0x20261E00,0x1A201800,0x161A1400,
  0x12141000,0x0E100C00,0x0B0C0900,0x08090700,0x06060500,0x04040300,0x03030200,0x01010100,
  0x01010100,0x03030200,0x04040300,0x06060500,0x08090700,0x0B0C0900,0x0E100C00,0x12141000,
  0x161A1400,0x1A201800,0x20261E00,0x252E2400,0x2B372A00,0x313F3000,0x36493700,0x3B513D00,
  0x405A4300,0xFFFFD200,0xFFFFD200,0xFFFFD200,0xFFFFD200,0x5F805A00,0x60845C00,0x60885E00,
  0x608B6000,0x5F8D6000,0x5E8E6100,0x5D8F6100,0x5C916100,0x5A916100,0x58926100,0x57926100,
  0x56926100,0x55926100,0x55916000,0x55916000,0x55916000,0x55916000,0x55926100,0x56926100,
  0x57926100,0x58926100,0x5A916100,0x5C916100,0x5D8F6100,0x5E8E6100,0x5F8D6000,0x608B6000,
  0x60885E00,0x60845C00,0x5F805A00,0xFFFFD200,0xFFFFD200,0xFFFFD200,0xFFFFD200,0x405A4300,
  0x3B513D00,0x36493700,0x313F3000,0x2B372A00,0x252E2400,0x20261E00,0x1A201800,0x161A1400,
  0x12141000,0x0E100C00,0x0B0C0900,0x08090700,0x06060500,0x04040300,0x03030200,0x01010100,
  0x01010100,0x03030200,0x04040300,0x06060500,0x08090700,0x0B0C0900,0x0E100C00,0x12141000,
  0x161A1400,0x1A201800,0x20261E00,0x252E2400,0x2B372A00,0x313F3000,0x36493700,0x3B513D00,
  0x405A4300,0xFFFFD200,0xFFFFD200,0xFFFFD200,0xFFFFD200,0x5F805A00,0x60855C00,0x60885E00,
  0x608B6000,0x5F8D6000,0x5E8F6100,0x5E906100,0x5C916100,0x5A916100,0x59926100,0x58926100,
  0x56926100,0x55926100,0x55916000,0x55916000,0x55916000,0x55916000,0x55926100,0x56926100,
  0x58926100,0x59926100,0x5A916100,0x5C916100,0x5E906100,0x5E8F6100,0x5F8D6000,0x608B6000,
  0x60885E00,0x60855C00,0x5F805A00,0xFFFFD200,0xFFFFD200,0xFFFFD200,0xFFFFD200,0x405A4300,
  0x3B513D00,0x36493700,0x313F3000,0x2B372A00,0x252E2400,0x20261E00,0x1A201800,0x161A1400,
  0x12141000,0x0E100C00,0x0B0C0900,0x08090700,0x06060500,0x04040300,0x03030200,0x01010100,
  0x01010100,0x03030200,0x04040300,0x06060500,0x08090700,0x0B0C0900,0x0E100C00,0x12141000,
  0x161A1400,0x1A201800,0x20261E00,0x252E2400,0x2B372A00,0x313F3000,0x36493700,0x3B513D00,
  0x405A4300,0xFFFFD200,0xFFFFD200,0xFFFFD200,0xFFFFD200,0x5F805A00,0x60855C00,0x60885E00,
  0x608B6000,0x5F8E6100,0x5E8F6200,0x5E906200,0x5C916200,0x5B916100,0x59926100,0x58926100,
  0x57926100,0x56926100,0x55926000,0x55926000,0x55926000,0x55926000,0x56926100,0x57926100,
  0x58926100,0x59926100,0x5B916100,0x5C916200,0x5E906200,0x5E8F6200,0x5F8E6100,0x608B6000,
  0x60885E00,0x60855C00,0x5F805A00,0xFFFFD200,0xFFFFD200,0xFFFFD200,0xFFFFD200,0x405A4300,
  0x3B513D00,0x36493700,0x313F3000,0x2B372A00,0x252E2400,0x20261E00,0x1A201800,0x161A1400,
  0x12141000,0x0E100C00,0x0B0C0900,0x08090700,0x06060500,0x04040300,0x03030200,0x01010100,
  0x01010100,0x03030200,0x04040300,0x06060500,0x08090700,0x0B0C0900,0x0E100C00,0x12141000,
  0x161A1400,0x1A201800,0x20261E00,0x252E2400,0x2B372A00,0x313F3000,0x36493700,0x3B513D00,
  0x405A4300,0xFFFFD200,0xFFFFD200,0xFFFFD200,0xFFFFD200,0x5F805A00,0x60855C00,0x61885E00,
  0x618B6000,0x5F8E6100,0x5E8F6200,0x5E906200,0x5C916200,0x5B926200,0x59936200,0x58926200,
  0x57926200,0x56926100,0x55926000,0x55926000,0x55926000,0x55926000,0x56926100,0x57926200,
  0x58926200,0x59936200,0x5B926200,0x5C916200,0x5E906200,0x5E8F6200,0x5F8E6100,0x618B6000,
  0x61885E00,0x60855C00,0x5F805A00,0xFFFFD200,0xFFFFD200,0xFFFFD200,0xFFFFD200,0x405A4300,
  0x3B513D00,0x36493700,0x313F3000,0x2B372A00,0x252E2400,0x20261E00,0x1A201800,0x161A1400,
  0x12141000,0x0E100C00,0x0B0C0900,0x08090700,0x06060500,0x04040300,0x03030200,0x01010100,
  0x01010100,0x03030200,0x04040300,0x06060500,0x08090700,0x0B0C0900,0x0E100C00,0x12141000,
  0x161A1400,0x1A201800,0x20261E00,0x252E2400,0x2B372A00,0x313F3000,0x36493700,0x3B513D00,
  0x405A4300,0xFFFFD200,0xFFFFD200,0xFFFFD200,0xFFFFD200,0x5F805900,0x60845C00,0x60885E00,
  0x608B6000,0x5F8E6100,0x5E8F6200,0x5E906200,0x5C916200,0x5B916100,0x59926100,0x58926100,
  0x57926100,0x56926100,0x55926000,0x55926000,0x55926000,0x55926000,0x56926100,0x57926100,
  0x58926100,0x59926100,0x5B916100,0x5C916200,0x5E906200,0x5E8F6200,0x5F8E6100,0x608B6000,
  0x60885E00,0x60845C00,0x5F805900,0xFFFFD200,0xFFFFD200,0xFFFFD200,0xFFFFD200,0x405A4300,
  0x3B513D00,0x36493700,0x313F3000,0x2B372A00,0x252E2400,0x20261E00,0x1A201800,0x161A1400,
  0x12141000,0x0E100C00,0x0B0C0900,0x08090700,0x06060500,0x04040300,0x03030200,0x01010100,
  0x01010100,0x03030200,0x04040300,0x06060500,0x08090700,0x0B0C0900,0x0E100C00,0x12141000,
  0x161A1400,0x1A201800,0x20261E00,0x252E2400,0x2B372A00,0x313F3000,0x36493700,0x3B513D00,
  0x405A4300,0xFFFFD200,0xFFFFD200,0xFFFFD200,0xFFFFD200,0x5E805900,0x5F845B00,0x60885E00,
  0x608B6000,0x5F8D6000,0x5E8E6100,0x5D8F6100,0x5B906100,0x5A916100,0x58926100,0x57926100,
  0x56926100,0x55926100,0x55916000,0x55916000,0x55916000,0x55916000,0x55926100,0x56926100,
  0x57926100,0x58926100,0x5A916100,0x5B906100,0x5D8F6100,0x5E8E6100,0x5F8D6000,0x608B6000,
  0x60885E00,0x5F845B00,0x5E805900,0xFFFFD200,0xFFFFD200,0xFFFFD200,0xFFFFD200,0x405A4300,
  0x3B513D00,0x36493700,0x313F3000,0x2B372A00,0x252E2400,0x20261E00,0x1A201800,0x161A1400,
  0x12141000,0x0E100C00,0x0B0C0900,0x08090700,0x06060500,0x04040300,0x03030200,0x01010100,
  0x01010100,0x03030200,0x04040300,0x06060500,0x08090700,0x0B0C0900,0x0E100C00,0x12141000,
  0x161A1400,0x1A201800,0x20261E00,0x252E2400,0x2B372A00,0x313F3000,0x36493700,0x3B513D00,
  0x405A4300,0xFFFFD200,0xFFFFD200,0xFFFFD200,0xFFFFD200,0x5E805900,0x5F845B00,0x60875D00,
  0x608B5F00,0x5E8D6000,0x5D8E6100,0x5D8F6100,0x5B906100,0x59916100,0x57926100,0x56926100,
  0x55926100,0x55916000,0x54915F00,0x54915F00,0x54915F00,0x54915F00,0x55916000,0x55926100,
  0x56926100,0x57926100,0x59916100,0x5B906100,0x5D8F6100,0x5D8E6100,0x5E8D6000,0x608B5F00,
  0x60875D00,0x5F845B00,0x5E805900,0xFFFFD200,0xFFFFD200,0xFFFFD200,0xFFFFD200,0x405A4300,
  0x3B513D00,0x36493700,0x313F3000,0x2B372A00,0x252E2400,0x20261E00,0x1A201800,0x161A1400,
  0x12141000,0x0E100C00,0x0B0C0900,0x08090700,0x06060500,0x04040300,0x03030200,0x01010100,
  0x01010100,0x03030200,0x04040300,0x06060500,0x08090700,0x0B0C0900,0x0E100C00,0x12141000,
  0x161A1400,0x1A201800,0x20261E00,0x252E2400,0x2B372A00,0x313F3000,0x36493700,0x3B513D00,
  0x405A4300,0xFFFFD200,0xFFFFD200,0xFFFFD200,0xFFFFD200,0x5E7F5900,0x5E845B00,0x5F875D00,
  0x5F8B5F00,0x5E8D6000,0x5C8E6000,0x5C8E6000,0x5A906100,0x58906000,0x56916000,0x55916000,
  0x55916000,0x54915F00,0x53915F00,0x53915F00,0x53915F00,0x53915F00,0x54915F00,0x55916000,
  0x55916000,0x56916000,0x58906000,0x5A906100,0x5C8E6000,0x5C8E6000,0x5E8D6000,0x5F8B5F00,
  0x5F875D00,0x5E845B00,0x5E7F5900,0xFFFFD200,0xFFFFD200,0xFFFFD200,0xFFFFD200,0x405A4300,
  0x3B513D00,0x36493700,0x313F3000,0x2B372A00,0x252E2400,0x20261E00,0x1A201800,0x161A1400,
  0x12141000,0x0E100C00,0x0B0C0900,0x08090700,0x06060500,0x04040300,0x03030200,0x01010100,
  0x01010100,0x03030200,0x04040300,0x06060500,0x08090700,0x0B0C0900,0x0E100C00,0x12141000,
  0x161A1400,0x1A201800,0x20261E00,0x252E2400,0x2B372A00,0x313F3000,0x36493700,0x3A513D00,
  0x3F594200,0xFFFFD200,0xFFFFD200,0xFFFFD200,0xFFFFD200,0x5E7F5900,0x5E845B00,0x5E875D00,
  0x5E8A5F00,0xFFFFD200,0xFFFFD200,0xFFFFD200,0xFFFFD200,0xFFFFD200,0xFFFFD200,0xFFFFD200,
  0xFFFFD200,0xFFFFD200,0xFFFFD200,0xFFFFD200,0xFFFFD200,0xFFFFD200,0xFFFFD200,0xFFFFD200,
  0xFFFFD200,0xFFFFD200,0xFFFFD200,0xFFFFD200,0xFFFFD200,0xFFFFD200,0xFFFFD200,0x5E8A5F00,
  0x5E875D00,0x5E845B00,0x5E7F5900,0xFFFFD200,0xFFFFD200,0xFFFFD200,0xFFFFD200,0x3F594200,
  0x3A513D00,0x36493700,0x313F3000,0x2B372A00,0x252E2400,0x20261E00,0x1A201800,0x161A1400,
  0x12141000,0x0E100C00,0x0B0C0900,0x08090700,0x06060500,0x04040300,0x03030200,0x01010100,
  0x01010100,0x03030200,0x04040300,0x06060500,0x08090700,0x0B0C0900,0x0E100C00,0x12141000,
  0x161A1400,0x1A201800,0x20261E00,0x252E2400,0x2B372A00,0x313F3000,0x35483600,0x3A513D00,
  0x3F594200,0xFFFFD200,0xFFFFD200,0xFFFFD200,0xFFFFD200,0x5E7F5800,0x5E835A00,0x5E875D00,
  0x5E8A5E00,0xFFFFD200,0xFFFFD200,0xFFFFD200,0xFFFFD200,0xFFFFD200,0xFFFFD200,0xFFFFD200,
  0xFFFFD200,0xFFFFD200,0xFFFFD200,0xFFFFD200,0xFFFFD200,0xFFFFD200,0xFFFFD200,0xFFFFD200,
  0xFFFFD200,0xFFFFD200,0xFFFFD200,0xFFFFD200,0xFFFFD200,0xFFFFD200,0xFFFFD200,0x5E8A5E00,
  0x5E875D00,0x5E835A00,0x5E7F5800,0xFFFFD200,0xFFFFD200,0xFFFFD200,0xFFFFD200,0x3F594200,
  0x3A513D00,0x35483600,0x313F3000,0x2B372A00,0x252E2400,0x20261E00,0x1A201800,0x161A1400,
  0x12141000,0x0E100C00,0x0B0C0900,0x08090700,0x06060500,0x04040300,0x03030200,0x01010100,
  0x01010100,0x03030200,0x04040300,0x06060500,0x08090700,0x0B0C0900,0x0E100C00,0x12141000,
  0x161A1400,0x1A201800,0x20261E00,0x252E2400,0x2B372A00,0x313F3000,0x35483600,0x3A513D00,
  0x3F594200,0xFFFFD200,0xFFFFD200,0xFFFFD200,0xFFFFD200,0x5D7F5800,0x5E835A00,0x5E865C00,
  0x5E895E00,0x5C8B5F00,0x5A8D5F00,0x598E5F00,0x578E6000,0x558F5F00,0x548F5F00,0x538F5F00,
  0x518F5F00,0x508F5E00,0x4F8F5D00,0x4F8F5E00,0x4F8F5E00,0x4F8F5D00,0x508F5E00,0x518F5F00,
  0x538F5F00,0x548F5F00,0x558F5F00,0x578E6000,0x598E5F00,0x5A8D5F00,0x5C8B5F00,0x5E895E00,
  0x5E865C00,0x5E835A00,0x5D7F5800,0xFFFFD200,0xFFFFD200,0xFFFFD200,0xFFFFD200,0x3F594200,
  0x3A513D00,0x35483600,0x313F3000,0x2B372A00,0x252E2400,0x20261E00,0x1A201800,0x161A1400,
  0x12141000,0x0E100C00,0x0B0C0900,0x08090700,0x06060500,0x04040300,0x03030200,0x01010100,
  0x01010100,0x03030200,0x04040300,0x06060500,0x08090700,0x0B0C0900,0x0E100C00,0x12141000,
  0x161A1400,0x1A201800,0x20261E00,0x252E2400,0x2B372A00,0x313F3000,0x35483600,0x3A513D00,
  0x3F594200,0xFFFFD200,0xFFFFD200,0xFFFFD200,0xFFFFD200,0x5D7F5800,0x5E835A00,0x5E865C00,
  0x5E895E00,0x5C8B5F00,0x5A8D5F00,0x598E5F00,0x568E5F00,0x558F5F00,0x538F5F00,0x528F5F00,
  0x518F5E00,0x4F8F5E00,0x4E8E5D00,0x4E8E5D00,0x4E8E5D00,0x4E8E5D00,0x4F8F5E00,0x518F5E00,
  0x528F5F00,0x538F5F00,0x558F5F00,0x568E5F00,0x598E5F00,0x5A8D5F00,0x5C8B5F00,0x5E895E00,
  0x5E865C00,0x5E835A00,0x5D7F5800,0xFFFFD200,0xFFFFD200,0xFFFFD200,0xFFFFD200,0x3F594200,
  0x3A513D00,0x35483600,0x313F3000,0x2B372A00,0x252E2400,0x20261E00,0x1A201800,0x161A1400,
  0x12141000,0x0E100C00,0x0B0C0900,0x08090700,0x06060500,0x04040300,0x03030200,0x01010100,
  0x01010100,0x03030200,0x04040300,0x06060500,0x08090700,0x0B0C0900,0x0E100C00,0x12141000,
  0x161A1400,0x1A201800,0x20261E00,0x252E2400,0x2B372A00,0x313F3000,0x35483600,0x3A513D00,
  0x3F594200,0xFFFFD200,0xFFFFD200,0xFFFFD200,0xFFFFD200,0x5D7E5800,0x5E835A00,0x5E865C00,
  0x5D895E00,0x5C8B5F00,0x598D5F00,0x588D5E00,0x568E5F00,0x558E5F00,0x538F5E00,0x518E5E00,
  0x508E5E00,0x4F8E5D00,0x4D8E5C00,0x4D8E5D00,0x4D8E5D00,0x4D8E5C00,0x4F8E5D00,0x508E5E00,
  0x518E5E00,0x538F5E00,0x558E5F00,0x568E5F00,0x588D5E00,0x598D5F00,0x5C8B5F00,0x5D895E00,
  0x5E865C00,0x5E835A00,0x5D7E5800,0xFFFFD200,0xFFFFD200,0xFFFFD200,0xFFFFD200,0x3F594200,
  0x3A513D00,0x35483600,0x313F3000,0x2B372A00,0x252E2400,0x20261E00,0x1A201800,0x161A1400,
  0x12141000,0x0E100C00,0x0B0C0900,0x08090700,0x06060500,0x04040300,0x03030200,0x01010100,
  0x01010100,0x03030200,0x04040300,0x06060500,0x08090700,0x0B0C0900,0x0E100C00,0x12141000,
  0x161A1400,0x1A201800,0x20261E00,0x252E2400,0x2B372A00,0x313F3000,0x35483600,0x3A513D00,
  0x3F594200,0xFFFFD200,0xFFFFD200,0xFFFFD200,0xFFFFD200,0x5D7E5800,0x5E835A00,0x5E865C00,
  0x5D895D00,0x5B8B5E00,0x598C5E00,0x588D5E00,0x558D5F00,0x558E5E00,0x528F5E00,0x518E5E00,
  0x4F8E5D00,0x4E8E5D00,0x4D8E5C00,0x4D8E5C00,0x4D8E5C00,0x4D8E5C00,0x4E8E5D00,0x4F8E5D00,
  0x518E5E00,0x528F5E00,0x558E5E00,0x558D5F00,0x588D5E00,0x598C5E00,0x5B8B5E00,0x5D895D00,
  0x5E865C00,0x5E835A00,0x5D7E5800,0xFFFFD200,0xFFFFD200,0xFFFFD200,0xFFFFD200,0x3F594200,
  0x3A513D00,0x35483600,0x313F3000,0x2B372A00,0x252E2400,0x20261E00,0x1A201800,0x161A1400,
  0x12141000,0x0E100C00,0x0B0C0900,0x08090700,0x06060500,0x04040300,0x03030200,0x01010100,
  0x01010100,0x03030200,0x04040300,0x06060500,0x08090700,0x0B0C0900,0x0E100C00,0x12141000,
  0x161A1400,0x1A201800,0x20261E00,0x252E2400,0x2B372A00,0x313F3000,0x35483600,0x3A503D00,
  0x3F594200,0xFFFFD200,0xFFFFD200,0xFFFFD200,0xFFFFD200,0x5D7E5700,0x5E835A00,0x5D865C00,
  0x5D895D00,0x5B8B5E00,0x598C5E00,0x578D5E00,0x558D5F00,0x548D5E00,0x528E5E00,0x508E5D00,
  0x4F8E5D00,0x4E8E5C00,0x4C8D5B00,0x4C8D5C00,0x4C8D5C00,0x4C8D5B00,0x4E8E5C00,0x4F8E5D00,
  0x508E5D00,0x528E5E00,0x548D5E00,0x558D5F00,0x578D5E00,0x598C5E00,0x5B8B5E00,0x5D895D00,
  0x5D865C00,0x5E835A00,0x5D7E5700,0xFFFFD200,0xFFFFD200,0xFFFFD200,0xFFFFD200,0x3F594200,
  0x3A503D00,0x35483600,0x313F3000,0x2B372A00,0x252E2400,0x20261E00,0x1A201800,0x161A1400,
  0x12141000,0x0E100C00,0x0B0C0900,0x08090700,0x06060500,0x04040300,0x03030200,0x01010100,
  0x01010100,0x03030200,0x04040300,0x06060500,0x08090700,0x0B0C0900,0x0E100C00,0x12141000,
  0x161A1400,0x1A201800,0x20261E00,0x252E2400,0x2B362A00,0x313F3000,0x35483600,0x3A503C00,
  0x3F594200,0xFFFFD200,0xFFFFD200,0xFFFFD200,0xFFFFD200,0x5D7E5700,0x5E825A00,0x5D865C00,
  0x5D895D00,0x5B8A5E00,0x598B5E00,0x578C5E00,0x558D5E00,0x548D5E00,0x528E5D00,0x508E5D00,
  0x4F8D5C00,0x4D8E5C00,0x4C8D5B00,0x4C8D5B00,0x4C8D5B00,0x4C8D5B00,0x4D8E5C00,0x4F8D5C00,
  0x508E5D00,0x528E5D00,0x548D5E00,0x558D5E00,0x578C5E00,0x598B5E00,0x5B8A5E00,0x5D895D00,
  0x5D865C00,0x5E825A00,0x5D7E5700,0xFFFFD200,0xFFFFD200,0xFFFFD200,0xFFFFD200,0x3F594200,
  0x3A503C00,0x35483600,0x313F3000,0x2B362A00,0x252E2400,0x20261E00,0x1A201800,0x161A1400,
  0x12141000,0x0E100C00,0x0B0C0900,0x08090700,0x06060500,0x04040300,0x03030200,0x01010100,
  0x01010100,0x03030200,0x04040300,0x06060500,0x08090700,0x0B0C0900,0x0E100C00,0x12141000,
  0x161A1400,0x1A201800,0x20261E00,0x252D2300,0x2B362900,0x313E3000,0x35473600,0x3A503C00,
  0x3F584200,0xFFFFD200,0xFFFFD200,0xFFFFD200,0xFFFFD200,0x5D7E5700,0x5E825A00,0x5D855C00,
  0x5D885C00,0x5B8A5D00,0x598B5E00,0x578C5E00,0x558C5E00,0x548D5D00,0x528D5D00,0x508D5C00,
  0x4E8C5C00,0x4D8D5C00,0x4C8C5B00,0x4C8C5B00,0x4C8C5B00,0x4C8C5B00,0x4D8D5C00,0x4E8C5C00,
  0x508D5C00,0x528D5D00,0x548D5D00,0x558C5E00,0x578C5E00,0x598B5E00,0x5B8A5D00,0x5D885C00,
  0x5D855C00,0x5E825A00,0x5D7E5700,0xFFFFD200,0xFFFFD200,0xFFFFD200,0xFFFFD200,0x3F584200,
  0x3A503C00,0x35473600,0x313E3000,0x2B362900,0x252D2300,0x20261E00,0x1A201800,0x161A1400,
  0x12141000,0x0E100C00,0x0B0C0900,0x08090700,0x06060500,0x04040300,0x03030200,0x01010100,
  0x01010100,0x03030200,0x04040300,0x06060500,0x08090700,0x0B0C0900,0x0E100C00,0x12141000,
  0x16191400,0x1A1F1800,0x1F251D00,0x252D2300,0x2B362900,0x303E2F00,0x35473500,0x3A4F3C00,
  0x3F574100,0xFFFFD200,0xFFFFD200,0xFFFFD200,0xFFFFD200,0x5D7D5700,0x5E815900,0x5E855B00,
  0x5D875C00,0x5B895D00,0x598B5E00,0x588B5E00,0x558C5D00,0x548C5D00,0x528C5D00,0x508C5C00,
  0x4F8C5C00,0x4D8C5C00,0x4C8B5B00,0x4C8B5B00,0x4C8B5B00,0x4C8B5B00,0x4D8C5C00,0x4F8C5C00,
  0x508C5C00,0x528C5D00,0x548C5D00,0x558C5D00,0x588B5E00,0x598B5E00,0x5B895D00,0x5D875C00,
  0x5E855B00,0x5E815900,0x5D7D5700,0xFFFFD200,0xFFFFD200,0xFFFFD200,0xFFFFD200,0x3F574100,
  0x3A4F3C00,0x35473500,0x303E2F00,0x2B362900,0x252D2300,0x1F251D00,0x1A1F1800,0x16191400,
  0x12141000,0x0E100C00,0x0B0C0900,0x08090700,0x06060500,0x04040300,0x03030200,0x01010100,
  0x01010100,0x03030200,0x04040300,0x06060500,0x08090700,0x0B0C0900,0x0E0F0C00,0x12130F00,
  0x15191300,0x1A1F1700,0x1F251D00,0x242D2300,0x2B352900,0x303D2F00,0x35463500,0x3A4E3B00,
  0x3F574100,0xFFFFD200,0xFFFFD200,0xFFFFD200,0xFFFFD200,0x5D7C5700,0x5E815900,0x5E845B00,
  0x5E865C00,0x5C895C00,0x5A8A5D00,0x588B5D00,0x568B5D00,0x558B5D00,0x538C5D00,0x518C5C00,
  0x508C5C00,0x4E8C5B00,0x4D8B5B00,0x4D8B5B00,0x4D8B5B00,0x4D8B5B00,0x4E8C5B00,0x508C5C00,
  0x518C5C00,0x538C5D00,0x558B5D00,0x568B5D00,0x588B5D00,0x5A8A5D00,0x5C895C00,0x5E865C00,
  0x5E845B00,0x5E815900,0x5D7C5700,0xFFFFD200,0xFFFFD200,0xFFFFD200,0xFFFFD200,0x3F574100,
  0x3A4E3B00,0x35463500,0x303D2F00,0x2B352900,0x242D2300,0x1F251D00,0x1A1F1700,0x15191300,
  0x12130F00,0x0E0F0C00,0x0B0C0900,0x08090700,0x06060500,0x04040300,0x03030200,0x01010100,
  0x01010100,0x03030200,0x04040300,0x06060500,0x08080700,0x0A0B0900,0x0D0F0B00,0x11130F00,
  0x15191300,0x191F1700,0x1F241D00,0x242C2200,0x2A342800,0x303C2E00,0x34453400,0x394D3B00,
  0x3E564000,0xFFFFD200,0xFFFFD200,0xFFFFD200,0xFFFFD200,0x5E7B5600,0x5E805800,0x5E835A00,
  0x5E865C00,0x5D885C00,0x5A895D00,0x598A5D00,0x578A5E00,0x558A5D00,0x548B5D00,0x528B5C00,
  0x518B5C00,0x508B5B00,0x4E8A5A00,0x4E8A5B00,0x4E8A5B00,0x4E8A5A00,0x508B5B00,0x518B5C00,
  0x528B5C00,0x548B5D00,0x558A5D00,0x578A5E00,0x598A5D00,0x5A895D00,0x5D885C00,0x5E865C00,
  0x5E835A00,0x5E805800,0x5E7B5600,0xFFFFD200,0xFFFFD200,0xFFFFD200,0xFFFFD200,0x3E564000,
  0x394D3B00,0x34453400,0x303C2E00,0x2A342800,0x242C2200,0x1F241D00,0x191F1700,0x15191300,
  0x11130F00,0x0D0F0B00,0x0A0B0900,0x08080700,0x06060500,0x04040300,0x03030200,0x01010100,
  0x01010100,0x03030200,0x04040300,0x06060500,0x07080600,0x0A0B0800,0x0D0F0B00,0x11130F00,
  0x15181300,0x191E1700,0x1E241C00,0x242B2200,0x2A332800,0x2F3B2E00,0x34443400,0x394C3A00,
  0x3E543F00,0xFFFFD200,0xFFFFD200,0xFFFFD200,0xFFFFD200,0x5E7B5600,0x5E7E5800,0x5E825A00,
  0x5E855B00,0x5E865C00,0x5C895C00,0x5A885C00,0x58895D00,0x568A5D00,0x558A5C00,0x548A5C00,
  0x538A5C00,0x518A5B00,0x508A5A00,0x508A5B00,0x508A5B00,0x508A5A00,0x518A5B00,0x538A5C00,
  0x548A5C00,0x558A5C00,0x568A5D00,0x58895D00,0x5A885C00,0x5C895C00,0x5E865C00,0x5E855B00,
  0x5E825A00,0x5E7E5800,0x5E7B5600,0xFFFFD200,0xFFFFD200,0xFFFFD200,0xFFFFD200,0x3E543F00,
  0x394C3A00,0x34443400,0x2F3B2E00,0x2A332800,0x242B2200,0x1E241C00,0x191E1700,0x15181300,
  0x11130F00,0x0D0F0B00,0x0A0B0800,0x07080600,0x06060500,0x04040300,0x03030200,0x01010100,
  0x01010100,0x03030200,0x04040300,0x05050400,0x07080600,0x0A0B0800,0x0D0E0B00,0x11120E00,
  0x15181200,0x181D1600,0x1E231C00,0x232A2100,0x29322700,0x2F3A2D00,0x33433300,0x384B3900,
  0x3E533E00,0xFFFFD200,0xFFFFD200,0xFFFFD200,0xFFFFD200,0x5E795400,0x5E7D5700,0x5E815900,
  0x5F835A00,0x5E865C00,0x5D875C00,0x5C885C00,0x5A885C00,0x58895C00,0x56895C00,0x55895C00,
  0x55895B00,0x538A5B00,0x52895A00,0x52895A00,0x52895A00,0x52895A00,0x538A5B00,0x55895B00,
  0x55895C00,0x56895C00,0x58895C00,0x5A885C00,0x5C885C00,0x5D875C00,0x5E865C00,0x5F835A00,
  0x5E815900,0x5E7D5700,0x5E795400,0xFFFFD200,0xFFFFD200,0xFFFFD200,0xFFFFD200,0x3E533E00,
  0x384B3900,0x33433300,0x2F3A2D00,0x29322700,0x232A2100,0x1E231C00,0x181D1600,0x15181200,
  0x11120E00,0x0D0E0B00,0x0A0B0800,0x07080600,0x05050400,0x04040300,0x03030200,0x01010100,
  0x01010100,0x03030200,0x03030300,0x05050400,0x07080600,0x0A0A0800,0x0D0E0B00,0x10120E00,
  0x14171200,0x181C1600,0x1D221B00,0x22292000,0x28312600,0x2E382C00,0x33413200,0x38493800,
  0x3D513D00,0xFFFFD200,0xFFFFD200,0xFFFFD200,0xFFFFD200,0x5E775400,0x5E7B5600,0x5F7F5800,
  0x5F815A00,0x5E835A00,0x5E855B00,0x5D865C00,0x5B865C00,0x5A875C00,0x58885B00,0x56885B00,
  0x55885B00,0x55885B00,0x54885A00,0x54885B00,0x54885B00,0x54885A00,0x55885B00,0x55885B00,
  0x56885B00,0x58885B00,0x5A875C00,0x5B865C00,0x5D865C00,0x5E855B00,0x5E835A00,0x5F815A00,
  0x5F7F5800,0x5E7B5600,0x5E775400,0xFFFFD200,0xFFFFD200,0xFFFFD200,0xFFFFD200,0x3D513D00,
  0x38493800,0x33413200,0x2E382C00,0x28312600,0x22292000,0x1D221B00,0x181C1600,0x14171200,
  0x10120E00,0x0D0E0B00,0x0A0A0800,0x07080600,0x05050400,0x03030300,0x03030200,0x01010100,
  0x01010100,0x03030200,0x03030300,0x05050400,0x07070600,0x090A0800,0x0C0D0A00,0x10110E00,
  0x13161100,0x171B1500,0x1C211A00,0x21281F00,0x272F2500,0x2D372A00,0x313F3000,0x37473600,
  0x3C4E3B00,0xFFFFD200,0xFFFFD200,0xFFFFD200,0xFFFFD200,0x5D755200,0x5E795400,0x5E7C5700,
  0x5F7F5800,0x5F815A00,0x5E835A00,0x5E845A00,0x5C845B00,0x5B865B00,0x59865B00,0x58865B00,
  0x57865A00,0x56865A00,0x55865A00,0x55865A00,0x55865A00,0x55865A00,0x56865A00,0x57865A00,
  0x58865B00,0x59865B00,0x5B865B00,0x5C845B00,0x5E845A00,0x5E835A00,0x5F815A00,0x5F7F5800,
  0x5E7C5700,0x5E795400,0x5D755200,0xFFFFD200,0xFFFFD200,0xFFFFD200,0xFFFFD200,0x3C4E3B00,
  0x37473600,0x313F3000,0x2D372A00,0x272F2500,0x21281F00,0x1C211A00,0x171B1500,0x13161100,
  0x10110E00,0x0C0D0A00,0x090A0800,0x07070600,0x05050400,0x03030300,0x03030200,0x01010100,
  0x01010100,0x02020200,0x03030200,0x05050400,0x06070500,0x090A0700,0x0C0D0A00,0x0F100D00,
  0x13151100,0x161A1400,0x1B1F1900,0x20261E00,0x262D2300,0x2B352900,0x303D2E00,0x35443400,
  0x3A4C3900,0xFFFFD200,0xFFFFD200,0xFFFFD200,0xFFFFD200,0x5C735100,0x5E765300,0x5E7A5500,
  0x5F7D5700,0x5E7E5800,0x5E815900,0x5E815900,0x5D825900,0x5C835900,0x5A835900,0x59835900,
  0x58835900,0x57835900,0x56835900,0x56835900,0x56835900,0x56835900,0x57835900,0x58835900,
  0x59835900,0x5A835900,0x5C835900,0x5D825900,0x5E815900,0x5E815900,0x5E7E5800,0x5F7D5700,
  0x5E7A5500,0x5E765300,0x5C735100,0xFFFFD200,0xFFFFD200,0xFFFFD200,0xFFFFD200,0x3A4C3900,
  0x35443400,0x303D2E00,0x2B352900,0x262D2300,0x20261E00,0x1B1F1900,0x161A1400,0x13151100,
  0x0F100D00,0x0C0D0A00,0x090A0700,0x06070500,0x05050400,0x03030200,0x02020200,0x01010100,
  0x01010100,0x02020200,0x03030200,0x05050400,0x06070500,0x08090700,0x0B0C0900,0x0E0F0C00,
  0x12141000,0x15191300,0x1A1E1800,0x1F241C00,0x242B2200,0x29322700,0x2E3A2C00,0x33413200,
  0x38483700,0xFFFFD200,0xFFFFD200,0xFFFFD200,0xFFFFD200,0x5B6F4F00,0x5D735100,0x5E765300,
  0x5E795400,0x5E7B5600,0x5E7D5700,0x5D7E5700,0x5C7E5800,0x5C7F5800,0x5A805800,0x59815800,
  0x59805700,0x58815700,0x57805700,0x57805700,0x57805700,0x57805700,0x58815700,0x59805700,
  0x59815800,0x5A805800,0x5C7F5800,0x5C7E5800,0x5D7E5700,0x5E7D5700,0x5E7B5600,0x5E795400,
  0x5E765300,0x5D735100,0x5B6F4F00,0xFFFFD200,0xFFFFD200,0xFFFFD200,0xFFFFD200,0x38483700,
  0x33413200,0x2E3A2C00,0x29322700,0x242B2200,0x1F241C00,0x1A1E1800,0x15191300,0x12141000,
  0x0E0F0C00,0x0B0C0900,0x08090700,0x06070500,0x05050400,0x03030200,0x02020200,0x01010100,
  0x01010100,0x02020100,0x03030200,0x04040300,0x06060500,0x08090700,0x0B0B0900,0x0E0F0C00,
  0x11130F00,0x14181200,0x191C1700,0x1D221B00,0x23292000,0x282F2500,0x2C372A00,0x313E3000,
  0x36443400,0xFFFFD200,0xFFFFD200,0xFFFFD200,0xFFFFD200,0x596C4C00,0x5B704F00,0x5C735100,
  0x5D765200,0x5D775300,0x5C795400,0x5C7A5400,0x5B7B5500,0x5B7B5500,0x5A7C5600,0x597C5500,
  0x587C5500,0x587D5500,0x577C5500,0x577C5500,0x577C5500,0x577C5500,0x587D5500,0x587C5500,
  0x597C5500,0x5A7C5600,0x5B7B5500,0x5B7B5500,0x5C7A5400,0x5C795400,0x5D775300,0x5D765200,
  0x5C735100,0x5B704F00,0x596C4C00,0xFFFFD200,0xFFFFD200,0xFFFFD200,0xFFFFD200,0x36443400,
  0x313E3000,0x2C372A00,0x282F2500,0x23292000,0x1D221B00,0x191C1700,0x14181200,0x11130F00,
  0x0E0F0C00,0x0B0B0900,0x08090700,0x06060500,0x04040300,0x03030200,0x02020100,0x01010100,
  0x01010100,0x02020100,0x03030200,0x04040300,0x05060400,0x07080600,0x0A0B0800,0x0D0E0B00,
  0x10120E00,0x13161100,0x171A1500,0x1C201900,0x21261E00,0x252D2300,0x2A332800,0x2F3A2D00,
  0x33403100,0xFFFFD200,0xFFFFD200,0xFFFFD200,0xFFFFD200,0xFFFFD200,0xFFFFD200,0xFFFFD200,
  0xFFFFD200,0xFFFFD200,0xFFFFD200,0xFFFFD200,0xFFFFD200,0xFFFFD200,0xFFFFD200,0xFFFFD200,
  0xFFFFD200,0xFFFFD200,0xFFFFD200,0xFFFFD200,0xFFFFD200,0xFFFFD200,0xFFFFD200,0xFFFFD200,
  0xFFFFD200,0xFFFFD200,0xFFFFD200,0xFFFFD200,0xFFFFD200,0xFFFFD200,0xFFFFD200,0xFFFFD200,
  0xFFFFD200,0xFFFFD200,0xFFFFD200,0xFFFFD200,0xFFFFD200,0xFFFFD200,0xFFFFD200,0x33403100,
  0x2F3A2D00,0x2A332800,0x252D2300,0x21261E00,0x1C201900,0x171A1500,0x13161100,0x10120E00,
  0x0D0E0B00,0x0A0B0800,0x07080600,0x05060400,0x04040300,0x03030200,0x02020100,0x01010100,
  0x01010100,0x02020100,0x02020200,0x04040300,0x05050400,0x07070600,0x090A0800,0x0C0D0A00,
  0x0F100D00,0x12141000,0x16191400,0x1A1E1700,0x1F241C00,0x23292000,0x27302500,0x2C362A00,
  0x303C2E00,0xFFFFD200,0xFFFFD200,0xFFFFD200,0xFFFFD200,0xFFFFD200,0xFFFFD200,0xFFFFD200,
  0xFFFFD200,0xFFFFD200,0xFFFFD200,0xFFFFD200,0xFFFFD200,0xFFFFD200,0xFFFFD200,0xFFFFD200,
  0xFFFFD200,0xFFFFD200,0xFFFFD200,0xFFFFD200,0xFFFFD200,0xFFFFD200,0xFFFFD200,0xFFFFD200,
  0xFFFFD200,0xFFFFD200,0xFFFFD200,0xFFFFD200,0xFFFFD200,0xFFFFD200,0xFFFFD200,0xFFFFD200,
  0xFFFFD200,0xFFFFD200,0xFFFFD200,0xFFFFD200,0xFFFFD200,0xFFFFD200,0xFFFFD200,0x303C2E00,
  0x2C362A00,0x27302500,0x23292000,0x1F241C00,0x1A1E1700,0x16191400,0x12141000,0x0F100D00,
  0x0C0D0A00,0x090A0800,0x07070600,0x05050400,0x04040300,0x02020200,0x02020100,0x01010100,
  0x01010000,0x02020100,0x02020200,0x03030300,0x04050400,0x06070500,0x08090700,0x0B0C0900,
  0x0E0F0C00,0x10130E00,0x14171200,0x181C1600,0x1C211A00,0x21261E00,0x252C2200,0x29322700,
  0x2D372B00,0x313D2F00,0xFFFFD200,0xFFFFD200,0xFFFFD200,0xFFFFD200,0xFFFFD200,0xFFFFD200,
  0xFFFFD200,0xFFFFD200,0xFFFFD200,0xFFFFD200,0xFFFFD200,0xFFFFD200,0xFFFFD200,0xFFFFD200,
  0xFFFFD200,0xFFFFD200,0xFFFFD200,0xFFFFD200,0xFFFFD200,0xFFFFD200,0xFFFFD200,0xFFFFD200,
  0xFFFFD200,0xFFFFD200,0xFFFFD200,0xFFFFD200,0xFFFFD200,0xFFFFD200,0xFFFFD200,0xFFFFD200,
  0xFFFFD200,0xFFFFD200,0xFFFFD200,0xFFFFD200,0xFFFFD200,0xFFFFD200,0x313D2F00,0x2D372B00,
  0x29322700,0x252C2200,0x21261E00,0x1C211A00,0x181C1600,0x14171200,0x10130E00,0x0E0F0C00,
  0x0B0C0900,0x08090700,0x06070500,0x04050400,0x03030300,0x02020200,0x02020100,0x01010000,
  0x00000000,0x01010100,0x02020100,0x03030200,0x04040300,0x06060500,0x08080600,0x0A0A0800,
  0x0C0E0B00,0x0F110D00,0x12151100,0x16191400,0x1A1E1800,0x1E231B00,0x22281F00,0x262D2400,
  0x2A332700,0x2D382B00,0x313D2F00,0xFFFFD200,0xFFFFD200,0xFFFFD200,0xFFFFD200,0xFFFFD200,
  0xFFFFD200,0xFFFFD200,0xFFFFD200,0xFFFFD200,0xFFFFD200,0xFFFFD200,0xFFFFD200,0xFFFFD200,
  0xFFFFD200,0xFFFFD200,0xFFFFD200,0xFFFFD200,0xFFFFD200,0xFFFFD200,0xFFFFD200,0xFFFFD200,
  0xFFFFD200,0xFFFFD200,0xFFFFD200,0xFFFFD200,0xFFFFD200,0xFFFFD200,0xFFFFD200,0xFFFFD200,
  0xFFFFD200,0xFFFFD200,0xFFFFD200,0xFFFFD200,0xFFFFD200,0x313D2F00,0x2D382B00,0x2A332700,
  0x262D2400,0x22281F00,0x1E231B00,0x1A1E1800,0x16191400,0x12151100,0x0F110D00,0x0C0E0B00,
  0x0A0A0800,0x08080600,0x06060500,0x04040300,0x03030200,0x02020100,0x01010100,0x00000000,
  0x00000000,0x01010100,0x02020100,0x03030200,0x04040300,0x05050400,0x07070600,0x09090700,
  0x0B0C0A00,0x0E0F0C00,0x10120F00,0x14171200,0x181B1500,0x1B1F1900,0x1F241C00,0x23292000,
  0x262E2400,0x2A332700,0x2D372B00,0x303C2E00,0x33403200,0x35443500,0x38483700,0x394B3900,
  0x3B4E3B00,0x3C513D00,0x3C523E00,0x3D543F00,0x3D554000,0x3D564000,0x3D564100,0x3D574100,
  0x3C574100,0x3C574100,0x3C574100,0x3C574100,0x3C574100,0x3C574100,0x3C574100,0x3C574100,
  0x3D574100,0x3D564100,0x3D564000,0x3D554000,0x3D543F00,0x3C523E00,0x3C513D00,0x3B4E3B00,
  0x394B3900,0x38483700,0x35443500,0x33403200,0x303C2E00,0x2D372B00,0x2A332700,0x262E2400,
  0x23292000,0x1F241C00,0x1B1F1900,0x181B1500,0x14171200,0x10120F00,0x0E0F0C00,0x0B0C0A00,
  0x09090700,0x07070600,0x05050400,0x04040300,0x03030200,0x02020100,0x01010100,0x00000000,
  0x00000000,0x01010100,0x01010100,0x02020200,0x03030300,0x04050400,0x06060500,0x08080700,
  0x0A0B0900,0x0C0D0B00,0x0F100D00,0x12141000,0x15181300,0x181C1600,0x1C201900,0x1F251D00,
  0x23292000,0x262E2300,0x29322700,0x2C362A00,0x2E3A2D00,0x313D2F00,0x33413200,0x35443400,
  0x36463600,0x37493700,0x384A3800,0x384C3900,0x394D3A00,0x394E3B00,0x394E3B00,0x394F3B00,
  0x394F3B00,0x394F3C00,0x384F3B00,0x384F3B00,0x384F3B00,0x384F3B00,0x394F3C00,0x394F3B00,
  0x394F3B00,0x394E3B00,0x394E3B00,0x394D3A00,0x384C3900,0x384A3800,0x37493700,0x36463600,
  0x35443400,0x33413200,0x313D2F00,0x2E3A2D00,0x2C362A00,0x29322700,0x262E2300,0x23292000,
  0x1F251D00,0x1C201900,0x181C1600,0x15181300,0x12141000,0x0F100D00,0x0C0D0B00,0x0A0B0900,
  0x08080700,0x06060500,0x04050400,0x03030300,0x02020200,0x01010100,0x01010100,0x00000000,
  0x00000000,0x01010000,0x01010100,0x02020200,0x03030200,0x04040300,0x05050400,0x07070600,
  0x090A0800,0x0B0C0900,0x0D0E0C00,0x10120E00,0x13151100,0x16191300,0x191C1600,0x1C201A00,
  0x1F241C00,0x22281F00,0x252C2200,0x28302500,0x2A332800,0x2C362A00,0x2E392C00,0x303C2E00,
  0x313F3000,0x32413200,0x33423300,0x34433300,0x34443400,0x34453500,0x34463500,0x34463500,
  0x34473500,0x34473600,0x34473600,0x34473600,0x34473600,0x34473600,0x34473600,0x34473500,
  0x34463500,0x34463500,0x34453500,0x34443400,0x34433300,0x33423300,0x32413200,0x313F3000,
  0x303C2E00,0x2E392C00,0x2C362A00,0x2A332800,0x28302500,0x252C2200,0x22281F00,0x1F241C00,
  0x1C201A00,0x191C1600,0x16191300,0x13151100,0x10120E00,0x0D0E0C00,0x0B0C0900,0x090A0800,
  0x07070600,0x05050400,0x04040300,0x03030200,0x02020200,0x01010100,0x01010000,0x00000000,
  0x00000000,0x01010000,0x01010100,0x02020100,0x02030200,0x03030300,0x05050400,0x06060500,
  0x07080700,0x090A0800,0x0B0C0A00,0x0E0F0C00,0x10120E00,0x13151100,0x16191300,0x191C1600,
  0x1B1F1900,0x1E231B00,0x20261E00,0x23292000,0x252D2300,0x272F2500,0x29322700,0x2A352900,
  0x2C372A00,0x2D392C00,0x2E3A2D00,0x2E3B2D00,0x2F3C2E00,0x2F3D2F00,0x2F3D2F00,0x2F3E2F00,
  0x2F3E2F00,0x2F3E3000,0x2F3E3000,0x2F3E3000,0x2F3E3000,0x2F3E3000,0x2F3E3000,0x2F3E2F00,
  0x2F3E2F00,0x2F3D2F00,0x2F3D2F00,0x2F3C2E00,0x2E3B2D00,0x2E3A2D00,0x2D392C00,0x2C372A00,
  0x2A352900,0x29322700,0x272F2500,0x252D2300,0x23292000,0x20261E00,0x1E231B00,0x1B1F1900,
  0x191C1600,0x16191300,0x13151100,0x10120E00,0x0E0F0C00,0x0B0C0A00,0x090A0800,0x07080700,
  0x06060500,0x05050400,0x03030300,0x02030200,0x02020100,0x01010100,0x01010000,0x00000000,
  0x00000000,0x01010000,0x01010100,0x01010100,0x02020200,0x03030200,0x04040300,0x05050400,
  0x06070600,0x08090700,0x0A0B0900,0x0C0D0A00,0x0E0F0C00,0x10120F00,0x13151100,0x15181300,
  0x171B1500,0x1A1E1700,0x1C211A00,0x1E231C00,0x20261E00,0x22292000,0x242B2200,0x252D2300,
  0x272F2500,0x28312600,0x28322700,0x29332800,0x29342800,0x2A352900,0x2A352900,0x2A362900,
  0x2A362900,0x2A362A00,0x2A362A00,0x2A362A00,0x2A362A00,0x2A362A00,0x2A362A00,0x2A362900,
  0x2A362900,0x2A352900,0x2A352900,0x29342800,0x29332800,0x28322700,0x28312600,0x272F2500,
  0x252D2300,0x242B2200,0x22292000,0x20261E00,0x1E231C00,0x1C211A00,0x1A1E1700,0x171B1500,
  0x15181300,0x13151100,0x10120F00,0x0E0F0C00,0x0C0D0A00,0x0A0B0900,0x08090700,0x06070600,
  0x05050400,0x04040300,0x03030200,0x02020200,0x01010100,0x01010100,0x01010000,0x00000000,
  0x00000000,0x00000000,0x01010000,0x01010100,0x02020100,0x02020200,0x03030300,0x04050300,
  0x05060500,0x07070600,0x08090700,0x0A0B0900,0x0C0D0A00,0x0E0F0C00,0x10120E00,0x12141000,
  0x14171200,0x16191400,0x181C1600,0x1A1E1800,0x1C211A00,0x1E231B00,0x1F251D00,0x20271E00,
  0x22281F00,0x232A2000,0x232B2100,0x242C2200,0x242D2300,0x252D2300,0x252E2300,0x252E2400,
  0x252E2400,0x252E2400,0x252E2400,0x252F2400,0x252F2400,0x252E2400,0x252E2400,0x252E2400,
  0x252E2400,0x252E2300,0x252D2300,0x242D2300,0x242C2200,0x232B2100,0x232A2000,0x22281F00,
  0x20271E00,0x1F251D00,0x1E231B00,0x1C211A00,0x1A1E1800,0x181C1600,0x16191400,0x14171200,
  0x12141000,0x10120E00,0x0E0F0C00,0x0C0D0A00,0x0A0B0900,0x08090700,0x07070600,0x05060500,
  0x04050300,0x03030300,0x02020200,0x02020100,0x01010100,0x01010000,0x00000000,0x00000000,
  0x00000000,0x00000000,0x01010000,0x01010100,0x01010100,0x02020200,0x03030200,0x04040300,
  0x04050400,0x06060500,0x07070600,0x08090700,0x0A0B0900,0x0C0D0A00,0x0D0F0C00,0x0F110D00,
  0x11130F00,0x13151100,0x15171200,0x16191400,0x181B1600,0x191D1700,0x1B1F1800,0x1C201A00,
  0x1D221B00,0x1E231B00,0x1E241C00,0x1F251D00,0x1F261D00,0x20261E00,0x20271E00,0x20271E00,
  0x20271E00,0x20271F00,0x20271F00,0x20271F00,0x20271F00,0x20271F00,0x20271F00,0x20271E00,
  0x20271E00,0x20271E00,0x20261E00,0x1F261D00,0x1F251D00,0x1E241C00,0x1E231B00,0x1D221B00,
  0x1C201A00,0x1B1F1800,0x191D1700,0x181B1600,0x16191400,0x15171200,0x13151100,0x11130F00,
  0x0F110D00,0x0D0F0C00,0x0C0D0A00,0x0A0B0900,0x08090700,0x07070600,0x06060500,0x04050400,
  0x04040300,0x03030200,0x02020200,0x01010100,0x01010100,0x01010000,0x00000000,0x00000000,
  0x00000000,0x00000000,0x00000000,0x01010100,0x01010100,0x02020100,0x02020200,0x03030200,
  0x04040300,0x05050400,0x06060500,0x07070600,0x08090700,0x0A0B0900,0x0B0C0A00,0x0D0E0B00,
  0x0E100D00,0x10120E00,0x11130F00,0x13151100,0x14171200,0x15181300,0x171A1500,0x181B1600,
  0x191C1600,0x1A1E1700,0x1A1E1800,0x1B1F1800,0x1B201900,0x1B201900,0x1C211900,0x1C211A00,
  0x1C211A00,0x1C211A00,0x1C211A00,0x1C211A00,0x1C211A00,0x1C211A00,0x1C211A00,0x1C211A00,
  0x1C211A00,0x1C211900,0x1B201900,0x1B201900,0x1B1F1800,0x1A1E1800,0x1A1E1700,0x191C1600,
  0x181B1600,0x171A1500,0x15181300,0x14171200,0x13151100,0x11130F00,0x10120E00,0x0E100D00,
  0x0D0E0B00,0x0B0C0A00,0x0A0B0900,0x08090700,0x07070600,0x06060500,0x05050400,0x04040300,
  0x03030200,0x02020200,0x02020100,0x01010100,0x01010100,0x00000000,0x00000000,0x00000000,
  0x00000000,0x00000000,0x00000000,0x01010000,0x01010100,0x01010100,0x02020100,0x02030200,
  0x03030300,0x04040300,0x05050400,0x05060500,0x07070600,0x08090700,0x090A0800,0x0B0C0900,
  0x0C0D0A00,0x0D0F0C00,0x0E100D00,0x10110E00,0x11130F00,0x12141000,0x13151100,0x14161200,
  0x15171300,0x16191300,0x16191400,0x171A1400,0x171A1500,0x171A1500,0x181B1500,0x181B1500,
  0x181B1500,0x181C1600,0x181C1600,0x181C1600,0x181C1600,0x181C1600,0x181C1600,0x181B1500,
  0x181B1500,0x181B1500,0x171A1500,0x171A1500,0x171A1400,0x16191400,0x16191300,0x15171300,
  0x14161200,0x13151100,0x12141000,0x11130F00,0x10110E00,0x0E100D00,0x0D0F0C00,0x0C0D0A00,
  0x0B0C0900,0x090A0800,0x08090700,0x07070600,0x05060500,0x05050400,0x04040300,0x03030300,
  0x02030200,0x02020100,0x01010100,0x01010100,0x01010000,0x00000000,0x00000000,0x00000000,
  0x00000000,0x00000000,0x00000000,0x00000000,0x01010000,0x01010100,0x01010100,0x02020100,
  0x03030200,0x03030300,0x04040300,0x04050400,0x06060500,0x06070600,0x07080700,0x09090700,
  0x0A0A0900,0x0B0C0900,0x0C0D0A00,0x0D0E0B00,0x0E0F0C00,0x0F100D00,0x10120E00,0x11120F00,
  0x11130F00,0x12141000,0x13151100,0x13151100,0x13161100,0x13161200,0x14171200,0x14171200,
  0x14171200,0x14171200,0x14171200,0x14171200,0x14171200,0x14171200,0x14171200,0x14171200,
  0x14171200,0x14171200,0x13161200,0x13161100,0x13151100,0x13151100,0x12141000,0x11130F00,
  0x11120F00,0x10120E00,0x0F100D00,0x0E0F0C00,0x0D0E0B00,0x0C0D0A00,0x0B0C0900,0x0A0A0900,
  0x09090700,0x07080700,0x06070600,0x06060500,0x04050400,0x04040300,0x03030300,0x03030200,
  0x02020100,0x01010100,0x01010100,0x01010000,0x00000000,0x00000000,0x00000000,0x00000000,
  0x00000000,0x00000000,0x00000000,0x00000000,0x00000000,0x01010100,0x01010100,0x02020100,
  0x02020200,0x03030200,0x03030300,0x04040300,0x05050400,0x05060500,0x06060500,0x07080600,
  0x08080700,0x090A0800,0x0A0B0800,0x0B0B0900,0x0C0D0A00,0x0D0D0B00,0x0E0F0C00,0x0E0F0C00,
  0x0F100D00,0x10110D00,0x10110E00,0x10120E00,0x10120E00,0x10120F00,0x11130F00,0x11130F00,
  0x11130F00,0x11130F00,0x11130F00,0x11130F00,0x11130F00,0x11130F00,0x11130F00,0x11130F00,
  0x11130F00,0x11130F00,0x10120F00,0x10120E00,0x10120E00,0x10110E00,0x10110D00,0x0F100D00,
  0x0E0F0C00,0x0E0F0C00,0x0D0D0B00,0x0C0D0A00,0x0B0B0900,0x0A0B0800,0x090A0800,0x08080700,
  0x07080600,0x06060500,0x05060500,0x05050400,0x04040300,0x03030300,0x03030200,0x02020200,
  0x02020100,0x01010100,0x01010100,0x00000000,0x00000000,0x00000000,0x00000000,0x00000000,
};

#endif
