/* Generated by tools/gen_icons.py - do not edit by hand.
 *
 * Signed-distance rasterised UI icons. Replaces the RR_ICON_* bitmaps,
 * whose shape edges were effectively binary and showed a 1px staircase
 * on every curve.
 *
 * Pixels are 0xAABBGGRR, matching RR_BGRA and the framebuffer.
 */
#pragma once

#define EVO_ICON_BROWSE_USB_W 72
#define EVO_ICON_BROWSE_USB_H 72
static const unsigned int EVO_ICON_BROWSE_USB[5184]={
0x00FFCD00,0x00FFCD00,0x00FFCD00,0x00FFCD00,0x00FFCD00,0x00FFCD00,0x00FFCD00,0x00FFCD00,0x00FFCD00,0x00FFCD00,0x00FFCD00,0x00FFCD00,
0x00FFCD00,0x00FFCD00,0x00FFCD00,0x00FFCD00,0x00FFCD00,0x00FFCD00,0x00FFCD00,0x00FFCD00,0x00FFCD00,0x00FFCD00,0x00FFCD00,0x00FFCD00,
0x00FFCD00,0x00FFCD00,0x00FFCD00,0x00FFCD00,0x00FFCD00,0x00FFCD00,0x00FFCD00,0x00FFCD00,0x00FFCD00,0x00FFCD00,0x00FFCD00,0x00FFCD00,
0x00FFCD00,0x00FFCD00,0x00FFCD00,0x00FFCD00,0x00FFCD00,0x00FFCD00,0x00FFCD00,0x00FFCD00,0x00FFCD00,0x00FFCD00,0x00FFCD00,0x00FFCD00,
0x00FFCD00,0x00FFCD00,0x00FFCD00,0x00FFCD00,0x00FFCD00,0x00FFCD00,0x00FFCD00,0x00FFCD00,0x00FFCD00,0x00FFCD00,0x00FFCD00,0x00FFCD00,
0x00FFCD00,0x00FFCD00,0x00FFCD00,0x00FFCD00,0x00FFCD00,0x00FFCD00,0x00FFCD00,0x00FFCD00,0x00FFCD00,0x00FFCD00,0x00FFCD00,0x00FFCD00,
0x00FFCD00,0x00FFCD00,0x00FFCD00,0x00FFCD00,0x00FFCD00,0x00FFCD00,0x00FFCD00,0x00FFCD00,0x00FFCD00,0x00FFCD00,0x00FFCD00,0x00FFCD00,
0x00FFCD00,0x00FFCD00,0x00FFCD00,0x00FFCD00,0x00FFCD00,0x00FFCD00,0x00FFCD00,0x00FFCD00,0x00FFCD00,0x00FFCD00,0x00FFCD00,0x00FFCD00,
0x00FFCD00,0x00FFCD00,0x00FFCD00,0x00FFCD00,0x00FFCD00,0x00FFCD00,0x00FFCD00,0x00FFCD00,0x00FFCD00,0x00FFCD00,0x00FFCD00,0x00FFCD00,
0x00FFCD00,0x00FFCD00,0x00FFCD00,0x00FFCD00,0x00FFCD00,0x00FFCD00,0x00FFCD00,0x00FFCD00,0x00FFCD00,0x00FFCD00,0x00FFCD00,0x00FFCD00,
0x00FFCD00,0x00FFCD00,0x00FFCD00,0x00FFCD00,0x00FFCD00,0x00FFCD00,0x00FFCD00,0x00FFCD00,0x00FFCD00,0x00FFCD00,0x00FFCD00,0x00FFCD00,
0x00FFCD00,0x00FFCD00,0x00FFCD00,0x00FFCD00,0x00FFCD00,0x00FFCD00,0x00FFCD00,0x00FFCD00,0x00FFCD00,0x00FFCD00,0x00FFCD00,0x00FFCD00,
0x00FFCD00,0x00FFCD00,0x00FFCD00,0x00FFCD00,0x00FFCD00,0x00FFCD00,0x00FFCD00,0x00FFCD00,0x00FFCD00,0x00FFCD00,0x00FFCD00,0x00FFCD00,
0x00FFCD00,0x00FFCD00,0x00FFCD00,0x00FFCD00,0x00FFCD00,0x00FFCD00,0x00FFCD00,0x00FFCD00,0x00FFCD00,0x00FFCD00,0x00FFCD00,0x00FFCD00,
0x00FFCD00,0x00FFCD00,0x00FFCD00,0x00FFCD00,0x00FFCD00,0x00FFCD00,0x00FFCD00,0x00FFCD00,0x00FFCD00,0x00FFCD00,0x00FFCD00,0x00FFCD00,
0x00FFCD00,0x00FFCD00,0x00FFCD00,0x00FFCD00,0x00FFCD00,0x00FFCD00,0x00FFCD00,0x00FFCD00,0x00FFCD00,0x00FFCD00,0x00FFCD00,0x00FFCD00,
0x00FFCD00,0x00FFCD00,0x00FFCD00,0x00FFCD00,0x00FFCD00,0x00FFCD00,0x00FFCD00,0x00FFCD00,0x00FFCD00,0x00FFCD00,0x00FFCD00,0x00FFCD00,
0x00FFCD00,0x00FFCD00,0x00FFCD00,0x00FFCD00,0x00FFCD00,0x00FFCD00,0x00FFCD00,0x00FFCD00,0x00FFCD00,0x00FFCD00,0x00FFCD00,0x00FFCD00,
0x00FFCD00,0x00FFCD00,0x00FFCD00,0x00FFCD00,0x00FFCD00,0x00FFCD00,0x00FFCD00,0x00FFCD00,0x00FFCD00,0x00FFCD00,0x00FFCD00,0x00FFCD00,
0x00FFCD00,0x00FFCD00,0x00FFCD00,0x00FFCD00,0x00FFCD00,0x00FFCD00,0x00FFCD00,0x00FFCD00,0x00FFCD00,0x00FFCD00,0x00FFCD00,0x00FFCD00,
0x00FFCD00,0x00FFCD00,0x00FFCD00,0x00FFCD00,0x00FFCD00,0x00FFCD00,0x00FFCD00,0x00FFCD00,0x00FFCD00,0x00FFCD00,0x00FFCD00,0x00FFCD00,
0x00FFCD00,0x00FFCD00,0x00FFCD00,0x00FFCD00,0x00FFCD00,0x00FFCD00,0x00FFCD00,0x00FFCD00,0x00FFCD00,0x00FFCD00,0x00FFCD00,0x00FFCD00,
0x00FFCD00,0x00FFCD00,0x00FFCD00,0x00FFCD00,0x00FFCD00,0x00FFCD00,0x00FFCD00,0x00FFCD00,0x00FFCD00,0x00FFCD00,0x00FFCD00,0x00FFCD00,
0x00FFCD00,0x00FFCD00,0x00FFCD00,0x00FFCD00,0x00FFCD00,0x00FFCD00,0x00FFCD00,0x00FFCD00,0x00FFCD00,0x00FFCD00,0x00FFCD00,0x00FFCD00,
0x00FFCD00,0x00FFCD00,0x00FFCD00,0x00FFCD00,0x00FFCD00,0x00FFCD00,0x00FFCD00,0x00FFCD00,0x00FFCD00,0x00FFCD00,0x00FFCD00,0x00FFCD00,
0x00FFCD00,0x00FFCD00,0x00FFCD00,0x00FFCD00,0x00FFCD00,0x00FFCD00,0x00FFCD00,0x00FFCD00,0x00FFCD00,0x00FFCD00,0x00FFCD00,0x00FFCD00,
0x00FFCD00,0x00FFCD00,0x00FFCD00,0x00FFCD00,0x00FFCD00,0x00FFCD00,0x00FFCD00,0x00FFCD00,0x00FFCD00,0x00FFCD00,0x00FFCD00,0x00FFCD00,
0x00FFCD00,0x00FFCD00,0x00FFCD00,0x00FFCD00,0x00FFCD00,0x00FFCD00,0x00FFCD00,0x00FFCD00,0x00FFCD00,0x00FFCD00,0x00FFCD00,0x00FFCD00,
0x00FFCD00,0x00FFCD00,0x00FFCD00,0x00FFCD00,0x00FFCD00,0x00FFCD00,0x00FFCD00,0x00FFCD00,0x00FFCD00,0x00FFCD00,0x00FFCD00,0x00FFCD00,
0x00FFCD00,0x00FFCD00,0x00FFCD00,0x00FFCD00,0x00FFCD00,0x00FFCD00,0x00FFCD00,0x00FFCD00,0x00FFCD00,0x00FFCD00,0x00FFCD00,0x00FFCD00,
0x00FFCD00,0x00FFCD00,0x00FFCD00,0x00FFCD00,0x00FFCD00,0x00FFCD00,0x00FFCD00,0x00FFCD00,0x00FFCD00,0x00FFCD00,0x00FFCD00,0x00FFCD00,
0x00FFCD00,0x00FFCD00,0x00FFCD00,0x00FFCD00,0x00FFCD00,0x00FFCD00,0x00FFCD00,0x00FFCD00,0x00FFCD00,0x00FFCD00,0x00FFCD00,0x00FFCD00,
0x00FFCD00,0x00FFCD00,0x00FFCD00,0x00FFCD00,0x00FFCD00,0x00FFCD00,0x00FFCD00,0x00FFCD00,0x00FFCD00,0x00FFCD00,0x00FFCD00,0x00FFCD00,
0x00FFCD00,0x00FFCD00,0x00FFCD00,0x00FFCD00,0x00FFCD00,0x00FFCD00,0x00FFCD00,0x00FFCD00,0x00FFCD00,0x00FFCD00,0x00FFCD00,0x00FFCD00,
0x00FFCD00,0x00FFCD00,0x00FFCD00,0x00FFCD00,0x00FFCD00,0x00FFCD00,0x00FFCD00,0x00FFCD00,0x00FFCD00,0x00FFCD00,0x00FFCD00,0x00FFCD00,
0x00FFCD00,0x00FFCD00,0x00FFCD00,0x00FFCD00,0x00FFCD00,0x00FFCD00,0x00FFCD00,0x00FFCD00,0x00FFCD00,0x00FFCD00,0x00FFCD00,0x00FFCD00,
0x00FFCD00,0x00FFCD00,0x00FFCD00,0x00FFCD00,0x00FFCD00,0x00FFCD00,0x00FFCD00,0x00FFCD00,0x00FFCD00,0x00FFCD00,0x00FFCD00,0x00FFCD00,
0x00FFCD00,0x00FFCD00,0x00FFCD00,0x00FFCD00,0x00FFCD00,0x00FFCD00,0x00FFCD00,0x00FFCD00,0x00FFCD00,0x00FFCD00,0x00FFCD00,0x00FFCD00,
0x00FFCD00,0x00FFCD00,0x00FFCD00,0x00FFCD00,0x00FFCD00,0x00FFCD00,0x00FFCD00,0x00FFCD00,0x00FFCD00,0x00FFCD00,0x00FFCD00,0x00FFCD00,
0x00FFCD00,0x00FFCD00,0x00FFCD00,0x00FFCD00,0x00FFCD00,0x00FFCD00,0x00FFCD00,0x00FFCD00,0x00FFCD00,0x00FFCD00,0x00FFCD00,0x00FFCD00,
0x00FFCD00,0x00FFCD00,0x00FFCD00,0x00FFCD00,0x00FFCD00,0x00FFCD00,0x00FFCD00,0x00FFCD00,0x00FFCD00,0x00FFCD00,0x00FFCD00,0x00FFCD00,
0x00FFCD00,0x00FFCD00,0x00FFCD00,0x00FFCD00,0x00FFCD00,0x00FFCD00,0x00FFCD00,0x00FFCD00,0x00FFCD00,0x00FFCD00,0x00FFCD00,0x00FFCD00,
0x00FFCD00,0x00FFCD00,0x00FFCD00,0x00FFCD00,0x00FFCD00,0x00FFCD00,0x00FFCD00,0x00FFCD00,0x00FFCD00,0x00FFCD00,0x00FFCD00,0x00FFCD00,
0x00FFCD00,0x00FFCD00,0x00FFCD00,0x00FFCD00,0x00FFCD00,0x00FFCD00,0x00FFCD00,0x00FFCD00,0x00FFCD00,0x00FFCD00,0x00FFCD00,0x00FFCD00,
0x00FFCD00,0x00FFCD00,0x00FFCD00,0x00FFCD00,0x00FFCD00,0x00FFCD00,0x00FFCD00,0x00FFCD00,0x00FFCD00,0x00FFCD00,0x00FFCD00,0x00FFCD00,
0x00FFCD00,0x00FFCD00,0x00FFCD00,0x00FFCD00,0x00FFCD00,0x00FFCD00,0x00FFCD00,0x00FFCD00,0x00FFCD00,0x00FFCD00,0x00FFCD00,0x00FFCD00,
0x00FFCD00,0x00FFCD00,0x00FFCD00,0x00FFCD00,0x00FFCD00,0x00FFCD00,0x00FFCD00,0x00FFCD00,0x00FFCD00,0x00FFCD00,0x00FFCD00,0x00FFCD00,
0x00FFCD00,0x00FFCD00,0x00FFCD00,0x00FFCD00,0x00FFCD00,0x00FFCD00,0x00FFCD00,0x00FFCD00,0x00FFCD00,0x00FFCD00,0x00FFCD00,0x00FFCD00,
0x00FFCD00,0x00FFCD00,0x00FFCD00,0x00FFCD00,0x00FFCD00,0x00FFCD00,0x00FFCD00,0x00FFCD00,0x00FFCD00,0x00FFCD00,0x00FFCD00,0x00FFCD00,
0x00FFCD00,0x00FFCD00,0x00FFCD00,0x00FFCD00,0x00FFCD00,0x00FFCD00,0x00FFCD00,0x00FFCD00,0x00FFCD00,0x00FFCD00,0x00FFCD00,0x00FFCD00,
0x00FFCD00,0x00FFCD00,0x00FFCD00,0x00FFCD00,0x00FFCD00,0x00FFCD00,0x00FFCD00,0x00FFCD00,0x00FFCD00,0x00FFCD00,0x00FFCD00,0x00FFCD00,
0x00FFCD00,0x00FFCD00,0x00FFCD00,0x00FFCD00,0x00FFCD00,0x00FFCD00,0x00FFCD00,0x00FFCD00,0x00FFCD00,0x00FFCD00,0x00FFCD00,0x00FFCD00,
0x00FFCD00,0x00FFCD00,0x00FFCD00,0x00FFCD00,0x00FFCD00,0x00FFCD00,0x00FFCD00,0x00FFCD00,0x00FFCD00,0x00FFCD00,0x00FFCD00,0x00FFCD00,
0x00FFCD00,0x00FFCD00,0x00FFCD00,0x00FFCD00,0x00FFCD00,0x00FFCD00,0x00FFCD00,0x00FFCD00,0x00FFCD00,0x00FFCD00,0x00FFCD00,0x00FFCD00,
0x00FFCD00,0x00FFCD00,0x00FFCD00,0x00FFCD00,0x00FFCD00,0x00FFCD00,0x00FFCD00,0x00FFCD00,0x00FFCD00,0x00FFCD00,0x00FFCD00,0x00FFCD00,
0x00FFCD00,0x00FFCD00,0x00FFCD00,0x00FFCD00,0x00FFCD00,0x00FFCD00,0x00FFCD00,0x00FFCD00,0x00FFCD00,0x00FFCD00,0x00FFCD00,0x00FFCD00,
0x00FFCD00,0x00FFCD00,0x00FFCD00,0x00FFCD00,0x00FFCD00,0x00FFCD00,0x00FFCD00,0x00FFCD00,0x00FFCD00,0x00FFCD00,0x00FFCD00,0x00FFCD00,
0x00FFCD00,0x00FFCD00,0x00FFCD00,0x00FFCD00,0x00FFCD00,0x00FFCD00,0x00FFCD00,0x00FFCD00,0x00FFCD00,0x00FFCD00,0x00FFCD00,0x00FFCD00,
0x00FFCD00,0x00FFCD00,0x00FFCD00,0x00FFCD00,0x00FFCD00,0x00FFCD00,0x00FFCD00,0x00FFCD00,0x00FFCD00,0x00FFCD00,0x00FFCD00,0x00FFCD00,
0x00FFCD00,0x00FFCD00,0x00FFCD00,0x00FFCD00,0x00FFCD00,0x00FFCD00,0x00FFCD00,0x00FFCD00,0x00FFCD00,0x00FFCD00,0x00FFCD00,0x00FFCD00,
0x00FFCD00,0x00FFCD00,0x00FFCD00,0x00FFCD00,0x00FFCD00,0x00FFCD00,0x00FFCD00,0x00FFCD00,0x00FFCD00,0x00FFCD00,0x00FFCD00,0x00FFCD00,
0x00FFCD00,0x00FFCD00,0x00FFCD00,0x00FFCD00,0x00FFCD00,0x00FFCD00,0x00FFCD00,0x00FFCD00,0x00FFCD00,0x00FFCD00,0x00FFCD00,0x00FFCD00,
0x00FFCD00,0x00FFCD00,0x00FFCD00,0x00FFCD00,0x00FFCD00,0x00FFCD00,0x00FFCD00,0x00FFCD00,0x00FFCD00,0x00FFCD00,0x00FFCD00,0x00FFCD00,
0x00FFCD00,0x00FFCD00,0x00FFCD00,0x00FFCD00,0x00FFCD00,0x00FFCD00,0x00FFCD00,0x00FFCD00,0x00FFCD00,0x00FFCD00,0x00FFCD00,0x00FFCD00,
0x00FFCD00,0x00FFCD00,0x00FFCD00,0x00FFCD00,0x00FFCD00,0x00FFCD00,0x00FFCD00,0x00FFCD00,0x00FFCD00,0x00FFCD00,0x00FFCD00,0x00FFCD00,
0x00FFCD00,0x00FFCD00,0x00FFCD00,0x00FFCD00,0x00FFCD00,0x00FFCD00,0x00FFCD00,0x00FFCD00,0x00FFCD00,0x00FFCD00,0x00FFCD00,0x00FFCD00,
0x00FFCD00,0x00FFCD00,0x00FFCD00,0x00FFCD00,0x00FFCD00,0x00FFCD00,0x00FFCD00,0x00FFCD00,0x00FFCD00,0x00FFCD00,0x00FFCD00,0x00FFCD00,
0x00FFCD00,0x00FFCD00,0x00FFCD00,0x00FFCD00,0x00FFCD00,0x00FFCD00,0x00FFCD00,0x00FFCD00,0x00FFCD00,0x00FFCD00,0x00FFCD00,0x00FFCD00,
0x00FFCD00,0x00FFCD00,0x00FFCD00,0x00FFCD00,0x00FFCD00,0x00FFCD00,0x00FFCD00,0x00FFCD00,0x00FFCD00,0x00FFCD00,0x00FFCD00,0x00FFCD00,
0x00FFCD00,0x00FFCD00,0x00FFCD00,0x00FFCD00,0x00FFCD00,0x00FFCD00,0x00FFCD00,0x00FFCD00,0x00FFCD00,0x00FFCD00,0x00FFCD00,0x00FFCD00,
0x00FFCD00,0x00FFCD00,0x00FFCD00,0x00FFCD00,0x00FFCD00,0x00FFCD00,0x00FFCD00,0x00FFCD00,0x00FFCD00,0x00FFCD00,0x00FFCD00,0x00FFCD00,
0x00FFCD00,0x00FFCD00,0x00FFCD00,0x00FFCD00,0x00FFCD00,0x00FFCD00,0x00FFCD00,0x00FFCD00,0x00FFCD00,0x00FFCD00,0x00FFCD00,0x00FFCD00,
0x00FFCD00,0x00FFCD00,0x00FFCD00,0x00FFCD00,0x00FFCD00,0x00FFCD00,0x00FFCD00,0x00FFCD00,0x00FFCD00,0x00FFCD00,0x00FFCD00,0x00FFCD00,
0x00FFCD00,0x00FFCD00,0x00FFCD00,0x00FFCD00,0x00FFCD00,0x00FFCD00,0x00FFCD00,0x00FFCD00,0x00FFCD00,0x00FFCD00,0x00FFCD00,0x00FFCD00,
0x00FFCD00,0x00FFCD00,0x00FFCD00,0x59FFCD00,0xD8FFCD00,0xEBFFCD00,0xEBFFCD00,0xEBFFCD00,0xEBFFCD00,0xEBFFCD00,0xEBFFCD00,0xEBFFCD00,
0xEBFFCD00,0xEBFFCD00,0xEBFFCD00,0xEBFFCD00,0xEBFFCD00,0xEBFFCD00,0xEBFFCD00,0xD8FFCD00,0x59FFCD00,0x00FFCD00,0x00FFCD00,0x00FFCD00,
0x00FFCD00,0x00FFCD00,0x00FFCD00,0x00FFCD00,0x00FFCD00,0x00FFCD00,0x00FFCD00,0x00FFCD00,0x00FFCD00,0x00FFCD00,0x00FFCD00,0x00FFCD00,
0x00FFCD00,0x00FFCD00,0x00FFCD00,0x00FFCD00,0x00FFCD00,0x00FFCD00,0x00FFCD00,0x00FFCD00,0x00FFCD00,0x00FFCD00,0x00FFCD00,0x00FFCD00,
0x00FFCD00,0x00FFCD00,0x00FFCD00,0x00FFCD00,0x00FFCD00,0x00FFCD00,0x00FFCD00,0x00FFCD00,0x00FFCD00,0x00FFCD00,0x00FFCD00,0x00FFCD00,
0x00FFCD00,0x00FFCD00,0x00FFCD00,0x00FFCD00,0x00FFCD00,0x00FFCD00,0x00FFCD00,0x00FFCD00,0x00FFCD00,0x00FFCD00,0x00FFCD00,0x00FFCD00,
0x00FFCD00,0x00FFCD00,0x00FFCD00,0xD8FFCD00,0xEBFFCD00,0xEBFFCD00,0xEBFFCD00,0xEBFFCD00,0xEBFFCD00,0xEBFFCD00,0xEBFFCD00,0xEBFFCD00,
0xEBFFCD00,0xEBFFCD00,0xEBFFCD00,0xEBFFCD00,0xEBFFCD00,0xEBFFCD00,0xEBFFCD00,0xEBFFCD00,0xD8FFCD00,0x00FFCD00,0x00FFCD00,0x00FFCD00,
0x00FFCD00,0x00FFCD00,0x00FFCD00,0x00FFCD00,0x00FFCD00,0x00FFCD00,0x00FFCD00,0x00FFCD00,0x00FFCD00,0x00FFCD00,0x00FFCD00,0x00FFCD00,
0x00FFCD00,0x00FFCD00,0x00FFCD00,0x00FFCD00,0x00FFCD00,0x00FFCD00,0x00FFCD00,0x00FFCD00,0x00FFCD00,0x00FFCD00,0x00FFCD00,0x00FFCD00,
0x00FFCD00,0x00FFCD00,0x00FFCD00,0x00FFCD00,0x00FFCD00,0x00FFCD00,0x00FFCD00,0x00FFCD00,0x00FFCD00,0x00FFCD00,0x00FFCD00,0x00FFCD00,
0x00FFCD00,0x00FFCD00,0x00FFCD00,0x00FFCD00,0x00FFCD00,0x00FFCD00,0x00FFCD00,0x00FFCD00,0x00FFCD00,0x00FFCD00,0x00FFCD00,0x00FFCD00,
0x00FFCD00,0x00FFCD00,0x00FFCD00,0xEBFFCD00,0xEBFFCD00,0xEBFFCD00,0xEBFFCD00,0xEBFFCD00,0xEBFFCD00,0xEBFFCD00,0xEBFFCD00,0xEBFFCD00,
0xEBFFCD00,0xEBFFCD00,0xEBFFCD00,0xEBFFCD00,0xEBFFCD00,0xEBFFCD00,0xEBFFCD00,0xEBFFCD00,0xEBFFCD00,0x00FFCD00,0x00FFCD00,0x00FFCD00,
0x00FFCD00,0x00FFCD00,0x00FFCD00,0x00FFCD00,0x00FFCD00,0x00FFCD00,0x00FFCD00,0x00FFCD00,0x00FFCD00,0x00FFCD00,0x00FFCD00,0x00FFCD00,
0x00FFCD00,0x00FFCD00,0x00FFCD00,0x00FFCD00,0x00FFCD00,0x00FFCD00,0x00FFCD00,0x00FFCD00,0x00FFCD00,0x00FFCD00,0x00FFCD00,0x00FFCD00,
0x00FFCD00,0x00FFCD00,0x00FFCD00,0x00FFCD00,0x00FFCD00,0x00FFCD00,0x00FFCD00,0x00FFCD00,0x00FFCD00,0x00FFCD00,0x00FFCD00,0x00FFCD00,
0x00FFCD00,0x00FFCD00,0x00FFCD00,0x00FFCD00,0x00FFCD00,0x00FFCD00,0x00FFCD00,0x00FFCD00,0x00FFCD00,0x00FFCD00,0x00FFCD00,0x00FFCD00,
0x00FFCD00,0x00FFCD00,0x00FFCD00,0xEBFFCD00,0xEBFFCD00,0xEBFFCD00,0xEBFFCD00,0xEBFFCD00,0xEBFFCD00,0xEBFFCD00,0xEBFFCD00,0xEBFFCD00,
0xEBFFCD00,0xEBFFCD00,0xEBFFCD00,0xEBFFCD00,0xEBFFCD00,0xEBFFCD00,0xEBFFCD00,0xEBFFCD00,0xEBFFCD00,0x00FFCD00,0x00FFCD00,0x00FFCD00,
0x00FFCD00,0x00FFCD00,0x00FFCD00,0x00FFCD00,0x00FFCD00,0x00FFCD00,0x00FFCD00,0x00FFCD00,0x00FFCD00,0x00FFCD00,0x00FFCD00,0x00FFCD00,
0x00FFCD00,0x00FFCD00,0x00FFCD00,0x00FFCD00,0x00FFCD00,0x00FFCD00,0x00FFCD00,0x00FFCD00,0x00FFCD00,0x00FFCD00,0x00FFCD00,0x00FFCD00,
0x00FFCD00,0x00FFCD00,0x00FFCD00,0x00FFCD00,0x00FFCD00,0x00FFCD00,0x00FFCD00,0x00FFCD00,0x00FFCD00,0x00FFCD00,0x00FFCD00,0x00FFCD00,
0x00FFCD00,0x00FFCD00,0x00FFCD00,0x00FFCD00,0x00FFCD00,0x00FFCD00,0x00FFCD00,0x00FFCD00,0x00FFCD00,0x00FFCD00,0x00FFCD00,0x00FFCD00,
0x00FFCD00,0x00FFCD00,0x00FFCD00,0xEBFFCD00,0xEBFFCD00,0xEBFFCD00,0xEBFFCD00,0xEBFFCD00,0xEBFFCD00,0xEBFFCD00,0xEBFFCD00,0xEBFFCD00,
0xEBFFCD00,0xEBFFCD00,0xEBFFCD00,0xEBFFCD00,0xEBFFCD00,0xEBFFCD00,0xEBFFCD00,0xEBFFCD00,0xEBFFCD00,0x00FFCD00,0x00FFCD00,0x00FFCD00,
0x00FFCD00,0x00FFCD00,0x00FFCD00,0x00FFCD00,0x00FFCD00,0x00FFCD00,0x00FFCD00,0x00FFCD00,0x00FFCD00,0x00FFCD00,0x00FFCD00,0x00FFCD00,
0x00FFCD00,0x00FFCD00,0x00FFCD00,0x00FFCD00,0x00FFCD00,0x00FFCD00,0x00FFCD00,0x00FFCD00,0x00FFCD00,0x00FFCD00,0x00FFCD00,0x00FFCD00,
0x00FFCD00,0x00FFCD00,0x00FFCD00,0x00FFCD00,0x00FFCD00,0x00FFCD00,0x00FFCD00,0x00FFCD00,0x00FFCD00,0x00FFCD00,0x00FFCD00,0x00FFCD00,
0x00FFCD00,0x00FFCD00,0x00FFCD00,0x00FFCD00,0x00FFCD00,0x00FFCD00,0x00FFCD00,0x00FFCD00,0x00FFCD00,0x00FFCD00,0x00FFCD00,0x00FFCD00,
0x00FFCD00,0x00FFCD00,0x00FFCD00,0xEBFFCD00,0xEBFFCD00,0xEBFFCD00,0xEBFFCD00,0xEBFFCD00,0xEBFFCD00,0xEBFFCD00,0xEBFFCD00,0xEBFFCD00,
0xEBFFCD00,0xEBFFCD00,0xEBFFCD00,0xEBFFCD00,0xEBFFCD00,0xEBFFCD00,0xEBFFCD00,0xEBFFCD00,0xEBFFCD00,0x00FFCD00,0x00FFCD00,0x00FFCD00,
0x00FFCD00,0x00FFCD00,0x00FFCD00,0x00FFCD00,0x00FFCD00,0x00FFCD00,0x00FFCD00,0x00FFCD00,0x00FFCD00,0x00FFCD00,0x00FFCD00,0x00FFCD00,
0x00FFCD00,0x00FFCD00,0x00FFCD00,0x00FFCD00,0x00FFCD00,0x00FFCD00,0x00FFCD00,0x00FFCD00,0x00FFCD00,0x00FFCD00,0x00FFCD00,0x00FFCD00,
0x00FFCD00,0x00FFCD00,0x00FFCD00,0x00FFCD00,0x00FFCD00,0x00FFCD00,0x00FFCD00,0x00FFCD00,0x00FFCD00,0x00FFCD00,0x00FFCD00,0x00FFCD00,
0x00FFCD00,0x00FFCD00,0x00FFCD00,0x00FFCD00,0x00FFCD00,0x00FFCD00,0x00FFCD00,0x00FFCD00,0x00FFCD00,0x00FFCD00,0x00FFCD00,0x00FFCD00,
0x00FFCD00,0x00FFCD00,0x00FFCD00,0xEBFFCD00,0xEBFFCD00,0xEBFFCD00,0xEBFFCD00,0xEBFFCD00,0xEBFFCD00,0xEBFFCD00,0xEBFFCD00,0xEBFFCD00,
0xEBFFCD00,0xEBFFCD00,0xEBFFCD00,0xEBFFCD00,0xEBFFCD00,0xEBFFCD00,0xEBFFCD00,0xEBFFCD00,0xEBFFCD00,0x00FFCD00,0x00FFCD00,0x00FFCD00,
0x00FFCD00,0x00FFCD00,0x00FFCD00,0x00FFCD00,0x00FFCD00,0x00FFCD00,0x00FFCD00,0x00FFCD00,0x00FFCD00,0x00FFCD00,0x00FFCD00,0x00FFCD00,
0x00FFCD00,0x00FFCD00,0x00FFCD00,0x00FFCD00,0x00FFCD00,0x00FFCD00,0x00FFCD00,0x00FFCD00,0x00FFCD00,0x00FFCD00,0x00FFCD00,0x00FFCD00,
0x00FFCD00,0x00FFCD00,0x00FFCD00,0x00FFCD00,0x00FFCD00,0x00FFCD00,0x00FFCD00,0x00FFCD00,0x00FFCD00,0x00FFCD00,0x00FFCD00,0x00FFCD00,
0x00FFCD00,0x00FFCD00,0x00FFCD00,0x00FFCD00,0x00FFCD00,0x00FFCD00,0x00FFCD00,0x00FFCD00,0x00FFCD00,0x00FFCD00,0x00FFCD00,0x00FFCD00,
0x00FFCD00,0x00FFCD00,0x00FFCD00,0xEBFFCD00,0xEBFFCD00,0xEBFFCD00,0xEBFFCD00,0xEBFFCD00,0xEBFFCD00,0xEBFFCD00,0xEBFFCD00,0xEBFFCD00,
0xEBFFCD00,0xEBFFCD00,0xEBFFCD00,0xEBFFCD00,0xEBFFCD00,0xEBFFCD00,0xEBFFCD00,0xEBFFCD00,0xEBFFCD00,0x00FFCD00,0x00FFCD00,0x00FFCD00,
0x00FFCD00,0x00FFCD00,0x00FFCD00,0x00FFCD00,0x00FFCD00,0x00FFCD00,0x00FFCD00,0x00FFCD00,0x00FFCD00,0x00FFCD00,0x00FFCD00,0x00FFCD00,
0x00FFCD00,0x00FFCD00,0x00FFCD00,0x00FFCD00,0x00FFCD00,0x00FFCD00,0x00FFCD00,0x00FFCD00,0x00FFCD00,0x00FFCD00,0x00FFCD00,0x00FFCD00,
0x00FFCD00,0x00FFCD00,0x00FFCD00,0x00FFCD00,0x00FFCD00,0x00FFCD00,0x00FFCD00,0x00FFCD00,0x00FFCD00,0x00FFCD00,0x00FFCD00,0x00FFCD00,
0x00FFCD00,0x00FFCD00,0x00FFCD00,0x00FFCD00,0x00FFCD00,0x00FFCD00,0x00FFCD00,0x00FFCD00,0x00FFCD00,0x00FFCD00,0x00FFCD00,0x00FFCD00,
0x00FFCD00,0x00FFCD00,0x00FFCD00,0xEBFFCD00,0xEBFFCD00,0xEBFFCD00,0xEBFFCD00,0xEBFFCD00,0xEBFFCD00,0xEBFFCD00,0xEBFFCD00,0xEBFFCD00,
0xEBFFCD00,0xEBFFCD00,0xEBFFCD00,0xEBFFCD00,0xEBFFCD00,0xEBFFCD00,0xEBFFCD00,0xEBFFCD00,0xEBFFCD00,0x00FFCD00,0x00FFCD00,0x00FFCD00,
0x00FFCD00,0x00FFCD00,0x00FFCD00,0x00FFCD00,0x00FFCD00,0x00FFCD00,0x00FFCD00,0x00FFCD00,0x00FFCD00,0x00FFCD00,0x00FFCD00,0x00FFCD00,
0x00FFCD00,0x00FFCD00,0x00FFCD00,0x00FFCD00,0x00FFCD00,0x00FFCD00,0x00FFCD00,0x00FFCD00,0x00FFCD00,0x00FFCD00,0x00FFCD00,0x00FFCD00,
0x00FFCD00,0x00FFCD00,0x00FFCD00,0x00FFCD00,0x00FFCD00,0x00FFCD00,0x00FFCD00,0x00FFCD00,0x00FFCD00,0x00FFCD00,0x00FFCD00,0x00FFCD00,
0x00FFCD00,0x00FFCD00,0x00FFCD00,0x00FFCD00,0x00FFCD00,0x00FFCD00,0x00FFCD00,0x00FFCD00,0x00FFCD00,0x00FFCD00,0x00FFCD00,0x00FFCD00,
0x00FFCD00,0x00FFCD00,0x00FFCD00,0xEBFFCD00,0xEBFFCD00,0xEBFFCD00,0xEBFFCD00,0xEBFFCD00,0xEBFFCD00,0xEBFFCD00,0xEBFFCD00,0xEBFFCD00,
0xEBFFCD00,0xEBFFCD00,0xEBFFCD00,0xEBFFCD00,0xEBFFCD00,0xEBFFCD00,0xEBFFCD00,0xEBFFCD00,0xEBFFCD00,0x00FFCD00,0x00FFCD00,0x00FFCD00,
0x00FFCD00,0x00FFCD00,0x00FFCD00,0x00FFCD00,0x00FFCD00,0x00FFCD00,0x00FFCD00,0x00FFCD00,0x00FFCD00,0x00FFCD00,0x00FFCD00,0x00FFCD00,
0x00FFCD00,0x00FFCD00,0x00FFCD00,0x00FFCD00,0x00FFCD00,0x00FFCD00,0x00FFCD00,0x00FFCD00,0x00FFCD00,0x00FFCD00,0x00FFCD00,0x00FFCD00,
0x00FFCD00,0x00FFCD00,0x00FFCD00,0x00FFCD00,0x00FFCD00,0x00FFCD00,0x00FFCD00,0x00FFCD00,0x00FFCD00,0x00FFCD00,0x00FFCD00,0x00FFCD00,
0x00FFCD00,0x00FFCD00,0x00FFCD00,0x00FFCD00,0x00FFCD00,0x00FFCD00,0x00FFCD00,0x00FFCD00,0x00FFCD00,0x00FFCD00,0x00FFCD00,0x00FFCD00,
0x00FFCD00,0x00FFCD00,0x00FFCD00,0xEBFFCD00,0xEBFFCD00,0xEBFFCD00,0xEBFFCD00,0xEBFFCD00,0xEBFFCD00,0xEBFFCD00,0xEBFFCD00,0xEBFFCD00,
0xEBFFCD00,0xEBFFCD00,0xEBFFCD00,0xEBFFCD00,0xEBFFCD00,0xEBFFCD00,0xEBFFCD00,0xEBFFCD00,0xEBFFCD00,0x00FFCD00,0x00FFCD00,0x00FFCD00,
0x00FFCD00,0x00FFCD00,0x00FFCD00,0x00FFCD00,0x00FFCD00,0x00FFCD00,0x00FFCD00,0x00FFCD00,0x00FFCD00,0x00FFCD00,0x00FFCD00,0x00FFCD00,
0x00FFCD00,0x00FFCD00,0x00FFCD00,0x00FFCD00,0x00FFCD00,0x00FFCD00,0x00FFCD00,0x00FFCD00,0x00FFCD00,0x00FFCD00,0x00FFCD00,0x00FFCD00,
0x00FFCD00,0x00FFCD00,0x00FFCD00,0x00FFCD00,0x00FFCD00,0x00FFCD00,0x00FFCD00,0x00FFCD00,0x00FFCD00,0x00FFCD00,0x00FFCD00,0x00FFCD00,
0x00FFCD00,0x00FFCD00,0x00FFCD00,0x00FFCD00,0x00FFCD00,0x00FFCD00,0x00FFCD00,0x00FFCD00,0x00FFCD00,0x00FFCD00,0x00FFCD00,0x00FFCD00,
0x00FFCD00,0x00FFCD00,0x00FFCD00,0xEBFFCD00,0xEBFFCD00,0xEBFFCD00,0xEBFFCD00,0xEBFFCD00,0xEBFFCD00,0xEBFFCD00,0xEBFFCD00,0xEBFFCD00,
0xEBFFCD00,0xEBFFCD00,0xEBFFCD00,0xEBFFCD00,0xEBFFCD00,0xEBFFCD00,0xEBFFCD00,0xEBFFCD00,0xEBFFCD00,0x00FFCD00,0x00FFCD00,0x00FFCD00,
0x00FFCD00,0x00FFCD00,0x00FFCD00,0x00FFCD00,0x00FFCD00,0x00FFCD00,0x00FFCD00,0x00FFCD00,0x00FFCD00,0x00FFCD00,0x00FFCD00,0x00FFCD00,
0x00FFCD00,0x00FFCD00,0x00FFCD00,0x00FFCD00,0x00FFCD00,0x00FFCD00,0x00FFCD00,0x00FFCD00,0x00FFCD00,0x00FFCD00,0x00FFCD00,0x00FFCD00,
0x00FFCD00,0x00FFCD00,0x00FFCD00,0x00FFCD00,0x00FFCD00,0x00FFCD00,0x00FFCD00,0x00FFCD00,0x00FFCD00,0x00FFCD00,0x00FFCD00,0x00FFCD00,
0x00FFCD00,0x00FFCD00,0x00FFCD00,0x00FFCD00,0x00FFCD00,0x00FFCD00,0x00FFCD00,0x00FFCD00,0x00FFCD00,0x00FFCD00,0x00FFCD00,0x08FFCD00,
0x4DFFCD00,0x71FFCD00,0x76FFCD00,0xEBFFCD00,0xEBFFCD00,0xEBFFCD00,0xEBFFCD00,0xEBFFCD00,0xEBFFCD00,0xEBFFCD00,0xEBFFCD00,0xEBFFCD00,
0xEBFFCD00,0xEBFFCD00,0xEBFFCD00,0xEBFFCD00,0xEBFFCD00,0xEBFFCD00,0xEBFFCD00,0xEBFFCD00,0xEBFFCD00,0x76FFCD00,0x71FFCD00,0x4DFFCD00,
0x08FFCD00,0x00FFCD00,0x00FFCD00,0x00FFCD00,0x00FFCD00,0x00FFCD00,0x00FFCD00,0x00FFCD00,0x00FFCD00,0x00FFCD00,0x00FFCD00,0x00FFCD00,
0x00FFCD00,0x00FFCD00,0x00FFCD00,0x00FFCD00,0x00FFCD00,0x00FFCD00,0x00FFCD00,0x00FFCD00,0x00FFCD00,0x00FFCD00,0x00FFCD00,0x00FFCD00,
0x00FFCD00,0x00FFCD00,0x00FFCD00,0x00FFCD00,0x00FFCD00,0x00FFCD00,0x00FFCD00,0x00FFCD00,0x00FFCD00,0x00FFCD00,0x00FFCD00,0x00FFCD00,
0x00FFCD00,0x00FFCD00,0x00FFCD00,0x00FFCD00,0x00FFCD00,0x00FFCD00,0x00FFCD00,0x00FFCD00,0x00FFCD00,0x00FFCD00,0x71FFCD00,0xE1FFCD00,
0xEBFFCD00,0xEBFFCD00,0xEBFFCD00,0xEBFFCD00,0xEBFFCD00,0xEBFFCD00,0xEBFFCD00,0xEBFFCD00,0xEBFFCD00,0xEBFFCD00,0xEBFFCD00,0xEBFFCD00,
0xEBFFCD00,0xEBFFCD00,0xEBFFCD00,0xEBFFCD00,0xEBFFCD00,0xEBFFCD00,0xEBFFCD00,0xEBFFCD00,0xEBFFCD00,0xEBFFCD00,0xEBFFCD00,0xEBFFCD00,
0xE1FFCD00,0x71FFCD00,0x00FFCD00,0x00FFCD00,0x00FFCD00,0x00FFCD00,0x00FFCD00,0x00FFCD00,0x00FFCD00,0x00FFCD00,0x00FFCD00,0x00FFCD00,
0x00FFCD00,0x00FFCD00,0x00FFCD00,0x00FFCD00,0x00FFCD00,0x00FFCD00,0x00FFCD00,0x00FFCD00,0x00FFCD00,0x00FFCD00,0x00FFCD00,0x00FFCD00,
0x00FFCD00,0x00FFCD00,0x00FFCD00,0x00FFCD00,0x00FFCD00,0x00FFCD00,0x00FFCD00,0x00FFCD00,0x00FFCD00,0x00FFCD00,0x00FFCD00,0x00FFCD00,
0x00FFCD00,0x00FFCD00,0x00FFCD00,0x00FFCD00,0x00FFCD00,0x00FFCD00,0x00FFCD00,0x00FFCD00,0x00FFCD00,0x95FFCD00,0xEBFFCD00,0xEBFFCD00,
0xEBFFCD00,0xEBFFCD00,0xEBFFCD00,0xEBFFCD00,0xEBFFCD00,0xEBFFCD00,0xEBFFCD00,0xEBFFCD00,0xEBFFCD00,0xEBFFCD00,0xEBFFCD00,0xEBFFCD00,
0xEBFFCD00,0xEBFFCD00,0xEBFFCD00,0xEBFFCD00,0xEBFFCD00,0xEBFFCD00,0xEBFFCD00,0xEBFFCD00,0xEBFFCD00,0xEBFFCD00,0xEBFFCD00,0xEBFFCD00,
0xEBFFCD00,0xEBFFCD00,0x95FFCD00,0x00FFCD00,0x00FFCD00,0x00FFCD00,0x00FFCD00,0x00FFCD00,0x00FFCD00,0x00FFCD00,0x00FFCD00,0x00FFCD00,
0x00FFCD00,0x00FFCD00,0x00FFCD00,0x00FFCD00,0x00FFCD00,0x00FFCD00,0x00FFCD00,0x00FFCD00,0x00FFCD00,0x00FFCD00,0x00FFCD00,0x00FFCD00,
0x00FFCD00,0x00FFCD00,0x00FFCD00,0x00FFCD00,0x00FFCD00,0x00FFCD00,0x00FFCD00,0x00FFCD00,0x00FFCD00,0x00FFCD00,0x00FFCD00,0x00FFCD00,
0x00FFCD00,0x00FFCD00,0x00FFCD00,0x00FFCD00,0x00FFCD00,0x00FFCD00,0x00FFCD00,0x00FFCD00,0x71FFCD00,0xEBFFCD00,0xEBFFCD00,0xEBFFCD00,
0xEBFFCD00,0xEBFFCD00,0xEBFFCD00,0xEBFFCD00,0xEBFFCD00,0xEBFFCD00,0xEBFFCD00,0xEBFFCD00,0xEBFFCD00,0xEBFFCD00,0xEBFFCD00,0xEBFFCD00,
0xEBFFCD00,0xEBFFCD00,0xEBFFCD00,0xEBFFCD00,0xEBFFCD00,0xEBFFCD00,0xEBFFCD00,0xEBFFCD00,0xEBFFCD00,0xEBFFCD00,0xEBFFCD00,0xEBFFCD00,
0xEBFFCD00,0xEBFFCD00,0xEBFFCD00,0x71FFCD00,0x00FFCD00,0x00FFCD00,0x00FFCD00,0x00FFCD00,0x00FFCD00,0x00FFCD00,0x00FFCD00,0x00FFCD00,
0x00FFCD00,0x00FFCD00,0x00FFCD00,0x00FFCD00,0x00FFCD00,0x00FFCD00,0x00FFCD00,0x00FFCD00,0x00FFCD00,0x00FFCD00,0x00FFCD00,0x00FFCD00,
0x00FFCD00,0x00FFCD00,0x00FFCD00,0x00FFCD00,0x00FFCD00,0x00FFCD00,0x00FFCD00,0x00FFCD00,0x00FFCD00,0x00FFCD00,0x00FFCD00,0x00FFCD00,
0x00FFCD00,0x00FFCD00,0x00FFCD00,0x00FFCD00,0x00FFCD00,0x00FFCD00,0x00FFCD00,0x08FFCD00,0xE1FFCD00,0xEBFFCD00,0xEBFFCD00,0xEBFFCD00,
0xEBFFCD00,0xEBFFCD00,0xEBFFCD00,0xEBFFCD00,0xEBFFCD00,0xEBFFCD00,0xEBFFCD00,0xEBFFCD00,0xEBFFCD00,0xEBFFCD00,0xEBFFCD00,0xEBFFCD00,
0xEBFFCD00,0xEBFFCD00,0xEBFFCD00,0xEBFFCD00,0xEBFFCD00,0xEBFFCD00,0xEBFFCD00,0xEBFFCD00,0xEBFFCD00,0xEBFFCD00,0xEBFFCD00,0xEBFFCD00,
0xEBFFCD00,0xEBFFCD00,0xEBFFCD00,0xE1FFCD00,0x08FFCD00,0x00FFCD00,0x00FFCD00,0x00FFCD00,0x00FFCD00,0x00FFCD00,0x00FFCD00,0x00FFCD00,
0x00FFCD00,0x00FFCD00,0x00FFCD00,0x00FFCD00,0x00FFCD00,0x00FFCD00,0x00FFCD00,0x00FFCD00,0x00FFCD00,0x00FFCD00,0x00FFCD00,0x00FFCD00,
0x00FFCD00,0x00FFCD00,0x00FFCD00,0x00FFCD00,0x00FFCD00,0x00FFCD00,0x00FFCD00,0x00FFCD00,0x00FFCD00,0x00FFCD00,0x00FFCD00,0x00FFCD00,
0x00FFCD00,0x00FFCD00,0x00FFCD00,0x00FFCD00,0x00FFCD00,0x00FFCD00,0x00FFCD00,0x4DFFCD00,0xEBFFCD00,0xEBFFCD00,0xEBFFCD00,0xEBFFCD00,
0xEBFFCD00,0x89FFCD00,0x76FFCD00,0x76FFCD00,0xD8FFCD00,0xEBFFCD00,0xEBFFCD00,0xEBFFCD00,0xEBFFCD00,0xEBFFCD00,0xEBFFCD00,0xEBFFCD00,
0xEBFFCD00,0xEBFFCD00,0xEBFFCD00,0xEBFFCD00,0xEBFFCD00,0xEBFFCD00,0xEBFFCD00,0xD8FFCD00,0x76FFCD00,0x76FFCD00,0x89FFCD00,0xEBFFCD00,
0xEBFFCD00,0xEBFFCD00,0xEBFFCD00,0xEBFFCD00,0x4DFFCD00,0x00FFCD00,0x00FFCD00,0x00FFCD00,0x00FFCD00,0x00FFCD00,0x00FFCD00,0x00FFCD00,
0x00FFCD00,0x00FFCD00,0x00FFCD00,0x00FFCD00,0x00FFCD00,0x00FFCD00,0x00FFCD00,0x00FFCD00,0x00FFCD00,0x00FFCD00,0x00FFCD00,0x00FFCD00,
0x00FFCD00,0x00FFCD00,0x00FFCD00,0x00FFCD00,0x00FFCD00,0x00FFCD00,0x00FFCD00,0x00FFCD00,0x00FFCD00,0x00FFCD00,0x00FFCD00,0x00FFCD00,
0x00FFCD00,0x00FFCD00,0x00FFCD00,0x00FFCD00,0x00FFCD00,0x00FFCD00,0x00FFCD00,0x71FFCD00,0xEBFFCD00,0xEBFFCD00,0xEBFFCD00,0xEBFFCD00,
0x89FFCD00,0x00FFCD00,0x00FFCD00,0x00FFCD00,0x00FFCD00,0x00FFCD00,0x00FFCD00,0x00FFCD00,0x00FFCD00,0x00FFCD00,0x00FFCD00,0x00FFCD00,
0x00FFCD00,0x00FFCD00,0x00FFCD00,0x00FFCD00,0x00FFCD00,0x00FFCD00,0x00FFCD00,0x00FFCD00,0x00FFCD00,0x00FFCD00,0x00FFCD00,0x89FFCD00,
0xEBFFCD00,0xEBFFCD00,0xEBFFCD00,0xEBFFCD00,0x71FFCD00,0x00FFCD00,0x00FFCD00,0x00FFCD00,0x00FFCD00,0x00FFCD00,0x00FFCD00,0x00FFCD00,
0x00FFCD00,0x00FFCD00,0x00FFCD00,0x00FFCD00,0x00FFCD00,0x00FFCD00,0x00FFCD00,0x00FFCD00,0x00FFCD00,0x00FFCD00,0x00FFCD00,0x00FFCD00,
0x00FFCD00,0x00FFCD00,0x00FFCD00,0x00FFCD00,0x00FFCD00,0x00FFCD00,0x00FFCD00,0x00FFCD00,0x00FFCD00,0x00FFCD00,0x00FFCD00,0x00FFCD00,
0x00FFCD00,0x00FFCD00,0x00FFCD00,0x00FFCD00,0x00FFCD00,0x00FFCD00,0x00FFCD00,0x76FFCD00,0xEBFFCD00,0xEBFFCD00,0xEBFFCD00,0xEBFFCD00,
0x76FFCD00,0x00FFCD00,0x00FFCD00,0x00FFCD00,0x00FFCD00,0x00FFCD00,0x00FFCD00,0x00FFCD00,0x00FFCD00,0x00FFCD00,0x00FFCD00,0x00FFCD00,
0x00FFCD00,0x00FFCD00,0x00FFCD00,0x00FFCD00,0x00FFCD00,0x00FFCD00,0x00FFCD00,0x00FFCD00,0x00FFCD00,0x00FFCD00,0x00FFCD00,0x76FFCD00,
0xEBFFCD00,0xEBFFCD00,0xEBFFCD00,0xEBFFCD00,0x76FFCD00,0x00FFCD00,0x00FFCD00,0x00FFCD00,0x00FFCD00,0x00FFCD00,0x00FFCD00,0x00FFCD00,
0x00FFCD00,0x00FFCD00,0x00FFCD00,0x00FFCD00,0x00FFCD00,0x00FFCD00,0x00FFCD00,0x00FFCD00,0x00FFCD00,0x00FFCD00,0x00FFCD00,0x00FFCD00,
0x00FFCD00,0x00FFCD00,0x00FFCD00,0x00FFCD00,0x00FFCD00,0x00FFCD00,0x00FFCD00,0x00FFCD00,0x00FFCD00,0x00FFCD00,0x00FFCD00,0x00FFCD00,
0x00FFCD00,0x00FFCD00,0x00FFCD00,0x00FFCD00,0x00FFCD00,0x00FFCD00,0x00FFCD00,0x76FFCD00,0xEBFFCD00,0xEBFFCD00,0xEBFFCD00,0xEBFFCD00,
0x76FFCD00,0x00FFCD00,0x00FFCD00,0x00FFCD00,0x00FFCD00,0x00FFCD00,0x00FFCD00,0x00FFCD00,0x00FFCD00,0x00FFCD00,0x00FFCD00,0x00FFCD00,
0x00FFCD00,0x00FFCD00,0x00FFCD00,0x00FFCD00,0x00FFCD00,0x00FFCD00,0x00FFCD00,0x00FFCD00,0x00FFCD00,0x00FFCD00,0x00FFCD00,0x76FFCD00,
0xEBFFCD00,0xEBFFCD00,0xEBFFCD00,0xEBFFCD00,0x76FFCD00,0x00FFCD00,0x00FFCD00,0x00FFCD00,0x00FFCD00,0x00FFCD00,0x00FFCD00,0x00FFCD00,
0x00FFCD00,0x00FFCD00,0x00FFCD00,0x00FFCD00,0x00FFCD00,0x00FFCD00,0x00FFCD00,0x00FFCD00,0x00FFCD00,0x00FFCD00,0x00FFCD00,0x00FFCD00,
0x00FFCD00,0x00FFCD00,0x00FFCD00,0x00FFCD00,0x00FFCD00,0x00FFCD00,0x00FFCD00,0x00FFCD00,0x00FFCD00,0x00FFCD00,0x00FFCD00,0x00FFCD00,
0x00FFCD00,0x00FFCD00,0x00FFCD00,0x00FFCD00,0x00FFCD00,0x00FFCD00,0x00FFCD00,0x76FFCD00,0xEBFFCD00,0xEBFFCD00,0xEBFFCD00,0xEBFFCD00,
0x76FFCD00,0x00FFCD00,0x00FFCD00,0x00FFCD00,0x00FFCD00,0x00FFCD00,0x00FFCD00,0x00FFCD00,0x00FFCD00,0x00FFCD00,0x00FFCD00,0x00FFCD00,
0x00FFCD00,0x00FFCD00,0x00FFCD00,0x00FFCD00,0x00FFCD00,0x00FFCD00,0x00FFCD00,0x00FFCD00,0x00FFCD00,0x00FFCD00,0x00FFCD00,0x76FFCD00,
0xEBFFCD00,0xEBFFCD00,0xEBFFCD00,0xEBFFCD00,0x76FFCD00,0x00FFCD00,0x00FFCD00,0x00FFCD00,0x00FFCD00,0x00FFCD00,0x00FFCD00,0x00FFCD00,
0x00FFCD00,0x00FFCD00,0x00FFCD00,0x00FFCD00,0x00FFCD00,0x00FFCD00,0x00FFCD00,0x00FFCD00,0x00FFCD00,0x00FFCD00,0x00FFCD00,0x00FFCD00,
0x00FFCD00,0x00FFCD00,0x00FFCD00,0x00FFCD00,0x00FFCD00,0x00FFCD00,0x00FFCD00,0x00FFCD00,0x00FFCD00,0x00FFCD00,0x00FFCD00,0x00FFCD00,
0x00FFCD00,0x00FFCD00,0x00FFCD00,0x00FFCD00,0x00FFCD00,0x00FFCD00,0x00FFCD00,0x76FFCD00,0xEBFFCD00,0xEBFFCD00,0xEBFFCD00,0xEBFFCD00,
0x76FFCD00,0x00FFCD00,0x00FFCD00,0x00FFCD00,0x00FFCD00,0x00FFCD00,0x00FFCD00,0x00FFCD00,0x00FFCD00,0x00FFCD00,0x00FFCD00,0x00FFCD00,
0x00FFCD00,0x00FFCD00,0x00FFCD00,0x00FFCD00,0x00FFCD00,0x00FFCD00,0x00FFCD00,0x00FFCD00,0x00FFCD00,0x00FFCD00,0x00FFCD00,0x76FFCD00,
0xEBFFCD00,0xEBFFCD00,0xEBFFCD00,0xEBFFCD00,0x76FFCD00,0x00FFCD00,0x00FFCD00,0x00FFCD00,0x00FFCD00,0x00FFCD00,0x00FFCD00,0x00FFCD00,
0x00FFCD00,0x00FFCD00,0x00FFCD00,0x00FFCD00,0x00FFCD00,0x00FFCD00,0x00FFCD00,0x00FFCD00,0x00FFCD00,0x00FFCD00,0x00FFCD00,0x00FFCD00,
0x00FFCD00,0x00FFCD00,0x00FFCD00,0x00FFCD00,0x00FFCD00,0x00FFCD00,0x00FFCD00,0x00FFCD00,0x00FFCD00,0x00FFCD00,0x00FFCD00,0x00FFCD00,
0x00FFCD00,0x00FFCD00,0x00FFCD00,0x00FFCD00,0x00FFCD00,0x00FFCD00,0x00FFCD00,0x76FFCD00,0xEBFFCD00,0xEBFFCD00,0xEBFFCD00,0xEBFFCD00,
0x76FFCD00,0x00FFCD00,0x00FFCD00,0x00FFCD00,0x00FFCD00,0x00FFCD00,0x00FFCD00,0x00FFCD00,0x00FFCD00,0x00FFCD00,0x00FFCD00,0x00FFCD00,
0x00FFCD00,0x00FFCD00,0x00FFCD00,0x00FFCD00,0x00FFCD00,0x00FFCD00,0x00FFCD00,0x00FFCD00,0x00FFCD00,0x00FFCD00,0x00FFCD00,0x76FFCD00,
0xEBFFCD00,0xEBFFCD00,0xEBFFCD00,0xEBFFCD00,0x76FFCD00,0x00FFCD00,0x00FFCD00,0x00FFCD00,0x00FFCD00,0x00FFCD00,0x00FFCD00,0x00FFCD00,
0x00FFCD00,0x00FFCD00,0x00FFCD00,0x00FFCD00,0x00FFCD00,0x00FFCD00,0x00FFCD00,0x00FFCD00,0x00FFCD00,0x00FFCD00,0x00FFCD00,0x00FFCD00,
0x00FFCD00,0x00FFCD00,0x00FFCD00,0x00FFCD00,0x00FFCD00,0x00FFCD00,0x00FFCD00,0x00FFCD00,0x00FFCD00,0x00FFCD00,0x00FFCD00,0x00FFCD00,
0x00FFCD00,0x00FFCD00,0x00FFCD00,0x00FFCD00,0x00FFCD00,0x00FFCD00,0x00FFCD00,0x76FFCD00,0xEBFFCD00,0xEBFFCD00,0xEBFFCD00,0xEBFFCD00,
0x76FFCD00,0x00FFCD00,0x00FFCD00,0x00FFCD00,0x00FFCD00,0x00FFCD00,0x00FFCD00,0x00FFCD00,0x00FFCD00,0x00FFCD00,0x00FFCD00,0x00FFCD00,
0x00FFCD00,0x00FFCD00,0x00FFCD00,0x00FFCD00,0x00FFCD00,0x00FFCD00,0x00FFCD00,0x00FFCD00,0x00FFCD00,0x00FFCD00,0x00FFCD00,0x76FFCD00,
0xEBFFCD00,0xEBFFCD00,0xEBFFCD00,0xEBFFCD00,0x76FFCD00,0x00FFCD00,0x00FFCD00,0x00FFCD00,0x00FFCD00,0x00FFCD00,0x00FFCD00,0x00FFCD00,
0x00FFCD00,0x00FFCD00,0x00FFCD00,0x00FFCD00,0x00FFCD00,0x00FFCD00,0x00FFCD00,0x00FFCD00,0x00FFCD00,0x00FFCD00,0x00FFCD00,0x00FFCD00,
0x00FFCD00,0x00FFCD00,0x00FFCD00,0x00FFCD00,0x00FFCD00,0x00FFCD00,0x00FFCD00,0x00FFCD00,0x00FFCD00,0x00FFCD00,0x00FFCD00,0x00FFCD00,
0x00FFCD00,0x00FFCD00,0x00FFCD00,0x00FFCD00,0x00FFCD00,0x00FFCD00,0x00FFCD00,0x76FFCD00,0xEBFFCD00,0xEBFFCD00,0xEBFFCD00,0xEBFFCD00,
0x76FFCD00,0x00FFCD00,0x00FFCD00,0x00FFCD00,0x00FFCD00,0x00FFCD00,0x00FFCD00,0x00FFCD00,0x00FFCD00,0x00FFCD00,0x00FFCD00,0x00FFCD00,
0x00FFCD00,0x00FFCD00,0x00FFCD00,0x00FFCD00,0x00FFCD00,0x00FFCD00,0x00FFCD00,0x00FFCD00,0x00FFCD00,0x00FFCD00,0x00FFCD00,0x76FFCD00,
0xEBFFCD00,0xEBFFCD00,0xEBFFCD00,0xEBFFCD00,0x76FFCD00,0x00FFCD00,0x00FFCD00,0x00FFCD00,0x00FFCD00,0x00FFCD00,0x00FFCD00,0x00FFCD00,
0x00FFCD00,0x00FFCD00,0x00FFCD00,0x00FFCD00,0x00FFCD00,0x00FFCD00,0x00FFCD00,0x00FFCD00,0x00FFCD00,0x00FFCD00,0x00FFCD00,0x00FFCD00,
0x00FFCD00,0x00FFCD00,0x00FFCD00,0x00FFCD00,0x00FFCD00,0x00FFCD00,0x00FFCD00,0x00FFCD00,0x00FFCD00,0x00FFCD00,0x00FFCD00,0x00FFCD00,
0x00FFCD00,0x00FFCD00,0x00FFCD00,0x00FFCD00,0x00FFCD00,0x00FFCD00,0x00FFCD00,0x76FFCD00,0xEBFFCD00,0xEBFFCD00,0xEBFFCD00,0xEBFFCD00,
0x76FFCD00,0x00FFCD00,0x00FFCD00,0x00FFCD00,0x00FFCD00,0x00FFCD00,0x00FFCD00,0x00FFCD00,0x00FFCD00,0x00FFCD00,0x00FFCD00,0x00FFCD00,
0x00FFCD00,0x00FFCD00,0x00FFCD00,0x00FFCD00,0x00FFCD00,0x00FFCD00,0x00FFCD00,0x00FFCD00,0x00FFCD00,0x00FFCD00,0x00FFCD00,0x76FFCD00,
0xEBFFCD00,0xEBFFCD00,0xEBFFCD00,0xEBFFCD00,0x76FFCD00,0x00FFCD00,0x00FFCD00,0x00FFCD00,0x00FFCD00,0x00FFCD00,0x00FFCD00,0x00FFCD00,
0x00FFCD00,0x00FFCD00,0x00FFCD00,0x00FFCD00,0x00FFCD00,0x00FFCD00,0x00FFCD00,0x00FFCD00,0x00FFCD00,0x00FFCD00,0x00FFCD00,0x00FFCD00,
0x00FFCD00,0x00FFCD00,0x00FFCD00,0x00FFCD00,0x00FFCD00,0x00FFCD00,0x00FFCD00,0x00FFCD00,0x00FFCD00,0x00FFCD00,0x00FFCD00,0x00FFCD00,
0x00FFCD00,0x00FFCD00,0x00FFCD00,0x00FFCD00,0x00FFCD00,0x00FFCD00,0x00FFCD00,0x76FFCD00,0xEBFFCD00,0xEBFFCD00,0xEBFFCD00,0xEBFFCD00,
0x76FFCD00,0x00FFCD00,0x00FFCD00,0x00FFCD00,0x00FFCD00,0x00FFCD00,0x00FFCD00,0x00FFCD00,0x00FFCD00,0x00FFCD00,0x00FFCD00,0x00FFCD00,
0x00FFCD00,0x00FFCD00,0x00FFCD00,0x00FFCD00,0x00FFCD00,0x00FFCD00,0x00FFCD00,0x00FFCD00,0x00FFCD00,0x00FFCD00,0x00FFCD00,0x76FFCD00,
0xEBFFCD00,0xEBFFCD00,0xEBFFCD00,0xEBFFCD00,0x76FFCD00,0x00FFCD00,0x00FFCD00,0x00FFCD00,0x00FFCD00,0x00FFCD00,0x00FFCD00,0x00FFCD00,
0x00FFCD00,0x00FFCD00,0x00FFCD00,0x00FFCD00,0x00FFCD00,0x00FFCD00,0x00FFCD00,0x00FFCD00,0x00FFCD00,0x00FFCD00,0x00FFCD00,0x00FFCD00,
0x00FFCD00,0x00FFCD00,0x00FFCD00,0x00FFCD00,0x00FFCD00,0x00FFCD00,0x00FFCD00,0x00FFCD00,0x00FFCD00,0x00FFCD00,0x00FFCD00,0x00FFCD00,
0x00FFCD00,0x00FFCD00,0x00FFCD00,0x00FFCD00,0x00FFCD00,0x00FFCD00,0x00FFCD00,0x76FFCD00,0xEBFFCD00,0xEBFFCD00,0xEBFFCD00,0xEBFFCD00,
0x76FFCD00,0x00FFCD00,0x00FFCD00,0x00FFCD00,0x00FFCD00,0x00FFCD00,0x00FFCD00,0x00FFCD00,0x00FFCD00,0x00FFCD00,0x00FFCD00,0x00FFCD00,
0x00FFCD00,0x00FFCD00,0x00FFCD00,0x00FFCD00,0x00FFCD00,0x00FFCD00,0x00FFCD00,0x00FFCD00,0x00FFCD00,0x00FFCD00,0x00FFCD00,0x76FFCD00,
0xEBFFCD00,0xEBFFCD00,0xEBFFCD00,0xEBFFCD00,0x76FFCD00,0x00FFCD00,0x00FFCD00,0x00FFCD00,0x00FFCD00,0x00FFCD00,0x00FFCD00,0x00FFCD00,
0x00FFCD00,0x00FFCD00,0x00FFCD00,0x00FFCD00,0x00FFCD00,0x00FFCD00,0x00FFCD00,0x00FFCD00,0x00FFCD00,0x00FFCD00,0x00FFCD00,0x00FFCD00,
0x00FFCD00,0x00FFCD00,0x00FFCD00,0x00FFCD00,0x00FFCD00,0x00FFCD00,0x00FFCD00,0x00FFCD00,0x00FFCD00,0x00FFCD00,0x00FFCD00,0x00FFCD00,
0x00FFCD00,0x00FFCD00,0x00FFCD00,0x00FFCD00,0x00FFCD00,0x00FFCD00,0x00FFCD00,0x76FFCD00,0xEBFFCD00,0xEBFFCD00,0xEBFFCD00,0xEBFFCD00,
0x76FFCD00,0x00FFCD00,0x00FFCD00,0x00FFCD00,0x59FFCD00,0xD8FFCD00,0xEBFFCD00,0xEBFFCD00,0xEBFFCD00,0xEBFFCD00,0xEBFFCD00,0xEBFFCD00,
0xEBFFCD00,0xEBFFCD00,0xEBFFCD00,0xEBFFCD00,0xEBFFCD00,0xEBFFCD00,0xD8FFCD00,0x59FFCD00,0x00FFCD00,0x00FFCD00,0x00FFCD00,0x76FFCD00,
0xEBFFCD00,0xEBFFCD00,0xEBFFCD00,0xEBFFCD00,0x76FFCD00,0x00FFCD00,0x00FFCD00,0x00FFCD00,0x00FFCD00,0x00FFCD00,0x00FFCD00,0x00FFCD00,
0x00FFCD00,0x00FFCD00,0x00FFCD00,0x00FFCD00,0x00FFCD00,0x00FFCD00,0x00FFCD00,0x00FFCD00,0x00FFCD00,0x00FFCD00,0x00FFCD00,0x00FFCD00,
0x00FFCD00,0x00FFCD00,0x00FFCD00,0x00FFCD00,0x00FFCD00,0x00FFCD00,0x00FFCD00,0x00FFCD00,0x00FFCD00,0x00FFCD00,0x00FFCD00,0x00FFCD00,
0x00FFCD00,0x00FFCD00,0x00FFCD00,0x00FFCD00,0x00FFCD00,0x00FFCD00,0x00FFCD00,0x76FFCD00,0xEBFFCD00,0xEBFFCD00,0xEBFFCD00,0xEBFFCD00,
0x76FFCD00,0x00FFCD00,0x00FFCD00,0x00FFCD00,0xD8FFCD00,0xEBFFCD00,0xEBFFCD00,0xEBFFCD00,0xEBFFCD00,0xEBFFCD00,0xEBFFCD00,0xEBFFCD00,
0xEBFFCD00,0xEBFFCD00,0xEBFFCD00,0xEBFFCD00,0xEBFFCD00,0xEBFFCD00,0xEBFFCD00,0xD8FFCD00,0x00FFCD00,0x00FFCD00,0x00FFCD00,0x76FFCD00,
0xEBFFCD00,0xEBFFCD00,0xEBFFCD00,0xEBFFCD00,0x76FFCD00,0x00FFCD00,0x00FFCD00,0x00FFCD00,0x00FFCD00,0x00FFCD00,0x00FFCD00,0x00FFCD00,
0x00FFCD00,0x00FFCD00,0x00FFCD00,0x00FFCD00,0x00FFCD00,0x00FFCD00,0x00FFCD00,0x00FFCD00,0x00FFCD00,0x00FFCD00,0x00FFCD00,0x00FFCD00,
0x00FFCD00,0x00FFCD00,0x00FFCD00,0x00FFCD00,0x00FFCD00,0x00FFCD00,0x00FFCD00,0x00FFCD00,0x00FFCD00,0x00FFCD00,0x00FFCD00,0x00FFCD00,
0x00FFCD00,0x00FFCD00,0x00FFCD00,0x00FFCD00,0x00FFCD00,0x00FFCD00,0x00FFCD00,0x76FFCD00,0xEBFFCD00,0xEBFFCD00,0xEBFFCD00,0xEBFFCD00,
0x76FFCD00,0x00FFCD00,0x00FFCD00,0x00FFCD00,0xD8FFCD00,0xEBFFCD00,0xEBFFCD00,0xEBFFCD00,0xEBFFCD00,0xEBFFCD00,0xEBFFCD00,0xEBFFCD00,
0xEBFFCD00,0xEBFFCD00,0xEBFFCD00,0xEBFFCD00,0xEBFFCD00,0xEBFFCD00,0xEBFFCD00,0xD8FFCD00,0x00FFCD00,0x00FFCD00,0x00FFCD00,0x76FFCD00,
0xEBFFCD00,0xEBFFCD00,0xEBFFCD00,0xEBFFCD00,0x76FFCD00,0x00FFCD00,0x00FFCD00,0x00FFCD00,0x00FFCD00,0x00FFCD00,0x00FFCD00,0x00FFCD00,
0x00FFCD00,0x00FFCD00,0x00FFCD00,0x00FFCD00,0x00FFCD00,0x00FFCD00,0x00FFCD00,0x00FFCD00,0x00FFCD00,0x00FFCD00,0x00FFCD00,0x00FFCD00,
0x00FFCD00,0x00FFCD00,0x00FFCD00,0x00FFCD00,0x00FFCD00,0x00FFCD00,0x00FFCD00,0x00FFCD00,0x00FFCD00,0x00FFCD00,0x00FFCD00,0x00FFCD00,
0x00FFCD00,0x00FFCD00,0x00FFCD00,0x00FFCD00,0x00FFCD00,0x00FFCD00,0x00FFCD00,0x76FFCD00,0xEBFFCD00,0xEBFFCD00,0xEBFFCD00,0xEBFFCD00,
0x76FFCD00,0x00FFCD00,0x00FFCD00,0x00FFCD00,0x59FFCD00,0xD8FFCD00,0xEBFFCD00,0xEBFFCD00,0xEBFFCD00,0xEBFFCD00,0xEBFFCD00,0xEBFFCD00,
0xEBFFCD00,0xEBFFCD00,0xEBFFCD00,0xEBFFCD00,0xEBFFCD00,0xEBFFCD00,0xD8FFCD00,0x59FFCD00,0x00FFCD00,0x00FFCD00,0x00FFCD00,0x76FFCD00,
0xEBFFCD00,0xEBFFCD00,0xEBFFCD00,0xEBFFCD00,0x76FFCD00,0x00FFCD00,0x00FFCD00,0x00FFCD00,0x00FFCD00,0x00FFCD00,0x00FFCD00,0x00FFCD00,
0x00FFCD00,0x00FFCD00,0x00FFCD00,0x00FFCD00,0x00FFCD00,0x00FFCD00,0x00FFCD00,0x00FFCD00,0x00FFCD00,0x00FFCD00,0x00FFCD00,0x00FFCD00,
0x00FFCD00,0x00FFCD00,0x00FFCD00,0x00FFCD00,0x00FFCD00,0x00FFCD00,0x00FFCD00,0x00FFCD00,0x00FFCD00,0x00FFCD00,0x00FFCD00,0x00FFCD00,
0x00FFCD00,0x00FFCD00,0x00FFCD00,0x00FFCD00,0x00FFCD00,0x00FFCD00,0x00FFCD00,0x76FFCD00,0xEBFFCD00,0xEBFFCD00,0xEBFFCD00,0xEBFFCD00,
0x76FFCD00,0x00FFCD00,0x00FFCD00,0x00FFCD00,0x00FFCD00,0x00FFCD00,0x00FFCD00,0x00FFCD00,0x00FFCD00,0x00FFCD00,0x00FFCD00,0x00FFCD00,
0x00FFCD00,0x00FFCD00,0x00FFCD00,0x00FFCD00,0x00FFCD00,0x00FFCD00,0x00FFCD00,0x00FFCD00,0x00FFCD00,0x00FFCD00,0x00FFCD00,0x76FFCD00,
0xEBFFCD00,0xEBFFCD00,0xEBFFCD00,0xEBFFCD00,0x76FFCD00,0x00FFCD00,0x00FFCD00,0x00FFCD00,0x00FFCD00,0x00FFCD00,0x00FFCD00,0x00FFCD00,
0x00FFCD00,0x00FFCD00,0x00FFCD00,0x00FFCD00,0x00FFCD00,0x00FFCD00,0x00FFCD00,0x00FFCD00,0x00FFCD00,0x00FFCD00,0x00FFCD00,0x00FFCD00,
0x00FFCD00,0x00FFCD00,0x00FFCD00,0x00FFCD00,0x00FFCD00,0x00FFCD00,0x00FFCD00,0x00FFCD00,0x00FFCD00,0x00FFCD00,0x00FFCD00,0x00FFCD00,
0x00FFCD00,0x00FFCD00,0x00FFCD00,0x00FFCD00,0x00FFCD00,0x00FFCD00,0x00FFCD00,0x76FFCD00,0xEBFFCD00,0xEBFFCD00,0xEBFFCD00,0xEBFFCD00,
0x76FFCD00,0x00FFCD00,0x00FFCD00,0x00FFCD00,0x00FFCD00,0x00FFCD00,0x00FFCD00,0x00FFCD00,0x00FFCD00,0x00FFCD00,0x00FFCD00,0x00FFCD00,
0x00FFCD00,0x00FFCD00,0x00FFCD00,0x00FFCD00,0x00FFCD00,0x00FFCD00,0x00FFCD00,0x00FFCD00,0x00FFCD00,0x00FFCD00,0x00FFCD00,0x76FFCD00,
0xEBFFCD00,0xEBFFCD00,0xEBFFCD00,0xEBFFCD00,0x76FFCD00,0x00FFCD00,0x00FFCD00,0x00FFCD00,0x00FFCD00,0x00FFCD00,0x00FFCD00,0x00FFCD00,
0x00FFCD00,0x00FFCD00,0x00FFCD00,0x00FFCD00,0x00FFCD00,0x00FFCD00,0x00FFCD00,0x00FFCD00,0x00FFCD00,0x00FFCD00,0x00FFCD00,0x00FFCD00,
0x00FFCD00,0x00FFCD00,0x00FFCD00,0x00FFCD00,0x00FFCD00,0x00FFCD00,0x00FFCD00,0x00FFCD00,0x00FFCD00,0x00FFCD00,0x00FFCD00,0x00FFCD00,
0x00FFCD00,0x00FFCD00,0x00FFCD00,0x00FFCD00,0x00FFCD00,0x00FFCD00,0x00FFCD00,0x76FFCD00,0xEBFFCD00,0xEBFFCD00,0xEBFFCD00,0xEBFFCD00,
0x76FFCD00,0x00FFCD00,0x00FFCD00,0x00FFCD00,0x00FFCD00,0x00FFCD00,0x00FFCD00,0x00FFCD00,0x00FFCD00,0x00FFCD00,0x00FFCD00,0x00FFCD00,
0x00FFCD00,0x00FFCD00,0x00FFCD00,0x00FFCD00,0x00FFCD00,0x00FFCD00,0x00FFCD00,0x00FFCD00,0x00FFCD00,0x00FFCD00,0x00FFCD00,0x76FFCD00,
0xEBFFCD00,0xEBFFCD00,0xEBFFCD00,0xEBFFCD00,0x76FFCD00,0x00FFCD00,0x00FFCD00,0x00FFCD00,0x00FFCD00,0x00FFCD00,0x00FFCD00,0x00FFCD00,
0x00FFCD00,0x00FFCD00,0x00FFCD00,0x00FFCD00,0x00FFCD00,0x00FFCD00,0x00FFCD00,0x00FFCD00,0x00FFCD00,0x00FFCD00,0x00FFCD00,0x00FFCD00,
0x00FFCD00,0x00FFCD00,0x00FFCD00,0x00FFCD00,0x00FFCD00,0x00FFCD00,0x00FFCD00,0x00FFCD00,0x00FFCD00,0x00FFCD00,0x00FFCD00,0x00FFCD00,
0x00FFCD00,0x00FFCD00,0x00FFCD00,0x00FFCD00,0x00FFCD00,0x00FFCD00,0x00FFCD00,0x76FFCD00,0xEBFFCD00,0xEBFFCD00,0xEBFFCD00,0xEBFFCD00,
0x76FFCD00,0x00FFCD00,0x00FFCD00,0x00FFCD00,0x00FFCD00,0x00FFCD00,0x00FFCD00,0x00FFCD00,0x00FFCD00,0x00FFCD00,0x00FFCD00,0x00FFCD00,
0x00FFCD00,0x00FFCD00,0x00FFCD00,0x00FFCD00,0x00FFCD00,0x00FFCD00,0x00FFCD00,0x00FFCD00,0x00FFCD00,0x00FFCD00,0x00FFCD00,0x76FFCD00,
0xEBFFCD00,0xEBFFCD00,0xEBFFCD00,0xEBFFCD00,0x76FFCD00,0x00FFCD00,0x00FFCD00,0x00FFCD00,0x00FFCD00,0x00FFCD00,0x00FFCD00,0x00FFCD00,
0x00FFCD00,0x00FFCD00,0x00FFCD00,0x00FFCD00,0x00FFCD00,0x00FFCD00,0x00FFCD00,0x00FFCD00,0x00FFCD00,0x00FFCD00,0x00FFCD00,0x00FFCD00,
0x00FFCD00,0x00FFCD00,0x00FFCD00,0x00FFCD00,0x00FFCD00,0x00FFCD00,0x00FFCD00,0x00FFCD00,0x00FFCD00,0x00FFCD00,0x00FFCD00,0x00FFCD00,
0x00FFCD00,0x00FFCD00,0x00FFCD00,0x00FFCD00,0x00FFCD00,0x00FFCD00,0x00FFCD00,0x76FFCD00,0xEBFFCD00,0xEBFFCD00,0xEBFFCD00,0xEBFFCD00,
0x76FFCD00,0x00FFCD00,0x00FFCD00,0x00FFCD00,0x00FFCD00,0x00FFCD00,0x00FFCD00,0x00FFCD00,0x00FFCD00,0x00FFCD00,0x00FFCD00,0x00FFCD00,
0x00FFCD00,0x00FFCD00,0x00FFCD00,0x00FFCD00,0x00FFCD00,0x00FFCD00,0x00FFCD00,0x00FFCD00,0x00FFCD00,0x00FFCD00,0x00FFCD00,0x76FFCD00,
0xEBFFCD00,0xEBFFCD00,0xEBFFCD00,0xEBFFCD00,0x76FFCD00,0x00FFCD00,0x00FFCD00,0x00FFCD00,0x00FFCD00,0x00FFCD00,0x00FFCD00,0x00FFCD00,
0x00FFCD00,0x00FFCD00,0x00FFCD00,0x00FFCD00,0x00FFCD00,0x00FFCD00,0x00FFCD00,0x00FFCD00,0x00FFCD00,0x00FFCD00,0x00FFCD00,0x00FFCD00,
0x00FFCD00,0x00FFCD00,0x00FFCD00,0x00FFCD00,0x00FFCD00,0x00FFCD00,0x00FFCD00,0x00FFCD00,0x00FFCD00,0x00FFCD00,0x00FFCD00,0x00FFCD00,
0x00FFCD00,0x00FFCD00,0x00FFCD00,0x00FFCD00,0x00FFCD00,0x00FFCD00,0x00FFCD00,0x76FFCD00,0xEBFFCD00,0xEBFFCD00,0xEBFFCD00,0xEBFFCD00,
0x76FFCD00,0x00FFCD00,0x00FFCD00,0x00FFCD00,0x00FFCD00,0x00FFCD00,0x00FFCD00,0x00FFCD00,0x00FFCD00,0x00FFCD00,0x00FFCD00,0x00FFCD00,
0x00FFCD00,0x00FFCD00,0x00FFCD00,0x00FFCD00,0x00FFCD00,0x00FFCD00,0x00FFCD00,0x00FFCD00,0x00FFCD00,0x00FFCD00,0x00FFCD00,0x76FFCD00,
0xEBFFCD00,0xEBFFCD00,0xEBFFCD00,0xEBFFCD00,0x76FFCD00,0x00FFCD00,0x00FFCD00,0x00FFCD00,0x00FFCD00,0x00FFCD00,0x00FFCD00,0x00FFCD00,
0x00FFCD00,0x00FFCD00,0x00FFCD00,0x00FFCD00,0x00FFCD00,0x00FFCD00,0x00FFCD00,0x00FFCD00,0x00FFCD00,0x00FFCD00,0x00FFCD00,0x00FFCD00,
0x00FFCD00,0x00FFCD00,0x00FFCD00,0x00FFCD00,0x00FFCD00,0x00FFCD00,0x00FFCD00,0x00FFCD00,0x00FFCD00,0x00FFCD00,0x00FFCD00,0x00FFCD00,
0x00FFCD00,0x00FFCD00,0x00FFCD00,0x00FFCD00,0x00FFCD00,0x00FFCD00,0x00FFCD00,0x76FFCD00,0xEBFFCD00,0xEBFFCD00,0xEBFFCD00,0xEBFFCD00,
0x76FFCD00,0x00FFCD00,0x00FFCD00,0x00FFCD00,0x59FFCD00,0xD8FFCD00,0xEBFFCD00,0xEBFFCD00,0xEBFFCD00,0xEBFFCD00,0xEBFFCD00,0xEBFFCD00,
0xEBFFCD00,0xEBFFCD00,0xEBFFCD00,0xEBFFCD00,0xEBFFCD00,0xEBFFCD00,0xD8FFCD00,0x59FFCD00,0x00FFCD00,0x00FFCD00,0x00FFCD00,0x76FFCD00,
0xEBFFCD00,0xEBFFCD00,0xEBFFCD00,0xEBFFCD00,0x76FFCD00,0x00FFCD00,0x00FFCD00,0x00FFCD00,0x00FFCD00,0x00FFCD00,0x00FFCD00,0x00FFCD00,
0x00FFCD00,0x00FFCD00,0x00FFCD00,0x00FFCD00,0x00FFCD00,0x00FFCD00,0x00FFCD00,0x00FFCD00,0x00FFCD00,0x00FFCD00,0x00FFCD00,0x00FFCD00,
0x00FFCD00,0x00FFCD00,0x00FFCD00,0x00FFCD00,0x00FFCD00,0x00FFCD00,0x00FFCD00,0x00FFCD00,0x00FFCD00,0x00FFCD00,0x00FFCD00,0x00FFCD00,
0x00FFCD00,0x00FFCD00,0x00FFCD00,0x00FFCD00,0x00FFCD00,0x00FFCD00,0x00FFCD00,0x76FFCD00,0xEBFFCD00,0xEBFFCD00,0xEBFFCD00,0xEBFFCD00,
0x76FFCD00,0x00FFCD00,0x00FFCD00,0x00FFCD00,0xD8FFCD00,0xEBFFCD00,0xEBFFCD00,0xEBFFCD00,0xEBFFCD00,0xEBFFCD00,0xEBFFCD00,0xEBFFCD00,
0xEBFFCD00,0xEBFFCD00,0xEBFFCD00,0xEBFFCD00,0xEBFFCD00,0xEBFFCD00,0xEBFFCD00,0xD8FFCD00,0x00FFCD00,0x00FFCD00,0x00FFCD00,0x76FFCD00,
0xEBFFCD00,0xEBFFCD00,0xEBFFCD00,0xEBFFCD00,0x76FFCD00,0x00FFCD00,0x00FFCD00,0x00FFCD00,0x00FFCD00,0x00FFCD00,0x00FFCD00,0x00FFCD00,
0x00FFCD00,0x00FFCD00,0x00FFCD00,0x00FFCD00,0x00FFCD00,0x00FFCD00,0x00FFCD00,0x00FFCD00,0x00FFCD00,0x00FFCD00,0x00FFCD00,0x00FFCD00,
0x00FFCD00,0x00FFCD00,0x00FFCD00,0x00FFCD00,0x00FFCD00,0x00FFCD00,0x00FFCD00,0x00FFCD00,0x00FFCD00,0x00FFCD00,0x00FFCD00,0x00FFCD00,
0x00FFCD00,0x00FFCD00,0x00FFCD00,0x00FFCD00,0x00FFCD00,0x00FFCD00,0x00FFCD00,0x76FFCD00,0xEBFFCD00,0xEBFFCD00,0xEBFFCD00,0xEBFFCD00,
0x76FFCD00,0x00FFCD00,0x00FFCD00,0x00FFCD00,0xD8FFCD00,0xEBFFCD00,0xEBFFCD00,0xEBFFCD00,0xEBFFCD00,0xEBFFCD00,0xEBFFCD00,0xEBFFCD00,
0xEBFFCD00,0xEBFFCD00,0xEBFFCD00,0xEBFFCD00,0xEBFFCD00,0xEBFFCD00,0xEBFFCD00,0xD8FFCD00,0x00FFCD00,0x00FFCD00,0x00FFCD00,0x76FFCD00,
0xEBFFCD00,0xEBFFCD00,0xEBFFCD00,0xEBFFCD00,0x76FFCD00,0x00FFCD00,0x00FFCD00,0x00FFCD00,0x00FFCD00,0x00FFCD00,0x00FFCD00,0x00FFCD00,
0x00FFCD00,0x00FFCD00,0x00FFCD00,0x00FFCD00,0x00FFCD00,0x00FFCD00,0x00FFCD00,0x00FFCD00,0x00FFCD00,0x00FFCD00,0x00FFCD00,0x00FFCD00,
0x00FFCD00,0x00FFCD00,0x00FFCD00,0x00FFCD00,0x00FFCD00,0x00FFCD00,0x00FFCD00,0x00FFCD00,0x00FFCD00,0x00FFCD00,0x00FFCD00,0x00FFCD00,
0x00FFCD00,0x00FFCD00,0x00FFCD00,0x00FFCD00,0x00FFCD00,0x00FFCD00,0x00FFCD00,0x76FFCD00,0xEBFFCD00,0xEBFFCD00,0xEBFFCD00,0xEBFFCD00,
0x76FFCD00,0x00FFCD00,0x00FFCD00,0x00FFCD00,0x59FFCD00,0xD8FFCD00,0xEBFFCD00,0xEBFFCD00,0xEBFFCD00,0xEBFFCD00,0xEBFFCD00,0xEBFFCD00,
0xEBFFCD00,0xEBFFCD00,0xEBFFCD00,0xEBFFCD00,0xEBFFCD00,0xEBFFCD00,0xD8FFCD00,0x59FFCD00,0x00FFCD00,0x00FFCD00,0x00FFCD00,0x76FFCD00,
0xEBFFCD00,0xEBFFCD00,0xEBFFCD00,0xEBFFCD00,0x76FFCD00,0x00FFCD00,0x00FFCD00,0x00FFCD00,0x00FFCD00,0x00FFCD00,0x00FFCD00,0x00FFCD00,
0x00FFCD00,0x00FFCD00,0x00FFCD00,0x00FFCD00,0x00FFCD00,0x00FFCD00,0x00FFCD00,0x00FFCD00,0x00FFCD00,0x00FFCD00,0x00FFCD00,0x00FFCD00,
0x00FFCD00,0x00FFCD00,0x00FFCD00,0x00FFCD00,0x00FFCD00,0x00FFCD00,0x00FFCD00,0x00FFCD00,0x00FFCD00,0x00FFCD00,0x00FFCD00,0x00FFCD00,
0x00FFCD00,0x00FFCD00,0x00FFCD00,0x00FFCD00,0x00FFCD00,0x00FFCD00,0x00FFCD00,0x76FFCD00,0xEBFFCD00,0xEBFFCD00,0xEBFFCD00,0xEBFFCD00,
0x76FFCD00,0x00FFCD00,0x00FFCD00,0x00FFCD00,0x00FFCD00,0x00FFCD00,0x00FFCD00,0x00FFCD00,0x00FFCD00,0x00FFCD00,0x00FFCD00,0x00FFCD00,
0x00FFCD00,0x00FFCD00,0x00FFCD00,0x00FFCD00,0x00FFCD00,0x00FFCD00,0x00FFCD00,0x00FFCD00,0x00FFCD00,0x00FFCD00,0x00FFCD00,0x76FFCD00,
0xEBFFCD00,0xEBFFCD00,0xEBFFCD00,0xEBFFCD00,0x76FFCD00,0x00FFCD00,0x00FFCD00,0x00FFCD00,0x00FFCD00,0x00FFCD00,0x00FFCD00,0x00FFCD00,
0x00FFCD00,0x00FFCD00,0x00FFCD00,0x00FFCD00,0x00FFCD00,0x00FFCD00,0x00FFCD00,0x00FFCD00,0x00FFCD00,0x00FFCD00,0x00FFCD00,0x00FFCD00,
0x00FFCD00,0x00FFCD00,0x00FFCD00,0x00FFCD00,0x00FFCD00,0x00FFCD00,0x00FFCD00,0x00FFCD00,0x00FFCD00,0x00FFCD00,0x00FFCD00,0x00FFCD00,
0x00FFCD00,0x00FFCD00,0x00FFCD00,0x00FFCD00,0x00FFCD00,0x00FFCD00,0x00FFCD00,0x76FFCD00,0xEBFFCD00,0xEBFFCD00,0xEBFFCD00,0xEBFFCD00,
0x76FFCD00,0x00FFCD00,0x00FFCD00,0x00FFCD00,0x00FFCD00,0x00FFCD00,0x00FFCD00,0x00FFCD00,0x00FFCD00,0x00FFCD00,0x00FFCD00,0x00FFCD00,
0x00FFCD00,0x00FFCD00,0x00FFCD00,0x00FFCD00,0x00FFCD00,0x00FFCD00,0x00FFCD00,0x00FFCD00,0x00FFCD00,0x00FFCD00,0x00FFCD00,0x76FFCD00,
0xEBFFCD00,0xEBFFCD00,0xEBFFCD00,0xEBFFCD00,0x76FFCD00,0x00FFCD00,0x00FFCD00,0x00FFCD00,0x00FFCD00,0x00FFCD00,0x00FFCD00,0x00FFCD00,
0x00FFCD00,0x00FFCD00,0x00FFCD00,0x00FFCD00,0x00FFCD00,0x00FFCD00,0x00FFCD00,0x00FFCD00,0x00FFCD00,0x00FFCD00,0x00FFCD00,0x00FFCD00,
0x00FFCD00,0x00FFCD00,0x00FFCD00,0x00FFCD00,0x00FFCD00,0x00FFCD00,0x00FFCD00,0x00FFCD00,0x00FFCD00,0x00FFCD00,0x00FFCD00,0x00FFCD00,
0x00FFCD00,0x00FFCD00,0x00FFCD00,0x00FFCD00,0x00FFCD00,0x00FFCD00,0x00FFCD00,0x76FFCD00,0xEBFFCD00,0xEBFFCD00,0xEBFFCD00,0xEBFFCD00,
0x76FFCD00,0x00FFCD00,0x00FFCD00,0x00FFCD00,0x00FFCD00,0x00FFCD00,0x00FFCD00,0x00FFCD00,0x00FFCD00,0x00FFCD00,0x00FFCD00,0x00FFCD00,
0x00FFCD00,0x00FFCD00,0x00FFCD00,0x00FFCD00,0x00FFCD00,0x00FFCD00,0x00FFCD00,0x00FFCD00,0x00FFCD00,0x00FFCD00,0x00FFCD00,0x76FFCD00,
0xEBFFCD00,0xEBFFCD00,0xEBFFCD00,0xEBFFCD00,0x76FFCD00,0x00FFCD00,0x00FFCD00,0x00FFCD00,0x00FFCD00,0x00FFCD00,0x00FFCD00,0x00FFCD00,
0x00FFCD00,0x00FFCD00,0x00FFCD00,0x00FFCD00,0x00FFCD00,0x00FFCD00,0x00FFCD00,0x00FFCD00,0x00FFCD00,0x00FFCD00,0x00FFCD00,0x00FFCD00,
0x00FFCD00,0x00FFCD00,0x00FFCD00,0x00FFCD00,0x00FFCD00,0x00FFCD00,0x00FFCD00,0x00FFCD00,0x00FFCD00,0x00FFCD00,0x00FFCD00,0x00FFCD00,
0x00FFCD00,0x00FFCD00,0x00FFCD00,0x00FFCD00,0x00FFCD00,0x00FFCD00,0x00FFCD00,0x76FFCD00,0xEBFFCD00,0xEBFFCD00,0xEBFFCD00,0xEBFFCD00,
0x76FFCD00,0x00FFCD00,0x00FFCD00,0x00FFCD00,0x00FFCD00,0x00FFCD00,0x00FFCD00,0x00FFCD00,0x00FFCD00,0x00FFCD00,0x00FFCD00,0x00FFCD00,
0x00FFCD00,0x00FFCD00,0x00FFCD00,0x00FFCD00,0x00FFCD00,0x00FFCD00,0x00FFCD00,0x00FFCD00,0x00FFCD00,0x00FFCD00,0x00FFCD00,0x76FFCD00,
0xEBFFCD00,0xEBFFCD00,0xEBFFCD00,0xEBFFCD00,0x76FFCD00,0x00FFCD00,0x00FFCD00,0x00FFCD00,0x00FFCD00,0x00FFCD00,0x00FFCD00,0x00FFCD00,
0x00FFCD00,0x00FFCD00,0x00FFCD00,0x00FFCD00,0x00FFCD00,0x00FFCD00,0x00FFCD00,0x00FFCD00,0x00FFCD00,0x00FFCD00,0x00FFCD00,0x00FFCD00,
0x00FFCD00,0x00FFCD00,0x00FFCD00,0x00FFCD00,0x00FFCD00,0x00FFCD00,0x00FFCD00,0x00FFCD00,0x00FFCD00,0x00FFCD00,0x00FFCD00,0x00FFCD00,
0x00FFCD00,0x00FFCD00,0x00FFCD00,0x00FFCD00,0x00FFCD00,0x00FFCD00,0x00FFCD00,0x76FFCD00,0xEBFFCD00,0xEBFFCD00,0xEBFFCD00,0xEBFFCD00,
0x76FFCD00,0x00FFCD00,0x00FFCD00,0x00FFCD00,0x00FFCD00,0x00FFCD00,0x00FFCD00,0x00FFCD00,0x00FFCD00,0x00FFCD00,0x00FFCD00,0x00FFCD00,
0x00FFCD00,0x00FFCD00,0x00FFCD00,0x00FFCD00,0x00FFCD00,0x00FFCD00,0x00FFCD00,0x00FFCD00,0x00FFCD00,0x00FFCD00,0x00FFCD00,0x76FFCD00,
0xEBFFCD00,0xEBFFCD00,0xEBFFCD00,0xEBFFCD00,0x76FFCD00,0x00FFCD00,0x00FFCD00,0x00FFCD00,0x00FFCD00,0x00FFCD00,0x00FFCD00,0x00FFCD00,
0x00FFCD00,0x00FFCD00,0x00FFCD00,0x00FFCD00,0x00FFCD00,0x00FFCD00,0x00FFCD00,0x00FFCD00,0x00FFCD00,0x00FFCD00,0x00FFCD00,0x00FFCD00,
0x00FFCD00,0x00FFCD00,0x00FFCD00,0x00FFCD00,0x00FFCD00,0x00FFCD00,0x00FFCD00,0x00FFCD00,0x00FFCD00,0x00FFCD00,0x00FFCD00,0x00FFCD00,
0x00FFCD00,0x00FFCD00,0x00FFCD00,0x00FFCD00,0x00FFCD00,0x00FFCD00,0x00FFCD00,0x76FFCD00,0xEBFFCD00,0xEBFFCD00,0xEBFFCD00,0xEBFFCD00,
0x76FFCD00,0x00FFCD00,0x00FFCD00,0x00FFCD00,0x00FFCD00,0x00FFCD00,0x00FFCD00,0x00FFCD00,0x00FFCD00,0x00FFCD00,0x00FFCD00,0x00FFCD00,
0x00FFCD00,0x00FFCD00,0x00FFCD00,0x00FFCD00,0x00FFCD00,0x00FFCD00,0x00FFCD00,0x00FFCD00,0x00FFCD00,0x00FFCD00,0x00FFCD00,0x76FFCD00,
0xEBFFCD00,0xEBFFCD00,0xEBFFCD00,0xEBFFCD00,0x76FFCD00,0x00FFCD00,0x00FFCD00,0x00FFCD00,0x00FFCD00,0x00FFCD00,0x00FFCD00,0x00FFCD00,
0x00FFCD00,0x00FFCD00,0x00FFCD00,0x00FFCD00,0x00FFCD00,0x00FFCD00,0x00FFCD00,0x00FFCD00,0x00FFCD00,0x00FFCD00,0x00FFCD00,0x00FFCD00,
0x00FFCD00,0x00FFCD00,0x00FFCD00,0x00FFCD00,0x00FFCD00,0x00FFCD00,0x00FFCD00,0x00FFCD00,0x00FFCD00,0x00FFCD00,0x00FFCD00,0x00FFCD00,
0x00FFCD00,0x00FFCD00,0x00FFCD00,0x00FFCD00,0x00FFCD00,0x00FFCD00,0x00FFCD00,0x71FFCD00,0xEBFFCD00,0xEBFFCD00,0xEBFFCD00,0xEBFFCD00,
0x89FFCD00,0x00FFCD00,0x00FFCD00,0x00FFCD00,0x00FFCD00,0x00FFCD00,0x00FFCD00,0x00FFCD00,0x00FFCD00,0x00FFCD00,0x00FFCD00,0x00FFCD00,
0x00FFCD00,0x00FFCD00,0x00FFCD00,0x00FFCD00,0x00FFCD00,0x00FFCD00,0x00FFCD00,0x00FFCD00,0x00FFCD00,0x00FFCD00,0x00FFCD00,0x89FFCD00,
0xEBFFCD00,0xEBFFCD00,0xEBFFCD00,0xEBFFCD00,0x71FFCD00,0x00FFCD00,0x00FFCD00,0x00FFCD00,0x00FFCD00,0x00FFCD00,0x00FFCD00,0x00FFCD00,
0x00FFCD00,0x00FFCD00,0x00FFCD00,0x00FFCD00,0x00FFCD00,0x00FFCD00,0x00FFCD00,0x00FFCD00,0x00FFCD00,0x00FFCD00,0x00FFCD00,0x00FFCD00,
0x00FFCD00,0x00FFCD00,0x00FFCD00,0x00FFCD00,0x00FFCD00,0x00FFCD00,0x00FFCD00,0x00FFCD00,0x00FFCD00,0x00FFCD00,0x00FFCD00,0x00FFCD00,
0x00FFCD00,0x00FFCD00,0x00FFCD00,0x00FFCD00,0x00FFCD00,0x00FFCD00,0x00FFCD00,0x4DFFCD00,0xEBFFCD00,0xEBFFCD00,0xEBFFCD00,0xEBFFCD00,
0xEBFFCD00,0x89FFCD00,0x76FFCD00,0x76FFCD00,0x76FFCD00,0x76FFCD00,0x76FFCD00,0x76FFCD00,0x76FFCD00,0x76FFCD00,0x76FFCD00,0x76FFCD00,
0x76FFCD00,0x76FFCD00,0x76FFCD00,0x76FFCD00,0x76FFCD00,0x76FFCD00,0x76FFCD00,0x76FFCD00,0x76FFCD00,0x76FFCD00,0x89FFCD00,0xEBFFCD00,
0xEBFFCD00,0xEBFFCD00,0xEBFFCD00,0xEBFFCD00,0x4DFFCD00,0x00FFCD00,0x00FFCD00,0x00FFCD00,0x00FFCD00,0x00FFCD00,0x00FFCD00,0x00FFCD00,
0x00FFCD00,0x00FFCD00,0x00FFCD00,0x00FFCD00,0x00FFCD00,0x00FFCD00,0x00FFCD00,0x00FFCD00,0x00FFCD00,0x00FFCD00,0x00FFCD00,0x00FFCD00,
0x00FFCD00,0x00FFCD00,0x00FFCD00,0x00FFCD00,0x00FFCD00,0x00FFCD00,0x00FFCD00,0x00FFCD00,0x00FFCD00,0x00FFCD00,0x00FFCD00,0x00FFCD00,
0x00FFCD00,0x00FFCD00,0x00FFCD00,0x00FFCD00,0x00FFCD00,0x00FFCD00,0x00FFCD00,0x08FFCD00,0xE1FFCD00,0xEBFFCD00,0xEBFFCD00,0xEBFFCD00,
0xEBFFCD00,0xEBFFCD00,0xEBFFCD00,0xEBFFCD00,0xEBFFCD00,0xEBFFCD00,0xEBFFCD00,0xEBFFCD00,0xEBFFCD00,0xEBFFCD00,0xEBFFCD00,0xEBFFCD00,
0xEBFFCD00,0xEBFFCD00,0xEBFFCD00,0xEBFFCD00,0xEBFFCD00,0xEBFFCD00,0xEBFFCD00,0xEBFFCD00,0xEBFFCD00,0xEBFFCD00,0xEBFFCD00,0xEBFFCD00,
0xEBFFCD00,0xEBFFCD00,0xEBFFCD00,0xE1FFCD00,0x08FFCD00,0x00FFCD00,0x00FFCD00,0x00FFCD00,0x00FFCD00,0x00FFCD00,0x00FFCD00,0x00FFCD00,
0x00FFCD00,0x00FFCD00,0x00FFCD00,0x00FFCD00,0x00FFCD00,0x00FFCD00,0x00FFCD00,0x00FFCD00,0x00FFCD00,0x00FFCD00,0x00FFCD00,0x00FFCD00,
0x00FFCD00,0x00FFCD00,0x00FFCD00,0x00FFCD00,0x00FFCD00,0x00FFCD00,0x00FFCD00,0x00FFCD00,0x00FFCD00,0x00FFCD00,0x00FFCD00,0x00FFCD00,
0x00FFCD00,0x00FFCD00,0x00FFCD00,0x00FFCD00,0x00FFCD00,0x00FFCD00,0x00FFCD00,0x00FFCD00,0x71FFCD00,0xEBFFCD00,0xEBFFCD00,0xEBFFCD00,
0xEBFFCD00,0xEBFFCD00,0xEBFFCD00,0xEBFFCD00,0xEBFFCD00,0xEBFFCD00,0xEBFFCD00,0xEBFFCD00,0xEBFFCD00,0xEBFFCD00,0xEBFFCD00,0xEBFFCD00,
0xEBFFCD00,0xEBFFCD00,0xEBFFCD00,0xEBFFCD00,0xEBFFCD00,0xEBFFCD00,0xEBFFCD00,0xEBFFCD00,0xEBFFCD00,0xEBFFCD00,0xEBFFCD00,0xEBFFCD00,
0xEBFFCD00,0xEBFFCD00,0xEBFFCD00,0x71FFCD00,0x00FFCD00,0x00FFCD00,0x00FFCD00,0x00FFCD00,0x00FFCD00,0x00FFCD00,0x00FFCD00,0x00FFCD00,
0x00FFCD00,0x00FFCD00,0x00FFCD00,0x00FFCD00,0x00FFCD00,0x00FFCD00,0x00FFCD00,0x00FFCD00,0x00FFCD00,0x00FFCD00,0x00FFCD00,0x00FFCD00,
0x00FFCD00,0x00FFCD00,0x00FFCD00,0x00FFCD00,0x00FFCD00,0x00FFCD00,0x00FFCD00,0x00FFCD00,0x00FFCD00,0x00FFCD00,0x00FFCD00,0x00FFCD00,
0x00FFCD00,0x00FFCD00,0x00FFCD00,0x00FFCD00,0x00FFCD00,0x00FFCD00,0x00FFCD00,0x00FFCD00,0x00FFCD00,0x95FFCD00,0xEBFFCD00,0xEBFFCD00,
0xEBFFCD00,0xEBFFCD00,0xEBFFCD00,0xEBFFCD00,0xEBFFCD00,0xEBFFCD00,0xEBFFCD00,0xEBFFCD00,0xEBFFCD00,0xEBFFCD00,0xEBFFCD00,0xEBFFCD00,
0xEBFFCD00,0xEBFFCD00,0xEBFFCD00,0xEBFFCD00,0xEBFFCD00,0xEBFFCD00,0xEBFFCD00,0xEBFFCD00,0xEBFFCD00,0xEBFFCD00,0xEBFFCD00,0xEBFFCD00,
0xEBFFCD00,0xEBFFCD00,0x95FFCD00,0x00FFCD00,0x00FFCD00,0x00FFCD00,0x00FFCD00,0x00FFCD00,0x00FFCD00,0x00FFCD00,0x00FFCD00,0x00FFCD00,
0x00FFCD00,0x00FFCD00,0x00FFCD00,0x00FFCD00,0x00FFCD00,0x00FFCD00,0x00FFCD00,0x00FFCD00,0x00FFCD00,0x00FFCD00,0x00FFCD00,0x00FFCD00,
0x00FFCD00,0x00FFCD00,0x00FFCD00,0x00FFCD00,0x00FFCD00,0x00FFCD00,0x00FFCD00,0x00FFCD00,0x00FFCD00,0x00FFCD00,0x00FFCD00,0x00FFCD00,
0x00FFCD00,0x00FFCD00,0x00FFCD00,0x00FFCD00,0x00FFCD00,0x00FFCD00,0x00FFCD00,0x00FFCD00,0x00FFCD00,0x00FFCD00,0x71FFCD00,0xE1FFCD00,
0xEBFFCD00,0xEBFFCD00,0xEBFFCD00,0xEBFFCD00,0xEBFFCD00,0xEBFFCD00,0xEBFFCD00,0xEBFFCD00,0xEBFFCD00,0xEBFFCD00,0xEBFFCD00,0xEBFFCD00,
0xEBFFCD00,0xEBFFCD00,0xEBFFCD00,0xEBFFCD00,0xEBFFCD00,0xEBFFCD00,0xEBFFCD00,0xEBFFCD00,0xEBFFCD00,0xEBFFCD00,0xEBFFCD00,0xEBFFCD00,
0xE1FFCD00,0x71FFCD00,0x00FFCD00,0x00FFCD00,0x00FFCD00,0x00FFCD00,0x00FFCD00,0x00FFCD00,0x00FFCD00,0x00FFCD00,0x00FFCD00,0x00FFCD00,
0x00FFCD00,0x00FFCD00,0x00FFCD00,0x00FFCD00,0x00FFCD00,0x00FFCD00,0x00FFCD00,0x00FFCD00,0x00FFCD00,0x00FFCD00,0x00FFCD00,0x00FFCD00,
0x00FFCD00,0x00FFCD00,0x00FFCD00,0x00FFCD00,0x00FFCD00,0x00FFCD00,0x00FFCD00,0x00FFCD00,0x00FFCD00,0x00FFCD00,0x00FFCD00,0x00FFCD00,
0x00FFCD00,0x00FFCD00,0x00FFCD00,0x00FFCD00,0x00FFCD00,0x00FFCD00,0x00FFCD00,0x00FFCD00,0x00FFCD00,0x00FFCD00,0x00FFCD00,0x08FFCD00,
0x4DFFCD00,0x71FFCD00,0x76FFCD00,0x76FFCD00,0x76FFCD00,0x76FFCD00,0x76FFCD00,0x76FFCD00,0x76FFCD00,0x76FFCD00,0x76FFCD00,0x76FFCD00,
0x76FFCD00,0x76FFCD00,0x76FFCD00,0x76FFCD00,0x76FFCD00,0x76FFCD00,0x76FFCD00,0x76FFCD00,0x76FFCD00,0x76FFCD00,0x71FFCD00,0x4DFFCD00,
0x08FFCD00,0x00FFCD00,0x00FFCD00,0x00FFCD00,0x00FFCD00,0x00FFCD00,0x00FFCD00,0x00FFCD00,0x00FFCD00,0x00FFCD00,0x00FFCD00,0x00FFCD00,
0x00FFCD00,0x00FFCD00,0x00FFCD00,0x00FFCD00,0x00FFCD00,0x00FFCD00,0x00FFCD00,0x00FFCD00,0x00FFCD00,0x00FFCD00,0x00FFCD00,0x00FFCD00,
0x00FFCD00,0x00FFCD00,0x00FFCD00,0x00FFCD00,0x00FFCD00,0x00FFCD00,0x00FFCD00,0x00FFCD00,0x00FFCD00,0x00FFCD00,0x00FFCD00,0x00FFCD00,
0x00FFCD00,0x00FFCD00,0x00FFCD00,0x00FFCD00,0x00FFCD00,0x00FFCD00,0x00FFCD00,0x00FFCD00,0x00FFCD00,0x00FFCD00,0x00FFCD00,0x00FFCD00,
0x00FFCD00,0x00FFCD00,0x00FFCD00,0x00FFCD00,0x00FFCD00,0x00FFCD00,0x00FFCD00,0x00FFCD00,0x00FFCD00,0x00FFCD00,0x00FFCD00,0x00FFCD00,
0x00FFCD00,0x00FFCD00,0x00FFCD00,0x00FFCD00,0x00FFCD00,0x00FFCD00,0x00FFCD00,0x00FFCD00,0x00FFCD00,0x00FFCD00,0x00FFCD00,0x00FFCD00,
0x00FFCD00,0x00FFCD00,0x00FFCD00,0x00FFCD00,0x00FFCD00,0x00FFCD00,0x00FFCD00,0x00FFCD00,0x00FFCD00,0x00FFCD00,0x00FFCD00,0x00FFCD00,
0x00FFCD00,0x00FFCD00,0x00FFCD00,0x00FFCD00,0x00FFCD00,0x00FFCD00,0x00FFCD00,0x00FFCD00,0x00FFCD00,0x00FFCD00,0x00FFCD00,0x00FFCD00,
0x00FFCD00,0x00FFCD00,0x00FFCD00,0x00FFCD00,0x00FFCD00,0x00FFCD00,0x00FFCD00,0x00FFCD00,0x00FFCD00,0x00FFCD00,0x00FFCD00,0x00FFCD00,
0x00FFCD00,0x00FFCD00,0x00FFCD00,0x00FFCD00,0x00FFCD00,0x00FFCD00,0x00FFCD00,0x00FFCD00,0x00FFCD00,0x00FFCD00,0x00FFCD00,0x00FFCD00,
0x00FFCD00,0x00FFCD00,0x00FFCD00,0x00FFCD00,0x00FFCD00,0x00FFCD00,0x00FFCD00,0x00FFCD00,0x00FFCD00,0x00FFCD00,0x00FFCD00,0x00FFCD00,
0x00FFCD00,0x00FFCD00,0x00FFCD00,0x00FFCD00,0x00FFCD00,0x00FFCD00,0x00FFCD00,0x00FFCD00,0x00FFCD00,0x00FFCD00,0x00FFCD00,0x00FFCD00,
0x00FFCD00,0x00FFCD00,0x00FFCD00,0x00FFCD00,0x00FFCD00,0x00FFCD00,0x00FFCD00,0x00FFCD00,0x00FFCD00,0x00FFCD00,0x00FFCD00,0x00FFCD00,
0x00FFCD00,0x00FFCD00,0x00FFCD00,0x00FFCD00,0x00FFCD00,0x00FFCD00,0x00FFCD00,0x00FFCD00,0x00FFCD00,0x00FFCD00,0x00FFCD00,0x00FFCD00,
0x00FFCD00,0x00FFCD00,0x00FFCD00,0x00FFCD00,0x00FFCD00,0x00FFCD00,0x00FFCD00,0x00FFCD00,0x00FFCD00,0x00FFCD00,0x00FFCD00,0x00FFCD00,
0x00FFCD00,0x00FFCD00,0x00FFCD00,0x00FFCD00,0x00FFCD00,0x00FFCD00,0x00FFCD00,0x00FFCD00,0x00FFCD00,0x00FFCD00,0x00FFCD00,0x00FFCD00,
0x00FFCD00,0x00FFCD00,0x00FFCD00,0x00FFCD00,0x00FFCD00,0x00FFCD00,0x00FFCD00,0x00FFCD00,0x00FFCD00,0x00FFCD00,0x00FFCD00,0x00FFCD00,
0x00FFCD00,0x00FFCD00,0x00FFCD00,0x00FFCD00,0x00FFCD00,0x00FFCD00,0x00FFCD00,0x00FFCD00,0x00FFCD00,0x00FFCD00,0x00FFCD00,0x00FFCD00,
0x00FFCD00,0x00FFCD00,0x00FFCD00,0x00FFCD00,0x00FFCD00,0x00FFCD00,0x00FFCD00,0x00FFCD00,0x00FFCD00,0x00FFCD00,0x00FFCD00,0x00FFCD00,
0x00FFCD00,0x00FFCD00,0x00FFCD00,0x00FFCD00,0x00FFCD00,0x00FFCD00,0x00FFCD00,0x00FFCD00,0x00FFCD00,0x00FFCD00,0x00FFCD00,0x00FFCD00,
0x00FFCD00,0x00FFCD00,0x00FFCD00,0x00FFCD00,0x00FFCD00,0x00FFCD00,0x00FFCD00,0x00FFCD00,0x00FFCD00,0x00FFCD00,0x00FFCD00,0x00FFCD00,
0x00FFCD00,0x00FFCD00,0x00FFCD00,0x00FFCD00,0x00FFCD00,0x00FFCD00,0x00FFCD00,0x00FFCD00,0x00FFCD00,0x00FFCD00,0x00FFCD00,0x00FFCD00,
0x00FFCD00,0x00FFCD00,0x00FFCD00,0x00FFCD00,0x00FFCD00,0x00FFCD00,0x00FFCD00,0x00FFCD00,0x00FFCD00,0x00FFCD00,0x00FFCD00,0x00FFCD00,
0x00FFCD00,0x00FFCD00,0x00FFCD00,0x00FFCD00,0x00FFCD00,0x00FFCD00,0x00FFCD00,0x00FFCD00,0x00FFCD00,0x00FFCD00,0x00FFCD00,0x00FFCD00,
0x00FFCD00,0x00FFCD00,0x00FFCD00,0x00FFCD00,0x00FFCD00,0x00FFCD00,0x00FFCD00,0x00FFCD00,0x00FFCD00,0x00FFCD00,0x00FFCD00,0x00FFCD00,
0x00FFCD00,0x00FFCD00,0x00FFCD00,0x00FFCD00,0x00FFCD00,0x00FFCD00,0x00FFCD00,0x00FFCD00,0x00FFCD00,0x00FFCD00,0x00FFCD00,0x00FFCD00,
};

#define EVO_ICON_RECENT_FILES_W 72
#define EVO_ICON_RECENT_FILES_H 72
static const unsigned int EVO_ICON_RECENT_FILES[5184]={
0x00FFCD00,0x00FFCD00,0x00FFCD00,0x00FFCD00,0x00FFCD00,0x00FFCD00,0x00FFCD00,0x00FFCD00,0x00FFCD00,0x00FFCD00,0x00FFCD00,0x00FFCD00,
0x00FFCD00,0x00FFCD00,0x00FFCD00,0x00FFCD00,0x00FFCD00,0x00FFCD00,0x00FFCD00,0x00FFCD00,0x00FFCD00,0x00FFCD00,0x00FFCD00,0x00FFCD00,
0x00FFCD00,0x00FFCD00,0x00FFCD00,0x00FFCD00,0x00FFCD00,0x00FFCD00,0x00FFCD00,0x00FFCD00,0x00FFCD00,0x00FFCD00,0x00FFCD00,0x00FFCD00,
0x00FFCD00,0x00FFCD00,0x00FFCD00,0x00FFCD00,0x00FFCD00,0x00FFCD00,0x00FFCD00,0x00FFCD00,0x00FFCD00,0x00FFCD00,0x00FFCD00,0x00FFCD00,
0x00FFCD00,0x00FFCD00,0x00FFCD00,0x00FFCD00,0x00FFCD00,0x00FFCD00,0x00FFCD00,0x00FFCD00,0x00FFCD00,0x00FFCD00,0x00FFCD00,0x00FFCD00,
0x00FFCD00,0x00FFCD00,0x00FFCD00,0x00FFCD00,0x00FFCD00,0x00FFCD00,0x00FFCD00,0x00FFCD00,0x00FFCD00,0x00FFCD00,0x00FFCD00,0x00FFCD00,
0x00FFCD00,0x00FFCD00,0x00FFCD00,0x00FFCD00,0x00FFCD00,0x00FFCD00,0x00FFCD00,0x00FFCD00,0x00FFCD00,0x00FFCD00,0x00FFCD00,0x00FFCD00,
0x00FFCD00,0x00FFCD00,0x00FFCD00,0x00FFCD00,0x00FFCD00,0x00FFCD00,0x00FFCD00,0x00FFCD00,0x00FFCD00,0x00FFCD00,0x00FFCD00,0x00FFCD00,
0x00FFCD00,0x00FFCD00,0x00FFCD00,0x00FFCD00,0x00FFCD00,0x00FFCD00,0x00FFCD00,0x00FFCD00,0x00FFCD00,0x00FFCD00,0x00FFCD00,0x00FFCD00,
0x00FFCD00,0x00FFCD00,0x00FFCD00,0x00FFCD00,0x00FFCD00,0x00FFCD00,0x00FFCD00,0x00FFCD00,0x00FFCD00,0x00FFCD00,0x00FFCD00,0x00FFCD00,
0x00FFCD00,0x00FFCD00,0x00FFCD00,0x00FFCD00,0x00FFCD00,0x00FFCD00,0x00FFCD00,0x00FFCD00,0x00FFCD00,0x00FFCD00,0x00FFCD00,0x00FFCD00,
0x00FFCD00,0x00FFCD00,0x00FFCD00,0x00FFCD00,0x00FFCD00,0x00FFCD00,0x00FFCD00,0x00FFCD00,0x00FFCD00,0x00FFCD00,0x00FFCD00,0x00FFCD00,
0x00FFCD00,0x00FFCD00,0x00FFCD00,0x00FFCD00,0x00FFCD00,0x00FFCD00,0x00FFCD00,0x00FFCD00,0x00FFCD00,0x00FFCD00,0x00FFCD00,0x00FFCD00,
0x00FFCD00,0x00FFCD00,0x00FFCD00,0x00FFCD00,0x00FFCD00,0x00FFCD00,0x00FFCD00,0x00FFCD00,0x00FFCD00,0x00FFCD00,0x00FFCD00,0x00FFCD00,
0x00FFCD00,0x00FFCD00,0x00FFCD00,0x00FFCD00,0x00FFCD00,0x00FFCD00,0x00FFCD00,0x00FFCD00,0x00FFCD00,0x00FFCD00,0x00FFCD00,0x00FFCD00,
0x00FFCD00,0x00FFCD00,0x00FFCD00,0x00FFCD00,0x00FFCD00,0x00FFCD00,0x00FFCD00,0x00FFCD00,0x00FFCD00,0x00FFCD00,0x00FFCD00,0x00FFCD00,
0x00FFCD00,0x00FFCD00,0x00FFCD00,0x00FFCD00,0x00FFCD00,0x00FFCD00,0x00FFCD00,0x00FFCD00,0x00FFCD00,0x00FFCD00,0x00FFCD00,0x00FFCD00,
0x00FFCD00,0x00FFCD00,0x00FFCD00,0x00FFCD00,0x00FFCD00,0x00FFCD00,0x00FFCD00,0x00FFCD00,0x00FFCD00,0x00FFCD00,0x00FFCD00,0x00FFCD00,
0x00FFCD00,0x00FFCD00,0x00FFCD00,0x00FFCD00,0x00FFCD00,0x00FFCD00,0x00FFCD00,0x00FFCD00,0x00FFCD00,0x00FFCD00,0x00FFCD00,0x00FFCD00,
0x00FFCD00,0x00FFCD00,0x00FFCD00,0x00FFCD00,0x00FFCD00,0x00FFCD00,0x00FFCD00,0x00FFCD00,0x00FFCD00,0x00FFCD00,0x00FFCD00,0x00FFCD00,
0x00FFCD00,0x00FFCD00,0x00FFCD00,0x00FFCD00,0x00FFCD00,0x00FFCD00,0x00FFCD00,0x00FFCD00,0x00FFCD00,0x00FFCD00,0x00FFCD00,0x00FFCD00,
0x00FFCD00,0x00FFCD00,0x00FFCD00,0x00FFCD00,0x00FFCD00,0x00FFCD00,0x00FFCD00,0x00FFCD00,0x00FFCD00,0x00FFCD00,0x00FFCD00,0x00FFCD00,
0x00FFCD00,0x00FFCD00,0x00FFCD00,0x00FFCD00,0x00FFCD00,0x00FFCD00,0x00FFCD00,0x00FFCD00,0x00FFCD00,0x00FFCD00,0x00FFCD00,0x00FFCD00,
0x00FFCD00,0x00FFCD00,0x00FFCD00,0x00FFCD00,0x00FFCD00,0x00FFCD00,0x00FFCD00,0x00FFCD00,0x00FFCD00,0x00FFCD00,0x00FFCD00,0x00FFCD00,
0x00FFCD00,0x00FFCD00,0x00FFCD00,0x00FFCD00,0x00FFCD00,0x00FFCD00,0x00FFCD00,0x00FFCD00,0x00FFCD00,0x00FFCD00,0x00FFCD00,0x00FFCD00,
0x00FFCD00,0x00FFCD00,0x00FFCD00,0x00FFCD00,0x00FFCD00,0x00FFCD00,0x00FFCD00,0x00FFCD00,0x00FFCD00,0x00FFCD00,0x00FFCD00,0x00FFCD00,
0x00FFCD00,0x00FFCD00,0x00FFCD00,0x00FFCD00,0x00FFCD00,0x00FFCD00,0x00FFCD00,0x00FFCD00,0x00FFCD00,0x00FFCD00,0x00FFCD00,0x00FFCD00,
0x00FFCD00,0x00FFCD00,0x00FFCD00,0x00FFCD00,0x00FFCD00,0x00FFCD00,0x00FFCD00,0x00FFCD00,0x00FFCD00,0x00FFCD00,0x00FFCD00,0x00FFCD00,
0x00FFCD00,0x00FFCD00,0x00FFCD00,0x00FFCD00,0x00FFCD00,0x00FFCD00,0x00FFCD00,0x00FFCD00,0x00FFCD00,0x00FFCD00,0x00FFCD00,0x00FFCD00,
0x00FFCD00,0x00FFCD00,0x00FFCD00,0x00FFCD00,0x00FFCD00,0x00FFCD00,0x00FFCD00,0x00FFCD00,0x00FFCD00,0x00FFCD00,0x00FFCD00,0x00FFCD00,
0x00FFCD00,0x00FFCD00,0x00FFCD00,0x00FFCD00,0x00FFCD00,0x00FFCD00,0x00FFCD00,0x00FFCD00,0x00FFCD00,0x00FFCD00,0x00FFCD00,0x00FFCD00,
0x00FFCD00,0x00FFCD00,0x00FFCD00,0x00FFCD00,0x00FFCD00,0x00FFCD00,0x00FFCD00,0x00FFCD00,0x00FFCD00,0x00FFCD00,0x00FFCD00,0x00FFCD00,
0x00FFCD00,0x00FFCD00,0x00FFCD00,0x00FFCD00,0x00FFCD00,0x00FFCD00,0x00FFCD00,0x00FFCD00,0x00FFCD00,0x00FFCD00,0x00FFCD00,0x00FFCD00,
0x00FFCD00,0x00FFCD00,0x00FFCD00,0x00FFCD00,0x00FFCD00,0x00FFCD00,0x00FFCD00,0x00FFCD00,0x00FFCD00,0x00FFCD00,0x00FFCD00,0x00FFCD00,
0x00FFCD00,0x00FFCD00,0x00FFCD00,0x00FFCD00,0x00FFCD00,0x00FFCD00,0x00FFCD00,0x00FFCD00,0x00FFCD00,0x00FFCD00,0x00FFCD00,0x00FFCD00,
0x00FFCD00,0x00FFCD00,0x00FFCD00,0x00FFCD00,0x00FFCD00,0x00FFCD00,0x00FFCD00,0x00FFCD00,0x00FFCD00,0x00FFCD00,0x00FFCD00,0x00FFCD00,
0x00FFCD00,0x00FFCD00,0x00FFCD00,0x00FFCD00,0x00FFCD00,0x00FFCD00,0x00FFCD00,0x00FFCD00,0x00FFCD00,0x00FFCD00,0x00FFCD00,0x00FFCD00,
0x00FFCD00,0x00FFCD00,0x00FFCD00,0x00FFCD00,0x00FFCD00,0x00FFCD00,0x00FFCD00,0x00FFCD00,0x00FFCD00,0x00FFCD00,0x00FFCD00,0x00FFCD00,
0x00FFCD00,0x00FFCD00,0x00FFCD00,0x00FFCD00,0x00FFCD00,0x00FFCD00,0x00FFCD00,0x00FFCD00,0x00FFCD00,0x00FFCD00,0x00FFCD00,0x00FFCD00,
0x00FFCD00,0x00FFCD00,0x00FFCD00,0x00FFCD00,0x00FFCD00,0x00FFCD00,0x00FFCD00,0x00FFCD00,0x00FFCD00,0x00FFCD00,0x00FFCD00,0x00FFCD00,
0x00FFCD00,0x00FFCD00,0x00FFCD00,0x00FFCD00,0x00FFCD00,0x00FFCD00,0x00FFCD00,0x00FFCD00,0x00FFCD00,0x00FFCD00,0x00FFCD00,0x00FFCD00,
0x00FFCD00,0x00FFCD00,0x00FFCD00,0x00FFCD00,0x00FFCD00,0x00FFCD00,0x00FFCD00,0x00FFCD00,0x00FFCD00,0x00FFCD00,0x00FFCD00,0x00FFCD00,
0x00FFCD00,0x00FFCD00,0x00FFCD00,0x00FFCD00,0x00FFCD00,0x00FFCD00,0x00FFCD00,0x00FFCD00,0x00FFCD00,0x00FFCD00,0x00FFCD00,0x00FFCD00,
0x00FFCD00,0x00FFCD00,0x00FFCD00,0x00FFCD00,0x00FFCD00,0x00FFCD00,0x00FFCD00,0x00FFCD00,0x00FFCD00,0x00FFCD00,0x00FFCD00,0x00FFCD00,
0x00FFCD00,0x00FFCD00,0x00FFCD00,0x00FFCD00,0x00FFCD00,0x00FFCD00,0x00FFCD00,0x23FFCD00,0x43FFCD00,0x5CFFCD00,0x6CFFCD00,0x74FFCD00,
0x74FFCD00,0x6CFFCD00,0x5CFFCD00,0x43FFCD00,0x23FFCD00,0x00FFCD00,0x00FFCD00,0x00FFCD00,0x00FFCD00,0x00FFCD00,0x00FFCD00,0x00FFCD00,
0x00FFCD00,0x00FFCD00,0x00FFCD00,0x00FFCD00,0x00FFCD00,0x00FFCD00,0x00FFCD00,0x00FFCD00,0x00FFCD00,0x00FFCD00,0x00FFCD00,0x00FFCD00,
0x00FFCD00,0x00FFCD00,0x00FFCD00,0x00FFCD00,0x00FFCD00,0x00FFCD00,0x00FFCD00,0x00FFCD00,0x00FFCD00,0x00FFCD00,0x00FFCD00,0x00FFCD00,
0x00FFCD00,0x00FFCD00,0x00FFCD00,0x00FFCD00,0x00FFCD00,0x00FFCD00,0x00FFCD00,0x00FFCD00,0x00FFCD00,0x00FFCD00,0x00FFCD00,0x00FFCD00,
0x00FFCD00,0x00FFCD00,0x00FFCD00,0x00FFCD00,0x00FFCD00,0x00FFCD00,0x00FFCD00,0x00FFCD00,0x00FFCD00,0x00FFCD00,0x00FFCD00,0x00FFCD00,
0x00FFCD00,0x00FFCD00,0x00FFCD00,0x33FFCD00,0x74FFCD00,0xAEFFCD00,0xE1FFCD00,0xEBFFCD00,0xEBFFCD00,0xEBFFCD00,0xEBFFCD00,0xEBFFCD00,
0xEBFFCD00,0xEBFFCD00,0xEBFFCD00,0xEBFFCD00,0xEBFFCD00,0xE1FFCD00,0xAEFFCD00,0x74FFCD00,0x33FFCD00,0x00FFCD00,0x00FFCD00,0x00FFCD00,
0x00FFCD00,0x00FFCD00,0x00FFCD00,0x00FFCD00,0x00FFCD00,0x00FFCD00,0x00FFCD00,0x00FFCD00,0x00FFCD00,0x00FFCD00,0x00FFCD00,0x00FFCD00,
0x00FFCD00,0x00FFCD00,0x00FFCD00,0x00FFCD00,0x00FFCD00,0x00FFCD00,0x00FFCD00,0x00FFCD00,0x00FFCD00,0x00FFCD00,0x00FFCD00,0x00FFCD00,
0x00FFCD00,0x00FFCD00,0x00FFCD00,0x00FFCD00,0x00FFCD00,0x00FFCD00,0x00FFCD00,0x00FFCD00,0x00FFCD00,0x00FFCD00,0x00FFCD00,0x00FFCD00,
0x00FFCD00,0x00FFCD00,0x00FFCD00,0x00FFCD00,0x00FFCD00,0x00FFCD00,0x00FFCD00,0x00FFCD00,0x00FFCD00,0x00FFCD00,0x00FFCD00,0x00FFCD00,
0x1AFFCD00,0x74FFCD00,0xC7FFCD00,0xEBFFCD00,0xEBFFCD00,0xEBFFCD00,0xEBFFCD00,0xEBFFCD00,0xEBFFCD00,0xEBFFCD00,0xEBFFCD00,0xEBFFCD00,
0xEBFFCD00,0xEBFFCD00,0xEBFFCD00,0xEBFFCD00,0xEBFFCD00,0xEBFFCD00,0xEBFFCD00,0xEBFFCD00,0xEBFFCD00,0xC7FFCD00,0x74FFCD00,0x1AFFCD00,
0x00FFCD00,0x00FFCD00,0x00FFCD00,0x00FFCD00,0x00FFCD00,0x00FFCD00,0x00FFCD00,0x00FFCD00,0x00FFCD00,0x00FFCD00,0x00FFCD00,0x00FFCD00,
0x00FFCD00,0x00FFCD00,0x00FFCD00,0x00FFCD00,0x00FFCD00,0x00FFCD00,0x00FFCD00,0x00FFCD00,0x00FFCD00,0x00FFCD00,0x00FFCD00,0x00FFCD00,
0x00FFCD00,0x00FFCD00,0x00FFCD00,0x00FFCD00,0x00FFCD00,0x00FFCD00,0x00FFCD00,0x00FFCD00,0x00FFCD00,0x00FFCD00,0x00FFCD00,0x00FFCD00,
0x00FFCD00,0x00FFCD00,0x00FFCD00,0x00FFCD00,0x00FFCD00,0x00FFCD00,0x00FFCD00,0x00FFCD00,0x00FFCD00,0x00FFCD00,0x23FFCD00,0x8DFFCD00,
0xEBFFCD00,0xEBFFCD00,0xEBFFCD00,0xEBFFCD00,0xEBFFCD00,0xEBFFCD00,0xEBFFCD00,0xEBFFCD00,0xEBFFCD00,0xEBFFCD00,0xEBFFCD00,0xEBFFCD00,
0xEBFFCD00,0xEBFFCD00,0xEBFFCD00,0xEBFFCD00,0xEBFFCD00,0xEBFFCD00,0xEBFFCD00,0xEBFFCD00,0xEBFFCD00,0xEBFFCD00,0xEBFFCD00,0xEBFFCD00,
0x8DFFCD00,0x23FFCD00,0x00FFCD00,0x00FFCD00,0x00FFCD00,0x00FFCD00,0x00FFCD00,0x00FFCD00,0x00FFCD00,0x00FFCD00,0x00FFCD00,0x00FFCD00,
0x00FFCD00,0x00FFCD00,0x00FFCD00,0x00FFCD00,0x00FFCD00,0x00FFCD00,0x00FFCD00,0x00FFCD00,0x00FFCD00,0x00FFCD00,0x00FFCD00,0x00FFCD00,
0x00FFCD00,0x00FFCD00,0x00FFCD00,0x00FFCD00,0x00FFCD00,0x00FFCD00,0x00FFCD00,0x00FFCD00,0x00FFCD00,0x00FFCD00,0x00FFCD00,0x00FFCD00,
0x00FFCD00,0x00FFCD00,0x00FFCD00,0x00FFCD00,0x00FFCD00,0x00FFCD00,0x00FFCD00,0x00FFCD00,0x02FFCD00,0x7DFFCD00,0xEBFFCD00,0xEBFFCD00,
0xEBFFCD00,0xEBFFCD00,0xEBFFCD00,0xEBFFCD00,0xEBFFCD00,0xEBFFCD00,0xEBFFCD00,0xEBFFCD00,0xEBFFCD00,0xEBFFCD00,0xEBFFCD00,0xEBFFCD00,
0xEBFFCD00,0xEBFFCD00,0xEBFFCD00,0xEBFFCD00,0xEBFFCD00,0xEBFFCD00,0xEBFFCD00,0xEBFFCD00,0xEBFFCD00,0xEBFFCD00,0xEBFFCD00,0xEBFFCD00,
0xEBFFCD00,0xEBFFCD00,0x7DFFCD00,0x02FFCD00,0x00FFCD00,0x00FFCD00,0x00FFCD00,0x00FFCD00,0x00FFCD00,0x00FFCD00,0x00FFCD00,0x00FFCD00,
0x00FFCD00,0x00FFCD00,0x00FFCD00,0x00FFCD00,0x00FFCD00,0x00FFCD00,0x00FFCD00,0x00FFCD00,0x00FFCD00,0x00FFCD00,0x00FFCD00,0x00FFCD00,
0x00FFCD00,0x00FFCD00,0x00FFCD00,0x00FFCD00,0x00FFCD00,0x00FFCD00,0x00FFCD00,0x00FFCD00,0x00FFCD00,0x00FFCD00,0x00FFCD00,0x00FFCD00,
0x00FFCD00,0x00FFCD00,0x00FFCD00,0x00FFCD00,0x00FFCD00,0x00FFCD00,0x00FFCD00,0x43FFCD00,0xC7FFCD00,0xEBFFCD00,0xEBFFCD00,0xEBFFCD00,
0xEBFFCD00,0xEBFFCD00,0xEBFFCD00,0xEBFFCD00,0xEBFFCD00,0xEBFFCD00,0xEBFFCD00,0xDAFFCD00,0xB2FFCD00,0x95FFCD00,0x81FFCD00,0x77FFCD00,
0x77FFCD00,0x81FFCD00,0x95FFCD00,0xB2FFCD00,0xDAFFCD00,0xEBFFCD00,0xEBFFCD00,0xEBFFCD00,0xEBFFCD00,0xEBFFCD00,0xEBFFCD00,0xEBFFCD00,
0xEBFFCD00,0xEBFFCD00,0xEBFFCD00,0xC7FFCD00,0x43FFCD00,0x00FFCD00,0x00FFCD00,0x00FFCD00,0x00FFCD00,0x00FFCD00,0x00FFCD00,0x00FFCD00,
0x00FFCD00,0x00FFCD00,0x00FFCD00,0x00FFCD00,0x00FFCD00,0x00FFCD00,0x00FFCD00,0x00FFCD00,0x00FFCD00,0x00FFCD00,0x00FFCD00,0x00FFCD00,
0x00FFCD00,0x00FFCD00,0x00FFCD00,0x00FFCD00,0x00FFCD00,0x00FFCD00,0x00FFCD00,0x00FFCD00,0x00FFCD00,0x00FFCD00,0x00FFCD00,0x00FFCD00,
0x00FFCD00,0x00FFCD00,0x00FFCD00,0x00FFCD00,0x00FFCD00,0x00FFCD00,0x74FFCD00,0xEBFFCD00,0xEBFFCD00,0xEBFFCD00,0xEBFFCD00,0xEBFFCD00,
0xEBFFCD00,0xEBFFCD00,0xEBFFCD00,0xEBFFCD00,0xA9FFCD00,0x63FFCD00,0x26FFCD00,0x00FFCD00,0x00FFCD00,0x00FFCD00,0x00FFCD00,0x00FFCD00,
0x00FFCD00,0x00FFCD00,0x00FFCD00,0x00FFCD00,0x00FFCD00,0x26FFCD00,0x63FFCD00,0xA9FFCD00,0xEBFFCD00,0xEBFFCD00,0xEBFFCD00,0xEBFFCD00,
0xEBFFCD00,0xEBFFCD00,0xEBFFCD00,0xEBFFCD00,0xEBFFCD00,0x74FFCD00,0x00FFCD00,0x00FFCD00,0x00FFCD00,0x00FFCD00,0x00FFCD00,0x00FFCD00,
0x00FFCD00,0x00FFCD00,0x00FFCD00,0x00FFCD00,0x00FFCD00,0x00FFCD00,0x00FFCD00,0x00FFCD00,0x00FFCD00,0x00FFCD00,0x00FFCD00,0x00FFCD00,
0x00FFCD00,0x00FFCD00,0x00FFCD00,0x00FFCD00,0x00FFCD00,0x00FFCD00,0x00FFCD00,0x00FFCD00,0x00FFCD00,0x00FFCD00,0x00FFCD00,0x00FFCD00,
0x00FFCD00,0x00FFCD00,0x00FFCD00,0x00FFCD00,0x00FFCD00,0x96FFCD00,0xEBFFCD00,0xEBFFCD00,0xEBFFCD00,0xEBFFCD00,0xEBFFCD00,0xEBFFCD00,
0xEBFFCD00,0xDAFFCD00,0x77FFCD00,0x1CFFCD00,0x00FFCD00,0x00FFCD00,0x00FFCD00,0x00FFCD00,0x00FFCD00,0x00FFCD00,0x00FFCD00,0x00FFCD00,
0x00FFCD00,0x00FFCD00,0x00FFCD00,0x00FFCD00,0x00FFCD00,0x00FFCD00,0x00FFCD00,0x00FFCD00,0x1CFFCD00,0x77FFCD00,0xDAFFCD00,0xEBFFCD00,
0xEBFFCD00,0xEBFFCD00,0xEBFFCD00,0xEBFFCD00,0xEBFFCD00,0xEBFFCD00,0x96FFCD00,0x00FFCD00,0x00FFCD00,0x00FFCD00,0x00FFCD00,0x00FFCD00,
0x00FFCD00,0x00FFCD00,0x00FFCD00,0x00FFCD00,0x00FFCD00,0x00FFCD00,0x00FFCD00,0x00FFCD00,0x00FFCD00,0x00FFCD00,0x00FFCD00,0x00FFCD00,
0x00FFCD00,0x00FFCD00,0x00FFCD00,0x00FFCD00,0x00FFCD00,0x00FFCD00,0x00FFCD00,0x00FFCD00,0x00FFCD00,0x00FFCD00,0x00FFCD00,0x00FFCD00,
0x00FFCD00,0x00FFCD00,0x00FFCD00,0x02FFCD00,0xA6FFCD00,0xEBFFCD00,0xEBFFCD00,0xEBFFCD00,0xEBFFCD00,0xEBFFCD00,0xEBFFCD00,0xEBFFCD00,
0x77FFCD00,0x08FFCD00,0x00FFCD00,0x00FFCD00,0x00FFCD00,0x00FFCD00,0x00FFCD00,0x00FFCD00,0x00FFCD00,0x00FFCD00,0x00FFCD00,0x00FFCD00,
0x00FFCD00,0x00FFCD00,0x00FFCD00,0x00FFCD00,0x00FFCD00,0x00FFCD00,0x00FFCD00,0x00FFCD00,0x00FFCD00,0x00FFCD00,0x08FFCD00,0x77FFCD00,
0xEBFFCD00,0xEBFFCD00,0xEBFFCD00,0xEBFFCD00,0xEBFFCD00,0xEBFFCD00,0xEBFFCD00,0xA6FFCD00,0x02FFCD00,0x00FFCD00,0x00FFCD00,0x00FFCD00,
0x00FFCD00,0x00FFCD00,0x00FFCD00,0x00FFCD00,0x00FFCD00,0x00FFCD00,0x00FFCD00,0x00FFCD00,0x00FFCD00,0x00FFCD00,0x00FFCD00,0x00FFCD00,
0x00FFCD00,0x00FFCD00,0x00FFCD00,0x00FFCD00,0x00FFCD00,0x00FFCD00,0x00FFCD00,0x00FFCD00,0x00FFCD00,0x00FFCD00,0x00FFCD00,0x00FFCD00,
0x00FFCD00,0x00FFCD00,0x00FFCD00,0xA6FFCD00,0xEBFFCD00,0xEBFFCD00,0xEBFFCD00,0xEBFFCD00,0xEBFFCD00,0xEBFFCD00,0xA9FFCD00,0x26FFCD00,
0x00FFCD00,0x00FFCD00,0x00FFCD00,0x00FFCD00,0x00FFCD00,0x00FFCD00,0x00FFCD00,0x00FFCD00,0x00FFCD00,0x00FFCD00,0x00FFCD00,0x00FFCD00,
0x00FFCD00,0x00FFCD00,0x00FFCD00,0x00FFCD00,0x00FFCD00,0x00FFCD00,0x00FFCD00,0x00FFCD00,0x00FFCD00,0x00FFCD00,0x00FFCD00,0x00FFCD00,
0x26FFCD00,0xA9FFCD00,0xEBFFCD00,0xEBFFCD00,0xEBFFCD00,0xEBFFCD00,0xEBFFCD00,0xEBFFCD00,0xA6FFCD00,0x00FFCD00,0x00FFCD00,0x00FFCD00,
0x00FFCD00,0x00FFCD00,0x00FFCD00,0x00FFCD00,0x00FFCD00,0x00FFCD00,0x00FFCD00,0x00FFCD00,0x00FFCD00,0x00FFCD00,0x00FFCD00,0x00FFCD00,
0x00FFCD00,0x00FFCD00,0x00FFCD00,0x00FFCD00,0x00FFCD00,0x00FFCD00,0x00FFCD00,0x00FFCD00,0x00FFCD00,0x00FFCD00,0x00FFCD00,0x00FFCD00,
0x00FFCD00,0x00FFCD00,0x96FFCD00,0xEBFFCD00,0xEBFFCD00,0xEBFFCD00,0xEBFFCD00,0xEBFFCD00,0xEBFFCD00,0x77FFCD00,0x00FFCD00,0x00FFCD00,
0x00FFCD00,0x00FFCD00,0x00FFCD00,0x00FFCD00,0x00FFCD00,0x00FFCD00,0x00FFCD00,0x00FFCD00,0x00FFCD00,0x00FFCD00,0x00FFCD00,0x00FFCD00,
0x00FFCD00,0x00FFCD00,0x00FFCD00,0x00FFCD00,0x00FFCD00,0x00FFCD00,0x00FFCD00,0x00FFCD00,0x00FFCD00,0x00FFCD00,0x00FFCD00,0x00FFCD00,
0x00FFCD00,0x00FFCD00,0x77FFCD00,0xEBFFCD00,0xEBFFCD00,0xEBFFCD00,0xEBFFCD00,0xEBFFCD00,0xEBFFCD00,0x96FFCD00,0x00FFCD00,0x00FFCD00,
0x00FFCD00,0x00FFCD00,0x00FFCD00,0x00FFCD00,0x00FFCD00,0x00FFCD00,0x00FFCD00,0x00FFCD00,0x00FFCD00,0x00FFCD00,0x00FFCD00,0x00FFCD00,
0x00FFCD00,0x00FFCD00,0x00FFCD00,0x00FFCD00,0x00FFCD00,0x00FFCD00,0x00FFCD00,0x00FFCD00,0x00FFCD00,0x00FFCD00,0x00FFCD00,0x00FFCD00,
0x00FFCD00,0x74FFCD00,0xEBFFCD00,0xEBFFCD00,0xEBFFCD00,0xEBFFCD00,0xEBFFCD00,0xEBFFCD00,0x59FFCD00,0x00FFCD00,0x00FFCD00,0x00FFCD00,
0x00FFCD00,0x00FFCD00,0x00FFCD00,0x00FFCD00,0x00FFCD00,0x00FFCD00,0x00FFCD00,0x00FFCD00,0x00FFCD00,0x00FFCD00,0x00FFCD00,0x00FFCD00,
0x00FFCD00,0x00FFCD00,0x00FFCD00,0x00FFCD00,0x00FFCD00,0x00FFCD00,0x00FFCD00,0x00FFCD00,0x00FFCD00,0x00FFCD00,0x00FFCD00,0x00FFCD00,
0x00FFCD00,0x00FFCD00,0x00FFCD00,0x59FFCD00,0xEBFFCD00,0xEBFFCD00,0xEBFFCD00,0xEBFFCD00,0xEBFFCD00,0xEBFFCD00,0x74FFCD00,0x00FFCD00,
0x00FFCD00,0x00FFCD00,0x00FFCD00,0x00FFCD00,0x00FFCD00,0x00FFCD00,0x00FFCD00,0x00FFCD00,0x00FFCD00,0x00FFCD00,0x00FFCD00,0x00FFCD00,
0x00FFCD00,0x00FFCD00,0x00FFCD00,0x00FFCD00,0x00FFCD00,0x00FFCD00,0x00FFCD00,0x00FFCD00,0x00FFCD00,0x00FFCD00,0x00FFCD00,0x00FFCD00,
0x43FFCD00,0xEBFFCD00,0xEBFFCD00,0xEBFFCD00,0xEBFFCD00,0xEBFFCD00,0xEBFFCD00,0x4FFFCD00,0x00FFCD00,0x00FFCD00,0x00FFCD00,0x00FFCD00,
0x00FFCD00,0x00FFCD00,0x00FFCD00,0x00FFCD00,0x00FFCD00,0x00FFCD00,0x00FFCD00,0x00FFCD00,0x00FFCD00,0x00FFCD00,0x14FFCD00,0x6AFFCD00,
0x6AFFCD00,0x14FFCD00,0x00FFCD00,0x00FFCD00,0x00FFCD00,0x00FFCD00,0x00FFCD00,0x00FFCD00,0x00FFCD00,0x00FFCD00,0x00FFCD00,0x00FFCD00,
0x00FFCD00,0x00FFCD00,0x00FFCD00,0x00FFCD00,0x4FFFCD00,0xEBFFCD00,0xEBFFCD00,0xEBFFCD00,0xEBFFCD00,0xEBFFCD00,0xEBFFCD00,0x43FFCD00,
0x00FFCD00,0x00FFCD00,0x00FFCD00,0x00FFCD00,0x00FFCD00,0x00FFCD00,0x00FFCD00,0x00FFCD00,0x00FFCD00,0x00FFCD00,0x00FFCD00,0x00FFCD00,
0x00FFCD00,0x00FFCD00,0x00FFCD00,0x00FFCD00,0x00FFCD00,0x00FFCD00,0x00FFCD00,0x00FFCD00,0x00FFCD00,0x00FFCD00,0x00FFCD00,0x02FFCD00,
0xC7FFCD00,0xEBFFCD00,0xEBFFCD00,0xEBFFCD00,0xEBFFCD00,0xEBFFCD00,0x59FFCD00,0x00FFCD00,0x00FFCD00,0x00FFCD00,0x00FFCD00,0x00FFCD00,
0x00FFCD00,0x00FFCD00,0x00FFCD00,0x00FFCD00,0x00FFCD00,0x00FFCD00,0x00FFCD00,0x00FFCD00,0x00FFCD00,0x14FFCD00,0xCEFFCD00,0xEBFFCD00,
0xEBFFCD00,0xCEFFCD00,0x14FFCD00,0x00FFCD00,0x00FFCD00,0x00FFCD00,0x00FFCD00,0x00FFCD00,0x00FFCD00,0x00FFCD00,0x00FFCD00,0x00FFCD00,
0x00FFCD00,0x00FFCD00,0x00FFCD00,0x00FFCD00,0x00FFCD00,0x59FFCD00,0xEBFFCD00,0xEBFFCD00,0xEBFFCD00,0xEBFFCD00,0xEBFFCD00,0xC7FFCD00,
0x02FFCD00,0x00FFCD00,0x00FFCD00,0x00FFCD00,0x00FFCD00,0x00FFCD00,0x00FFCD00,0x00FFCD00,0x00FFCD00,0x00FFCD00,0x00FFCD00,0x00FFCD00,
0x00FFCD00,0x00FFCD00,0x00FFCD00,0x00FFCD00,0x00FFCD00,0x00FFCD00,0x00FFCD00,0x00FFCD00,0x00FFCD00,0x00FFCD00,0x00FFCD00,0x7DFFCD00,
0xEBFFCD00,0xEBFFCD00,0xEBFFCD00,0xEBFFCD00,0xEBFFCD00,0x77FFCD00,0x00FFCD00,0x00FFCD00,0x00FFCD00,0x00FFCD00,0x00FFCD00,0x00FFCD00,
0x00FFCD00,0x00FFCD00,0x00FFCD00,0x00FFCD00,0x00FFCD00,0x00FFCD00,0x00FFCD00,0x00FFCD00,0x00FFCD00,0x6AFFCD00,0xEBFFCD00,0xEBFFCD00,
0xEBFFCD00,0xEBFFCD00,0x6AFFCD00,0x00FFCD00,0x00FFCD00,0x00FFCD00,0x00FFCD00,0x00FFCD00,0x00FFCD00,0x00FFCD00,0x00FFCD00,0x00FFCD00,
0x00FFCD00,0x00FFCD00,0x00FFCD00,0x00FFCD00,0x00FFCD00,0x00FFCD00,0x77FFCD00,0xEBFFCD00,0xEBFFCD00,0xEBFFCD00,0xEBFFCD00,0xEBFFCD00,
0x7DFFCD00,0x00FFCD00,0x00FFCD00,0x00FFCD00,0x00FFCD00,0x00FFCD00,0x00FFCD00,0x00FFCD00,0x00FFCD00,0x00FFCD00,0x00FFCD00,0x00FFCD00,
0x00FFCD00,0x00FFCD00,0x00FFCD00,0x00FFCD00,0x00FFCD00,0x00FFCD00,0x00FFCD00,0x00FFCD00,0x00FFCD00,0x00FFCD00,0x23FFCD00,0xEBFFCD00,
0xEBFFCD00,0xEBFFCD00,0xEBFFCD00,0xEBFFCD00,0xA9FFCD00,0x00FFCD00,0x00FFCD00,0x00FFCD00,0x00FFCD00,0x00FFCD00,0x00FFCD00,0x00FFCD00,
0x00FFCD00,0x00FFCD00,0x00FFCD00,0x00FFCD00,0x00FFCD00,0x00FFCD00,0x00FFCD00,0x00FFCD00,0x00FFCD00,0x76FFCD00,0xEBFFCD00,0xEBFFCD00,
0xEBFFCD00,0xEBFFCD00,0x76FFCD00,0x00FFCD00,0x00FFCD00,0x00FFCD00,0x00FFCD00,0x00FFCD00,0x00FFCD00,0x00FFCD00,0x00FFCD00,0x00FFCD00,
0x00FFCD00,0x00FFCD00,0x00FFCD00,0x00FFCD00,0x00FFCD00,0x00FFCD00,0x00FFCD00,0xA9FFCD00,0xEBFFCD00,0xEBFFCD00,0xEBFFCD00,0xEBFFCD00,
0xEBFFCD00,0x23FFCD00,0x00FFCD00,0x00FFCD00,0x00FFCD00,0x00FFCD00,0x00FFCD00,0x00FFCD00,0x00FFCD00,0x00FFCD00,0x00FFCD00,0x00FFCD00,
0x00FFCD00,0x00FFCD00,0x00FFCD00,0x00FFCD00,0x00FFCD00,0x00FFCD00,0x00FFCD00,0x00FFCD00,0x00FFCD00,0x00FFCD00,0x8DFFCD00,0xEBFFCD00,
0xEBFFCD00,0xEBFFCD00,0xEBFFCD00,0xEBFFCD00,0x26FFCD00,0x00FFCD00,0x00FFCD00,0x00FFCD00,0x00FFCD00,0x00FFCD00,0x00FFCD00,0x00FFCD00,
0x00FFCD00,0x00FFCD00,0x00FFCD00,0x00FFCD00,0x00FFCD00,0x00FFCD00,0x00FFCD00,0x00FFCD00,0x00FFCD00,0x76FFCD00,0xEBFFCD00,0xEBFFCD00,
0xEBFFCD00,0xEBFFCD00,0x76FFCD00,0x00FFCD00,0x00FFCD00,0x00FFCD00,0x00FFCD00,0x00FFCD00,0x00FFCD00,0x00FFCD00,0x00FFCD00,0x00FFCD00,
0x00FFCD00,0x00FFCD00,0x00FFCD00,0x00FFCD00,0x00FFCD00,0x00FFCD00,0x00FFCD00,0x26FFCD00,0xEBFFCD00,0xEBFFCD00,0xEBFFCD00,0xEBFFCD00,
0xEBFFCD00,0x8DFFCD00,0x00FFCD00,0x00FFCD00,0x00FFCD00,0x00FFCD00,0x00FFCD00,0x00FFCD00,0x00FFCD00,0x00FFCD00,0x00FFCD00,0x00FFCD00,
0x00FFCD00,0x00FFCD00,0x00FFCD00,0x00FFCD00,0x00FFCD00,0x00FFCD00,0x00FFCD00,0x00FFCD00,0x00FFCD00,0x1AFFCD00,0xEBFFCD00,0xEBFFCD00,
0xEBFFCD00,0xEBFFCD00,0xEBFFCD00,0x77FFCD00,0x00FFCD00,0x00FFCD00,0x00FFCD00,0x00FFCD00,0x00FFCD00,0x00FFCD00,0x00FFCD00,0x00FFCD00,
0x00FFCD00,0x00FFCD00,0x00FFCD00,0x00FFCD00,0x00FFCD00,0x00FFCD00,0x00FFCD00,0x00FFCD00,0x00FFCD00,0x76FFCD00,0xEBFFCD00,0xEBFFCD00,
0xEBFFCD00,0xEBFFCD00,0x76FFCD00,0x00FFCD00,0x00FFCD00,0x00FFCD00,0x00FFCD00,0x00FFCD00,0x00FFCD00,0x00FFCD00,0x00FFCD00,0x00FFCD00,
0x00FFCD00,0x00FFCD00,0x00FFCD00,0x00FFCD00,0x00FFCD00,0x00FFCD00,0x00FFCD00,0x00FFCD00,0x77FFCD00,0xEBFFCD00,0xEBFFCD00,0xEBFFCD00,
0xEBFFCD00,0xEBFFCD00,0x1AFFCD00,0x00FFCD00,0x00FFCD00,0x00FFCD00,0x00FFCD00,0x00FFCD00,0x00FFCD00,0x00FFCD00,0x00FFCD00,0x00FFCD00,
0x00FFCD00,0x00FFCD00,0x00FFCD00,0x00FFCD00,0x00FFCD00,0x00FFCD00,0x00FFCD00,0x00FFCD00,0x00FFCD00,0x74FFCD00,0xEBFFCD00,0xEBFFCD00,
0xEBFFCD00,0xEBFFCD00,0xDAFFCD00,0x08FFCD00,0x00FFCD00,0x00FFCD00,0x00FFCD00,0x00FFCD00,0x00FFCD00,0x00FFCD00,0x00FFCD00,0x00FFCD00,
0x00FFCD00,0x00FFCD00,0x00FFCD00,0x00FFCD00,0x00FFCD00,0x00FFCD00,0x00FFCD00,0x00FFCD00,0x00FFCD00,0x76FFCD00,0xEBFFCD00,0xEBFFCD00,
0xEBFFCD00,0xEBFFCD00,0x76FFCD00,0x00FFCD00,0x00FFCD00,0x00FFCD00,0x00FFCD00,0x00FFCD00,0x00FFCD00,0x00FFCD00,0x00FFCD00,0x00FFCD00,
0x00FFCD00,0x00FFCD00,0x00FFCD00,0x00FFCD00,0x00FFCD00,0x00FFCD00,0x00FFCD00,0x00FFCD00,0x08FFCD00,0xDAFFCD00,0xEBFFCD00,0xEBFFCD00,
0xEBFFCD00,0xEBFFCD00,0x74FFCD00,0x00FFCD00,0x00FFCD00,0x00FFCD00,0x00FFCD00,0x00FFCD00,0x00FFCD00,0x00FFCD00,0x00FFCD00,0x00FFCD00,
0x00FFCD00,0x00FFCD00,0x00FFCD00,0x00FFCD00,0x00FFCD00,0x00FFCD00,0x00FFCD00,0x00FFCD00,0x00FFCD00,0xC7FFCD00,0xEBFFCD00,0xEBFFCD00,
0xEBFFCD00,0xEBFFCD00,0x77FFCD00,0x00FFCD00,0x00FFCD00,0x00FFCD00,0x00FFCD00,0x00FFCD00,0x00FFCD00,0x00FFCD00,0x00FFCD00,0x00FFCD00,
0x00FFCD00,0x00FFCD00,0x00FFCD00,0x00FFCD00,0x00FFCD00,0x00FFCD00,0x00FFCD00,0x00FFCD00,0x00FFCD00,0x76FFCD00,0xEBFFCD00,0xEBFFCD00,
0xEBFFCD00,0xEBFFCD00,0x76FFCD00,0x00FFCD00,0x00FFCD00,0x00FFCD00,0x00FFCD00,0x00FFCD00,0x00FFCD00,0x00FFCD00,0x00FFCD00,0x00FFCD00,
0x00FFCD00,0x00FFCD00,0x00FFCD00,0x00FFCD00,0x00FFCD00,0x00FFCD00,0x00FFCD00,0x00FFCD00,0x00FFCD00,0x77FFCD00,0xEBFFCD00,0xEBFFCD00,
0xEBFFCD00,0xEBFFCD00,0xC7FFCD00,0x00FFCD00,0x00FFCD00,0x00FFCD00,0x00FFCD00,0x00FFCD00,0x00FFCD00,0x00FFCD00,0x00FFCD00,0x00FFCD00,
0x00FFCD00,0x00FFCD00,0x00FFCD00,0x00FFCD00,0x00FFCD00,0x00FFCD00,0x00FFCD00,0x00FFCD00,0x33FFCD00,0xEBFFCD00,0xEBFFCD00,0xEBFFCD00,
0xEBFFCD00,0xEBFFCD00,0x1CFFCD00,0x00FFCD00,0x00FFCD00,0x00FFCD00,0x00FFCD00,0x00FFCD00,0x00FFCD00,0x00FFCD00,0x00FFCD00,0x00FFCD00,
0x00FFCD00,0x00FFCD00,0x00FFCD00,0x00FFCD00,0x00FFCD00,0x00FFCD00,0x00FFCD00,0x00FFCD00,0x00FFCD00,0x76FFCD00,0xEBFFCD00,0xEBFFCD00,
0xEBFFCD00,0xEBFFCD00,0x76FFCD00,0x00FFCD00,0x00FFCD00,0x00FFCD00,0x00FFCD00,0x00FFCD00,0x00FFCD00,0x00FFCD00,0x00FFCD00,0x00FFCD00,
0x00FFCD00,0x00FFCD00,0x00FFCD00,0x00FFCD00,0x00FFCD00,0x00FFCD00,0x00FFCD00,0x00FFCD00,0x00FFCD00,0x1CFFCD00,0xEBFFCD00,0xEBFFCD00,
0xEBFFCD00,0xEBFFCD00,0xEBFFCD00,0x33FFCD00,0x00FFCD00,0x00FFCD00,0x00FFCD00,0x00FFCD00,0x00FFCD00,0x00FFCD00,0x00FFCD00,0x00FFCD00,
0x00FFCD00,0x00FFCD00,0x00FFCD00,0x00FFCD00,0x00FFCD00,0x00FFCD00,0x00FFCD00,0x00FFCD00,0x74FFCD00,0xEBFFCD00,0xEBFFCD00,0xEBFFCD00,
0xEBFFCD00,0xA9FFCD00,0x00FFCD00,0x00FFCD00,0x00FFCD00,0x00FFCD00,0x00FFCD00,0x00FFCD00,0x00FFCD00,0x00FFCD00,0x00FFCD00,0x00FFCD00,
0x00FFCD00,0x00FFCD00,0x00FFCD00,0x00FFCD00,0x00FFCD00,0x00FFCD00,0x00FFCD00,0x00FFCD00,0x00FFCD00,0x76FFCD00,0xEBFFCD00,0xEBFFCD00,
0xEBFFCD00,0xEBFFCD00,0x76FFCD00,0x00FFCD00,0x00FFCD00,0x00FFCD00,0x00FFCD00,0x00FFCD00,0x00FFCD00,0x00FFCD00,0x00FFCD00,0x00FFCD00,
0x00FFCD00,0x00FFCD00,0x00FFCD00,0x00FFCD00,0x00FFCD00,0x00FFCD00,0x00FFCD00,0x00FFCD00,0x00FFCD00,0x00FFCD00,0xA9FFCD00,0xEBFFCD00,
0xEBFFCD00,0xEBFFCD00,0xEBFFCD00,0x74FFCD00,0x00FFCD00,0x00FFCD00,0x00FFCD00,0x00FFCD00,0x00FFCD00,0x00FFCD00,0x00FFCD00,0x00FFCD00,
0x00FFCD00,0x00FFCD00,0x00FFCD00,0x00FFCD00,0x00FFCD00,0x00FFCD00,0x00FFCD00,0x00FFCD00,0xAEFFCD00,0xEBFFCD00,0xEBFFCD00,0xEBFFCD00,
0xEBFFCD00,0x63FFCD00,0x00FFCD00,0x00FFCD00,0x00FFCD00,0x00FFCD00,0x00FFCD00,0x00FFCD00,0x00FFCD00,0x00FFCD00,0x00FFCD00,0x00FFCD00,
0x00FFCD00,0x00FFCD00,0x00FFCD00,0x00FFCD00,0x00FFCD00,0x00FFCD00,0x00FFCD00,0x00FFCD00,0x00FFCD00,0x76FFCD00,0xEBFFCD00,0xEBFFCD00,
0xEBFFCD00,0xEBFFCD00,0x76FFCD00,0x00FFCD00,0x00FFCD00,0x00FFCD00,0x00FFCD00,0x00FFCD00,0x00FFCD00,0x00FFCD00,0x00FFCD00,0x00FFCD00,
0x00FFCD00,0x00FFCD00,0x00FFCD00,0x00FFCD00,0x00FFCD00,0x00FFCD00,0x00FFCD00,0x00FFCD00,0x00FFCD00,0x00FFCD00,0x63FFCD00,0xEBFFCD00,
0xEBFFCD00,0xEBFFCD00,0xEBFFCD00,0xAEFFCD00,0x00FFCD00,0x00FFCD00,0x00FFCD00,0x00FFCD00,0x00FFCD00,0x00FFCD00,0x00FFCD00,0x00FFCD00,
0x00FFCD00,0x00FFCD00,0x00FFCD00,0x00FFCD00,0x00FFCD00,0x00FFCD00,0x00FFCD00,0x00FFCD00,0xE1FFCD00,0xEBFFCD00,0xEBFFCD00,0xEBFFCD00,
0xEBFFCD00,0x26FFCD00,0x00FFCD00,0x00FFCD00,0x00FFCD00,0x00FFCD00,0x00FFCD00,0x00FFCD00,0x00FFCD00,0x00FFCD00,0x00FFCD00,0x00FFCD00,
0x00FFCD00,0x00FFCD00,0x00FFCD00,0x00FFCD00,0x00FFCD00,0x00FFCD00,0x00FFCD00,0x00FFCD00,0x00FFCD00,0x76FFCD00,0xEBFFCD00,0xEBFFCD00,
0xEBFFCD00,0xEBFFCD00,0x76FFCD00,0x00FFCD00,0x00FFCD00,0x00FFCD00,0x00FFCD00,0x00FFCD00,0x00FFCD00,0x00FFCD00,0x00FFCD00,0x00FFCD00,
0x00FFCD00,0x00FFCD00,0x00FFCD00,0x00FFCD00,0x00FFCD00,0x00FFCD00,0x00FFCD00,0x00FFCD00,0x00FFCD00,0x00FFCD00,0x26FFCD00,0xEBFFCD00,
0xEBFFCD00,0xEBFFCD00,0xEBFFCD00,0xE1FFCD00,0x00FFCD00,0x00FFCD00,0x00FFCD00,0x00FFCD00,0x00FFCD00,0x00FFCD00,0x00FFCD00,0x00FFCD00,
0x00FFCD00,0x00FFCD00,0x00FFCD00,0x00FFCD00,0x00FFCD00,0x00FFCD00,0x00FFCD00,0x23FFCD00,0xEBFFCD00,0xEBFFCD00,0xEBFFCD00,0xEBFFCD00,
0xDAFFCD00,0x00FFCD00,0x00FFCD00,0x00FFCD00,0x00FFCD00,0x00FFCD00,0x00FFCD00,0x00FFCD00,0x00FFCD00,0x00FFCD00,0x00FFCD00,0x00FFCD00,
0x00FFCD00,0x00FFCD00,0x00FFCD00,0x00FFCD00,0x00FFCD00,0x00FFCD00,0x00FFCD00,0x00FFCD00,0x00FFCD00,0x76FFCD00,0xEBFFCD00,0xEBFFCD00,
0xEBFFCD00,0xEBFFCD00,0x76FFCD00,0x00FFCD00,0x00FFCD00,0x00FFCD00,0x00FFCD00,0x00FFCD00,0x00FFCD00,0x00FFCD00,0x00FFCD00,0x00FFCD00,
0x00FFCD00,0x00FFCD00,0x00FFCD00,0x00FFCD00,0x00FFCD00,0x00FFCD00,0x00FFCD00,0x00FFCD00,0x00FFCD00,0x00FFCD00,0x00FFCD00,0xDAFFCD00,
0xEBFFCD00,0xEBFFCD00,0xEBFFCD00,0xEBFFCD00,0x23FFCD00,0x00FFCD00,0x00FFCD00,0x00FFCD00,0x00FFCD00,0x00FFCD00,0x00FFCD00,0x00FFCD00,
0x00FFCD00,0x00FFCD00,0x00FFCD00,0x00FFCD00,0x00FFCD00,0x00FFCD00,0x00FFCD00,0x43FFCD00,0xEBFFCD00,0xEBFFCD00,0xEBFFCD00,0xEBFFCD00,
0xB2FFCD00,0x00FFCD00,0x00FFCD00,0x00FFCD00,0x00FFCD00,0x00FFCD00,0x00FFCD00,0x00FFCD00,0x00FFCD00,0x00FFCD00,0x00FFCD00,0x00FFCD00,
0x00FFCD00,0x00FFCD00,0x00FFCD00,0x00FFCD00,0x00FFCD00,0x00FFCD00,0x00FFCD00,0x00FFCD00,0x00FFCD00,0x76FFCD00,0xEBFFCD00,0xEBFFCD00,
0xEBFFCD00,0xEBFFCD00,0x76FFCD00,0x00FFCD00,0x00FFCD00,0x00FFCD00,0x00FFCD00,0x00FFCD00,0x00FFCD00,0x00FFCD00,0x00FFCD00,0x00FFCD00,
0x00FFCD00,0x00FFCD00,0x00FFCD00,0x00FFCD00,0x00FFCD00,0x00FFCD00,0x00FFCD00,0x00FFCD00,0x00FFCD00,0x00FFCD00,0x00FFCD00,0xB2FFCD00,
0xEBFFCD00,0xEBFFCD00,0xEBFFCD00,0xEBFFCD00,0x43FFCD00,0x00FFCD00,0x00FFCD00,0x00FFCD00,0x00FFCD00,0x00FFCD00,0x00FFCD00,0x00FFCD00,
0x00FFCD00,0x00FFCD00,0x00FFCD00,0x00FFCD00,0x00FFCD00,0x00FFCD00,0x00FFCD00,0x5CFFCD00,0xEBFFCD00,0xEBFFCD00,0xEBFFCD00,0xEBFFCD00,
0x95FFCD00,0x00FFCD00,0x00FFCD00,0x00FFCD00,0x00FFCD00,0x00FFCD00,0x00FFCD00,0x00FFCD00,0x00FFCD00,0x00FFCD00,0x00FFCD00,0x00FFCD00,
0x00FFCD00,0x00FFCD00,0x00FFCD00,0x00FFCD00,0x00FFCD00,0x00FFCD00,0x00FFCD00,0x00FFCD00,0x00FFCD00,0x76FFCD00,0xEBFFCD00,0xEBFFCD00,
0xEBFFCD00,0xEBFFCD00,0x76FFCD00,0x00FFCD00,0x00FFCD00,0x00FFCD00,0x00FFCD00,0x00FFCD00,0x00FFCD00,0x00FFCD00,0x00FFCD00,0x00FFCD00,
0x00FFCD00,0x00FFCD00,0x00FFCD00,0x00FFCD00,0x00FFCD00,0x00FFCD00,0x00FFCD00,0x00FFCD00,0x00FFCD00,0x00FFCD00,0x00FFCD00,0x95FFCD00,
0xEBFFCD00,0xEBFFCD00,0xEBFFCD00,0xEBFFCD00,0x5CFFCD00,0x00FFCD00,0x00FFCD00,0x00FFCD00,0x00FFCD00,0x00FFCD00,0x00FFCD00,0x00FFCD00,
0x00FFCD00,0x00FFCD00,0x00FFCD00,0x00FFCD00,0x00FFCD00,0x00FFCD00,0x00FFCD00,0x6CFFCD00,0xEBFFCD00,0xEBFFCD00,0xEBFFCD00,0xEBFFCD00,
0x81FFCD00,0x00FFCD00,0x00FFCD00,0x00FFCD00,0x00FFCD00,0x00FFCD00,0x00FFCD00,0x00FFCD00,0x00FFCD00,0x00FFCD00,0x00FFCD00,0x00FFCD00,
0x00FFCD00,0x00FFCD00,0x00FFCD00,0x00FFCD00,0x00FFCD00,0x00FFCD00,0x00FFCD00,0x00FFCD00,0x00FFCD00,0x76FFCD00,0xEBFFCD00,0xEBFFCD00,
0xEBFFCD00,0xEBFFCD00,0x76FFCD00,0x00FFCD00,0x00FFCD00,0x00FFCD00,0x00FFCD00,0x00FFCD00,0x00FFCD00,0x00FFCD00,0x00FFCD00,0x00FFCD00,
0x00FFCD00,0x00FFCD00,0x00FFCD00,0x00FFCD00,0x00FFCD00,0x00FFCD00,0x00FFCD00,0x00FFCD00,0x00FFCD00,0x00FFCD00,0x00FFCD00,0x81FFCD00,
0xEBFFCD00,0xEBFFCD00,0xEBFFCD00,0xEBFFCD00,0x6CFFCD00,0x00FFCD00,0x00FFCD00,0x00FFCD00,0x00FFCD00,0x00FFCD00,0x00FFCD00,0x00FFCD00,
0x00FFCD00,0x00FFCD00,0x00FFCD00,0x00FFCD00,0x00FFCD00,0x00FFCD00,0x00FFCD00,0x74FFCD00,0xEBFFCD00,0xEBFFCD00,0xEBFFCD00,0xEBFFCD00,
0x77FFCD00,0x00FFCD00,0x00FFCD00,0x00FFCD00,0x00FFCD00,0x00FFCD00,0x00FFCD00,0x00FFCD00,0x00FFCD00,0x00FFCD00,0x00FFCD00,0x00FFCD00,
0x00FFCD00,0x00FFCD00,0x00FFCD00,0x00FFCD00,0x00FFCD00,0x00FFCD00,0x00FFCD00,0x00FFCD00,0x00FFCD00,0x76FFCD00,0xEBFFCD00,0xEBFFCD00,
0xEBFFCD00,0xEBFFCD00,0xEBFFCD00,0xB5FFCD00,0x3CFFCD00,0x00FFCD00,0x00FFCD00,0x00FFCD00,0x00FFCD00,0x00FFCD00,0x00FFCD00,0x00FFCD00,
0x00FFCD00,0x00FFCD00,0x00FFCD00,0x00FFCD00,0x00FFCD00,0x00FFCD00,0x00FFCD00,0x00FFCD00,0x00FFCD00,0x00FFCD00,0x00FFCD00,0x77FFCD00,
0xEBFFCD00,0xEBFFCD00,0xEBFFCD00,0xEBFFCD00,0x74FFCD00,0x00FFCD00,0x00FFCD00,0x00FFCD00,0x00FFCD00,0x00FFCD00,0x00FFCD00,0x00FFCD00,
0x00FFCD00,0x00FFCD00,0x00FFCD00,0x00FFCD00,0x00FFCD00,0x00FFCD00,0x00FFCD00,0x74FFCD00,0xEBFFCD00,0xEBFFCD00,0xEBFFCD00,0xEBFFCD00,
0x77FFCD00,0x00FFCD00,0x00FFCD00,0x00FFCD00,0x00FFCD00,0x00FFCD00,0x00FFCD00,0x00FFCD00,0x00FFCD00,0x00FFCD00,0x00FFCD00,0x00FFCD00,
0x00FFCD00,0x00FFCD00,0x00FFCD00,0x00FFCD00,0x00FFCD00,0x00FFCD00,0x00FFCD00,0x00FFCD00,0x00FFCD00,0x6AFFCD00,0xEBFFCD00,0xEBFFCD00,
0xEBFFCD00,0xEBFFCD00,0xEBFFCD00,0xEBFFCD00,0xEBFFCD00,0x8DFFCD00,0x14FFCD00,0x00FFCD00,0x00FFCD00,0x00FFCD00,0x00FFCD00,0x00FFCD00,
0x00FFCD00,0x00FFCD00,0x00FFCD00,0x00FFCD00,0x00FFCD00,0x00FFCD00,0x00FFCD00,0x00FFCD00,0x00FFCD00,0x00FFCD00,0x00FFCD00,0x77FFCD00,
0xEBFFCD00,0xEBFFCD00,0xEBFFCD00,0xEBFFCD00,0x74FFCD00,0x00FFCD00,0x00FFCD00,0x00FFCD00,0x00FFCD00,0x00FFCD00,0x00FFCD00,0x00FFCD00,
0x00FFCD00,0x00FFCD00,0x00FFCD00,0x00FFCD00,0x00FFCD00,0x00FFCD00,0x00FFCD00,0x6CFFCD00,0xEBFFCD00,0xEBFFCD00,0xEBFFCD00,0xEBFFCD00,
0x81FFCD00,0x00FFCD00,0x00FFCD00,0x00FFCD00,0x00FFCD00,0x00FFCD00,0x00FFCD00,0x00FFCD00,0x00FFCD00,0x00FFCD00,0x00FFCD00,0x00FFCD00,
0x00FFCD00,0x00FFCD00,0x00FFCD00,0x00FFCD00,0x00FFCD00,0x00FFCD00,0x00FFCD00,0x00FFCD00,0x00FFCD00,0x14FFCD00,0xCEFFCD00,0xEBFFCD00,
0xEBFFCD00,0xEBFFCD00,0xEBFFCD00,0xEBFFCD00,0xEBFFCD00,0xEBFFCD00,0xDDFFCD00,0x64FFCD00,0x00FFCD00,0x00FFCD00,0x00FFCD00,0x00FFCD00,
0x00FFCD00,0x00FFCD00,0x00FFCD00,0x00FFCD00,0x00FFCD00,0x00FFCD00,0x00FFCD00,0x00FFCD00,0x00FFCD00,0x00FFCD00,0x00FFCD00,0x81FFCD00,
0xEBFFCD00,0xEBFFCD00,0xEBFFCD00,0xEBFFCD00,0x6CFFCD00,0x00FFCD00,0x00FFCD00,0x00FFCD00,0x00FFCD00,0x00FFCD00,0x00FFCD00,0x00FFCD00,
0x00FFCD00,0x00FFCD00,0x00FFCD00,0x00FFCD00,0x00FFCD00,0x00FFCD00,0x00FFCD00,0x5CFFCD00,0xEBFFCD00,0xEBFFCD00,0xEBFFCD00,0xEBFFCD00,
0x95FFCD00,0x00FFCD00,0x00FFCD00,0x00FFCD00,0x00FFCD00,0x00FFCD00,0x00FFCD00,0x00FFCD00,0x00FFCD00,0x00FFCD00,0x00FFCD00,0x00FFCD00,
0x00FFCD00,0x00FFCD00,0x00FFCD00,0x00FFCD00,0x00FFCD00,0x00FFCD00,0x00FFCD00,0x00FFCD00,0x00FFCD00,0x00FFCD00,0x14FFCD00,0x8DFFCD00,
0xEBFFCD00,0xEBFFCD00,0xEBFFCD00,0xEBFFCD00,0xEBFFCD00,0xEBFFCD00,0xEBFFCD00,0xEBFFCD00,0xB5FFCD00,0x3CFFCD00,0x00FFCD00,0x00FFCD00,
0x00FFCD00,0x00FFCD00,0x00FFCD00,0x00FFCD00,0x00FFCD00,0x00FFCD00,0x00FFCD00,0x00FFCD00,0x00FFCD00,0x00FFCD00,0x00FFCD00,0x95FFCD00,
0xEBFFCD00,0xEBFFCD00,0xEBFFCD00,0xEBFFCD00,0x5CFFCD00,0x00FFCD00,0x00FFCD00,0x00FFCD00,0x00FFCD00,0x00FFCD00,0x00FFCD00,0x00FFCD00,
0x00FFCD00,0x00FFCD00,0x00FFCD00,0x00FFCD00,0x00FFCD00,0x00FFCD00,0x00FFCD00,0x43FFCD00,0xEBFFCD00,0xEBFFCD00,0xEBFFCD00,0xEBFFCD00,
0xB2FFCD00,0x00FFCD00,0x00FFCD00,0x00FFCD00,0x00FFCD00,0x00FFCD00,0x00FFCD00,0x00FFCD00,0x00FFCD00,0x00FFCD00,0x00FFCD00,0x00FFCD00,
0x00FFCD00,0x00FFCD00,0x00FFCD00,0x00FFCD00,0x00FFCD00,0x00FFCD00,0x00FFCD00,0x00FFCD00,0x00FFCD00,0x00FFCD00,0x00FFCD00,0x00FFCD00,
0x3CFFCD00,0xB5FFCD00,0xEBFFCD00,0xEBFFCD00,0xEBFFCD00,0xEBFFCD00,0xEBFFCD00,0xEBFFCD00,0xEBFFCD00,0xEBFFCD00,0x8DFFCD00,0x14FFCD00,
0x00FFCD00,0x00FFCD00,0x00FFCD00,0x00FFCD00,0x00FFCD00,0x00FFCD00,0x00FFCD00,0x00FFCD00,0x00FFCD00,0x00FFCD00,0x00FFCD00,0xB2FFCD00,
0xEBFFCD00,0xEBFFCD00,0xEBFFCD00,0xEBFFCD00,0x43FFCD00,0x00FFCD00,0x00FFCD00,0x00FFCD00,0x00FFCD00,0x00FFCD00,0x00FFCD00,0x00FFCD00,
0x00FFCD00,0x00FFCD00,0x00FFCD00,0x00FFCD00,0x00FFCD00,0x00FFCD00,0x00FFCD00,0x23FFCD00,0xEBFFCD00,0xEBFFCD00,0xEBFFCD00,0xEBFFCD00,
0xDAFFCD00,0x00FFCD00,0x00FFCD00,0x00FFCD00,0x00FFCD00,0x00FFCD00,0x00FFCD00,0x00FFCD00,0x00FFCD00,0x00FFCD00,0x00FFCD00,0x00FFCD00,
0x00FFCD00,0x00FFCD00,0x00FFCD00,0x00FFCD00,0x00FFCD00,0x00FFCD00,0x00FFCD00,0x00FFCD00,0x00FFCD00,0x00FFCD00,0x00FFCD00,0x00FFCD00,
0x00FFCD00,0x00FFCD00,0x64FFCD00,0xDDFFCD00,0xEBFFCD00,0xEBFFCD00,0xEBFFCD00,0xEBFFCD00,0xEBFFCD00,0xEBFFCD00,0xEBFFCD00,0xCEFFCD00,
0x14FFCD00,0x00FFCD00,0x00FFCD00,0x00FFCD00,0x00FFCD00,0x00FFCD00,0x00FFCD00,0x00FFCD00,0x00FFCD00,0x00FFCD00,0x00FFCD00,0xDAFFCD00,
0xEBFFCD00,0xEBFFCD00,0xEBFFCD00,0xEBFFCD00,0x23FFCD00,0x00FFCD00,0x00FFCD00,0x00FFCD00,0x00FFCD00,0x00FFCD00,0x00FFCD00,0x00FFCD00,
0x00FFCD00,0x00FFCD00,0x00FFCD00,0x00FFCD00,0x00FFCD00,0x00FFCD00,0x00FFCD00,0x00FFCD00,0xE1FFCD00,0xEBFFCD00,0xEBFFCD00,0xEBFFCD00,
0xEBFFCD00,0x26FFCD00,0x00FFCD00,0x00FFCD00,0x00FFCD00,0x00FFCD00,0x00FFCD00,0x00FFCD00,0x00FFCD00,0x00FFCD00,0x00FFCD00,0x00FFCD00,
0x00FFCD00,0x00FFCD00,0x00FFCD00,0x00FFCD00,0x00FFCD00,0x00FFCD00,0x00FFCD00,0x00FFCD00,0x00FFCD00,0x00FFCD00,0x00FFCD00,0x00FFCD00,
0x00FFCD00,0x00FFCD00,0x00FFCD00,0x14FFCD00,0x8DFFCD00,0xEBFFCD00,0xEBFFCD00,0xEBFFCD00,0xEBFFCD00,0xEBFFCD00,0xEBFFCD00,0xEBFFCD00,
0x6AFFCD00,0x00FFCD00,0x00FFCD00,0x00FFCD00,0x00FFCD00,0x00FFCD00,0x00FFCD00,0x00FFCD00,0x00FFCD00,0x00FFCD00,0x26FFCD00,0xEBFFCD00,
0xEBFFCD00,0xEBFFCD00,0xEBFFCD00,0xE1FFCD00,0x00FFCD00,0x00FFCD00,0x00FFCD00,0x00FFCD00,0x00FFCD00,0x00FFCD00,0x00FFCD00,0x00FFCD00,
0x00FFCD00,0x00FFCD00,0x00FFCD00,0x00FFCD00,0x00FFCD00,0x00FFCD00,0x00FFCD00,0x00FFCD00,0xAEFFCD00,0xEBFFCD00,0xEBFFCD00,0xEBFFCD00,
0xEBFFCD00,0x63FFCD00,0x00FFCD00,0x00FFCD00,0x00FFCD00,0x00FFCD00,0x00FFCD00,0x00FFCD00,0x00FFCD00,0x00FFCD00,0x00FFCD00,0x00FFCD00,
0x00FFCD00,0x00FFCD00,0x00FFCD00,0x00FFCD00,0x00FFCD00,0x00FFCD00,0x00FFCD00,0x00FFCD00,0x00FFCD00,0x00FFCD00,0x00FFCD00,0x00FFCD00,
0x00FFCD00,0x00FFCD00,0x00FFCD00,0x00FFCD00,0x00FFCD00,0x3CFFCD00,0xB5FFCD00,0xEBFFCD00,0xEBFFCD00,0xEBFFCD00,0xEBFFCD00,0xEBFFCD00,
0x6AFFCD00,0x00FFCD00,0x00FFCD00,0x00FFCD00,0x00FFCD00,0x00FFCD00,0x00FFCD00,0x00FFCD00,0x00FFCD00,0x00FFCD00,0x63FFCD00,0xEBFFCD00,
0xEBFFCD00,0xEBFFCD00,0xEBFFCD00,0xAEFFCD00,0x00FFCD00,0x00FFCD00,0x00FFCD00,0x00FFCD00,0x00FFCD00,0x00FFCD00,0x00FFCD00,0x00FFCD00,
0x00FFCD00,0x00FFCD00,0x00FFCD00,0x00FFCD00,0x00FFCD00,0x00FFCD00,0x00FFCD00,0x00FFCD00,0x74FFCD00,0xEBFFCD00,0xEBFFCD00,0xEBFFCD00,
0xEBFFCD00,0xA9FFCD00,0x00FFCD00,0x00FFCD00,0x00FFCD00,0x00FFCD00,0x00FFCD00,0x00FFCD00,0x00FFCD00,0x00FFCD00,0x00FFCD00,0x00FFCD00,
0x00FFCD00,0x00FFCD00,0x00FFCD00,0x00FFCD00,0x00FFCD00,0x00FFCD00,0x00FFCD00,0x00FFCD00,0x00FFCD00,0x00FFCD00,0x00FFCD00,0x00FFCD00,
0x00FFCD00,0x00FFCD00,0x00FFCD00,0x00FFCD00,0x00FFCD00,0x00FFCD00,0x00FFCD00,0x64FFCD00,0xDDFFCD00,0xEBFFCD00,0xEBFFCD00,0xCEFFCD00,
0x14FFCD00,0x00FFCD00,0x00FFCD00,0x00FFCD00,0x00FFCD00,0x00FFCD00,0x00FFCD00,0x00FFCD00,0x00FFCD00,0x00FFCD00,0xA9FFCD00,0xEBFFCD00,
0xEBFFCD00,0xEBFFCD00,0xEBFFCD00,0x74FFCD00,0x00FFCD00,0x00FFCD00,0x00FFCD00,0x00FFCD00,0x00FFCD00,0x00FFCD00,0x00FFCD00,0x00FFCD00,
0x00FFCD00,0x00FFCD00,0x00FFCD00,0x00FFCD00,0x00FFCD00,0x00FFCD00,0x00FFCD00,0x00FFCD00,0x33FFCD00,0xEBFFCD00,0xEBFFCD00,0xEBFFCD00,
0xEBFFCD00,0xEBFFCD00,0x1CFFCD00,0x00FFCD00,0x00FFCD00,0x00FFCD00,0x00FFCD00,0x00FFCD00,0x00FFCD00,0x00FFCD00,0x00FFCD00,0x00FFCD00,
0x00FFCD00,0x00FFCD00,0x00FFCD00,0x00FFCD00,0x00FFCD00,0x00FFCD00,0x00FFCD00,0x00FFCD00,0x00FFCD00,0x00FFCD00,0x00FFCD00,0x00FFCD00,
0x00FFCD00,0x00FFCD00,0x00FFCD00,0x00FFCD00,0x00FFCD00,0x00FFCD00,0x00FFCD00,0x00FFCD00,0x14FFCD00,0x6AFFCD00,0x6AFFCD00,0x14FFCD00,
0x00FFCD00,0x00FFCD00,0x00FFCD00,0x00FFCD00,0x00FFCD00,0x00FFCD00,0x00FFCD00,0x00FFCD00,0x00FFCD00,0x1CFFCD00,0xEBFFCD00,0xEBFFCD00,
0xEBFFCD00,0xEBFFCD00,0xEBFFCD00,0x33FFCD00,0x00FFCD00,0x00FFCD00,0x00FFCD00,0x00FFCD00,0x00FFCD00,0x00FFCD00,0x00FFCD00,0x00FFCD00,
0x00FFCD00,0x00FFCD00,0x00FFCD00,0x00FFCD00,0x00FFCD00,0x00FFCD00,0x00FFCD00,0x00FFCD00,0x00FFCD00,0xC7FFCD00,0xEBFFCD00,0xEBFFCD00,
0xEBFFCD00,0xEBFFCD00,0x77FFCD00,0x00FFCD00,0x00FFCD00,0x00FFCD00,0x00FFCD00,0x00FFCD00,0x00FFCD00,0x00FFCD00,0x00FFCD00,0x00FFCD00,
0x00FFCD00,0x00FFCD00,0x00FFCD00,0x00FFCD00,0x00FFCD00,0x00FFCD00,0x00FFCD00,0x00FFCD00,0x00FFCD00,0x00FFCD00,0x00FFCD00,0x00FFCD00,
0x00FFCD00,0x00FFCD00,0x00FFCD00,0x00FFCD00,0x00FFCD00,0x00FFCD00,0x00FFCD00,0x00FFCD00,0x00FFCD00,0x00FFCD00,0x00FFCD00,0x00FFCD00,
0x00FFCD00,0x00FFCD00,0x00FFCD00,0x00FFCD00,0x00FFCD00,0x00FFCD00,0x00FFCD00,0x00FFCD00,0x00FFCD00,0x77FFCD00,0xEBFFCD00,0xEBFFCD00,
0xEBFFCD00,0xEBFFCD00,0xC7FFCD00,0x00FFCD00,0x00FFCD00,0x00FFCD00,0x00FFCD00,0x00FFCD00,0x00FFCD00,0x00FFCD00,0x00FFCD00,0x00FFCD00,
0x00FFCD00,0x00FFCD00,0x00FFCD00,0x00FFCD00,0x00FFCD00,0x00FFCD00,0x00FFCD00,0x00FFCD00,0x00FFCD00,0x74FFCD00,0xEBFFCD00,0xEBFFCD00,
0xEBFFCD00,0xEBFFCD00,0xDAFFCD00,0x08FFCD00,0x00FFCD00,0x00FFCD00,0x00FFCD00,0x00FFCD00,0x00FFCD00,0x00FFCD00,0x00FFCD00,0x00FFCD00,
0x00FFCD00,0x00FFCD00,0x00FFCD00,0x00FFCD00,0x00FFCD00,0x00FFCD00,0x00FFCD00,0x00FFCD00,0x00FFCD00,0x00FFCD00,0x00FFCD00,0x00FFCD00,
0x00FFCD00,0x00FFCD00,0x00FFCD00,0x00FFCD00,0x00FFCD00,0x00FFCD00,0x00FFCD00,0x00FFCD00,0x00FFCD00,0x00FFCD00,0x00FFCD00,0x00FFCD00,
0x00FFCD00,0x00FFCD00,0x00FFCD00,0x00FFCD00,0x00FFCD00,0x00FFCD00,0x00FFCD00,0x00FFCD00,0x08FFCD00,0xDAFFCD00,0xEBFFCD00,0xEBFFCD00,
0xEBFFCD00,0xEBFFCD00,0x74FFCD00,0x00FFCD00,0x00FFCD00,0x00FFCD00,0x00FFCD00,0x00FFCD00,0x00FFCD00,0x00FFCD00,0x00FFCD00,0x00FFCD00,
0x00FFCD00,0x00FFCD00,0x00FFCD00,0x00FFCD00,0x00FFCD00,0x00FFCD00,0x00FFCD00,0x00FFCD00,0x00FFCD00,0x1AFFCD00,0xEBFFCD00,0xEBFFCD00,
0xEBFFCD00,0xEBFFCD00,0xEBFFCD00,0x77FFCD00,0x00FFCD00,0x00FFCD00,0x00FFCD00,0x00FFCD00,0x00FFCD00,0x00FFCD00,0x00FFCD00,0x00FFCD00,
0x00FFCD00,0x00FFCD00,0x00FFCD00,0x00FFCD00,0x00FFCD00,0x00FFCD00,0x00FFCD00,0x00FFCD00,0x00FFCD00,0x00FFCD00,0x00FFCD00,0x00FFCD00,
0x00FFCD00,0x00FFCD00,0x00FFCD00,0x00FFCD00,0x00FFCD00,0x00FFCD00,0x00FFCD00,0x00FFCD00,0x00FFCD00,0x00FFCD00,0x00FFCD00,0x00FFCD00,
0x00FFCD00,0x00FFCD00,0x00FFCD00,0x00FFCD00,0x00FFCD00,0x00FFCD00,0x00FFCD00,0x00FFCD00,0x77FFCD00,0xEBFFCD00,0xEBFFCD00,0xEBFFCD00,
0xEBFFCD00,0xEBFFCD00,0x1AFFCD00,0x00FFCD00,0x00FFCD00,0x00FFCD00,0x00FFCD00,0x00FFCD00,0x00FFCD00,0x00FFCD00,0x00FFCD00,0x00FFCD00,
0x00FFCD00,0x00FFCD00,0x00FFCD00,0x00FFCD00,0x00FFCD00,0x00FFCD00,0x00FFCD00,0x00FFCD00,0x00FFCD00,0x00FFCD00,0x8DFFCD00,0xEBFFCD00,
0xEBFFCD00,0xEBFFCD00,0xEBFFCD00,0xEBFFCD00,0x26FFCD00,0x00FFCD00,0x00FFCD00,0x00FFCD00,0x00FFCD00,0x00FFCD00,0x00FFCD00,0x00FFCD00,
0x00FFCD00,0x00FFCD00,0x00FFCD00,0x00FFCD00,0x00FFCD00,0x00FFCD00,0x00FFCD00,0x00FFCD00,0x00FFCD00,0x00FFCD00,0x00FFCD00,0x00FFCD00,
0x00FFCD00,0x00FFCD00,0x00FFCD00,0x00FFCD00,0x00FFCD00,0x00FFCD00,0x00FFCD00,0x00FFCD00,0x00FFCD00,0x00FFCD00,0x00FFCD00,0x00FFCD00,
0x00FFCD00,0x00FFCD00,0x00FFCD00,0x00FFCD00,0x00FFCD00,0x00FFCD00,0x00FFCD00,0x26FFCD00,0xEBFFCD00,0xEBFFCD00,0xEBFFCD00,0xEBFFCD00,
0xEBFFCD00,0x8DFFCD00,0x00FFCD00,0x00FFCD00,0x00FFCD00,0x00FFCD00,0x00FFCD00,0x00FFCD00,0x00FFCD00,0x00FFCD00,0x00FFCD00,0x00FFCD00,
0x00FFCD00,0x00FFCD00,0x00FFCD00,0x00FFCD00,0x00FFCD00,0x00FFCD00,0x00FFCD00,0x00FFCD00,0x00FFCD00,0x00FFCD00,0x23FFCD00,0xEBFFCD00,
0xEBFFCD00,0xEBFFCD00,0xEBFFCD00,0xEBFFCD00,0xA9FFCD00,0x00FFCD00,0x00FFCD00,0x00FFCD00,0x00FFCD00,0x00FFCD00,0x00FFCD00,0x00FFCD00,
0x00FFCD00,0x00FFCD00,0x00FFCD00,0x00FFCD00,0x00FFCD00,0x00FFCD00,0x00FFCD00,0x00FFCD00,0x00FFCD00,0x00FFCD00,0x00FFCD00,0x00FFCD00,
0x00FFCD00,0x00FFCD00,0x00FFCD00,0x00FFCD00,0x00FFCD00,0x00FFCD00,0x00FFCD00,0x00FFCD00,0x00FFCD00,0x00FFCD00,0x00FFCD00,0x00FFCD00,
0x00FFCD00,0x00FFCD00,0x00FFCD00,0x00FFCD00,0x00FFCD00,0x00FFCD00,0x00FFCD00,0xA9FFCD00,0xEBFFCD00,0xEBFFCD00,0xEBFFCD00,0xEBFFCD00,
0xEBFFCD00,0x23FFCD00,0x00FFCD00,0x00FFCD00,0x00FFCD00,0x00FFCD00,0x00FFCD00,0x00FFCD00,0x00FFCD00,0x00FFCD00,0x00FFCD00,0x00FFCD00,
0x00FFCD00,0x00FFCD00,0x00FFCD00,0x00FFCD00,0x00FFCD00,0x00FFCD00,0x00FFCD00,0x00FFCD00,0x00FFCD00,0x00FFCD00,0x00FFCD00,0x7DFFCD00,
0xEBFFCD00,0xEBFFCD00,0xEBFFCD00,0xEBFFCD00,0xEBFFCD00,0x77FFCD00,0x00FFCD00,0x00FFCD00,0x00FFCD00,0x00FFCD00,0x00FFCD00,0x00FFCD00,
0x00FFCD00,0x00FFCD00,0x00FFCD00,0x00FFCD00,0x00FFCD00,0x00FFCD00,0x00FFCD00,0x00FFCD00,0x00FFCD00,0x00FFCD00,0x00FFCD00,0x00FFCD00,
0x00FFCD00,0x00FFCD00,0x00FFCD00,0x00FFCD00,0x00FFCD00,0x00FFCD00,0x00FFCD00,0x00FFCD00,0x00FFCD00,0x00FFCD00,0x00FFCD00,0x00FFCD00,
0x00FFCD00,0x00FFCD00,0x00FFCD00,0x00FFCD00,0x00FFCD00,0x00FFCD00,0x77FFCD00,0xEBFFCD00,0xEBFFCD00,0xEBFFCD00,0xEBFFCD00,0xEBFFCD00,
0x7DFFCD00,0x00FFCD00,0x00FFCD00,0x00FFCD00,0x00FFCD00,0x00FFCD00,0x00FFCD00,0x00FFCD00,0x00FFCD00,0x00FFCD00,0x00FFCD00,0x00FFCD00,
0x00FFCD00,0x00FFCD00,0x00FFCD00,0x00FFCD00,0x00FFCD00,0x00FFCD00,0x00FFCD00,0x00FFCD00,0x00FFCD00,0x00FFCD00,0x00FFCD00,0x02FFCD00,
0xC7FFCD00,0xEBFFCD00,0xEBFFCD00,0xEBFFCD00,0xEBFFCD00,0xEBFFCD00,0x59FFCD00,0x00FFCD00,0x00FFCD00,0x00FFCD00,0x00FFCD00,0x00FFCD00,
0x00FFCD00,0x00FFCD00,0x00FFCD00,0x00FFCD00,0x00FFCD00,0x00FFCD00,0x00FFCD00,0x00FFCD00,0x00FFCD00,0x00FFCD00,0x00FFCD00,0x00FFCD00,
0x00FFCD00,0x00FFCD00,0x00FFCD00,0x00FFCD00,0x00FFCD00,0x00FFCD00,0x00FFCD00,0x00FFCD00,0x00FFCD00,0x00FFCD00,0x00FFCD00,0x00FFCD00,
0x00FFCD00,0x00FFCD00,0x00FFCD00,0x00FFCD00,0x00FFCD00,0x59FFCD00,0xEBFFCD00,0xEBFFCD00,0xEBFFCD00,0xEBFFCD00,0xEBFFCD00,0xC7FFCD00,
0x02FFCD00,0x00FFCD00,0x00FFCD00,0x00FFCD00,0x00FFCD00,0x00FFCD00,0x00FFCD00,0x00FFCD00,0x00FFCD00,0x00FFCD00,0x00FFCD00,0x00FFCD00,
0x00FFCD00,0x00FFCD00,0x00FFCD00,0x00FFCD00,0x00FFCD00,0x00FFCD00,0x00FFCD00,0x00FFCD00,0x00FFCD00,0x00FFCD00,0x00FFCD00,0x00FFCD00,
0x43FFCD00,0xEBFFCD00,0xEBFFCD00,0xEBFFCD00,0xEBFFCD00,0xEBFFCD00,0xEBFFCD00,0x4FFFCD00,0x00FFCD00,0x00FFCD00,0x00FFCD00,0x00FFCD00,
0x00FFCD00,0x00FFCD00,0x00FFCD00,0x00FFCD00,0x00FFCD00,0x00FFCD00,0x00FFCD00,0x00FFCD00,0x00FFCD00,0x00FFCD00,0x00FFCD00,0x00FFCD00,
0x00FFCD00,0x00FFCD00,0x00FFCD00,0x00FFCD00,0x00FFCD00,0x00FFCD00,0x00FFCD00,0x00FFCD00,0x00FFCD00,0x00FFCD00,0x00FFCD00,0x00FFCD00,
0x00FFCD00,0x00FFCD00,0x00FFCD00,0x00FFCD00,0x4FFFCD00,0xEBFFCD00,0xEBFFCD00,0xEBFFCD00,0xEBFFCD00,0xEBFFCD00,0xEBFFCD00,0x43FFCD00,
0x00FFCD00,0x00FFCD00,0x00FFCD00,0x00FFCD00,0x00FFCD00,0x00FFCD00,0x00FFCD00,0x00FFCD00,0x00FFCD00,0x00FFCD00,0x00FFCD00,0x00FFCD00,
0x00FFCD00,0x00FFCD00,0x00FFCD00,0x00FFCD00,0x00FFCD00,0x00FFCD00,0x00FFCD00,0x00FFCD00,0x00FFCD00,0x00FFCD00,0x00FFCD00,0x00FFCD00,
0x00FFCD00,0x74FFCD00,0xEBFFCD00,0xEBFFCD00,0xEBFFCD00,0xEBFFCD00,0xEBFFCD00,0xEBFFCD00,0x59FFCD00,0x00FFCD00,0x00FFCD00,0x00FFCD00,
0x00FFCD00,0x00FFCD00,0x00FFCD00,0x00FFCD00,0x00FFCD00,0x00FFCD00,0x00FFCD00,0x00FFCD00,0x00FFCD00,0x00FFCD00,0x00FFCD00,0x00FFCD00,
0x00FFCD00,0x00FFCD00,0x00FFCD00,0x00FFCD00,0x00FFCD00,0x00FFCD00,0x00FFCD00,0x00FFCD00,0x00FFCD00,0x00FFCD00,0x00FFCD00,0x00FFCD00,
0x00FFCD00,0x00FFCD00,0x00FFCD00,0x59FFCD00,0xEBFFCD00,0xEBFFCD00,0xEBFFCD00,0xEBFFCD00,0xEBFFCD00,0xEBFFCD00,0x74FFCD00,0x00FFCD00,
0x00FFCD00,0x00FFCD00,0x00FFCD00,0x00FFCD00,0x00FFCD00,0x00FFCD00,0x00FFCD00,0x00FFCD00,0x00FFCD00,0x00FFCD00,0x00FFCD00,0x00FFCD00,
0x00FFCD00,0x00FFCD00,0x00FFCD00,0x00FFCD00,0x00FFCD00,0x00FFCD00,0x00FFCD00,0x00FFCD00,0x00FFCD00,0x00FFCD00,0x00FFCD00,0x00FFCD00,
0x00FFCD00,0x00FFCD00,0x96FFCD00,0xEBFFCD00,0xEBFFCD00,0xEBFFCD00,0xEBFFCD00,0xEBFFCD00,0xEBFFCD00,0x77FFCD00,0x00FFCD00,0x00FFCD00,
0x00FFCD00,0x00FFCD00,0x00FFCD00,0x00FFCD00,0x00FFCD00,0x00FFCD00,0x00FFCD00,0x00FFCD00,0x00FFCD00,0x00FFCD00,0x00FFCD00,0x00FFCD00,
0x00FFCD00,0x00FFCD00,0x00FFCD00,0x00FFCD00,0x00FFCD00,0x00FFCD00,0x00FFCD00,0x00FFCD00,0x00FFCD00,0x00FFCD00,0x00FFCD00,0x00FFCD00,
0x00FFCD00,0x00FFCD00,0x77FFCD00,0xEBFFCD00,0xEBFFCD00,0xEBFFCD00,0xEBFFCD00,0xEBFFCD00,0xEBFFCD00,0x96FFCD00,0x00FFCD00,0x00FFCD00,
0x00FFCD00,0x00FFCD00,0x00FFCD00,0x00FFCD00,0x00FFCD00,0x00FFCD00,0x00FFCD00,0x00FFCD00,0x00FFCD00,0x00FFCD00,0x00FFCD00,0x00FFCD00,
0x00FFCD00,0x00FFCD00,0x00FFCD00,0x00FFCD00,0x00FFCD00,0x00FFCD00,0x00FFCD00,0x00FFCD00,0x00FFCD00,0x00FFCD00,0x00FFCD00,0x00FFCD00,
0x00FFCD00,0x00FFCD00,0x00FFCD00,0xA6FFCD00,0xEBFFCD00,0xEBFFCD00,0xEBFFCD00,0xEBFFCD00,0xEBFFCD00,0xEBFFCD00,0xA9FFCD00,0x26FFCD00,
0x00FFCD00,0x00FFCD00,0x00FFCD00,0x00FFCD00,0x00FFCD00,0x00FFCD00,0x00FFCD00,0x00FFCD00,0x00FFCD00,0x00FFCD00,0x00FFCD00,0x00FFCD00,
0x00FFCD00,0x00FFCD00,0x00FFCD00,0x00FFCD00,0x00FFCD00,0x00FFCD00,0x00FFCD00,0x00FFCD00,0x00FFCD00,0x00FFCD00,0x00FFCD00,0x00FFCD00,
0x26FFCD00,0xA9FFCD00,0xEBFFCD00,0xEBFFCD00,0xEBFFCD00,0xEBFFCD00,0xEBFFCD00,0xEBFFCD00,0xA6FFCD00,0x00FFCD00,0x00FFCD00,0x00FFCD00,
0x00FFCD00,0x00FFCD00,0x00FFCD00,0x00FFCD00,0x00FFCD00,0x00FFCD00,0x00FFCD00,0x00FFCD00,0x00FFCD00,0x00FFCD00,0x00FFCD00,0x00FFCD00,
0x00FFCD00,0x00FFCD00,0x00FFCD00,0x00FFCD00,0x00FFCD00,0x00FFCD00,0x00FFCD00,0x00FFCD00,0x00FFCD00,0x00FFCD00,0x00FFCD00,0x00FFCD00,
0x00FFCD00,0x00FFCD00,0x00FFCD00,0x02FFCD00,0xA6FFCD00,0xEBFFCD00,0xEBFFCD00,0xEBFFCD00,0xEBFFCD00,0xEBFFCD00,0xEBFFCD00,0xEBFFCD00,
0x77FFCD00,0x08FFCD00,0x00FFCD00,0x00FFCD00,0x00FFCD00,0x00FFCD00,0x00FFCD00,0x00FFCD00,0x00FFCD00,0x00FFCD00,0x00FFCD00,0x00FFCD00,
0x00FFCD00,0x00FFCD00,0x00FFCD00,0x00FFCD00,0x00FFCD00,0x00FFCD00,0x00FFCD00,0x00FFCD00,0x00FFCD00,0x00FFCD00,0x08FFCD00,0x77FFCD00,
0xEBFFCD00,0xEBFFCD00,0xEBFFCD00,0xEBFFCD00,0xEBFFCD00,0xEBFFCD00,0xEBFFCD00,0xA6FFCD00,0x02FFCD00,0x00FFCD00,0x00FFCD00,0x00FFCD00,
0x00FFCD00,0x00FFCD00,0x00FFCD00,0x00FFCD00,0x00FFCD00,0x00FFCD00,0x00FFCD00,0x00FFCD00,0x00FFCD00,0x00FFCD00,0x00FFCD00,0x00FFCD00,
0x00FFCD00,0x00FFCD00,0x00FFCD00,0x00FFCD00,0x00FFCD00,0x00FFCD00,0x00FFCD00,0x00FFCD00,0x00FFCD00,0x00FFCD00,0x00FFCD00,0x00FFCD00,
0x00FFCD00,0x00FFCD00,0x00FFCD00,0x00FFCD00,0x00FFCD00,0x96FFCD00,0xEBFFCD00,0xEBFFCD00,0xEBFFCD00,0xEBFFCD00,0xEBFFCD00,0xEBFFCD00,
0xEBFFCD00,0xDAFFCD00,0x77FFCD00,0x1CFFCD00,0x00FFCD00,0x00FFCD00,0x00FFCD00,0x00FFCD00,0x00FFCD00,0x00FFCD00,0x00FFCD00,0x00FFCD00,
0x00FFCD00,0x00FFCD00,0x00FFCD00,0x00FFCD00,0x00FFCD00,0x00FFCD00,0x00FFCD00,0x00FFCD00,0x1CFFCD00,0x77FFCD00,0xDAFFCD00,0xEBFFCD00,
0xEBFFCD00,0xEBFFCD00,0xEBFFCD00,0xEBFFCD00,0xEBFFCD00,0xEBFFCD00,0x96FFCD00,0x00FFCD00,0x00FFCD00,0x00FFCD00,0x00FFCD00,0x00FFCD00,
0x00FFCD00,0x00FFCD00,0x00FFCD00,0x00FFCD00,0x00FFCD00,0x00FFCD00,0x00FFCD00,0x00FFCD00,0x00FFCD00,0x00FFCD00,0x00FFCD00,0x00FFCD00,
0x00FFCD00,0x00FFCD00,0x00FFCD00,0x00FFCD00,0x00FFCD00,0x00FFCD00,0x00FFCD00,0x00FFCD00,0x00FFCD00,0x00FFCD00,0x00FFCD00,0x00FFCD00,
0x00FFCD00,0x00FFCD00,0x00FFCD00,0x00FFCD00,0x00FFCD00,0x00FFCD00,0x74FFCD00,0xEBFFCD00,0xEBFFCD00,0xEBFFCD00,0xEBFFCD00,0xEBFFCD00,
0xEBFFCD00,0xEBFFCD00,0xEBFFCD00,0xEBFFCD00,0xA9FFCD00,0x63FFCD00,0x26FFCD00,0x00FFCD00,0x00FFCD00,0x00FFCD00,0x00FFCD00,0x00FFCD00,
0x00FFCD00,0x00FFCD00,0x00FFCD00,0x00FFCD00,0x00FFCD00,0x26FFCD00,0x63FFCD00,0xA9FFCD00,0xEBFFCD00,0xEBFFCD00,0xEBFFCD00,0xEBFFCD00,
0xEBFFCD00,0xEBFFCD00,0xEBFFCD00,0xEBFFCD00,0xEBFFCD00,0x74FFCD00,0x00FFCD00,0x00FFCD00,0x00FFCD00,0x00FFCD00,0x00FFCD00,0x00FFCD00,
0x00FFCD00,0x00FFCD00,0x00FFCD00,0x00FFCD00,0x00FFCD00,0x00FFCD00,0x00FFCD00,0x00FFCD00,0x00FFCD00,0x00FFCD00,0x00FFCD00,0x00FFCD00,
0x00FFCD00,0x00FFCD00,0x00FFCD00,0x00FFCD00,0x00FFCD00,0x00FFCD00,0x00FFCD00,0x00FFCD00,0x00FFCD00,0x00FFCD00,0x00FFCD00,0x00FFCD00,
0x00FFCD00,0x00FFCD00,0x00FFCD00,0x00FFCD00,0x00FFCD00,0x00FFCD00,0x00FFCD00,0x43FFCD00,0xC7FFCD00,0xEBFFCD00,0xEBFFCD00,0xEBFFCD00,
0xEBFFCD00,0xEBFFCD00,0xEBFFCD00,0xEBFFCD00,0xEBFFCD00,0xEBFFCD00,0xEBFFCD00,0xDAFFCD00,0xB2FFCD00,0x95FFCD00,0x81FFCD00,0x77FFCD00,
0x77FFCD00,0x81FFCD00,0x95FFCD00,0xB2FFCD00,0xDAFFCD00,0xEBFFCD00,0xEBFFCD00,0xEBFFCD00,0xEBFFCD00,0xEBFFCD00,0xEBFFCD00,0xEBFFCD00,
0xEBFFCD00,0xEBFFCD00,0xEBFFCD00,0xC7FFCD00,0x43FFCD00,0x00FFCD00,0x00FFCD00,0x00FFCD00,0x00FFCD00,0x00FFCD00,0x00FFCD00,0x00FFCD00,
0x00FFCD00,0x00FFCD00,0x00FFCD00,0x00FFCD00,0x00FFCD00,0x00FFCD00,0x00FFCD00,0x00FFCD00,0x00FFCD00,0x00FFCD00,0x00FFCD00,0x00FFCD00,
0x00FFCD00,0x00FFCD00,0x00FFCD00,0x00FFCD00,0x00FFCD00,0x00FFCD00,0x00FFCD00,0x00FFCD00,0x00FFCD00,0x00FFCD00,0x00FFCD00,0x00FFCD00,
0x00FFCD00,0x00FFCD00,0x00FFCD00,0x00FFCD00,0x00FFCD00,0x00FFCD00,0x00FFCD00,0x00FFCD00,0x02FFCD00,0x7DFFCD00,0xEBFFCD00,0xEBFFCD00,
0xEBFFCD00,0xEBFFCD00,0xEBFFCD00,0xEBFFCD00,0xEBFFCD00,0xEBFFCD00,0xEBFFCD00,0xEBFFCD00,0xEBFFCD00,0xEBFFCD00,0xEBFFCD00,0xEBFFCD00,
0xEBFFCD00,0xEBFFCD00,0xEBFFCD00,0xEBFFCD00,0xEBFFCD00,0xEBFFCD00,0xEBFFCD00,0xEBFFCD00,0xEBFFCD00,0xEBFFCD00,0xEBFFCD00,0xEBFFCD00,
0xEBFFCD00,0xEBFFCD00,0x7DFFCD00,0x02FFCD00,0x00FFCD00,0x00FFCD00,0x00FFCD00,0x00FFCD00,0x00FFCD00,0x00FFCD00,0x00FFCD00,0x00FFCD00,
0x00FFCD00,0x00FFCD00,0x00FFCD00,0x00FFCD00,0x00FFCD00,0x00FFCD00,0x00FFCD00,0x00FFCD00,0x00FFCD00,0x00FFCD00,0x00FFCD00,0x00FFCD00,
0x00FFCD00,0x00FFCD00,0x00FFCD00,0x00FFCD00,0x00FFCD00,0x00FFCD00,0x00FFCD00,0x00FFCD00,0x00FFCD00,0x00FFCD00,0x00FFCD00,0x00FFCD00,
0x00FFCD00,0x00FFCD00,0x00FFCD00,0x00FFCD00,0x00FFCD00,0x00FFCD00,0x00FFCD00,0x00FFCD00,0x00FFCD00,0x00FFCD00,0x23FFCD00,0x8DFFCD00,
0xEBFFCD00,0xEBFFCD00,0xEBFFCD00,0xEBFFCD00,0xEBFFCD00,0xEBFFCD00,0xEBFFCD00,0xEBFFCD00,0xEBFFCD00,0xEBFFCD00,0xEBFFCD00,0xEBFFCD00,
0xEBFFCD00,0xEBFFCD00,0xEBFFCD00,0xEBFFCD00,0xEBFFCD00,0xEBFFCD00,0xEBFFCD00,0xEBFFCD00,0xEBFFCD00,0xEBFFCD00,0xEBFFCD00,0xEBFFCD00,
0x8DFFCD00,0x23FFCD00,0x00FFCD00,0x00FFCD00,0x00FFCD00,0x00FFCD00,0x00FFCD00,0x00FFCD00,0x00FFCD00,0x00FFCD00,0x00FFCD00,0x00FFCD00,
0x00FFCD00,0x00FFCD00,0x00FFCD00,0x00FFCD00,0x00FFCD00,0x00FFCD00,0x00FFCD00,0x00FFCD00,0x00FFCD00,0x00FFCD00,0x00FFCD00,0x00FFCD00,
0x00FFCD00,0x00FFCD00,0x00FFCD00,0x00FFCD00,0x00FFCD00,0x00FFCD00,0x00FFCD00,0x00FFCD00,0x00FFCD00,0x00FFCD00,0x00FFCD00,0x00FFCD00,
0x00FFCD00,0x00FFCD00,0x00FFCD00,0x00FFCD00,0x00FFCD00,0x00FFCD00,0x00FFCD00,0x00FFCD00,0x00FFCD00,0x00FFCD00,0x00FFCD00,0x00FFCD00,
0x1AFFCD00,0x74FFCD00,0xC7FFCD00,0xEBFFCD00,0xEBFFCD00,0xEBFFCD00,0xEBFFCD00,0xEBFFCD00,0xEBFFCD00,0xEBFFCD00,0xEBFFCD00,0xEBFFCD00,
0xEBFFCD00,0xEBFFCD00,0xEBFFCD00,0xEBFFCD00,0xEBFFCD00,0xEBFFCD00,0xEBFFCD00,0xEBFFCD00,0xEBFFCD00,0xC7FFCD00,0x74FFCD00,0x1AFFCD00,
0x00FFCD00,0x00FFCD00,0x00FFCD00,0x00FFCD00,0x00FFCD00,0x00FFCD00,0x00FFCD00,0x00FFCD00,0x00FFCD00,0x00FFCD00,0x00FFCD00,0x00FFCD00,
0x00FFCD00,0x00FFCD00,0x00FFCD00,0x00FFCD00,0x00FFCD00,0x00FFCD00,0x00FFCD00,0x00FFCD00,0x00FFCD00,0x00FFCD00,0x00FFCD00,0x00FFCD00,
0x00FFCD00,0x00FFCD00,0x00FFCD00,0x00FFCD00,0x00FFCD00,0x00FFCD00,0x00FFCD00,0x00FFCD00,0x00FFCD00,0x00FFCD00,0x00FFCD00,0x00FFCD00,
0x00FFCD00,0x00FFCD00,0x00FFCD00,0x00FFCD00,0x00FFCD00,0x00FFCD00,0x00FFCD00,0x00FFCD00,0x00FFCD00,0x00FFCD00,0x00FFCD00,0x00FFCD00,
0x00FFCD00,0x00FFCD00,0x00FFCD00,0x33FFCD00,0x74FFCD00,0xAEFFCD00,0xE1FFCD00,0xEBFFCD00,0xEBFFCD00,0xEBFFCD00,0xEBFFCD00,0xEBFFCD00,
0xEBFFCD00,0xEBFFCD00,0xEBFFCD00,0xEBFFCD00,0xEBFFCD00,0xE1FFCD00,0xAEFFCD00,0x74FFCD00,0x33FFCD00,0x00FFCD00,0x00FFCD00,0x00FFCD00,
0x00FFCD00,0x00FFCD00,0x00FFCD00,0x00FFCD00,0x00FFCD00,0x00FFCD00,0x00FFCD00,0x00FFCD00,0x00FFCD00,0x00FFCD00,0x00FFCD00,0x00FFCD00,
0x00FFCD00,0x00FFCD00,0x00FFCD00,0x00FFCD00,0x00FFCD00,0x00FFCD00,0x00FFCD00,0x00FFCD00,0x00FFCD00,0x00FFCD00,0x00FFCD00,0x00FFCD00,
0x00FFCD00,0x00FFCD00,0x00FFCD00,0x00FFCD00,0x00FFCD00,0x00FFCD00,0x00FFCD00,0x00FFCD00,0x00FFCD00,0x00FFCD00,0x00FFCD00,0x00FFCD00,
0x00FFCD00,0x00FFCD00,0x00FFCD00,0x00FFCD00,0x00FFCD00,0x00FFCD00,0x00FFCD00,0x00FFCD00,0x00FFCD00,0x00FFCD00,0x00FFCD00,0x00FFCD00,
0x00FFCD00,0x00FFCD00,0x00FFCD00,0x00FFCD00,0x00FFCD00,0x00FFCD00,0x00FFCD00,0x23FFCD00,0x43FFCD00,0x5CFFCD00,0x6CFFCD00,0x74FFCD00,
0x74FFCD00,0x6CFFCD00,0x5CFFCD00,0x43FFCD00,0x23FFCD00,0x00FFCD00,0x00FFCD00,0x00FFCD00,0x00FFCD00,0x00FFCD00,0x00FFCD00,0x00FFCD00,
0x00FFCD00,0x00FFCD00,0x00FFCD00,0x00FFCD00,0x00FFCD00,0x00FFCD00,0x00FFCD00,0x00FFCD00,0x00FFCD00,0x00FFCD00,0x00FFCD00,0x00FFCD00,
0x00FFCD00,0x00FFCD00,0x00FFCD00,0x00FFCD00,0x00FFCD00,0x00FFCD00,0x00FFCD00,0x00FFCD00,0x00FFCD00,0x00FFCD00,0x00FFCD00,0x00FFCD00,
0x00FFCD00,0x00FFCD00,0x00FFCD00,0x00FFCD00,0x00FFCD00,0x00FFCD00,0x00FFCD00,0x00FFCD00,0x00FFCD00,0x00FFCD00,0x00FFCD00,0x00FFCD00,
0x00FFCD00,0x00FFCD00,0x00FFCD00,0x00FFCD00,0x00FFCD00,0x00FFCD00,0x00FFCD00,0x00FFCD00,0x00FFCD00,0x00FFCD00,0x00FFCD00,0x00FFCD00,
0x00FFCD00,0x00FFCD00,0x00FFCD00,0x00FFCD00,0x00FFCD00,0x00FFCD00,0x00FFCD00,0x00FFCD00,0x00FFCD00,0x00FFCD00,0x00FFCD00,0x00FFCD00,
0x00FFCD00,0x00FFCD00,0x00FFCD00,0x00FFCD00,0x00FFCD00,0x00FFCD00,0x00FFCD00,0x00FFCD00,0x00FFCD00,0x00FFCD00,0x00FFCD00,0x00FFCD00,
0x00FFCD00,0x00FFCD00,0x00FFCD00,0x00FFCD00,0x00FFCD00,0x00FFCD00,0x00FFCD00,0x00FFCD00,0x00FFCD00,0x00FFCD00,0x00FFCD00,0x00FFCD00,
0x00FFCD00,0x00FFCD00,0x00FFCD00,0x00FFCD00,0x00FFCD00,0x00FFCD00,0x00FFCD00,0x00FFCD00,0x00FFCD00,0x00FFCD00,0x00FFCD00,0x00FFCD00,
0x00FFCD00,0x00FFCD00,0x00FFCD00,0x00FFCD00,0x00FFCD00,0x00FFCD00,0x00FFCD00,0x00FFCD00,0x00FFCD00,0x00FFCD00,0x00FFCD00,0x00FFCD00,
0x00FFCD00,0x00FFCD00,0x00FFCD00,0x00FFCD00,0x00FFCD00,0x00FFCD00,0x00FFCD00,0x00FFCD00,0x00FFCD00,0x00FFCD00,0x00FFCD00,0x00FFCD00,
0x00FFCD00,0x00FFCD00,0x00FFCD00,0x00FFCD00,0x00FFCD00,0x00FFCD00,0x00FFCD00,0x00FFCD00,0x00FFCD00,0x00FFCD00,0x00FFCD00,0x00FFCD00,
0x00FFCD00,0x00FFCD00,0x00FFCD00,0x00FFCD00,0x00FFCD00,0x00FFCD00,0x00FFCD00,0x00FFCD00,0x00FFCD00,0x00FFCD00,0x00FFCD00,0x00FFCD00,
0x00FFCD00,0x00FFCD00,0x00FFCD00,0x00FFCD00,0x00FFCD00,0x00FFCD00,0x00FFCD00,0x00FFCD00,0x00FFCD00,0x00FFCD00,0x00FFCD00,0x00FFCD00,
0x00FFCD00,0x00FFCD00,0x00FFCD00,0x00FFCD00,0x00FFCD00,0x00FFCD00,0x00FFCD00,0x00FFCD00,0x00FFCD00,0x00FFCD00,0x00FFCD00,0x00FFCD00,
0x00FFCD00,0x00FFCD00,0x00FFCD00,0x00FFCD00,0x00FFCD00,0x00FFCD00,0x00FFCD00,0x00FFCD00,0x00FFCD00,0x00FFCD00,0x00FFCD00,0x00FFCD00,
0x00FFCD00,0x00FFCD00,0x00FFCD00,0x00FFCD00,0x00FFCD00,0x00FFCD00,0x00FFCD00,0x00FFCD00,0x00FFCD00,0x00FFCD00,0x00FFCD00,0x00FFCD00,
0x00FFCD00,0x00FFCD00,0x00FFCD00,0x00FFCD00,0x00FFCD00,0x00FFCD00,0x00FFCD00,0x00FFCD00,0x00FFCD00,0x00FFCD00,0x00FFCD00,0x00FFCD00,
0x00FFCD00,0x00FFCD00,0x00FFCD00,0x00FFCD00,0x00FFCD00,0x00FFCD00,0x00FFCD00,0x00FFCD00,0x00FFCD00,0x00FFCD00,0x00FFCD00,0x00FFCD00,
0x00FFCD00,0x00FFCD00,0x00FFCD00,0x00FFCD00,0x00FFCD00,0x00FFCD00,0x00FFCD00,0x00FFCD00,0x00FFCD00,0x00FFCD00,0x00FFCD00,0x00FFCD00,
0x00FFCD00,0x00FFCD00,0x00FFCD00,0x00FFCD00,0x00FFCD00,0x00FFCD00,0x00FFCD00,0x00FFCD00,0x00FFCD00,0x00FFCD00,0x00FFCD00,0x00FFCD00,
0x00FFCD00,0x00FFCD00,0x00FFCD00,0x00FFCD00,0x00FFCD00,0x00FFCD00,0x00FFCD00,0x00FFCD00,0x00FFCD00,0x00FFCD00,0x00FFCD00,0x00FFCD00,
0x00FFCD00,0x00FFCD00,0x00FFCD00,0x00FFCD00,0x00FFCD00,0x00FFCD00,0x00FFCD00,0x00FFCD00,0x00FFCD00,0x00FFCD00,0x00FFCD00,0x00FFCD00,
0x00FFCD00,0x00FFCD00,0x00FFCD00,0x00FFCD00,0x00FFCD00,0x00FFCD00,0x00FFCD00,0x00FFCD00,0x00FFCD00,0x00FFCD00,0x00FFCD00,0x00FFCD00,
0x00FFCD00,0x00FFCD00,0x00FFCD00,0x00FFCD00,0x00FFCD00,0x00FFCD00,0x00FFCD00,0x00FFCD00,0x00FFCD00,0x00FFCD00,0x00FFCD00,0x00FFCD00,
0x00FFCD00,0x00FFCD00,0x00FFCD00,0x00FFCD00,0x00FFCD00,0x00FFCD00,0x00FFCD00,0x00FFCD00,0x00FFCD00,0x00FFCD00,0x00FFCD00,0x00FFCD00,
0x00FFCD00,0x00FFCD00,0x00FFCD00,0x00FFCD00,0x00FFCD00,0x00FFCD00,0x00FFCD00,0x00FFCD00,0x00FFCD00,0x00FFCD00,0x00FFCD00,0x00FFCD00,
0x00FFCD00,0x00FFCD00,0x00FFCD00,0x00FFCD00,0x00FFCD00,0x00FFCD00,0x00FFCD00,0x00FFCD00,0x00FFCD00,0x00FFCD00,0x00FFCD00,0x00FFCD00,
0x00FFCD00,0x00FFCD00,0x00FFCD00,0x00FFCD00,0x00FFCD00,0x00FFCD00,0x00FFCD00,0x00FFCD00,0x00FFCD00,0x00FFCD00,0x00FFCD00,0x00FFCD00,
0x00FFCD00,0x00FFCD00,0x00FFCD00,0x00FFCD00,0x00FFCD00,0x00FFCD00,0x00FFCD00,0x00FFCD00,0x00FFCD00,0x00FFCD00,0x00FFCD00,0x00FFCD00,
0x00FFCD00,0x00FFCD00,0x00FFCD00,0x00FFCD00,0x00FFCD00,0x00FFCD00,0x00FFCD00,0x00FFCD00,0x00FFCD00,0x00FFCD00,0x00FFCD00,0x00FFCD00,
0x00FFCD00,0x00FFCD00,0x00FFCD00,0x00FFCD00,0x00FFCD00,0x00FFCD00,0x00FFCD00,0x00FFCD00,0x00FFCD00,0x00FFCD00,0x00FFCD00,0x00FFCD00,
0x00FFCD00,0x00FFCD00,0x00FFCD00,0x00FFCD00,0x00FFCD00,0x00FFCD00,0x00FFCD00,0x00FFCD00,0x00FFCD00,0x00FFCD00,0x00FFCD00,0x00FFCD00,
0x00FFCD00,0x00FFCD00,0x00FFCD00,0x00FFCD00,0x00FFCD00,0x00FFCD00,0x00FFCD00,0x00FFCD00,0x00FFCD00,0x00FFCD00,0x00FFCD00,0x00FFCD00,
0x00FFCD00,0x00FFCD00,0x00FFCD00,0x00FFCD00,0x00FFCD00,0x00FFCD00,0x00FFCD00,0x00FFCD00,0x00FFCD00,0x00FFCD00,0x00FFCD00,0x00FFCD00,
0x00FFCD00,0x00FFCD00,0x00FFCD00,0x00FFCD00,0x00FFCD00,0x00FFCD00,0x00FFCD00,0x00FFCD00,0x00FFCD00,0x00FFCD00,0x00FFCD00,0x00FFCD00,
0x00FFCD00,0x00FFCD00,0x00FFCD00,0x00FFCD00,0x00FFCD00,0x00FFCD00,0x00FFCD00,0x00FFCD00,0x00FFCD00,0x00FFCD00,0x00FFCD00,0x00FFCD00,
0x00FFCD00,0x00FFCD00,0x00FFCD00,0x00FFCD00,0x00FFCD00,0x00FFCD00,0x00FFCD00,0x00FFCD00,0x00FFCD00,0x00FFCD00,0x00FFCD00,0x00FFCD00,
0x00FFCD00,0x00FFCD00,0x00FFCD00,0x00FFCD00,0x00FFCD00,0x00FFCD00,0x00FFCD00,0x00FFCD00,0x00FFCD00,0x00FFCD00,0x00FFCD00,0x00FFCD00,
0x00FFCD00,0x00FFCD00,0x00FFCD00,0x00FFCD00,0x00FFCD00,0x00FFCD00,0x00FFCD00,0x00FFCD00,0x00FFCD00,0x00FFCD00,0x00FFCD00,0x00FFCD00,
0x00FFCD00,0x00FFCD00,0x00FFCD00,0x00FFCD00,0x00FFCD00,0x00FFCD00,0x00FFCD00,0x00FFCD00,0x00FFCD00,0x00FFCD00,0x00FFCD00,0x00FFCD00,
0x00FFCD00,0x00FFCD00,0x00FFCD00,0x00FFCD00,0x00FFCD00,0x00FFCD00,0x00FFCD00,0x00FFCD00,0x00FFCD00,0x00FFCD00,0x00FFCD00,0x00FFCD00,
0x00FFCD00,0x00FFCD00,0x00FFCD00,0x00FFCD00,0x00FFCD00,0x00FFCD00,0x00FFCD00,0x00FFCD00,0x00FFCD00,0x00FFCD00,0x00FFCD00,0x00FFCD00,
0x00FFCD00,0x00FFCD00,0x00FFCD00,0x00FFCD00,0x00FFCD00,0x00FFCD00,0x00FFCD00,0x00FFCD00,0x00FFCD00,0x00FFCD00,0x00FFCD00,0x00FFCD00,
0x00FFCD00,0x00FFCD00,0x00FFCD00,0x00FFCD00,0x00FFCD00,0x00FFCD00,0x00FFCD00,0x00FFCD00,0x00FFCD00,0x00FFCD00,0x00FFCD00,0x00FFCD00,
};

#define EVO_ICON_FAVORITES_W 72
#define EVO_ICON_FAVORITES_H 72
static const unsigned int EVO_ICON_FAVORITES[5184]={
0x00FFCD00,0x00FFCD00,0x00FFCD00,0x00FFCD00,0x00FFCD00,0x00FFCD00,0x00FFCD00,0x00FFCD00,0x00FFCD00,0x00FFCD00,0x00FFCD00,0x00FFCD00,
0x00FFCD00,0x00FFCD00,0x00FFCD00,0x00FFCD00,0x00FFCD00,0x00FFCD00,0x00FFCD00,0x00FFCD00,0x00FFCD00,0x00FFCD00,0x00FFCD00,0x00FFCD00,
0x00FFCD00,0x00FFCD00,0x00FFCD00,0x00FFCD00,0x00FFCD00,0x00FFCD00,0x00FFCD00,0x00FFCD00,0x00FFCD00,0x00FFCD00,0x00FFCD00,0x00FFCD00,
0x00FFCD00,0x00FFCD00,0x00FFCD00,0x00FFCD00,0x00FFCD00,0x00FFCD00,0x00FFCD00,0x00FFCD00,0x00FFCD00,0x00FFCD00,0x00FFCD00,0x00FFCD00,
0x00FFCD00,0x00FFCD00,0x00FFCD00,0x00FFCD00,0x00FFCD00,0x00FFCD00,0x00FFCD00,0x00FFCD00,0x00FFCD00,0x00FFCD00,0x00FFCD00,0x00FFCD00,
0x00FFCD00,0x00FFCD00,0x00FFCD00,0x00FFCD00,0x00FFCD00,0x00FFCD00,0x00FFCD00,0x00FFCD00,0x00FFCD00,0x00FFCD00,0x00FFCD00,0x00FFCD00,
0x00FFCD00,0x00FFCD00,0x00FFCD00,0x00FFCD00,0x00FFCD00,0x00FFCD00,0x00FFCD00,0x00FFCD00,0x00FFCD00,0x00FFCD00,0x00FFCD00,0x00FFCD00,
0x00FFCD00,0x00FFCD00,0x00FFCD00,0x00FFCD00,0x00FFCD00,0x00FFCD00,0x00FFCD00,0x00FFCD00,0x00FFCD00,0x00FFCD00,0x00FFCD00,0x00FFCD00,
0x00FFCD00,0x00FFCD00,0x00FFCD00,0x00FFCD00,0x00FFCD00,0x00FFCD00,0x00FFCD00,0x00FFCD00,0x00FFCD00,0x00FFCD00,0x00FFCD00,0x00FFCD00,
0x00FFCD00,0x00FFCD00,0x00FFCD00,0x00FFCD00,0x00FFCD00,0x00FFCD00,0x00FFCD00,0x00FFCD00,0x00FFCD00,0x00FFCD00,0x00FFCD00,0x00FFCD00,
0x00FFCD00,0x00FFCD00,0x00FFCD00,0x00FFCD00,0x00FFCD00,0x00FFCD00,0x00FFCD00,0x00FFCD00,0x00FFCD00,0x00FFCD00,0x00FFCD00,0x00FFCD00,
0x00FFCD00,0x00FFCD00,0x00FFCD00,0x00FFCD00,0x00FFCD00,0x00FFCD00,0x00FFCD00,0x00FFCD00,0x00FFCD00,0x00FFCD00,0x00FFCD00,0x00FFCD00,
0x00FFCD00,0x00FFCD00,0x00FFCD00,0x00FFCD00,0x00FFCD00,0x00FFCD00,0x00FFCD00,0x00FFCD00,0x00FFCD00,0x00FFCD00,0x00FFCD00,0x00FFCD00,
0x00FFCD00,0x00FFCD00,0x00FFCD00,0x00FFCD00,0x00FFCD00,0x00FFCD00,0x00FFCD00,0x00FFCD00,0x00FFCD00,0x00FFCD00,0x00FFCD00,0x00FFCD00,
0x00FFCD00,0x00FFCD00,0x00FFCD00,0x00FFCD00,0x00FFCD00,0x00FFCD00,0x00FFCD00,0x00FFCD00,0x00FFCD00,0x00FFCD00,0x00FFCD00,0x00FFCD00,
0x00FFCD00,0x00FFCD00,0x00FFCD00,0x00FFCD00,0x00FFCD00,0x00FFCD00,0x00FFCD00,0x00FFCD00,0x00FFCD00,0x00FFCD00,0x00FFCD00,0x00FFCD00,
0x00FFCD00,0x00FFCD00,0x00FFCD00,0x00FFCD00,0x00FFCD00,0x00FFCD00,0x00FFCD00,0x00FFCD00,0x00FFCD00,0x00FFCD00,0x00FFCD00,0x00FFCD00,
0x00FFCD00,0x00FFCD00,0x00FFCD00,0x00FFCD00,0x00FFCD00,0x00FFCD00,0x00FFCD00,0x00FFCD00,0x00FFCD00,0x00FFCD00,0x00FFCD00,0x00FFCD00,
0x00FFCD00,0x00FFCD00,0x00FFCD00,0x00FFCD00,0x00FFCD00,0x00FFCD00,0x00FFCD00,0x00FFCD00,0x00FFCD00,0x00FFCD00,0x00FFCD00,0x00FFCD00,
0x00FFCD00,0x00FFCD00,0x00FFCD00,0x00FFCD00,0x00FFCD00,0x00FFCD00,0x00FFCD00,0x00FFCD00,0x00FFCD00,0x00FFCD00,0x00FFCD00,0x00FFCD00,
0x00FFCD00,0x00FFCD00,0x00FFCD00,0x00FFCD00,0x00FFCD00,0x00FFCD00,0x00FFCD00,0x00FFCD00,0x00FFCD00,0x00FFCD00,0x00FFCD00,0x00FFCD00,
0x00FFCD00,0x00FFCD00,0x00FFCD00,0x00FFCD00,0x00FFCD00,0x00FFCD00,0x00FFCD00,0x00FFCD00,0x00FFCD00,0x00FFCD00,0x00FFCD00,0x00FFCD00,
0x00FFCD00,0x00FFCD00,0x00FFCD00,0x00FFCD00,0x00FFCD00,0x00FFCD00,0x00FFCD00,0x00FFCD00,0x00FFCD00,0x00FFCD00,0x00FFCD00,0x00FFCD00,
0x00FFCD00,0x00FFCD00,0x00FFCD00,0x00FFCD00,0x00FFCD00,0x00FFCD00,0x00FFCD00,0x00FFCD00,0x00FFCD00,0x00FFCD00,0x00FFCD00,0x00FFCD00,
0x00FFCD00,0x00FFCD00,0x00FFCD00,0x00FFCD00,0x00FFCD00,0x00FFCD00,0x00FFCD00,0x00FFCD00,0x00FFCD00,0x00FFCD00,0x00FFCD00,0x00FFCD00,
0x00FFCD00,0x00FFCD00,0x00FFCD00,0x00FFCD00,0x00FFCD00,0x00FFCD00,0x00FFCD00,0x00FFCD00,0x00FFCD00,0x00FFCD00,0x00FFCD00,0x00FFCD00,
0x00FFCD00,0x00FFCD00,0x00FFCD00,0x00FFCD00,0x00FFCD00,0x00FFCD00,0x00FFCD00,0x00FFCD00,0x00FFCD00,0x00FFCD00,0x00FFCD00,0x00FFCD00,
0x00FFCD00,0x00FFCD00,0x00FFCD00,0x00FFCD00,0x00FFCD00,0x00FFCD00,0x00FFCD00,0x00FFCD00,0x00FFCD00,0x00FFCD00,0x00FFCD00,0x00FFCD00,
0x00FFCD00,0x00FFCD00,0x00FFCD00,0x00FFCD00,0x00FFCD00,0x00FFCD00,0x00FFCD00,0x00FFCD00,0x00FFCD00,0x00FFCD00,0x00FFCD00,0x00FFCD00,
0x00FFCD00,0x00FFCD00,0x00FFCD00,0x00FFCD00,0x00FFCD00,0x00FFCD00,0x00FFCD00,0x00FFCD00,0x00FFCD00,0x00FFCD00,0x00FFCD00,0x00FFCD00,
0x00FFCD00,0x00FFCD00,0x00FFCD00,0x00FFCD00,0x00FFCD00,0x00FFCD00,0x00FFCD00,0x00FFCD00,0x00FFCD00,0x00FFCD00,0x00FFCD00,0x00FFCD00,
0x00FFCD00,0x00FFCD00,0x00FFCD00,0x00FFCD00,0x00FFCD00,0x00FFCD00,0x00FFCD00,0x00FFCD00,0x00FFCD00,0x00FFCD00,0x00FFCD00,0x00FFCD00,
0x00FFCD00,0x00FFCD00,0x00FFCD00,0x00FFCD00,0x00FFCD00,0x00FFCD00,0x00FFCD00,0x00FFCD00,0x00FFCD00,0x00FFCD00,0x00FFCD00,0x00FFCD00,
0x00FFCD00,0x00FFCD00,0x00FFCD00,0x00FFCD00,0x00FFCD00,0x00FFCD00,0x00FFCD00,0x00FFCD00,0x00FFCD00,0x00FFCD00,0x00FFCD00,0x00FFCD00,
0x00FFCD00,0x00FFCD00,0x00FFCD00,0x00FFCD00,0x00FFCD00,0x00FFCD00,0x00FFCD00,0x00FFCD00,0x00FFCD00,0x00FFCD00,0x00FFCD00,0x00FFCD00,
0x00FFCD00,0x00FFCD00,0x00FFCD00,0x00FFCD00,0x00FFCD00,0x00FFCD00,0x00FFCD00,0x00FFCD00,0x00FFCD00,0x00FFCD00,0x00FFCD00,0x00FFCD00,
0x00FFCD00,0x00FFCD00,0x00FFCD00,0x00FFCD00,0x00FFCD00,0x00FFCD00,0x00FFCD00,0x00FFCD00,0x00FFCD00,0x00FFCD00,0x00FFCD00,0x00FFCD00,
0x00FFCD00,0x00FFCD00,0x00FFCD00,0x00FFCD00,0x00FFCD00,0x00FFCD00,0x00FFCD00,0x00FFCD00,0x00FFCD00,0x00FFCD00,0x00FFCD00,0x00FFCD00,
0x00FFCD00,0x00FFCD00,0x00FFCD00,0x00FFCD00,0x00FFCD00,0x00FFCD00,0x00FFCD00,0x00FFCD00,0x00FFCD00,0x00FFCD00,0x14FFCD00,0x6AFFCD00,
0x6AFFCD00,0x14FFCD00,0x00FFCD00,0x00FFCD00,0x00FFCD00,0x00FFCD00,0x00FFCD00,0x00FFCD00,0x00FFCD00,0x00FFCD00,0x00FFCD00,0x00FFCD00,
0x00FFCD00,0x00FFCD00,0x00FFCD00,0x00FFCD00,0x00FFCD00,0x00FFCD00,0x00FFCD00,0x00FFCD00,0x00FFCD00,0x00FFCD00,0x00FFCD00,0x00FFCD00,
0x00FFCD00,0x00FFCD00,0x00FFCD00,0x00FFCD00,0x00FFCD00,0x00FFCD00,0x00FFCD00,0x00FFCD00,0x00FFCD00,0x00FFCD00,0x00FFCD00,0x00FFCD00,
0x00FFCD00,0x00FFCD00,0x00FFCD00,0x00FFCD00,0x00FFCD00,0x00FFCD00,0x00FFCD00,0x00FFCD00,0x00FFCD00,0x00FFCD00,0x00FFCD00,0x00FFCD00,
0x00FFCD00,0x00FFCD00,0x00FFCD00,0x00FFCD00,0x00FFCD00,0x00FFCD00,0x00FFCD00,0x00FFCD00,0x00FFCD00,0x00FFCD00,0x00FFCD00,0x00FFCD00,
0x00FFCD00,0x00FFCD00,0x00FFCD00,0x00FFCD00,0x00FFCD00,0x00FFCD00,0x00FFCD00,0x00FFCD00,0x00FFCD00,0x14FFCD00,0xCEFFCD00,0xEBFFCD00,
0xEBFFCD00,0xCEFFCD00,0x14FFCD00,0x00FFCD00,0x00FFCD00,0x00FFCD00,0x00FFCD00,0x00FFCD00,0x00FFCD00,0x00FFCD00,0x00FFCD00,0x00FFCD00,
0x00FFCD00,0x00FFCD00,0x00FFCD00,0x00FFCD00,0x00FFCD00,0x00FFCD00,0x00FFCD00,0x00FFCD00,0x00FFCD00,0x00FFCD00,0x00FFCD00,0x00FFCD00,
0x00FFCD00,0x00FFCD00,0x00FFCD00,0x00FFCD00,0x00FFCD00,0x00FFCD00,0x00FFCD00,0x00FFCD00,0x00FFCD00,0x00FFCD00,0x00FFCD00,0x00FFCD00,
0x00FFCD00,0x00FFCD00,0x00FFCD00,0x00FFCD00,0x00FFCD00,0x00FFCD00,0x00FFCD00,0x00FFCD00,0x00FFCD00,0x00FFCD00,0x00FFCD00,0x00FFCD00,
0x00FFCD00,0x00FFCD00,0x00FFCD00,0x00FFCD00,0x00FFCD00,0x00FFCD00,0x00FFCD00,0x00FFCD00,0x00FFCD00,0x00FFCD00,0x00FFCD00,0x00FFCD00,
0x00FFCD00,0x00FFCD00,0x00FFCD00,0x00FFCD00,0x00FFCD00,0x00FFCD00,0x00FFCD00,0x00FFCD00,0x00FFCD00,0x72FFCD00,0xEBFFCD00,0xEBFFCD00,
0xEBFFCD00,0xEBFFCD00,0x72FFCD00,0x00FFCD00,0x00FFCD00,0x00FFCD00,0x00FFCD00,0x00FFCD00,0x00FFCD00,0x00FFCD00,0x00FFCD00,0x00FFCD00,
0x00FFCD00,0x00FFCD00,0x00FFCD00,0x00FFCD00,0x00FFCD00,0x00FFCD00,0x00FFCD00,0x00FFCD00,0x00FFCD00,0x00FFCD00,0x00FFCD00,0x00FFCD00,
0x00FFCD00,0x00FFCD00,0x00FFCD00,0x00FFCD00,0x00FFCD00,0x00FFCD00,0x00FFCD00,0x00FFCD00,0x00FFCD00,0x00FFCD00,0x00FFCD00,0x00FFCD00,
0x00FFCD00,0x00FFCD00,0x00FFCD00,0x00FFCD00,0x00FFCD00,0x00FFCD00,0x00FFCD00,0x00FFCD00,0x00FFCD00,0x00FFCD00,0x00FFCD00,0x00FFCD00,
0x00FFCD00,0x00FFCD00,0x00FFCD00,0x00FFCD00,0x00FFCD00,0x00FFCD00,0x00FFCD00,0x00FFCD00,0x00FFCD00,0x00FFCD00,0x00FFCD00,0x00FFCD00,
0x00FFCD00,0x00FFCD00,0x00FFCD00,0x00FFCD00,0x00FFCD00,0x00FFCD00,0x00FFCD00,0x00FFCD00,0x00FFCD00,0xC6FFCD00,0xEBFFCD00,0xEBFFCD00,
0xEBFFCD00,0xEBFFCD00,0xC6FFCD00,0x00FFCD00,0x00FFCD00,0x00FFCD00,0x00FFCD00,0x00FFCD00,0x00FFCD00,0x00FFCD00,0x00FFCD00,0x00FFCD00,
0x00FFCD00,0x00FFCD00,0x00FFCD00,0x00FFCD00,0x00FFCD00,0x00FFCD00,0x00FFCD00,0x00FFCD00,0x00FFCD00,0x00FFCD00,0x00FFCD00,0x00FFCD00,
0x00FFCD00,0x00FFCD00,0x00FFCD00,0x00FFCD00,0x00FFCD00,0x00FFCD00,0x00FFCD00,0x00FFCD00,0x00FFCD00,0x00FFCD00,0x00FFCD00,0x00FFCD00,
0x00FFCD00,0x00FFCD00,0x00FFCD00,0x00FFCD00,0x00FFCD00,0x00FFCD00,0x00FFCD00,0x00FFCD00,0x00FFCD00,0x00FFCD00,0x00FFCD00,0x00FFCD00,
0x00FFCD00,0x00FFCD00,0x00FFCD00,0x00FFCD00,0x00FFCD00,0x00FFCD00,0x00FFCD00,0x00FFCD00,0x00FFCD00,0x00FFCD00,0x00FFCD00,0x00FFCD00,
0x00FFCD00,0x00FFCD00,0x00FFCD00,0x00FFCD00,0x00FFCD00,0x00FFCD00,0x00FFCD00,0x00FFCD00,0x3EFFCD00,0xEBFFCD00,0xEBFFCD00,0xEBFFCD00,
0xEBFFCD00,0xEBFFCD00,0xEBFFCD00,0x3EFFCD00,0x00FFCD00,0x00FFCD00,0x00FFCD00,0x00FFCD00,0x00FFCD00,0x00FFCD00,0x00FFCD00,0x00FFCD00,
0x00FFCD00,0x00FFCD00,0x00FFCD00,0x00FFCD00,0x00FFCD00,0x00FFCD00,0x00FFCD00,0x00FFCD00,0x00FFCD00,0x00FFCD00,0x00FFCD00,0x00FFCD00,
0x00FFCD00,0x00FFCD00,0x00FFCD00,0x00FFCD00,0x00FFCD00,0x00FFCD00,0x00FFCD00,0x00FFCD00,0x00FFCD00,0x00FFCD00,0x00FFCD00,0x00FFCD00,
0x00FFCD00,0x00FFCD00,0x00FFCD00,0x00FFCD00,0x00FFCD00,0x00FFCD00,0x00FFCD00,0x00FFCD00,0x00FFCD00,0x00FFCD00,0x00FFCD00,0x00FFCD00,
0x00FFCD00,0x00FFCD00,0x00FFCD00,0x00FFCD00,0x00FFCD00,0x00FFCD00,0x00FFCD00,0x00FFCD00,0x00FFCD00,0x00FFCD00,0x00FFCD00,0x00FFCD00,
0x00FFCD00,0x00FFCD00,0x00FFCD00,0x00FFCD00,0x00FFCD00,0x00FFCD00,0x00FFCD00,0x00FFCD00,0x92FFCD00,0xEBFFCD00,0xEBFFCD00,0xEBFFCD00,
0xEBFFCD00,0xEBFFCD00,0xEBFFCD00,0x92FFCD00,0x00FFCD00,0x00FFCD00,0x00FFCD00,0x00FFCD00,0x00FFCD00,0x00FFCD00,0x00FFCD00,0x00FFCD00,
0x00FFCD00,0x00FFCD00,0x00FFCD00,0x00FFCD00,0x00FFCD00,0x00FFCD00,0x00FFCD00,0x00FFCD00,0x00FFCD00,0x00FFCD00,0x00FFCD00,0x00FFCD00,
0x00FFCD00,0x00FFCD00,0x00FFCD00,0x00FFCD00,0x00FFCD00,0x00FFCD00,0x00FFCD00,0x00FFCD00,0x00FFCD00,0x00FFCD00,0x00FFCD00,0x00FFCD00,
0x00FFCD00,0x00FFCD00,0x00FFCD00,0x00FFCD00,0x00FFCD00,0x00FFCD00,0x00FFCD00,0x00FFCD00,0x00FFCD00,0x00FFCD00,0x00FFCD00,0x00FFCD00,
0x00FFCD00,0x00FFCD00,0x00FFCD00,0x00FFCD00,0x00FFCD00,0x00FFCD00,0x00FFCD00,0x00FFCD00,0x00FFCD00,0x00FFCD00,0x00FFCD00,0x00FFCD00,
0x00FFCD00,0x00FFCD00,0x00FFCD00,0x00FFCD00,0x00FFCD00,0x00FFCD00,0x00FFCD00,0x0BFFCD00,0xE6FFCD00,0xEBFFCD00,0xEBFFCD00,0xEBFFCD00,
0xEBFFCD00,0xEBFFCD00,0xEBFFCD00,0xE6FFCD00,0x0BFFCD00,0x00FFCD00,0x00FFCD00,0x00FFCD00,0x00FFCD00,0x00FFCD00,0x00FFCD00,0x00FFCD00,
0x00FFCD00,0x00FFCD00,0x00FFCD00,0x00FFCD00,0x00FFCD00,0x00FFCD00,0x00FFCD00,0x00FFCD00,0x00FFCD00,0x00FFCD00,0x00FFCD00,0x00FFCD00,
0x00FFCD00,0x00FFCD00,0x00FFCD00,0x00FFCD00,0x00FFCD00,0x00FFCD00,0x00FFCD00,0x00FFCD00,0x00FFCD00,0x00FFCD00,0x00FFCD00,0x00FFCD00,
0x00FFCD00,0x00FFCD00,0x00FFCD00,0x00FFCD00,0x00FFCD00,0x00FFCD00,0x00FFCD00,0x00FFCD00,0x00FFCD00,0x00FFCD00,0x00FFCD00,0x00FFCD00,
0x00FFCD00,0x00FFCD00,0x00FFCD00,0x00FFCD00,0x00FFCD00,0x00FFCD00,0x00FFCD00,0x00FFCD00,0x00FFCD00,0x00FFCD00,0x00FFCD00,0x00FFCD00,
0x00FFCD00,0x00FFCD00,0x00FFCD00,0x00FFCD00,0x00FFCD00,0x00FFCD00,0x00FFCD00,0x5EFFCD00,0xEBFFCD00,0xEBFFCD00,0xEBFFCD00,0xEBFFCD00,
0xEBFFCD00,0xEBFFCD00,0xEBFFCD00,0xEBFFCD00,0x5EFFCD00,0x00FFCD00,0x00FFCD00,0x00FFCD00,0x00FFCD00,0x00FFCD00,0x00FFCD00,0x00FFCD00,
0x00FFCD00,0x00FFCD00,0x00FFCD00,0x00FFCD00,0x00FFCD00,0x00FFCD00,0x00FFCD00,0x00FFCD00,0x00FFCD00,0x00FFCD00,0x00FFCD00,0x00FFCD00,
0x00FFCD00,0x00FFCD00,0x00FFCD00,0x00FFCD00,0x00FFCD00,0x00FFCD00,0x00FFCD00,0x00FFCD00,0x00FFCD00,0x00FFCD00,0x00FFCD00,0x00FFCD00,
0x00FFCD00,0x00FFCD00,0x00FFCD00,0x00FFCD00,0x00FFCD00,0x00FFCD00,0x00FFCD00,0x00FFCD00,0x00FFCD00,0x00FFCD00,0x00FFCD00,0x00FFCD00,
0x00FFCD00,0x00FFCD00,0x00FFCD00,0x00FFCD00,0x00FFCD00,0x00FFCD00,0x00FFCD00,0x00FFCD00,0x00FFCD00,0x00FFCD00,0x00FFCD00,0x00FFCD00,
0x00FFCD00,0x00FFCD00,0x00FFCD00,0x00FFCD00,0x00FFCD00,0x00FFCD00,0x00FFCD00,0xB2FFCD00,0xEBFFCD00,0xEBFFCD00,0xEBFFCD00,0xEBFFCD00,
0xEBFFCD00,0xEBFFCD00,0xEBFFCD00,0xEBFFCD00,0xB2FFCD00,0x00FFCD00,0x00FFCD00,0x00FFCD00,0x00FFCD00,0x00FFCD00,0x00FFCD00,0x00FFCD00,
0x00FFCD00,0x00FFCD00,0x00FFCD00,0x00FFCD00,0x00FFCD00,0x00FFCD00,0x00FFCD00,0x00FFCD00,0x00FFCD00,0x00FFCD00,0x00FFCD00,0x00FFCD00,
0x00FFCD00,0x00FFCD00,0x00FFCD00,0x00FFCD00,0x00FFCD00,0x00FFCD00,0x00FFCD00,0x00FFCD00,0x00FFCD00,0x00FFCD00,0x00FFCD00,0x00FFCD00,
0x00FFCD00,0x00FFCD00,0x00FFCD00,0x00FFCD00,0x00FFCD00,0x00FFCD00,0x00FFCD00,0x00FFCD00,0x00FFCD00,0x00FFCD00,0x00FFCD00,0x00FFCD00,
0x00FFCD00,0x00FFCD00,0x00FFCD00,0x00FFCD00,0x00FFCD00,0x00FFCD00,0x00FFCD00,0x00FFCD00,0x00FFCD00,0x00FFCD00,0x00FFCD00,0x00FFCD00,
0x00FFCD00,0x00FFCD00,0x00FFCD00,0x00FFCD00,0x00FFCD00,0x00FFCD00,0x2BFFCD00,0xEBFFCD00,0xEBFFCD00,0xEBFFCD00,0xEBFFCD00,0xEBFFCD00,
0xEBFFCD00,0xEBFFCD00,0xEBFFCD00,0xEBFFCD00,0xEBFFCD00,0x2BFFCD00,0x00FFCD00,0x00FFCD00,0x00FFCD00,0x00FFCD00,0x00FFCD00,0x00FFCD00,
0x00FFCD00,0x00FFCD00,0x00FFCD00,0x00FFCD00,0x00FFCD00,0x00FFCD00,0x00FFCD00,0x00FFCD00,0x00FFCD00,0x00FFCD00,0x00FFCD00,0x00FFCD00,
0x00FFCD00,0x00FFCD00,0x00FFCD00,0x00FFCD00,0x00FFCD00,0x00FFCD00,0x00FFCD00,0x00FFCD00,0x00FFCD00,0x00FFCD00,0x00FFCD00,0x00FFCD00,
0x00FFCD00,0x00FFCD00,0x00FFCD00,0x00FFCD00,0x00FFCD00,0x00FFCD00,0x00FFCD00,0x00FFCD00,0x00FFCD00,0x00FFCD00,0x00FFCD00,0x00FFCD00,
0x00FFCD00,0x00FFCD00,0x00FFCD00,0x00FFCD00,0x00FFCD00,0x00FFCD00,0x00FFCD00,0x00FFCD00,0x00FFCD00,0x00FFCD00,0x00FFCD00,0x00FFCD00,
0x00FFCD00,0x00FFCD00,0x00FFCD00,0x00FFCD00,0x00FFCD00,0x00FFCD00,0x7EFFCD00,0xEBFFCD00,0xEBFFCD00,0xEBFFCD00,0xEBFFCD00,0xBAFFCD00,
0xBAFFCD00,0xEBFFCD00,0xEBFFCD00,0xEBFFCD00,0xEBFFCD00,0x7EFFCD00,0x00FFCD00,0x00FFCD00,0x00FFCD00,0x00FFCD00,0x00FFCD00,0x00FFCD00,
0x00FFCD00,0x00FFCD00,0x00FFCD00,0x00FFCD00,0x00FFCD00,0x00FFCD00,0x00FFCD00,0x00FFCD00,0x00FFCD00,0x00FFCD00,0x00FFCD00,0x00FFCD00,
0x00FFCD00,0x00FFCD00,0x00FFCD00,0x00FFCD00,0x00FFCD00,0x00FFCD00,0x00FFCD00,0x00FFCD00,0x00FFCD00,0x00FFCD00,0x00FFCD00,0x00FFCD00,
0x00FFCD00,0x00FFCD00,0x00FFCD00,0x00FFCD00,0x00FFCD00,0x00FFCD00,0x00FFCD00,0x00FFCD00,0x00FFCD00,0x00FFCD00,0x00FFCD00,0x00FFCD00,
0x00FFCD00,0x00FFCD00,0x00FFCD00,0x00FFCD00,0x00FFCD00,0x00FFCD00,0x00FFCD00,0x00FFCD00,0x00FFCD00,0x00FFCD00,0x00FFCD00,0x00FFCD00,
0x00FFCD00,0x00FFCD00,0x00FFCD00,0x00FFCD00,0x00FFCD00,0x00FFCD00,0xD2FFCD00,0xEBFFCD00,0xEBFFCD00,0xEBFFCD00,0xEBFFCD00,0x66FFCD00,
0x66FFCD00,0xEBFFCD00,0xEBFFCD00,0xEBFFCD00,0xEBFFCD00,0xD2FFCD00,0x00FFCD00,0x00FFCD00,0x00FFCD00,0x00FFCD00,0x00FFCD00,0x00FFCD00,
0x00FFCD00,0x00FFCD00,0x00FFCD00,0x00FFCD00,0x00FFCD00,0x00FFCD00,0x00FFCD00,0x00FFCD00,0x00FFCD00,0x00FFCD00,0x00FFCD00,0x00FFCD00,
0x00FFCD00,0x00FFCD00,0x00FFCD00,0x00FFCD00,0x00FFCD00,0x00FFCD00,0x00FFCD00,0x00FFCD00,0x00FFCD00,0x00FFCD00,0x00FFCD00,0x00FFCD00,
0x00FFCD00,0x00FFCD00,0x00FFCD00,0x00FFCD00,0x00FFCD00,0x00FFCD00,0x00FFCD00,0x00FFCD00,0x00FFCD00,0x00FFCD00,0x00FFCD00,0x00FFCD00,
0x00FFCD00,0x00FFCD00,0x00FFCD00,0x00FFCD00,0x00FFCD00,0x00FFCD00,0x00FFCD00,0x00FFCD00,0x00FFCD00,0x00FFCD00,0x00FFCD00,0x00FFCD00,
0x00FFCD00,0x00FFCD00,0x00FFCD00,0x00FFCD00,0x00FFCD00,0x4BFFCD00,0xEBFFCD00,0xEBFFCD00,0xEBFFCD00,0xEBFFCD00,0xEBFFCD00,0x12FFCD00,
0x12FFCD00,0xEBFFCD00,0xEBFFCD00,0xEBFFCD00,0xEBFFCD00,0xEBFFCD00,0x4BFFCD00,0x00FFCD00,0x00FFCD00,0x00FFCD00,0x00FFCD00,0x00FFCD00,
0x00FFCD00,0x00FFCD00,0x00FFCD00,0x00FFCD00,0x00FFCD00,0x00FFCD00,0x00FFCD00,0x00FFCD00,0x00FFCD00,0x00FFCD00,0x00FFCD00,0x00FFCD00,
0x00FFCD00,0x00FFCD00,0x00FFCD00,0x00FFCD00,0x00FFCD00,0x00FFCD00,0x00FFCD00,0x00FFCD00,0x00FFCD00,0x00FFCD00,0x00FFCD00,0x00FFCD00,
0x00FFCD00,0x00FFCD00,0x00FFCD00,0x00FFCD00,0x00FFCD00,0x00FFCD00,0x00FFCD00,0x00FFCD00,0x00FFCD00,0x00FFCD00,0x00FFCD00,0x00FFCD00,
0x00FFCD00,0x00FFCD00,0x00FFCD00,0x00FFCD00,0x00FFCD00,0x00FFCD00,0x00FFCD00,0x00FFCD00,0x00FFCD00,0x00FFCD00,0x00FFCD00,0x00FFCD00,
0x00FFCD00,0x00FFCD00,0x00FFCD00,0x00FFCD00,0x00FFCD00,0x9FFFCD00,0xEBFFCD00,0xEBFFCD00,0xEBFFCD00,0xEBFFCD00,0x9AFFCD00,0x00FFCD00,
0x00FFCD00,0x9AFFCD00,0xEBFFCD00,0xEBFFCD00,0xEBFFCD00,0xEBFFCD00,0x9FFFCD00,0x00FFCD00,0x00FFCD00,0x00FFCD00,0x00FFCD00,0x00FFCD00,
0x00FFCD00,0x00FFCD00,0x00FFCD00,0x00FFCD00,0x00FFCD00,0x00FFCD00,0x00FFCD00,0x00FFCD00,0x00FFCD00,0x00FFCD00,0x00FFCD00,0x00FFCD00,
0x00FFCD00,0x00FFCD00,0x00FFCD00,0x00FFCD00,0x00FFCD00,0x00FFCD00,0x00FFCD00,0x00FFCD00,0x00FFCD00,0x00FFCD00,0x00FFCD00,0x00FFCD00,
0x00FFCD00,0x00FFCD00,0x00FFCD00,0x00FFCD00,0x00FFCD00,0x00FFCD00,0x00FFCD00,0x00FFCD00,0x00FFCD00,0x00FFCD00,0x00FFCD00,0x00FFCD00,
0x00FFCD00,0x00FFCD00,0x00FFCD00,0x00FFCD00,0x00FFCD00,0x00FFCD00,0x00FFCD00,0x00FFCD00,0x00FFCD00,0x00FFCD00,0x00FFCD00,0x00FFCD00,
0x00FFCD00,0x00FFCD00,0x00FFCD00,0x00FFCD00,0x17FFCD00,0xEBFFCD00,0xEBFFCD00,0xEBFFCD00,0xEBFFCD00,0xEBFFCD00,0x46FFCD00,0x00FFCD00,
0x00FFCD00,0x46FFCD00,0xEBFFCD00,0xEBFFCD00,0xEBFFCD00,0xEBFFCD00,0xEBFFCD00,0x17FFCD00,0x00FFCD00,0x00FFCD00,0x00FFCD00,0x00FFCD00,
0x00FFCD00,0x00FFCD00,0x00FFCD00,0x00FFCD00,0x00FFCD00,0x00FFCD00,0x00FFCD00,0x00FFCD00,0x00FFCD00,0x00FFCD00,0x00FFCD00,0x00FFCD00,
0x00FFCD00,0x00FFCD00,0x00FFCD00,0x00FFCD00,0x00FFCD00,0x00FFCD00,0x00FFCD00,0x00FFCD00,0x00FFCD00,0x00FFCD00,0x00FFCD00,0x00FFCD00,
0x00FFCD00,0x00FFCD00,0x00FFCD00,0x00FFCD00,0x00FFCD00,0x00FFCD00,0x00FFCD00,0x00FFCD00,0x00FFCD00,0x00FFCD00,0x00FFCD00,0x00FFCD00,
0x00FFCD00,0x00FFCD00,0x00FFCD00,0x00FFCD00,0x00FFCD00,0x00FFCD00,0x00FFCD00,0x00FFCD00,0x00FFCD00,0x00FFCD00,0x00FFCD00,0x00FFCD00,
0x00FFCD00,0x00FFCD00,0x00FFCD00,0x00FFCD00,0x6BFFCD00,0xEBFFCD00,0xEBFFCD00,0xEBFFCD00,0xEBFFCD00,0xCEFFCD00,0x00FFCD00,0x00FFCD00,
0x00FFCD00,0x00FFCD00,0xCEFFCD00,0xEBFFCD00,0xEBFFCD00,0xEBFFCD00,0xEBFFCD00,0x6BFFCD00,0x00FFCD00,0x00FFCD00,0x00FFCD00,0x00FFCD00,
0x00FFCD00,0x00FFCD00,0x00FFCD00,0x00FFCD00,0x00FFCD00,0x00FFCD00,0x00FFCD00,0x00FFCD00,0x00FFCD00,0x00FFCD00,0x00FFCD00,0x00FFCD00,
0x00FFCD00,0x00FFCD00,0x00FFCD00,0x00FFCD00,0x00FFCD00,0x00FFCD00,0x00FFCD00,0x00FFCD00,0x00FFCD00,0x00FFCD00,0x00FFCD00,0x00FFCD00,
0x00FFCD00,0x00FFCD00,0x00FFCD00,0x00FFCD00,0x00FFCD00,0x00FFCD00,0x00FFCD00,0x00FFCD00,0x00FFCD00,0x00FFCD00,0x00FFCD00,0x00FFCD00,
0x00FFCD00,0x00FFCD00,0x00FFCD00,0x00FFCD00,0x00FFCD00,0x00FFCD00,0x00FFCD00,0x00FFCD00,0x00FFCD00,0x00FFCD00,0x00FFCD00,0x00FFCD00,
0x00FFCD00,0x00FFCD00,0x00FFCD00,0x00FFCD00,0xBFFFCD00,0xEBFFCD00,0xEBFFCD00,0xEBFFCD00,0xEBFFCD00,0x7AFFCD00,0x00FFCD00,0x00FFCD00,
0x00FFCD00,0x00FFCD00,0x7AFFCD00,0xEBFFCD00,0xEBFFCD00,0xEBFFCD00,0xEBFFCD00,0xBFFFCD00,0x00FFCD00,0x00FFCD00,0x00FFCD00,0x00FFCD00,
0x00FFCD00,0x00FFCD00,0x00FFCD00,0x00FFCD00,0x00FFCD00,0x00FFCD00,0x00FFCD00,0x00FFCD00,0x00FFCD00,0x00FFCD00,0x00FFCD00,0x00FFCD00,
0x00FFCD00,0x00FFCD00,0x00FFCD00,0x00FFCD00,0x00FFCD00,0x00FFCD00,0x00FFCD00,0x00FFCD00,0x00FFCD00,0x00FFCD00,0x00FFCD00,0x00FFCD00,
0x00FFCD00,0x00FFCD00,0x00FFCD00,0x00FFCD00,0x00FFCD00,0x00FFCD00,0x00FFCD00,0x00FFCD00,0x00FFCD00,0x00FFCD00,0x00FFCD00,0x00FFCD00,
0x00FFCD00,0x00FFCD00,0x00FFCD00,0x00FFCD00,0x00FFCD00,0x00FFCD00,0x00FFCD00,0x00FFCD00,0x00FFCD00,0x00FFCD00,0x00FFCD00,0x00FFCD00,
0x00FFCD00,0x00FFCD00,0x00FFCD00,0x37FFCD00,0xEBFFCD00,0xEBFFCD00,0xEBFFCD00,0xEBFFCD00,0xEBFFCD00,0x26FFCD00,0x00FFCD00,0x00FFCD00,
0x00FFCD00,0x00FFCD00,0x26FFCD00,0xEBFFCD00,0xEBFFCD00,0xEBFFCD00,0xEBFFCD00,0xEBFFCD00,0x37FFCD00,0x00FFCD00,0x00FFCD00,0x00FFCD00,
0x00FFCD00,0x00FFCD00,0x00FFCD00,0x00FFCD00,0x00FFCD00,0x00FFCD00,0x00FFCD00,0x00FFCD00,0x00FFCD00,0x00FFCD00,0x00FFCD00,0x00FFCD00,
0x00FFCD00,0x00FFCD00,0x00FFCD00,0x00FFCD00,0x00FFCD00,0x00FFCD00,0x00FFCD00,0x00FFCD00,0x00FFCD00,0x00FFCD00,0x00FFCD00,0x00FFCD00,
0x00FFCD00,0x00FFCD00,0x00FFCD00,0x00FFCD00,0x00FFCD00,0x00FFCD00,0x00FFCD00,0x00FFCD00,0x00FFCD00,0x00FFCD00,0x00FFCD00,0x00FFCD00,
0x00FFCD00,0x02FFCD00,0x0EFFCD00,0x1AFFCD00,0x26FFCD00,0x32FFCD00,0x3EFFCD00,0x4AFFCD00,0x55FFCD00,0x61FFCD00,0x6DFFCD00,0x79FFCD00,
0x85FFCD00,0x91FFCD00,0x9DFFCD00,0xA9FFCD00,0xEBFFCD00,0xEBFFCD00,0xEBFFCD00,0xEBFFCD00,0xAEFFCD00,0x00FFCD00,0x00FFCD00,0x00FFCD00,
0x00FFCD00,0x00FFCD00,0x00FFCD00,0xAEFFCD00,0xEBFFCD00,0xEBFFCD00,0xEBFFCD00,0xEBFFCD00,0xA9FFCD00,0x9DFFCD00,0x91FFCD00,0x85FFCD00,
0x79FFCD00,0x6DFFCD00,0x61FFCD00,0x55FFCD00,0x4AFFCD00,0x3EFFCD00,0x32FFCD00,0x26FFCD00,0x1AFFCD00,0x0EFFCD00,0x02FFCD00,0x00FFCD00,
0x00FFCD00,0x00FFCD00,0x00FFCD00,0x00FFCD00,0x00FFCD00,0x00FFCD00,0x00FFCD00,0x00FFCD00,0x00FFCD00,0x00FFCD00,0x00FFCD00,0x00FFCD00,
0x00FFCD00,0x00FFCD00,0x00FFCD00,0x00FFCD00,0x00FFCD00,0x00FFCD00,0x00FFCD00,0x00FFCD00,0x2AFFCD00,0xA3FFCD00,0xC9FFCD00,0xD5FFCD00,
0xE1FFCD00,0xEBFFCD00,0xEBFFCD00,0xEBFFCD00,0xEBFFCD00,0xEBFFCD00,0xEBFFCD00,0xEBFFCD00,0xEBFFCD00,0xEBFFCD00,0xEBFFCD00,0xEBFFCD00,
0xEBFFCD00,0xEBFFCD00,0xEBFFCD00,0xEBFFCD00,0xEBFFCD00,0xEBFFCD00,0xEBFFCD00,0xEBFFCD00,0x5AFFCD00,0x00FFCD00,0x00FFCD00,0x00FFCD00,
0x00FFCD00,0x00FFCD00,0x00FFCD00,0x5AFFCD00,0xEBFFCD00,0xEBFFCD00,0xEBFFCD00,0xEBFFCD00,0xEBFFCD00,0xEBFFCD00,0xEBFFCD00,0xEBFFCD00,
0xEBFFCD00,0xEBFFCD00,0xEBFFCD00,0xEBFFCD00,0xEBFFCD00,0xEBFFCD00,0xEBFFCD00,0xEBFFCD00,0xEBFFCD00,0xEBFFCD00,0xEBFFCD00,0xE1FFCD00,
0xD5FFCD00,0xC9FFCD00,0xA3FFCD00,0x2AFFCD00,0x00FFCD00,0x00FFCD00,0x00FFCD00,0x00FFCD00,0x00FFCD00,0x00FFCD00,0x00FFCD00,0x00FFCD00,
0x00FFCD00,0x00FFCD00,0x00FFCD00,0x00FFCD00,0x00FFCD00,0x00FFCD00,0x00FFCD00,0x00FFCD00,0xC6FFCD00,0xEBFFCD00,0xEBFFCD00,0xEBFFCD00,
0xEBFFCD00,0xEBFFCD00,0xEBFFCD00,0xEBFFCD00,0xEBFFCD00,0xEBFFCD00,0xEBFFCD00,0xEBFFCD00,0xEBFFCD00,0xEBFFCD00,0xEBFFCD00,0xEBFFCD00,
0xEBFFCD00,0xEBFFCD00,0xEBFFCD00,0xEBFFCD00,0xEBFFCD00,0xEBFFCD00,0xEBFFCD00,0xE1FFCD00,0x06FFCD00,0x00FFCD00,0x00FFCD00,0x00FFCD00,
0x00FFCD00,0x00FFCD00,0x00FFCD00,0x06FFCD00,0xE1FFCD00,0xEBFFCD00,0xEBFFCD00,0xEBFFCD00,0xEBFFCD00,0xEBFFCD00,0xEBFFCD00,0xEBFFCD00,
0xEBFFCD00,0xEBFFCD00,0xEBFFCD00,0xEBFFCD00,0xEBFFCD00,0xEBFFCD00,0xEBFFCD00,0xEBFFCD00,0xEBFFCD00,0xEBFFCD00,0xEBFFCD00,0xEBFFCD00,
0xEBFFCD00,0xEBFFCD00,0xEBFFCD00,0xC6FFCD00,0x00FFCD00,0x00FFCD00,0x00FFCD00,0x00FFCD00,0x00FFCD00,0x00FFCD00,0x00FFCD00,0x00FFCD00,
0x00FFCD00,0x00FFCD00,0x00FFCD00,0x00FFCD00,0x00FFCD00,0x00FFCD00,0x00FFCD00,0x29FFCD00,0xEBFFCD00,0xEBFFCD00,0xEBFFCD00,0xEBFFCD00,
0xEBFFCD00,0xEBFFCD00,0xEBFFCD00,0xEBFFCD00,0xEBFFCD00,0xEBFFCD00,0xEBFFCD00,0xEBFFCD00,0xEBFFCD00,0xEBFFCD00,0xEBFFCD00,0xEBFFCD00,
0xEBFFCD00,0xEBFFCD00,0xEBFFCD00,0xEBFFCD00,0xEBFFCD00,0xEBFFCD00,0xEBFFCD00,0x8EFFCD00,0x00FFCD00,0x00FFCD00,0x00FFCD00,0x00FFCD00,
0x00FFCD00,0x00FFCD00,0x00FFCD00,0x00FFCD00,0x8EFFCD00,0xEBFFCD00,0xEBFFCD00,0xEBFFCD00,0xEBFFCD00,0xEBFFCD00,0xEBFFCD00,0xEBFFCD00,
0xEBFFCD00,0xEBFFCD00,0xEBFFCD00,0xEBFFCD00,0xEBFFCD00,0xEBFFCD00,0xEBFFCD00,0xEBFFCD00,0xEBFFCD00,0xEBFFCD00,0xEBFFCD00,0xEBFFCD00,
0xEBFFCD00,0xEBFFCD00,0xEBFFCD00,0xEBFFCD00,0x29FFCD00,0x00FFCD00,0x00FFCD00,0x00FFCD00,0x00FFCD00,0x00FFCD00,0x00FFCD00,0x00FFCD00,
0x00FFCD00,0x00FFCD00,0x00FFCD00,0x00FFCD00,0x00FFCD00,0x00FFCD00,0x00FFCD00,0x0DFFCD00,0xE9FFCD00,0xEBFFCD00,0xEBFFCD00,0xEBFFCD00,
0xEBFFCD00,0xEBFFCD00,0xEBFFCD00,0xEBFFCD00,0xEBFFCD00,0xEBFFCD00,0xEBFFCD00,0xEBFFCD00,0xEBFFCD00,0xEBFFCD00,0xEBFFCD00,0xEBFFCD00,
0xEBFFCD00,0xEBFFCD00,0xEBFFCD00,0xEBFFCD00,0xEBFFCD00,0xEBFFCD00,0xBCFFCD00,0x1AFFCD00,0x00FFCD00,0x00FFCD00,0x00FFCD00,0x00FFCD00,
0x00FFCD00,0x00FFCD00,0x00FFCD00,0x00FFCD00,0x1AFFCD00,0xBCFFCD00,0xEBFFCD00,0xEBFFCD00,0xEBFFCD00,0xEBFFCD00,0xEBFFCD00,0xEBFFCD00,
0xEBFFCD00,0xEBFFCD00,0xEBFFCD00,0xEBFFCD00,0xEBFFCD00,0xEBFFCD00,0xEBFFCD00,0xEBFFCD00,0xEBFFCD00,0xEBFFCD00,0xEBFFCD00,0xEBFFCD00,
0xEBFFCD00,0xEBFFCD00,0xEBFFCD00,0xE9FFCD00,0x0DFFCD00,0x00FFCD00,0x00FFCD00,0x00FFCD00,0x00FFCD00,0x00FFCD00,0x00FFCD00,0x00FFCD00,
0x00FFCD00,0x00FFCD00,0x00FFCD00,0x00FFCD00,0x00FFCD00,0x00FFCD00,0x00FFCD00,0x00FFCD00,0x60FFCD00,0xEBFFCD00,0xEBFFCD00,0xEBFFCD00,
0xEBFFCD00,0xEBFFCD00,0xEBFFCD00,0xEBFFCD00,0xC7FFCD00,0xBBFFCD00,0xAFFFCD00,0xA3FFCD00,0x97FFCD00,0x8BFFCD00,0x7FFFCD00,0x73FFCD00,
0x67FFCD00,0x5CFFCD00,0x50FFCD00,0x44FFCD00,0x38FFCD00,0x2BFFCD00,0x00FFCD00,0x00FFCD00,0x00FFCD00,0x00FFCD00,0x00FFCD00,0x00FFCD00,
0x00FFCD00,0x00FFCD00,0x00FFCD00,0x00FFCD00,0x00FFCD00,0x00FFCD00,0x2BFFCD00,0x38FFCD00,0x44FFCD00,0x50FFCD00,0x5CFFCD00,0x67FFCD00,
0x73FFCD00,0x7FFFCD00,0x8BFFCD00,0x97FFCD00,0xA3FFCD00,0xAFFFCD00,0xBBFFCD00,0xC7FFCD00,0xEBFFCD00,0xEBFFCD00,0xEBFFCD00,0xEBFFCD00,
0xEBFFCD00,0xEBFFCD00,0xEBFFCD00,0x60FFCD00,0x00FFCD00,0x00FFCD00,0x00FFCD00,0x00FFCD00,0x00FFCD00,0x00FFCD00,0x00FFCD00,0x00FFCD00,
0x00FFCD00,0x00FFCD00,0x00FFCD00,0x00FFCD00,0x00FFCD00,0x00FFCD00,0x00FFCD00,0x00FFCD00,0x00FFCD00,0x40FFCD00,0xD3FFCD00,0xEBFFCD00,
0xEBFFCD00,0xEBFFCD00,0xEBFFCD00,0xEBFFCD00,0xEBFFCD00,0xA6FFCD00,0x12FFCD00,0x00FFCD00,0x00FFCD00,0x00FFCD00,0x00FFCD00,0x00FFCD00,
0x00FFCD00,0x00FFCD00,0x00FFCD00,0x00FFCD00,0x00FFCD00,0x00FFCD00,0x00FFCD00,0x00FFCD00,0x00FFCD00,0x00FFCD00,0x00FFCD00,0x00FFCD00,
0x00FFCD00,0x00FFCD00,0x00FFCD00,0x00FFCD00,0x00FFCD00,0x00FFCD00,0x00FFCD00,0x00FFCD00,0x00FFCD00,0x00FFCD00,0x00FFCD00,0x00FFCD00,
0x00FFCD00,0x00FFCD00,0x00FFCD00,0x00FFCD00,0x00FFCD00,0x12FFCD00,0xA6FFCD00,0xEBFFCD00,0xEBFFCD00,0xEBFFCD00,0xEBFFCD00,0xEBFFCD00,
0xEBFFCD00,0xD3FFCD00,0x40FFCD00,0x00FFCD00,0x00FFCD00,0x00FFCD00,0x00FFCD00,0x00FFCD00,0x00FFCD00,0x00FFCD00,0x00FFCD00,0x00FFCD00,
0x00FFCD00,0x00FFCD00,0x00FFCD00,0x00FFCD00,0x00FFCD00,0x00FFCD00,0x00FFCD00,0x00FFCD00,0x00FFCD00,0x00FFCD00,0x1CFFCD00,0xB0FFCD00,
0xEBFFCD00,0xEBFFCD00,0xEBFFCD00,0xEBFFCD00,0xEBFFCD00,0xEBFFCD00,0xC9FFCD00,0x35FFCD00,0x00FFCD00,0x00FFCD00,0x00FFCD00,0x00FFCD00,
0x00FFCD00,0x00FFCD00,0x00FFCD00,0x00FFCD00,0x00FFCD00,0x00FFCD00,0x00FFCD00,0x00FFCD00,0x00FFCD00,0x00FFCD00,0x00FFCD00,0x00FFCD00,
0x00FFCD00,0x00FFCD00,0x00FFCD00,0x00FFCD00,0x00FFCD00,0x00FFCD00,0x00FFCD00,0x00FFCD00,0x00FFCD00,0x00FFCD00,0x00FFCD00,0x00FFCD00,
0x00FFCD00,0x00FFCD00,0x00FFCD00,0x00FFCD00,0x35FFCD00,0xC9FFCD00,0xEBFFCD00,0xEBFFCD00,0xEBFFCD00,0xEBFFCD00,0xEBFFCD00,0xEBFFCD00,
0xB0FFCD00,0x1CFFCD00,0x00FFCD00,0x00FFCD00,0x00FFCD00,0x00FFCD00,0x00FFCD00,0x00FFCD00,0x00FFCD00,0x00FFCD00,0x00FFCD00,0x00FFCD00,
0x00FFCD00,0x00FFCD00,0x00FFCD00,0x00FFCD00,0x00FFCD00,0x00FFCD00,0x00FFCD00,0x00FFCD00,0x00FFCD00,0x00FFCD00,0x00FFCD00,0x00FFCD00,
0x8DFFCD00,0xEBFFCD00,0xEBFFCD00,0xEBFFCD00,0xEBFFCD00,0xEBFFCD00,0xEBFFCD00,0xEBFFCD00,0x58FFCD00,0x00FFCD00,0x00FFCD00,0x00FFCD00,
0x00FFCD00,0x00FFCD00,0x00FFCD00,0x00FFCD00,0x00FFCD00,0x00FFCD00,0x00FFCD00,0x00FFCD00,0x00FFCD00,0x00FFCD00,0x00FFCD00,0x00FFCD00,
0x00FFCD00,0x00FFCD00,0x00FFCD00,0x00FFCD00,0x00FFCD00,0x00FFCD00,0x00FFCD00,0x00FFCD00,0x00FFCD00,0x00FFCD00,0x00FFCD00,0x00FFCD00,
0x00FFCD00,0x00FFCD00,0x00FFCD00,0x58FFCD00,0xEBFFCD00,0xEBFFCD00,0xEBFFCD00,0xEBFFCD00,0xEBFFCD00,0xEBFFCD00,0xEBFFCD00,0x8DFFCD00,
0x00FFCD00,0x00FFCD00,0x00FFCD00,0x00FFCD00,0x00FFCD00,0x00FFCD00,0x00FFCD00,0x00FFCD00,0x00FFCD00,0x00FFCD00,0x00FFCD00,0x00FFCD00,
0x00FFCD00,0x00FFCD00,0x00FFCD00,0x00FFCD00,0x00FFCD00,0x00FFCD00,0x00FFCD00,0x00FFCD00,0x00FFCD00,0x00FFCD00,0x00FFCD00,0x00FFCD00,
0x00FFCD00,0x6AFFCD00,0xEBFFCD00,0xEBFFCD00,0xEBFFCD00,0xEBFFCD00,0xEBFFCD00,0xEBFFCD00,0xEBFFCD00,0x7CFFCD00,0x00FFCD00,0x00FFCD00,
0x00FFCD00,0x00FFCD00,0x00FFCD00,0x00FFCD00,0x00FFCD00,0x00FFCD00,0x00FFCD00,0x00FFCD00,0x00FFCD00,0x00FFCD00,0x00FFCD00,0x00FFCD00,
0x00FFCD00,0x00FFCD00,0x00FFCD00,0x00FFCD00,0x00FFCD00,0x00FFCD00,0x00FFCD00,0x00FFCD00,0x00FFCD00,0x00FFCD00,0x00FFCD00,0x00FFCD00,
0x00FFCD00,0x00FFCD00,0x7CFFCD00,0xEBFFCD00,0xEBFFCD00,0xEBFFCD00,0xEBFFCD00,0xEBFFCD00,0xEBFFCD00,0xEBFFCD00,0x6AFFCD00,0x00FFCD00,
0x00FFCD00,0x00FFCD00,0x00FFCD00,0x00FFCD00,0x00FFCD00,0x00FFCD00,0x00FFCD00,0x00FFCD00,0x00FFCD00,0x00FFCD00,0x00FFCD00,0x00FFCD00,
0x00FFCD00,0x00FFCD00,0x00FFCD00,0x00FFCD00,0x00FFCD00,0x00FFCD00,0x00FFCD00,0x00FFCD00,0x00FFCD00,0x00FFCD00,0x00FFCD00,0x00FFCD00,
0x00FFCD00,0x00FFCD00,0x46FFCD00,0xDAFFCD00,0xEBFFCD00,0xEBFFCD00,0xEBFFCD00,0xEBFFCD00,0xEBFFCD00,0xEBFFCD00,0x9FFFCD00,0x0BFFCD00,
0x00FFCD00,0x00FFCD00,0x00FFCD00,0x00FFCD00,0x00FFCD00,0x00FFCD00,0x00FFCD00,0x00FFCD00,0x00FFCD00,0x00FFCD00,0x00FFCD00,0x00FFCD00,
0x00FFCD00,0x00FFCD00,0x00FFCD00,0x00FFCD00,0x00FFCD00,0x00FFCD00,0x00FFCD00,0x00FFCD00,0x00FFCD00,0x00FFCD00,0x00FFCD00,0x00FFCD00,
0x0BFFCD00,0x9FFFCD00,0xEBFFCD00,0xEBFFCD00,0xEBFFCD00,0xEBFFCD00,0xEBFFCD00,0xEBFFCD00,0xDAFFCD00,0x46FFCD00,0x00FFCD00,0x00FFCD00,
0x00FFCD00,0x00FFCD00,0x00FFCD00,0x00FFCD00,0x00FFCD00,0x00FFCD00,0x00FFCD00,0x00FFCD00,0x00FFCD00,0x00FFCD00,0x00FFCD00,0x00FFCD00,
0x00FFCD00,0x00FFCD00,0x00FFCD00,0x00FFCD00,0x00FFCD00,0x00FFCD00,0x00FFCD00,0x00FFCD00,0x00FFCD00,0x00FFCD00,0x00FFCD00,0x00FFCD00,
0x00FFCD00,0x00FFCD00,0x00FFCD00,0x23FFCD00,0xB7FFCD00,0xEBFFCD00,0xEBFFCD00,0xEBFFCD00,0xEBFFCD00,0xEBFFCD00,0xEBFFCD00,0xC2FFCD00,
0x2FFFCD00,0x00FFCD00,0x00FFCD00,0x00FFCD00,0x00FFCD00,0x00FFCD00,0x00FFCD00,0x00FFCD00,0x00FFCD00,0x00FFCD00,0x00FFCD00,0x00FFCD00,
0x00FFCD00,0x00FFCD00,0x00FFCD00,0x00FFCD00,0x00FFCD00,0x00FFCD00,0x00FFCD00,0x00FFCD00,0x00FFCD00,0x00FFCD00,0x00FFCD00,0x2FFFCD00,
0xC2FFCD00,0xEBFFCD00,0xEBFFCD00,0xEBFFCD00,0xEBFFCD00,0xEBFFCD00,0xEBFFCD00,0xB7FFCD00,0x23FFCD00,0x00FFCD00,0x00FFCD00,0x00FFCD00,
0x00FFCD00,0x00FFCD00,0x00FFCD00,0x00FFCD00,0x00FFCD00,0x00FFCD00,0x00FFCD00,0x00FFCD00,0x00FFCD00,0x00FFCD00,0x00FFCD00,0x00FFCD00,
0x00FFCD00,0x00FFCD00,0x00FFCD00,0x00FFCD00,0x00FFCD00,0x00FFCD00,0x00FFCD00,0x00FFCD00,0x00FFCD00,0x00FFCD00,0x00FFCD00,0x00FFCD00,
0x00FFCD00,0x00FFCD00,0x00FFCD00,0x00FFCD00,0x00FFCD00,0x93FFCD00,0xEBFFCD00,0xEBFFCD00,0xEBFFCD00,0xEBFFCD00,0xEBFFCD00,0xEBFFCD00,
0xE6FFCD00,0x52FFCD00,0x00FFCD00,0x00FFCD00,0x00FFCD00,0x00FFCD00,0x00FFCD00,0x00FFCD00,0x00FFCD00,0x00FFCD00,0x00FFCD00,0x00FFCD00,
0x00FFCD00,0x00FFCD00,0x00FFCD00,0x00FFCD00,0x00FFCD00,0x00FFCD00,0x00FFCD00,0x00FFCD00,0x00FFCD00,0x00FFCD00,0x52FFCD00,0xE6FFCD00,
0xEBFFCD00,0xEBFFCD00,0xEBFFCD00,0xEBFFCD00,0xEBFFCD00,0xEBFFCD00,0x93FFCD00,0x00FFCD00,0x00FFCD00,0x00FFCD00,0x00FFCD00,0x00FFCD00,
0x00FFCD00,0x00FFCD00,0x00FFCD00,0x00FFCD00,0x00FFCD00,0x00FFCD00,0x00FFCD00,0x00FFCD00,0x00FFCD00,0x00FFCD00,0x00FFCD00,0x00FFCD00,
0x00FFCD00,0x00FFCD00,0x00FFCD00,0x00FFCD00,0x00FFCD00,0x00FFCD00,0x00FFCD00,0x00FFCD00,0x00FFCD00,0x00FFCD00,0x00FFCD00,0x00FFCD00,
0x00FFCD00,0x00FFCD00,0x00FFCD00,0x00FFCD00,0x00FFCD00,0x00FFCD00,0x70FFCD00,0xEBFFCD00,0xEBFFCD00,0xEBFFCD00,0xEBFFCD00,0xEBFFCD00,
0xEBFFCD00,0xEBFFCD00,0x75FFCD00,0x00FFCD00,0x00FFCD00,0x00FFCD00,0x00FFCD00,0x00FFCD00,0x00FFCD00,0x00FFCD00,0x00FFCD00,0x00FFCD00,
0x00FFCD00,0x00FFCD00,0x00FFCD00,0x00FFCD00,0x00FFCD00,0x00FFCD00,0x00FFCD00,0x00FFCD00,0x00FFCD00,0x75FFCD00,0xEBFFCD00,0xEBFFCD00,
0xEBFFCD00,0xEBFFCD00,0xEBFFCD00,0xEBFFCD00,0xEBFFCD00,0x70FFCD00,0x00FFCD00,0x00FFCD00,0x00FFCD00,0x00FFCD00,0x00FFCD00,0x00FFCD00,
0x00FFCD00,0x00FFCD00,0x00FFCD00,0x00FFCD00,0x00FFCD00,0x00FFCD00,0x00FFCD00,0x00FFCD00,0x00FFCD00,0x00FFCD00,0x00FFCD00,0x00FFCD00,
0x00FFCD00,0x00FFCD00,0x00FFCD00,0x00FFCD00,0x00FFCD00,0x00FFCD00,0x00FFCD00,0x00FFCD00,0x00FFCD00,0x00FFCD00,0x00FFCD00,0x00FFCD00,
0x00FFCD00,0x00FFCD00,0x00FFCD00,0x00FFCD00,0x00FFCD00,0x00FFCD00,0x00FFCD00,0x4DFFCD00,0xE0FFCD00,0xEBFFCD00,0xEBFFCD00,0xEBFFCD00,
0xEBFFCD00,0xEBFFCD00,0xEBFFCD00,0x51FFCD00,0x00FFCD00,0x00FFCD00,0x00FFCD00,0x00FFCD00,0x00FFCD00,0x00FFCD00,0x00FFCD00,0x00FFCD00,
0x00FFCD00,0x00FFCD00,0x00FFCD00,0x00FFCD00,0x00FFCD00,0x00FFCD00,0x00FFCD00,0x00FFCD00,0x51FFCD00,0xEBFFCD00,0xEBFFCD00,0xEBFFCD00,
0xEBFFCD00,0xEBFFCD00,0xEBFFCD00,0xE0FFCD00,0x4DFFCD00,0x00FFCD00,0x00FFCD00,0x00FFCD00,0x00FFCD00,0x00FFCD00,0x00FFCD00,0x00FFCD00,
0x00FFCD00,0x00FFCD00,0x00FFCD00,0x00FFCD00,0x00FFCD00,0x00FFCD00,0x00FFCD00,0x00FFCD00,0x00FFCD00,0x00FFCD00,0x00FFCD00,0x00FFCD00,
0x00FFCD00,0x00FFCD00,0x00FFCD00,0x00FFCD00,0x00FFCD00,0x00FFCD00,0x00FFCD00,0x00FFCD00,0x00FFCD00,0x00FFCD00,0x00FFCD00,0x00FFCD00,
0x00FFCD00,0x00FFCD00,0x00FFCD00,0x00FFCD00,0x00FFCD00,0x00FFCD00,0x00FFCD00,0x00FFCD00,0x29FFCD00,0xBDFFCD00,0xEBFFCD00,0xEBFFCD00,
0xEBFFCD00,0xEBFFCD00,0xEBFFCD00,0x84FFCD00,0x00FFCD00,0x00FFCD00,0x00FFCD00,0x00FFCD00,0x00FFCD00,0x00FFCD00,0x00FFCD00,0x00FFCD00,
0x00FFCD00,0x00FFCD00,0x00FFCD00,0x00FFCD00,0x00FFCD00,0x00FFCD00,0x00FFCD00,0x00FFCD00,0x84FFCD00,0xEBFFCD00,0xEBFFCD00,0xEBFFCD00,
0xEBFFCD00,0xEBFFCD00,0xBDFFCD00,0x29FFCD00,0x00FFCD00,0x00FFCD00,0x00FFCD00,0x00FFCD00,0x00FFCD00,0x00FFCD00,0x00FFCD00,0x00FFCD00,
0x00FFCD00,0x00FFCD00,0x00FFCD00,0x00FFCD00,0x00FFCD00,0x00FFCD00,0x00FFCD00,0x00FFCD00,0x00FFCD00,0x00FFCD00,0x00FFCD00,0x00FFCD00,
0x00FFCD00,0x00FFCD00,0x00FFCD00,0x00FFCD00,0x00FFCD00,0x00FFCD00,0x00FFCD00,0x00FFCD00,0x00FFCD00,0x00FFCD00,0x00FFCD00,0x00FFCD00,
0x00FFCD00,0x00FFCD00,0x00FFCD00,0x00FFCD00,0x00FFCD00,0x00FFCD00,0x00FFCD00,0x00FFCD00,0x00FFCD00,0x06FFCD00,0xB5FFCD00,0xEBFFCD00,
0xEBFFCD00,0xEBFFCD00,0xEBFFCD00,0x5EFFCD00,0x00FFCD00,0x00FFCD00,0x00FFCD00,0x00FFCD00,0x00FFCD00,0x00FFCD00,0x00FFCD00,0x00FFCD00,
0x00FFCD00,0x00FFCD00,0x00FFCD00,0x00FFCD00,0x00FFCD00,0x00FFCD00,0x00FFCD00,0x00FFCD00,0x5EFFCD00,0xEBFFCD00,0xEBFFCD00,0xEBFFCD00,
0xEBFFCD00,0xB5FFCD00,0x06FFCD00,0x00FFCD00,0x00FFCD00,0x00FFCD00,0x00FFCD00,0x00FFCD00,0x00FFCD00,0x00FFCD00,0x00FFCD00,0x00FFCD00,
0x00FFCD00,0x00FFCD00,0x00FFCD00,0x00FFCD00,0x00FFCD00,0x00FFCD00,0x00FFCD00,0x00FFCD00,0x00FFCD00,0x00FFCD00,0x00FFCD00,0x00FFCD00,
0x00FFCD00,0x00FFCD00,0x00FFCD00,0x00FFCD00,0x00FFCD00,0x00FFCD00,0x00FFCD00,0x00FFCD00,0x00FFCD00,0x00FFCD00,0x00FFCD00,0x00FFCD00,
0x00FFCD00,0x00FFCD00,0x00FFCD00,0x00FFCD00,0x00FFCD00,0x00FFCD00,0x00FFCD00,0x00FFCD00,0x00FFCD00,0x10FFCD00,0xEBFFCD00,0xEBFFCD00,
0xEBFFCD00,0xEBFFCD00,0xEBFFCD00,0x21FFCD00,0x00FFCD00,0x00FFCD00,0x00FFCD00,0x00FFCD00,0x00FFCD00,0x00FFCD00,0x00FFCD00,0x00FFCD00,
0x00FFCD00,0x00FFCD00,0x00FFCD00,0x00FFCD00,0x00FFCD00,0x00FFCD00,0x00FFCD00,0x00FFCD00,0x21FFCD00,0xEBFFCD00,0xEBFFCD00,0xEBFFCD00,
0xEBFFCD00,0xEBFFCD00,0x10FFCD00,0x00FFCD00,0x00FFCD00,0x00FFCD00,0x00FFCD00,0x00FFCD00,0x00FFCD00,0x00FFCD00,0x00FFCD00,0x00FFCD00,
0x00FFCD00,0x00FFCD00,0x00FFCD00,0x00FFCD00,0x00FFCD00,0x00FFCD00,0x00FFCD00,0x00FFCD00,0x00FFCD00,0x00FFCD00,0x00FFCD00,0x00FFCD00,
0x00FFCD00,0x00FFCD00,0x00FFCD00,0x00FFCD00,0x00FFCD00,0x00FFCD00,0x00FFCD00,0x00FFCD00,0x00FFCD00,0x00FFCD00,0x00FFCD00,0x00FFCD00,
0x00FFCD00,0x00FFCD00,0x00FFCD00,0x00FFCD00,0x00FFCD00,0x00FFCD00,0x00FFCD00,0x00FFCD00,0x00FFCD00,0x4DFFCD00,0xEBFFCD00,0xEBFFCD00,
0xEBFFCD00,0xEBFFCD00,0xC7FFCD00,0x00FFCD00,0x00FFCD00,0x00FFCD00,0x00FFCD00,0x00FFCD00,0x00FFCD00,0x00FFCD00,0x00FFCD00,0x00FFCD00,
0x00FFCD00,0x00FFCD00,0x00FFCD00,0x00FFCD00,0x00FFCD00,0x00FFCD00,0x00FFCD00,0x00FFCD00,0x00FFCD00,0xC7FFCD00,0xEBFFCD00,0xEBFFCD00,
0xEBFFCD00,0xEBFFCD00,0x4DFFCD00,0x00FFCD00,0x00FFCD00,0x00FFCD00,0x00FFCD00,0x00FFCD00,0x00FFCD00,0x00FFCD00,0x00FFCD00,0x00FFCD00,
0x00FFCD00,0x00FFCD00,0x00FFCD00,0x00FFCD00,0x00FFCD00,0x00FFCD00,0x00FFCD00,0x00FFCD00,0x00FFCD00,0x00FFCD00,0x00FFCD00,0x00FFCD00,
0x00FFCD00,0x00FFCD00,0x00FFCD00,0x00FFCD00,0x00FFCD00,0x00FFCD00,0x00FFCD00,0x00FFCD00,0x00FFCD00,0x00FFCD00,0x00FFCD00,0x00FFCD00,
0x00FFCD00,0x00FFCD00,0x00FFCD00,0x00FFCD00,0x00FFCD00,0x00FFCD00,0x00FFCD00,0x00FFCD00,0x00FFCD00,0x8AFFCD00,0xEBFFCD00,0xEBFFCD00,
0xEBFFCD00,0xEBFFCD00,0x89FFCD00,0x00FFCD00,0x00FFCD00,0x00FFCD00,0x00FFCD00,0x00FFCD00,0x00FFCD00,0x00FFCD00,0x00FFCD00,0x00FFCD00,
0x00FFCD00,0x00FFCD00,0x00FFCD00,0x00FFCD00,0x00FFCD00,0x00FFCD00,0x00FFCD00,0x00FFCD00,0x00FFCD00,0x89FFCD00,0xEBFFCD00,0xEBFFCD00,
0xEBFFCD00,0xEBFFCD00,0x8AFFCD00,0x00FFCD00,0x00FFCD00,0x00FFCD00,0x00FFCD00,0x00FFCD00,0x00FFCD00,0x00FFCD00,0x00FFCD00,0x00FFCD00,
0x00FFCD00,0x00FFCD00,0x00FFCD00,0x00FFCD00,0x00FFCD00,0x00FFCD00,0x00FFCD00,0x00FFCD00,0x00FFCD00,0x00FFCD00,0x00FFCD00,0x00FFCD00,
0x00FFCD00,0x00FFCD00,0x00FFCD00,0x00FFCD00,0x00FFCD00,0x00FFCD00,0x00FFCD00,0x00FFCD00,0x00FFCD00,0x00FFCD00,0x00FFCD00,0x00FFCD00,
0x00FFCD00,0x00FFCD00,0x00FFCD00,0x00FFCD00,0x00FFCD00,0x00FFCD00,0x00FFCD00,0x00FFCD00,0x00FFCD00,0xC7FFCD00,0xEBFFCD00,0xEBFFCD00,
0xEBFFCD00,0xEBFFCD00,0x4CFFCD00,0x00FFCD00,0x00FFCD00,0x00FFCD00,0x00FFCD00,0x00FFCD00,0x00FFCD00,0x00FFCD00,0x00FFCD00,0x00FFCD00,
0x00FFCD00,0x00FFCD00,0x00FFCD00,0x00FFCD00,0x00FFCD00,0x00FFCD00,0x00FFCD00,0x00FFCD00,0x00FFCD00,0x4CFFCD00,0xEBFFCD00,0xEBFFCD00,
0xEBFFCD00,0xEBFFCD00,0xC7FFCD00,0x00FFCD00,0x00FFCD00,0x00FFCD00,0x00FFCD00,0x00FFCD00,0x00FFCD00,0x00FFCD00,0x00FFCD00,0x00FFCD00,
0x00FFCD00,0x00FFCD00,0x00FFCD00,0x00FFCD00,0x00FFCD00,0x00FFCD00,0x00FFCD00,0x00FFCD00,0x00FFCD00,0x00FFCD00,0x00FFCD00,0x00FFCD00,
0x00FFCD00,0x00FFCD00,0x00FFCD00,0x00FFCD00,0x00FFCD00,0x00FFCD00,0x00FFCD00,0x00FFCD00,0x00FFCD00,0x00FFCD00,0x00FFCD00,0x00FFCD00,
0x00FFCD00,0x00FFCD00,0x00FFCD00,0x00FFCD00,0x00FFCD00,0x00FFCD00,0x00FFCD00,0x00FFCD00,0x22FFCD00,0xEBFFCD00,0xEBFFCD00,0xEBFFCD00,
0xEBFFCD00,0xEBFFCD00,0x0FFFCD00,0x00FFCD00,0x00FFCD00,0x00FFCD00,0x00FFCD00,0x00FFCD00,0x00FFCD00,0x00FFCD00,0x77FFCD00,0xDDFFCD00,
0xDDFFCD00,0x77FFCD00,0x00FFCD00,0x00FFCD00,0x00FFCD00,0x00FFCD00,0x00FFCD00,0x00FFCD00,0x00FFCD00,0x0FFFCD00,0xEBFFCD00,0xEBFFCD00,
0xEBFFCD00,0xEBFFCD00,0xEBFFCD00,0x22FFCD00,0x00FFCD00,0x00FFCD00,0x00FFCD00,0x00FFCD00,0x00FFCD00,0x00FFCD00,0x00FFCD00,0x00FFCD00,
0x00FFCD00,0x00FFCD00,0x00FFCD00,0x00FFCD00,0x00FFCD00,0x00FFCD00,0x00FFCD00,0x00FFCD00,0x00FFCD00,0x00FFCD00,0x00FFCD00,0x00FFCD00,
0x00FFCD00,0x00FFCD00,0x00FFCD00,0x00FFCD00,0x00FFCD00,0x00FFCD00,0x00FFCD00,0x00FFCD00,0x00FFCD00,0x00FFCD00,0x00FFCD00,0x00FFCD00,
0x00FFCD00,0x00FFCD00,0x00FFCD00,0x00FFCD00,0x00FFCD00,0x00FFCD00,0x00FFCD00,0x00FFCD00,0x5FFFCD00,0xEBFFCD00,0xEBFFCD00,0xEBFFCD00,
0xEBFFCD00,0xB5FFCD00,0x00FFCD00,0x00FFCD00,0x00FFCD00,0x00FFCD00,0x00FFCD00,0x00FFCD00,0x3BFFCD00,0xBBFFCD00,0xEBFFCD00,0xEBFFCD00,
0xEBFFCD00,0xEBFFCD00,0xBBFFCD00,0x3BFFCD00,0x00FFCD00,0x00FFCD00,0x00FFCD00,0x00FFCD00,0x00FFCD00,0x00FFCD00,0xB5FFCD00,0xEBFFCD00,
0xEBFFCD00,0xEBFFCD00,0xEBFFCD00,0x5FFFCD00,0x00FFCD00,0x00FFCD00,0x00FFCD00,0x00FFCD00,0x00FFCD00,0x00FFCD00,0x00FFCD00,0x00FFCD00,
0x00FFCD00,0x00FFCD00,0x00FFCD00,0x00FFCD00,0x00FFCD00,0x00FFCD00,0x00FFCD00,0x00FFCD00,0x00FFCD00,0x00FFCD00,0x00FFCD00,0x00FFCD00,
0x00FFCD00,0x00FFCD00,0x00FFCD00,0x00FFCD00,0x00FFCD00,0x00FFCD00,0x00FFCD00,0x00FFCD00,0x00FFCD00,0x00FFCD00,0x00FFCD00,0x00FFCD00,
0x00FFCD00,0x00FFCD00,0x00FFCD00,0x00FFCD00,0x00FFCD00,0x00FFCD00,0x00FFCD00,0x00FFCD00,0x9CFFCD00,0xEBFFCD00,0xEBFFCD00,0xEBFFCD00,
0xEBFFCD00,0x78FFCD00,0x00FFCD00,0x00FFCD00,0x00FFCD00,0x00FFCD00,0x00FFCD00,0x80FFCD00,0xEBFFCD00,0xEBFFCD00,0xEBFFCD00,0xEBFFCD00,
0xEBFFCD00,0xEBFFCD00,0xEBFFCD00,0xEBFFCD00,0x80FFCD00,0x00FFCD00,0x00FFCD00,0x00FFCD00,0x00FFCD00,0x00FFCD00,0x78FFCD00,0xEBFFCD00,
0xEBFFCD00,0xEBFFCD00,0xEBFFCD00,0x9CFFCD00,0x00FFCD00,0x00FFCD00,0x00FFCD00,0x00FFCD00,0x00FFCD00,0x00FFCD00,0x00FFCD00,0x00FFCD00,
0x00FFCD00,0x00FFCD00,0x00FFCD00,0x00FFCD00,0x00FFCD00,0x00FFCD00,0x00FFCD00,0x00FFCD00,0x00FFCD00,0x00FFCD00,0x00FFCD00,0x00FFCD00,
0x00FFCD00,0x00FFCD00,0x00FFCD00,0x00FFCD00,0x00FFCD00,0x00FFCD00,0x00FFCD00,0x00FFCD00,0x00FFCD00,0x00FFCD00,0x00FFCD00,0x00FFCD00,
0x00FFCD00,0x00FFCD00,0x00FFCD00,0x00FFCD00,0x00FFCD00,0x00FFCD00,0x00FFCD00,0x00FFCD00,0xD9FFCD00,0xEBFFCD00,0xEBFFCD00,0xEBFFCD00,
0xEBFFCD00,0x3AFFCD00,0x00FFCD00,0x00FFCD00,0x00FFCD00,0x44FFCD00,0xC4FFCD00,0xEBFFCD00,0xEBFFCD00,0xEBFFCD00,0xEBFFCD00,0xEBFFCD00,
0xEBFFCD00,0xEBFFCD00,0xEBFFCD00,0xEBFFCD00,0xEBFFCD00,0xC4FFCD00,0x44FFCD00,0x00FFCD00,0x00FFCD00,0x00FFCD00,0x3AFFCD00,0xEBFFCD00,
0xEBFFCD00,0xEBFFCD00,0xEBFFCD00,0xD9FFCD00,0x00FFCD00,0x00FFCD00,0x00FFCD00,0x00FFCD00,0x00FFCD00,0x00FFCD00,0x00FFCD00,0x00FFCD00,
0x00FFCD00,0x00FFCD00,0x00FFCD00,0x00FFCD00,0x00FFCD00,0x00FFCD00,0x00FFCD00,0x00FFCD00,0x00FFCD00,0x00FFCD00,0x00FFCD00,0x00FFCD00,
0x00FFCD00,0x00FFCD00,0x00FFCD00,0x00FFCD00,0x00FFCD00,0x00FFCD00,0x00FFCD00,0x00FFCD00,0x00FFCD00,0x00FFCD00,0x00FFCD00,0x00FFCD00,
0x00FFCD00,0x00FFCD00,0x00FFCD00,0x00FFCD00,0x00FFCD00,0x00FFCD00,0x00FFCD00,0x34FFCD00,0xEBFFCD00,0xEBFFCD00,0xEBFFCD00,0xEBFFCD00,
0xE0FFCD00,0x00FFCD00,0x00FFCD00,0x08FFCD00,0x88FFCD00,0xEBFFCD00,0xEBFFCD00,0xEBFFCD00,0xEBFFCD00,0xEBFFCD00,0xEBFFCD00,0xEBFFCD00,
0xEBFFCD00,0xEBFFCD00,0xEBFFCD00,0xEBFFCD00,0xEBFFCD00,0xEBFFCD00,0xEBFFCD00,0x88FFCD00,0x08FFCD00,0x00FFCD00,0x00FFCD00,0xE0FFCD00,
0xEBFFCD00,0xEBFFCD00,0xEBFFCD00,0xEBFFCD00,0x34FFCD00,0x00FFCD00,0x00FFCD00,0x00FFCD00,0x00FFCD00,0x00FFCD00,0x00FFCD00,0x00FFCD00,
0x00FFCD00,0x00FFCD00,0x00FFCD00,0x00FFCD00,0x00FFCD00,0x00FFCD00,0x00FFCD00,0x00FFCD00,0x00FFCD00,0x00FFCD00,0x00FFCD00,0x00FFCD00,
0x00FFCD00,0x00FFCD00,0x00FFCD00,0x00FFCD00,0x00FFCD00,0x00FFCD00,0x00FFCD00,0x00FFCD00,0x00FFCD00,0x00FFCD00,0x00FFCD00,0x00FFCD00,
0x00FFCD00,0x00FFCD00,0x00FFCD00,0x00FFCD00,0x00FFCD00,0x00FFCD00,0x00FFCD00,0x71FFCD00,0xEBFFCD00,0xEBFFCD00,0xEBFFCD00,0xEBFFCD00,
0xA3FFCD00,0x00FFCD00,0x4DFFCD00,0xCDFFCD00,0xEBFFCD00,0xEBFFCD00,0xEBFFCD00,0xEBFFCD00,0xEBFFCD00,0xEBFFCD00,0xEBFFCD00,0xB3FFCD00,
0xB3FFCD00,0xEBFFCD00,0xEBFFCD00,0xEBFFCD00,0xEBFFCD00,0xEBFFCD00,0xEBFFCD00,0xEBFFCD00,0xCDFFCD00,0x4DFFCD00,0x00FFCD00,0xA3FFCD00,
0xEBFFCD00,0xEBFFCD00,0xEBFFCD00,0xEBFFCD00,0x71FFCD00,0x00FFCD00,0x00FFCD00,0x00FFCD00,0x00FFCD00,0x00FFCD00,0x00FFCD00,0x00FFCD00,
0x00FFCD00,0x00FFCD00,0x00FFCD00,0x00FFCD00,0x00FFCD00,0x00FFCD00,0x00FFCD00,0x00FFCD00,0x00FFCD00,0x00FFCD00,0x00FFCD00,0x00FFCD00,
0x00FFCD00,0x00FFCD00,0x00FFCD00,0x00FFCD00,0x00FFCD00,0x00FFCD00,0x00FFCD00,0x00FFCD00,0x00FFCD00,0x00FFCD00,0x00FFCD00,0x00FFCD00,
0x00FFCD00,0x00FFCD00,0x00FFCD00,0x00FFCD00,0x00FFCD00,0x00FFCD00,0x00FFCD00,0xAEFFCD00,0xEBFFCD00,0xEBFFCD00,0xEBFFCD00,0xEBFFCD00,
0x66FFCD00,0x91FFCD00,0xEBFFCD00,0xEBFFCD00,0xEBFFCD00,0xEBFFCD00,0xEBFFCD00,0xEBFFCD00,0xEBFFCD00,0xEBFFCD00,0x6EFFCD00,0x00FFCD00,
0x00FFCD00,0x6EFFCD00,0xEBFFCD00,0xEBFFCD00,0xEBFFCD00,0xEBFFCD00,0xEBFFCD00,0xEBFFCD00,0xEBFFCD00,0xEBFFCD00,0x91FFCD00,0x66FFCD00,
0xEBFFCD00,0xEBFFCD00,0xEBFFCD00,0xEBFFCD00,0xAEFFCD00,0x00FFCD00,0x00FFCD00,0x00FFCD00,0x00FFCD00,0x00FFCD00,0x00FFCD00,0x00FFCD00,
0x00FFCD00,0x00FFCD00,0x00FFCD00,0x00FFCD00,0x00FFCD00,0x00FFCD00,0x00FFCD00,0x00FFCD00,0x00FFCD00,0x00FFCD00,0x00FFCD00,0x00FFCD00,
0x00FFCD00,0x00FFCD00,0x00FFCD00,0x00FFCD00,0x00FFCD00,0x00FFCD00,0x00FFCD00,0x00FFCD00,0x00FFCD00,0x00FFCD00,0x00FFCD00,0x00FFCD00,
0x00FFCD00,0x00FFCD00,0x00FFCD00,0x00FFCD00,0x00FFCD00,0x00FFCD00,0x08FFCD00,0xEBFFCD00,0xEBFFCD00,0xEBFFCD00,0xEBFFCD00,0xEBFFCD00,
0xD6FFCD00,0xEBFFCD00,0xEBFFCD00,0xEBFFCD00,0xEBFFCD00,0xEBFFCD00,0xEBFFCD00,0xEBFFCD00,0xAAFFCD00,0x29FFCD00,0x00FFCD00,0x00FFCD00,
0x00FFCD00,0x00FFCD00,0x29FFCD00,0xAAFFCD00,0xEBFFCD00,0xEBFFCD00,0xEBFFCD00,0xEBFFCD00,0xEBFFCD00,0xEBFFCD00,0xEBFFCD00,0xD6FFCD00,
0xEBFFCD00,0xEBFFCD00,0xEBFFCD00,0xEBFFCD00,0xEBFFCD00,0x08FFCD00,0x00FFCD00,0x00FFCD00,0x00FFCD00,0x00FFCD00,0x00FFCD00,0x00FFCD00,
0x00FFCD00,0x00FFCD00,0x00FFCD00,0x00FFCD00,0x00FFCD00,0x00FFCD00,0x00FFCD00,0x00FFCD00,0x00FFCD00,0x00FFCD00,0x00FFCD00,0x00FFCD00,
0x00FFCD00,0x00FFCD00,0x00FFCD00,0x00FFCD00,0x00FFCD00,0x00FFCD00,0x00FFCD00,0x00FFCD00,0x00FFCD00,0x00FFCD00,0x00FFCD00,0x00FFCD00,
0x00FFCD00,0x00FFCD00,0x00FFCD00,0x00FFCD00,0x00FFCD00,0x00FFCD00,0x45FFCD00,0xEBFFCD00,0xEBFFCD00,0xEBFFCD00,0xEBFFCD00,0xEBFFCD00,
0xEBFFCD00,0xEBFFCD00,0xEBFFCD00,0xEBFFCD00,0xEBFFCD00,0xEBFFCD00,0xE5FFCD00,0x65FFCD00,0x00FFCD00,0x00FFCD00,0x00FFCD00,0x00FFCD00,
0x00FFCD00,0x00FFCD00,0x00FFCD00,0x00FFCD00,0x65FFCD00,0xE5FFCD00,0xEBFFCD00,0xEBFFCD00,0xEBFFCD00,0xEBFFCD00,0xEBFFCD00,0xEBFFCD00,
0xEBFFCD00,0xEBFFCD00,0xEBFFCD00,0xEBFFCD00,0xEBFFCD00,0x45FFCD00,0x00FFCD00,0x00FFCD00,0x00FFCD00,0x00FFCD00,0x00FFCD00,0x00FFCD00,
0x00FFCD00,0x00FFCD00,0x00FFCD00,0x00FFCD00,0x00FFCD00,0x00FFCD00,0x00FFCD00,0x00FFCD00,0x00FFCD00,0x00FFCD00,0x00FFCD00,0x00FFCD00,
0x00FFCD00,0x00FFCD00,0x00FFCD00,0x00FFCD00,0x00FFCD00,0x00FFCD00,0x00FFCD00,0x00FFCD00,0x00FFCD00,0x00FFCD00,0x00FFCD00,0x00FFCD00,
0x00FFCD00,0x00FFCD00,0x00FFCD00,0x00FFCD00,0x00FFCD00,0x00FFCD00,0x83FFCD00,0xEBFFCD00,0xEBFFCD00,0xEBFFCD00,0xEBFFCD00,0xEBFFCD00,
0xEBFFCD00,0xEBFFCD00,0xEBFFCD00,0xEBFFCD00,0xEBFFCD00,0xA1FFCD00,0x21FFCD00,0x00FFCD00,0x00FFCD00,0x00FFCD00,0x00FFCD00,0x00FFCD00,
0x00FFCD00,0x00FFCD00,0x00FFCD00,0x00FFCD00,0x00FFCD00,0x21FFCD00,0xA1FFCD00,0xEBFFCD00,0xEBFFCD00,0xEBFFCD00,0xEBFFCD00,0xEBFFCD00,
0xEBFFCD00,0xEBFFCD00,0xEBFFCD00,0xEBFFCD00,0xEBFFCD00,0x83FFCD00,0x00FFCD00,0x00FFCD00,0x00FFCD00,0x00FFCD00,0x00FFCD00,0x00FFCD00,
0x00FFCD00,0x00FFCD00,0x00FFCD00,0x00FFCD00,0x00FFCD00,0x00FFCD00,0x00FFCD00,0x00FFCD00,0x00FFCD00,0x00FFCD00,0x00FFCD00,0x00FFCD00,
0x00FFCD00,0x00FFCD00,0x00FFCD00,0x00FFCD00,0x00FFCD00,0x00FFCD00,0x00FFCD00,0x00FFCD00,0x00FFCD00,0x00FFCD00,0x00FFCD00,0x00FFCD00,
0x00FFCD00,0x00FFCD00,0x00FFCD00,0x00FFCD00,0x00FFCD00,0x00FFCD00,0xC0FFCD00,0xEBFFCD00,0xEBFFCD00,0xEBFFCD00,0xEBFFCD00,0xEBFFCD00,
0xEBFFCD00,0xEBFFCD00,0xEBFFCD00,0xDDFFCD00,0x5CFFCD00,0x00FFCD00,0x00FFCD00,0x00FFCD00,0x00FFCD00,0x00FFCD00,0x00FFCD00,0x00FFCD00,
0x00FFCD00,0x00FFCD00,0x00FFCD00,0x00FFCD00,0x00FFCD00,0x00FFCD00,0x00FFCD00,0x5CFFCD00,0xDDFFCD00,0xEBFFCD00,0xEBFFCD00,0xEBFFCD00,
0xEBFFCD00,0xEBFFCD00,0xEBFFCD00,0xEBFFCD00,0xEBFFCD00,0xC0FFCD00,0x00FFCD00,0x00FFCD00,0x00FFCD00,0x00FFCD00,0x00FFCD00,0x00FFCD00,
0x00FFCD00,0x00FFCD00,0x00FFCD00,0x00FFCD00,0x00FFCD00,0x00FFCD00,0x00FFCD00,0x00FFCD00,0x00FFCD00,0x00FFCD00,0x00FFCD00,0x00FFCD00,
0x00FFCD00,0x00FFCD00,0x00FFCD00,0x00FFCD00,0x00FFCD00,0x00FFCD00,0x00FFCD00,0x00FFCD00,0x00FFCD00,0x00FFCD00,0x00FFCD00,0x00FFCD00,
0x00FFCD00,0x00FFCD00,0x00FFCD00,0x00FFCD00,0x00FFCD00,0x1AFFCD00,0xEBFFCD00,0xEBFFCD00,0xEBFFCD00,0xEBFFCD00,0xEBFFCD00,0xEBFFCD00,
0xEBFFCD00,0xEBFFCD00,0x98FFCD00,0x18FFCD00,0x00FFCD00,0x00FFCD00,0x00FFCD00,0x00FFCD00,0x00FFCD00,0x00FFCD00,0x00FFCD00,0x00FFCD00,
0x00FFCD00,0x00FFCD00,0x00FFCD00,0x00FFCD00,0x00FFCD00,0x00FFCD00,0x00FFCD00,0x00FFCD00,0x18FFCD00,0x98FFCD00,0xEBFFCD00,0xEBFFCD00,
0xEBFFCD00,0xEBFFCD00,0xEBFFCD00,0xEBFFCD00,0xEBFFCD00,0xEBFFCD00,0x1AFFCD00,0x00FFCD00,0x00FFCD00,0x00FFCD00,0x00FFCD00,0x00FFCD00,
0x00FFCD00,0x00FFCD00,0x00FFCD00,0x00FFCD00,0x00FFCD00,0x00FFCD00,0x00FFCD00,0x00FFCD00,0x00FFCD00,0x00FFCD00,0x00FFCD00,0x00FFCD00,
0x00FFCD00,0x00FFCD00,0x00FFCD00,0x00FFCD00,0x00FFCD00,0x00FFCD00,0x00FFCD00,0x00FFCD00,0x00FFCD00,0x00FFCD00,0x00FFCD00,0x00FFCD00,
0x00FFCD00,0x00FFCD00,0x00FFCD00,0x00FFCD00,0x00FFCD00,0x52FFCD00,0xEBFFCD00,0xEBFFCD00,0xEBFFCD00,0xEBFFCD00,0xEBFFCD00,0xEBFFCD00,
0xD4FFCD00,0x54FFCD00,0x00FFCD00,0x00FFCD00,0x00FFCD00,0x00FFCD00,0x00FFCD00,0x00FFCD00,0x00FFCD00,0x00FFCD00,0x00FFCD00,0x00FFCD00,
0x00FFCD00,0x00FFCD00,0x00FFCD00,0x00FFCD00,0x00FFCD00,0x00FFCD00,0x00FFCD00,0x00FFCD00,0x00FFCD00,0x00FFCD00,0x54FFCD00,0xD4FFCD00,
0xEBFFCD00,0xEBFFCD00,0xEBFFCD00,0xEBFFCD00,0xEBFFCD00,0xEBFFCD00,0x52FFCD00,0x00FFCD00,0x00FFCD00,0x00FFCD00,0x00FFCD00,0x00FFCD00,
0x00FFCD00,0x00FFCD00,0x00FFCD00,0x00FFCD00,0x00FFCD00,0x00FFCD00,0x00FFCD00,0x00FFCD00,0x00FFCD00,0x00FFCD00,0x00FFCD00,0x00FFCD00,
0x00FFCD00,0x00FFCD00,0x00FFCD00,0x00FFCD00,0x00FFCD00,0x00FFCD00,0x00FFCD00,0x00FFCD00,0x00FFCD00,0x00FFCD00,0x00FFCD00,0x00FFCD00,
0x00FFCD00,0x00FFCD00,0x00FFCD00,0x00FFCD00,0x00FFCD00,0x44FFCD00,0xEBFFCD00,0xEBFFCD00,0xEBFFCD00,0xEBFFCD00,0xEBFFCD00,0x8FFFCD00,
0x0FFFCD00,0x00FFCD00,0x00FFCD00,0x00FFCD00,0x00FFCD00,0x00FFCD00,0x00FFCD00,0x00FFCD00,0x00FFCD00,0x00FFCD00,0x00FFCD00,0x00FFCD00,
0x00FFCD00,0x00FFCD00,0x00FFCD00,0x00FFCD00,0x00FFCD00,0x00FFCD00,0x00FFCD00,0x00FFCD00,0x00FFCD00,0x00FFCD00,0x00FFCD00,0x0FFFCD00,
0x8FFFCD00,0xEBFFCD00,0xEBFFCD00,0xEBFFCD00,0xEBFFCD00,0xEBFFCD00,0x44FFCD00,0x00FFCD00,0x00FFCD00,0x00FFCD00,0x00FFCD00,0x00FFCD00,
0x00FFCD00,0x00FFCD00,0x00FFCD00,0x00FFCD00,0x00FFCD00,0x00FFCD00,0x00FFCD00,0x00FFCD00,0x00FFCD00,0x00FFCD00,0x00FFCD00,0x00FFCD00,
0x00FFCD00,0x00FFCD00,0x00FFCD00,0x00FFCD00,0x00FFCD00,0x00FFCD00,0x00FFCD00,0x00FFCD00,0x00FFCD00,0x00FFCD00,0x00FFCD00,0x00FFCD00,
0x00FFCD00,0x00FFCD00,0x00FFCD00,0x00FFCD00,0x00FFCD00,0x00FFCD00,0x9FFFCD00,0xEBFFCD00,0xEBFFCD00,0xCBFFCD00,0x4BFFCD00,0x00FFCD00,
0x00FFCD00,0x00FFCD00,0x00FFCD00,0x00FFCD00,0x00FFCD00,0x00FFCD00,0x00FFCD00,0x00FFCD00,0x00FFCD00,0x00FFCD00,0x00FFCD00,0x00FFCD00,
0x00FFCD00,0x00FFCD00,0x00FFCD00,0x00FFCD00,0x00FFCD00,0x00FFCD00,0x00FFCD00,0x00FFCD00,0x00FFCD00,0x00FFCD00,0x00FFCD00,0x00FFCD00,
0x00FFCD00,0x4BFFCD00,0xCBFFCD00,0xEBFFCD00,0xEBFFCD00,0x9FFFCD00,0x00FFCD00,0x00FFCD00,0x00FFCD00,0x00FFCD00,0x00FFCD00,0x00FFCD00,
0x00FFCD00,0x00FFCD00,0x00FFCD00,0x00FFCD00,0x00FFCD00,0x00FFCD00,0x00FFCD00,0x00FFCD00,0x00FFCD00,0x00FFCD00,0x00FFCD00,0x00FFCD00,
0x00FFCD00,0x00FFCD00,0x00FFCD00,0x00FFCD00,0x00FFCD00,0x00FFCD00,0x00FFCD00,0x00FFCD00,0x00FFCD00,0x00FFCD00,0x00FFCD00,0x00FFCD00,
0x00FFCD00,0x00FFCD00,0x00FFCD00,0x00FFCD00,0x00FFCD00,0x00FFCD00,0x00FFCD00,0x3FFFCD00,0x4BFFCD00,0x03FFCD00,0x00FFCD00,0x00FFCD00,
0x00FFCD00,0x00FFCD00,0x00FFCD00,0x00FFCD00,0x00FFCD00,0x00FFCD00,0x00FFCD00,0x00FFCD00,0x00FFCD00,0x00FFCD00,0x00FFCD00,0x00FFCD00,
0x00FFCD00,0x00FFCD00,0x00FFCD00,0x00FFCD00,0x00FFCD00,0x00FFCD00,0x00FFCD00,0x00FFCD00,0x00FFCD00,0x00FFCD00,0x00FFCD00,0x00FFCD00,
0x00FFCD00,0x00FFCD00,0x03FFCD00,0x4BFFCD00,0x3FFFCD00,0x00FFCD00,0x00FFCD00,0x00FFCD00,0x00FFCD00,0x00FFCD00,0x00FFCD00,0x00FFCD00,
0x00FFCD00,0x00FFCD00,0x00FFCD00,0x00FFCD00,0x00FFCD00,0x00FFCD00,0x00FFCD00,0x00FFCD00,0x00FFCD00,0x00FFCD00,0x00FFCD00,0x00FFCD00,
0x00FFCD00,0x00FFCD00,0x00FFCD00,0x00FFCD00,0x00FFCD00,0x00FFCD00,0x00FFCD00,0x00FFCD00,0x00FFCD00,0x00FFCD00,0x00FFCD00,0x00FFCD00,
0x00FFCD00,0x00FFCD00,0x00FFCD00,0x00FFCD00,0x00FFCD00,0x00FFCD00,0x00FFCD00,0x00FFCD00,0x00FFCD00,0x00FFCD00,0x00FFCD00,0x00FFCD00,
0x00FFCD00,0x00FFCD00,0x00FFCD00,0x00FFCD00,0x00FFCD00,0x00FFCD00,0x00FFCD00,0x00FFCD00,0x00FFCD00,0x00FFCD00,0x00FFCD00,0x00FFCD00,
0x00FFCD00,0x00FFCD00,0x00FFCD00,0x00FFCD00,0x00FFCD00,0x00FFCD00,0x00FFCD00,0x00FFCD00,0x00FFCD00,0x00FFCD00,0x00FFCD00,0x00FFCD00,
0x00FFCD00,0x00FFCD00,0x00FFCD00,0x00FFCD00,0x00FFCD00,0x00FFCD00,0x00FFCD00,0x00FFCD00,0x00FFCD00,0x00FFCD00,0x00FFCD00,0x00FFCD00,
0x00FFCD00,0x00FFCD00,0x00FFCD00,0x00FFCD00,0x00FFCD00,0x00FFCD00,0x00FFCD00,0x00FFCD00,0x00FFCD00,0x00FFCD00,0x00FFCD00,0x00FFCD00,
0x00FFCD00,0x00FFCD00,0x00FFCD00,0x00FFCD00,0x00FFCD00,0x00FFCD00,0x00FFCD00,0x00FFCD00,0x00FFCD00,0x00FFCD00,0x00FFCD00,0x00FFCD00,
0x00FFCD00,0x00FFCD00,0x00FFCD00,0x00FFCD00,0x00FFCD00,0x00FFCD00,0x00FFCD00,0x00FFCD00,0x00FFCD00,0x00FFCD00,0x00FFCD00,0x00FFCD00,
0x00FFCD00,0x00FFCD00,0x00FFCD00,0x00FFCD00,0x00FFCD00,0x00FFCD00,0x00FFCD00,0x00FFCD00,0x00FFCD00,0x00FFCD00,0x00FFCD00,0x00FFCD00,
0x00FFCD00,0x00FFCD00,0x00FFCD00,0x00FFCD00,0x00FFCD00,0x00FFCD00,0x00FFCD00,0x00FFCD00,0x00FFCD00,0x00FFCD00,0x00FFCD00,0x00FFCD00,
0x00FFCD00,0x00FFCD00,0x00FFCD00,0x00FFCD00,0x00FFCD00,0x00FFCD00,0x00FFCD00,0x00FFCD00,0x00FFCD00,0x00FFCD00,0x00FFCD00,0x00FFCD00,
0x00FFCD00,0x00FFCD00,0x00FFCD00,0x00FFCD00,0x00FFCD00,0x00FFCD00,0x00FFCD00,0x00FFCD00,0x00FFCD00,0x00FFCD00,0x00FFCD00,0x00FFCD00,
0x00FFCD00,0x00FFCD00,0x00FFCD00,0x00FFCD00,0x00FFCD00,0x00FFCD00,0x00FFCD00,0x00FFCD00,0x00FFCD00,0x00FFCD00,0x00FFCD00,0x00FFCD00,
0x00FFCD00,0x00FFCD00,0x00FFCD00,0x00FFCD00,0x00FFCD00,0x00FFCD00,0x00FFCD00,0x00FFCD00,0x00FFCD00,0x00FFCD00,0x00FFCD00,0x00FFCD00,
0x00FFCD00,0x00FFCD00,0x00FFCD00,0x00FFCD00,0x00FFCD00,0x00FFCD00,0x00FFCD00,0x00FFCD00,0x00FFCD00,0x00FFCD00,0x00FFCD00,0x00FFCD00,
0x00FFCD00,0x00FFCD00,0x00FFCD00,0x00FFCD00,0x00FFCD00,0x00FFCD00,0x00FFCD00,0x00FFCD00,0x00FFCD00,0x00FFCD00,0x00FFCD00,0x00FFCD00,
0x00FFCD00,0x00FFCD00,0x00FFCD00,0x00FFCD00,0x00FFCD00,0x00FFCD00,0x00FFCD00,0x00FFCD00,0x00FFCD00,0x00FFCD00,0x00FFCD00,0x00FFCD00,
0x00FFCD00,0x00FFCD00,0x00FFCD00,0x00FFCD00,0x00FFCD00,0x00FFCD00,0x00FFCD00,0x00FFCD00,0x00FFCD00,0x00FFCD00,0x00FFCD00,0x00FFCD00,
0x00FFCD00,0x00FFCD00,0x00FFCD00,0x00FFCD00,0x00FFCD00,0x00FFCD00,0x00FFCD00,0x00FFCD00,0x00FFCD00,0x00FFCD00,0x00FFCD00,0x00FFCD00,
0x00FFCD00,0x00FFCD00,0x00FFCD00,0x00FFCD00,0x00FFCD00,0x00FFCD00,0x00FFCD00,0x00FFCD00,0x00FFCD00,0x00FFCD00,0x00FFCD00,0x00FFCD00,
0x00FFCD00,0x00FFCD00,0x00FFCD00,0x00FFCD00,0x00FFCD00,0x00FFCD00,0x00FFCD00,0x00FFCD00,0x00FFCD00,0x00FFCD00,0x00FFCD00,0x00FFCD00,
0x00FFCD00,0x00FFCD00,0x00FFCD00,0x00FFCD00,0x00FFCD00,0x00FFCD00,0x00FFCD00,0x00FFCD00,0x00FFCD00,0x00FFCD00,0x00FFCD00,0x00FFCD00,
0x00FFCD00,0x00FFCD00,0x00FFCD00,0x00FFCD00,0x00FFCD00,0x00FFCD00,0x00FFCD00,0x00FFCD00,0x00FFCD00,0x00FFCD00,0x00FFCD00,0x00FFCD00,
0x00FFCD00,0x00FFCD00,0x00FFCD00,0x00FFCD00,0x00FFCD00,0x00FFCD00,0x00FFCD00,0x00FFCD00,0x00FFCD00,0x00FFCD00,0x00FFCD00,0x00FFCD00,
0x00FFCD00,0x00FFCD00,0x00FFCD00,0x00FFCD00,0x00FFCD00,0x00FFCD00,0x00FFCD00,0x00FFCD00,0x00FFCD00,0x00FFCD00,0x00FFCD00,0x00FFCD00,
0x00FFCD00,0x00FFCD00,0x00FFCD00,0x00FFCD00,0x00FFCD00,0x00FFCD00,0x00FFCD00,0x00FFCD00,0x00FFCD00,0x00FFCD00,0x00FFCD00,0x00FFCD00,
0x00FFCD00,0x00FFCD00,0x00FFCD00,0x00FFCD00,0x00FFCD00,0x00FFCD00,0x00FFCD00,0x00FFCD00,0x00FFCD00,0x00FFCD00,0x00FFCD00,0x00FFCD00,
0x00FFCD00,0x00FFCD00,0x00FFCD00,0x00FFCD00,0x00FFCD00,0x00FFCD00,0x00FFCD00,0x00FFCD00,0x00FFCD00,0x00FFCD00,0x00FFCD00,0x00FFCD00,
0x00FFCD00,0x00FFCD00,0x00FFCD00,0x00FFCD00,0x00FFCD00,0x00FFCD00,0x00FFCD00,0x00FFCD00,0x00FFCD00,0x00FFCD00,0x00FFCD00,0x00FFCD00,
0x00FFCD00,0x00FFCD00,0x00FFCD00,0x00FFCD00,0x00FFCD00,0x00FFCD00,0x00FFCD00,0x00FFCD00,0x00FFCD00,0x00FFCD00,0x00FFCD00,0x00FFCD00,
0x00FFCD00,0x00FFCD00,0x00FFCD00,0x00FFCD00,0x00FFCD00,0x00FFCD00,0x00FFCD00,0x00FFCD00,0x00FFCD00,0x00FFCD00,0x00FFCD00,0x00FFCD00,
0x00FFCD00,0x00FFCD00,0x00FFCD00,0x00FFCD00,0x00FFCD00,0x00FFCD00,0x00FFCD00,0x00FFCD00,0x00FFCD00,0x00FFCD00,0x00FFCD00,0x00FFCD00,
0x00FFCD00,0x00FFCD00,0x00FFCD00,0x00FFCD00,0x00FFCD00,0x00FFCD00,0x00FFCD00,0x00FFCD00,0x00FFCD00,0x00FFCD00,0x00FFCD00,0x00FFCD00,
0x00FFCD00,0x00FFCD00,0x00FFCD00,0x00FFCD00,0x00FFCD00,0x00FFCD00,0x00FFCD00,0x00FFCD00,0x00FFCD00,0x00FFCD00,0x00FFCD00,0x00FFCD00,
0x00FFCD00,0x00FFCD00,0x00FFCD00,0x00FFCD00,0x00FFCD00,0x00FFCD00,0x00FFCD00,0x00FFCD00,0x00FFCD00,0x00FFCD00,0x00FFCD00,0x00FFCD00,
0x00FFCD00,0x00FFCD00,0x00FFCD00,0x00FFCD00,0x00FFCD00,0x00FFCD00,0x00FFCD00,0x00FFCD00,0x00FFCD00,0x00FFCD00,0x00FFCD00,0x00FFCD00,
0x00FFCD00,0x00FFCD00,0x00FFCD00,0x00FFCD00,0x00FFCD00,0x00FFCD00,0x00FFCD00,0x00FFCD00,0x00FFCD00,0x00FFCD00,0x00FFCD00,0x00FFCD00,
0x00FFCD00,0x00FFCD00,0x00FFCD00,0x00FFCD00,0x00FFCD00,0x00FFCD00,0x00FFCD00,0x00FFCD00,0x00FFCD00,0x00FFCD00,0x00FFCD00,0x00FFCD00,
0x00FFCD00,0x00FFCD00,0x00FFCD00,0x00FFCD00,0x00FFCD00,0x00FFCD00,0x00FFCD00,0x00FFCD00,0x00FFCD00,0x00FFCD00,0x00FFCD00,0x00FFCD00,
0x00FFCD00,0x00FFCD00,0x00FFCD00,0x00FFCD00,0x00FFCD00,0x00FFCD00,0x00FFCD00,0x00FFCD00,0x00FFCD00,0x00FFCD00,0x00FFCD00,0x00FFCD00,
0x00FFCD00,0x00FFCD00,0x00FFCD00,0x00FFCD00,0x00FFCD00,0x00FFCD00,0x00FFCD00,0x00FFCD00,0x00FFCD00,0x00FFCD00,0x00FFCD00,0x00FFCD00,
0x00FFCD00,0x00FFCD00,0x00FFCD00,0x00FFCD00,0x00FFCD00,0x00FFCD00,0x00FFCD00,0x00FFCD00,0x00FFCD00,0x00FFCD00,0x00FFCD00,0x00FFCD00,
0x00FFCD00,0x00FFCD00,0x00FFCD00,0x00FFCD00,0x00FFCD00,0x00FFCD00,0x00FFCD00,0x00FFCD00,0x00FFCD00,0x00FFCD00,0x00FFCD00,0x00FFCD00,
0x00FFCD00,0x00FFCD00,0x00FFCD00,0x00FFCD00,0x00FFCD00,0x00FFCD00,0x00FFCD00,0x00FFCD00,0x00FFCD00,0x00FFCD00,0x00FFCD00,0x00FFCD00,
0x00FFCD00,0x00FFCD00,0x00FFCD00,0x00FFCD00,0x00FFCD00,0x00FFCD00,0x00FFCD00,0x00FFCD00,0x00FFCD00,0x00FFCD00,0x00FFCD00,0x00FFCD00,
0x00FFCD00,0x00FFCD00,0x00FFCD00,0x00FFCD00,0x00FFCD00,0x00FFCD00,0x00FFCD00,0x00FFCD00,0x00FFCD00,0x00FFCD00,0x00FFCD00,0x00FFCD00,
0x00FFCD00,0x00FFCD00,0x00FFCD00,0x00FFCD00,0x00FFCD00,0x00FFCD00,0x00FFCD00,0x00FFCD00,0x00FFCD00,0x00FFCD00,0x00FFCD00,0x00FFCD00,
0x00FFCD00,0x00FFCD00,0x00FFCD00,0x00FFCD00,0x00FFCD00,0x00FFCD00,0x00FFCD00,0x00FFCD00,0x00FFCD00,0x00FFCD00,0x00FFCD00,0x00FFCD00,
0x00FFCD00,0x00FFCD00,0x00FFCD00,0x00FFCD00,0x00FFCD00,0x00FFCD00,0x00FFCD00,0x00FFCD00,0x00FFCD00,0x00FFCD00,0x00FFCD00,0x00FFCD00,
0x00FFCD00,0x00FFCD00,0x00FFCD00,0x00FFCD00,0x00FFCD00,0x00FFCD00,0x00FFCD00,0x00FFCD00,0x00FFCD00,0x00FFCD00,0x00FFCD00,0x00FFCD00,
0x00FFCD00,0x00FFCD00,0x00FFCD00,0x00FFCD00,0x00FFCD00,0x00FFCD00,0x00FFCD00,0x00FFCD00,0x00FFCD00,0x00FFCD00,0x00FFCD00,0x00FFCD00,
0x00FFCD00,0x00FFCD00,0x00FFCD00,0x00FFCD00,0x00FFCD00,0x00FFCD00,0x00FFCD00,0x00FFCD00,0x00FFCD00,0x00FFCD00,0x00FFCD00,0x00FFCD00,
0x00FFCD00,0x00FFCD00,0x00FFCD00,0x00FFCD00,0x00FFCD00,0x00FFCD00,0x00FFCD00,0x00FFCD00,0x00FFCD00,0x00FFCD00,0x00FFCD00,0x00FFCD00,
0x00FFCD00,0x00FFCD00,0x00FFCD00,0x00FFCD00,0x00FFCD00,0x00FFCD00,0x00FFCD00,0x00FFCD00,0x00FFCD00,0x00FFCD00,0x00FFCD00,0x00FFCD00,
0x00FFCD00,0x00FFCD00,0x00FFCD00,0x00FFCD00,0x00FFCD00,0x00FFCD00,0x00FFCD00,0x00FFCD00,0x00FFCD00,0x00FFCD00,0x00FFCD00,0x00FFCD00,
0x00FFCD00,0x00FFCD00,0x00FFCD00,0x00FFCD00,0x00FFCD00,0x00FFCD00,0x00FFCD00,0x00FFCD00,0x00FFCD00,0x00FFCD00,0x00FFCD00,0x00FFCD00,
0x00FFCD00,0x00FFCD00,0x00FFCD00,0x00FFCD00,0x00FFCD00,0x00FFCD00,0x00FFCD00,0x00FFCD00,0x00FFCD00,0x00FFCD00,0x00FFCD00,0x00FFCD00,
0x00FFCD00,0x00FFCD00,0x00FFCD00,0x00FFCD00,0x00FFCD00,0x00FFCD00,0x00FFCD00,0x00FFCD00,0x00FFCD00,0x00FFCD00,0x00FFCD00,0x00FFCD00,
0x00FFCD00,0x00FFCD00,0x00FFCD00,0x00FFCD00,0x00FFCD00,0x00FFCD00,0x00FFCD00,0x00FFCD00,0x00FFCD00,0x00FFCD00,0x00FFCD00,0x00FFCD00,
0x00FFCD00,0x00FFCD00,0x00FFCD00,0x00FFCD00,0x00FFCD00,0x00FFCD00,0x00FFCD00,0x00FFCD00,0x00FFCD00,0x00FFCD00,0x00FFCD00,0x00FFCD00,
0x00FFCD00,0x00FFCD00,0x00FFCD00,0x00FFCD00,0x00FFCD00,0x00FFCD00,0x00FFCD00,0x00FFCD00,0x00FFCD00,0x00FFCD00,0x00FFCD00,0x00FFCD00,
0x00FFCD00,0x00FFCD00,0x00FFCD00,0x00FFCD00,0x00FFCD00,0x00FFCD00,0x00FFCD00,0x00FFCD00,0x00FFCD00,0x00FFCD00,0x00FFCD00,0x00FFCD00,
0x00FFCD00,0x00FFCD00,0x00FFCD00,0x00FFCD00,0x00FFCD00,0x00FFCD00,0x00FFCD00,0x00FFCD00,0x00FFCD00,0x00FFCD00,0x00FFCD00,0x00FFCD00,
0x00FFCD00,0x00FFCD00,0x00FFCD00,0x00FFCD00,0x00FFCD00,0x00FFCD00,0x00FFCD00,0x00FFCD00,0x00FFCD00,0x00FFCD00,0x00FFCD00,0x00FFCD00,
0x00FFCD00,0x00FFCD00,0x00FFCD00,0x00FFCD00,0x00FFCD00,0x00FFCD00,0x00FFCD00,0x00FFCD00,0x00FFCD00,0x00FFCD00,0x00FFCD00,0x00FFCD00,
0x00FFCD00,0x00FFCD00,0x00FFCD00,0x00FFCD00,0x00FFCD00,0x00FFCD00,0x00FFCD00,0x00FFCD00,0x00FFCD00,0x00FFCD00,0x00FFCD00,0x00FFCD00,
};

#define EVO_ICON_SETTINGS_W 72
#define EVO_ICON_SETTINGS_H 72
static const unsigned int EVO_ICON_SETTINGS[5184]={
0x00FFCD00,0x00FFCD00,0x00FFCD00,0x00FFCD00,0x00FFCD00,0x00FFCD00,0x00FFCD00,0x00FFCD00,0x00FFCD00,0x00FFCD00,0x00FFCD00,0x00FFCD00,
0x00FFCD00,0x00FFCD00,0x00FFCD00,0x00FFCD00,0x00FFCD00,0x00FFCD00,0x00FFCD00,0x00FFCD00,0x00FFCD00,0x00FFCD00,0x00FFCD00,0x00FFCD00,
0x00FFCD00,0x00FFCD00,0x00FFCD00,0x00FFCD00,0x00FFCD00,0x00FFCD00,0x00FFCD00,0x00FFCD00,0x00FFCD00,0x00FFCD00,0x00FFCD00,0x00FFCD00,
0x00FFCD00,0x00FFCD00,0x00FFCD00,0x00FFCD00,0x00FFCD00,0x00FFCD00,0x00FFCD00,0x00FFCD00,0x00FFCD00,0x00FFCD00,0x00FFCD00,0x00FFCD00,
0x00FFCD00,0x00FFCD00,0x00FFCD00,0x00FFCD00,0x00FFCD00,0x00FFCD00,0x00FFCD00,0x00FFCD00,0x00FFCD00,0x00FFCD00,0x00FFCD00,0x00FFCD00,
0x00FFCD00,0x00FFCD00,0x00FFCD00,0x00FFCD00,0x00FFCD00,0x00FFCD00,0x00FFCD00,0x00FFCD00,0x00FFCD00,0x00FFCD00,0x00FFCD00,0x00FFCD00,
0x00FFCD00,0x00FFCD00,0x00FFCD00,0x00FFCD00,0x00FFCD00,0x00FFCD00,0x00FFCD00,0x00FFCD00,0x00FFCD00,0x00FFCD00,0x00FFCD00,0x00FFCD00,
0x00FFCD00,0x00FFCD00,0x00FFCD00,0x00FFCD00,0x00FFCD00,0x00FFCD00,0x00FFCD00,0x00FFCD00,0x00FFCD00,0x00FFCD00,0x00FFCD00,0x00FFCD00,
0x00FFCD00,0x00FFCD00,0x00FFCD00,0x00FFCD00,0x00FFCD00,0x00FFCD00,0x00FFCD00,0x00FFCD00,0x00FFCD00,0x00FFCD00,0x00FFCD00,0x00FFCD00,
0x00FFCD00,0x00FFCD00,0x00FFCD00,0x00FFCD00,0x00FFCD00,0x00FFCD00,0x00FFCD00,0x00FFCD00,0x00FFCD00,0x00FFCD00,0x00FFCD00,0x00FFCD00,
0x00FFCD00,0x00FFCD00,0x00FFCD00,0x00FFCD00,0x00FFCD00,0x00FFCD00,0x00FFCD00,0x00FFCD00,0x00FFCD00,0x00FFCD00,0x00FFCD00,0x00FFCD00,
0x00FFCD00,0x00FFCD00,0x00FFCD00,0x00FFCD00,0x00FFCD00,0x00FFCD00,0x00FFCD00,0x00FFCD00,0x00FFCD00,0x00FFCD00,0x00FFCD00,0x00FFCD00,
0x00FFCD00,0x00FFCD00,0x00FFCD00,0x00FFCD00,0x00FFCD00,0x00FFCD00,0x00FFCD00,0x00FFCD00,0x00FFCD00,0x00FFCD00,0x00FFCD00,0x00FFCD00,
0x00FFCD00,0x00FFCD00,0x00FFCD00,0x00FFCD00,0x00FFCD00,0x00FFCD00,0x00FFCD00,0x00FFCD00,0x00FFCD00,0x00FFCD00,0x00FFCD00,0x00FFCD00,
0x00FFCD00,0x00FFCD00,0x00FFCD00,0x00FFCD00,0x00FFCD00,0x00FFCD00,0x00FFCD00,0x00FFCD00,0x00FFCD00,0x00FFCD00,0x00FFCD00,0x00FFCD00,
0x00FFCD00,0x00FFCD00,0x00FFCD00,0x00FFCD00,0x00FFCD00,0x00FFCD00,0x00FFCD00,0x00FFCD00,0x00FFCD00,0x00FFCD00,0x00FFCD00,0x00FFCD00,
0x00FFCD00,0x00FFCD00,0x00FFCD00,0x00FFCD00,0x00FFCD00,0x00FFCD00,0x00FFCD00,0x00FFCD00,0x00FFCD00,0x00FFCD00,0x00FFCD00,0x00FFCD00,
0x00FFCD00,0x00FFCD00,0x00FFCD00,0x00FFCD00,0x00FFCD00,0x00FFCD00,0x00FFCD00,0x00FFCD00,0x00FFCD00,0x00FFCD00,0x00FFCD00,0x00FFCD00,
0x00FFCD00,0x00FFCD00,0x00FFCD00,0x00FFCD00,0x00FFCD00,0x00FFCD00,0x00FFCD00,0x00FFCD00,0x00FFCD00,0x00FFCD00,0x00FFCD00,0x00FFCD00,
0x00FFCD00,0x00FFCD00,0x00FFCD00,0x00FFCD00,0x00FFCD00,0x00FFCD00,0x00FFCD00,0x00FFCD00,0x00FFCD00,0x00FFCD00,0x00FFCD00,0x00FFCD00,
0x00FFCD00,0x00FFCD00,0x00FFCD00,0x00FFCD00,0x00FFCD00,0x00FFCD00,0x00FFCD00,0x00FFCD00,0x00FFCD00,0x00FFCD00,0x00FFCD00,0x00FFCD00,
0x00FFCD00,0x00FFCD00,0x00FFCD00,0x00FFCD00,0x00FFCD00,0x00FFCD00,0x00FFCD00,0x00FFCD00,0x00FFCD00,0x00FFCD00,0x00FFCD00,0x00FFCD00,
0x00FFCD00,0x00FFCD00,0x00FFCD00,0x00FFCD00,0x00FFCD00,0x00FFCD00,0x00FFCD00,0x00FFCD00,0x00FFCD00,0x00FFCD00,0x00FFCD00,0x00FFCD00,
0x00FFCD00,0x00FFCD00,0x00FFCD00,0x00FFCD00,0x00FFCD00,0x00FFCD00,0x00FFCD00,0x00FFCD00,0x00FFCD00,0x00FFCD00,0x00FFCD00,0x00FFCD00,
0x00FFCD00,0x00FFCD00,0x00FFCD00,0x00FFCD00,0x00FFCD00,0x00FFCD00,0x00FFCD00,0x00FFCD00,0x00FFCD00,0x00FFCD00,0x00FFCD00,0x00FFCD00,
0x00FFCD00,0x00FFCD00,0x00FFCD00,0x00FFCD00,0x00FFCD00,0x00FFCD00,0x00FFCD00,0x00FFCD00,0x00FFCD00,0x00FFCD00,0x00FFCD00,0x00FFCD00,
0x00FFCD00,0x00FFCD00,0x00FFCD00,0x00FFCD00,0x00FFCD00,0x00FFCD00,0x00FFCD00,0x00FFCD00,0x00FFCD00,0x00FFCD00,0x42FFCD00,0x70FFCD00,
0x70FFCD00,0x42FFCD00,0x00FFCD00,0x00FFCD00,0x00FFCD00,0x00FFCD00,0x00FFCD00,0x00FFCD00,0x00FFCD00,0x00FFCD00,0x00FFCD00,0x00FFCD00,
0x00FFCD00,0x00FFCD00,0x00FFCD00,0x00FFCD00,0x00FFCD00,0x00FFCD00,0x00FFCD00,0x00FFCD00,0x00FFCD00,0x00FFCD00,0x00FFCD00,0x00FFCD00,
0x00FFCD00,0x00FFCD00,0x00FFCD00,0x00FFCD00,0x00FFCD00,0x00FFCD00,0x00FFCD00,0x00FFCD00,0x00FFCD00,0x00FFCD00,0x00FFCD00,0x00FFCD00,
0x00FFCD00,0x00FFCD00,0x00FFCD00,0x00FFCD00,0x00FFCD00,0x00FFCD00,0x00FFCD00,0x00FFCD00,0x00FFCD00,0x00FFCD00,0x00FFCD00,0x00FFCD00,
0x00FFCD00,0x00FFCD00,0x00FFCD00,0x00FFCD00,0x00FFCD00,0x00FFCD00,0x00FFCD00,0x00FFCD00,0x00FFCD00,0x00FFCD00,0x00FFCD00,0x00FFCD00,
0x00FFCD00,0x00FFCD00,0x00FFCD00,0x00FFCD00,0x00FFCD00,0x00FFCD00,0x00FFCD00,0x00FFCD00,0x2BFFCD00,0xB8FFCD00,0xEBFFCD00,0xEBFFCD00,
0xEBFFCD00,0xEBFFCD00,0xB8FFCD00,0x2BFFCD00,0x00FFCD00,0x00FFCD00,0x00FFCD00,0x00FFCD00,0x00FFCD00,0x00FFCD00,0x00FFCD00,0x00FFCD00,
0x00FFCD00,0x00FFCD00,0x00FFCD00,0x00FFCD00,0x00FFCD00,0x00FFCD00,0x00FFCD00,0x00FFCD00,0x00FFCD00,0x00FFCD00,0x00FFCD00,0x00FFCD00,
0x00FFCD00,0x00FFCD00,0x00FFCD00,0x00FFCD00,0x00FFCD00,0x00FFCD00,0x00FFCD00,0x00FFCD00,0x00FFCD00,0x00FFCD00,0x00FFCD00,0x00FFCD00,
0x00FFCD00,0x00FFCD00,0x00FFCD00,0x00FFCD00,0x00FFCD00,0x00FFCD00,0x00FFCD00,0x00FFCD00,0x00FFCD00,0x00FFCD00,0x00FFCD00,0x00FFCD00,
0x00FFCD00,0x00FFCD00,0x00FFCD00,0x00FFCD00,0x00FFCD00,0x00FFCD00,0x00FFCD00,0x00FFCD00,0x00FFCD00,0x00FFCD00,0x00FFCD00,0x00FFCD00,
0x00FFCD00,0x00FFCD00,0x00FFCD00,0x00FFCD00,0x00FFCD00,0x00FFCD00,0x00FFCD00,0x16FFCD00,0xD1FFCD00,0xEBFFCD00,0xEBFFCD00,0xEBFFCD00,
0xEBFFCD00,0xEBFFCD00,0xEBFFCD00,0xD1FFCD00,0x16FFCD00,0x00FFCD00,0x00FFCD00,0x00FFCD00,0x00FFCD00,0x00FFCD00,0x00FFCD00,0x00FFCD00,
0x00FFCD00,0x00FFCD00,0x00FFCD00,0x00FFCD00,0x00FFCD00,0x00FFCD00,0x00FFCD00,0x00FFCD00,0x00FFCD00,0x00FFCD00,0x00FFCD00,0x00FFCD00,
0x00FFCD00,0x00FFCD00,0x00FFCD00,0x00FFCD00,0x00FFCD00,0x00FFCD00,0x00FFCD00,0x00FFCD00,0x00FFCD00,0x00FFCD00,0x00FFCD00,0x00FFCD00,
0x00FFCD00,0x00FFCD00,0x00FFCD00,0x00FFCD00,0x00FFCD00,0x00FFCD00,0x00FFCD00,0x00FFCD00,0x00FFCD00,0x00FFCD00,0x00FFCD00,0x00FFCD00,
0x00FFCD00,0x00FFCD00,0x00FFCD00,0x00FFCD00,0x00FFCD00,0x00FFCD00,0x00FFCD00,0x00FFCD00,0x00FFCD00,0x00FFCD00,0x00FFCD00,0x00FFCD00,
0x00FFCD00,0x00FFCD00,0x00FFCD00,0x00FFCD00,0x00FFCD00,0x00FFCD00,0x00FFCD00,0x87FFCD00,0xEBFFCD00,0xEBFFCD00,0xEBFFCD00,0xEBFFCD00,
0xEBFFCD00,0xEBFFCD00,0xEBFFCD00,0xEBFFCD00,0x87FFCD00,0x00FFCD00,0x00FFCD00,0x00FFCD00,0x00FFCD00,0x00FFCD00,0x00FFCD00,0x00FFCD00,
0x00FFCD00,0x00FFCD00,0x00FFCD00,0x00FFCD00,0x00FFCD00,0x00FFCD00,0x00FFCD00,0x00FFCD00,0x00FFCD00,0x00FFCD00,0x00FFCD00,0x00FFCD00,
0x00FFCD00,0x00FFCD00,0x00FFCD00,0x00FFCD00,0x00FFCD00,0x00FFCD00,0x00FFCD00,0x00FFCD00,0x00FFCD00,0x00FFCD00,0x00FFCD00,0x00FFCD00,
0x00FFCD00,0x00FFCD00,0x00FFCD00,0x00FFCD00,0x00FFCD00,0x00FFCD00,0x00FFCD00,0x00FFCD00,0x00FFCD00,0x00FFCD00,0x00FFCD00,0x00FFCD00,
0x00FFCD00,0x00FFCD00,0x00FFCD00,0x00FFCD00,0x00FFCD00,0x00FFCD00,0x00FFCD00,0x00FFCD00,0x00FFCD00,0x00FFCD00,0x00FFCD00,0x00FFCD00,
0x00FFCD00,0x00FFCD00,0x00FFCD00,0x00FFCD00,0x00FFCD00,0x00FFCD00,0x00FFCD00,0xD1FFCD00,0xEBFFCD00,0xEBFFCD00,0xEBFFCD00,0xEBFFCD00,
0xEBFFCD00,0xEBFFCD00,0xEBFFCD00,0xEBFFCD00,0xD1FFCD00,0x00FFCD00,0x00FFCD00,0x00FFCD00,0x00FFCD00,0x00FFCD00,0x00FFCD00,0x00FFCD00,
0x00FFCD00,0x00FFCD00,0x00FFCD00,0x00FFCD00,0x00FFCD00,0x00FFCD00,0x00FFCD00,0x00FFCD00,0x00FFCD00,0x00FFCD00,0x00FFCD00,0x00FFCD00,
0x00FFCD00,0x00FFCD00,0x00FFCD00,0x00FFCD00,0x00FFCD00,0x00FFCD00,0x00FFCD00,0x00FFCD00,0x00FFCD00,0x00FFCD00,0x00FFCD00,0x00FFCD00,
0x00FFCD00,0x00FFCD00,0x00FFCD00,0x00FFCD00,0x00FFCD00,0x00FFCD00,0x00FFCD00,0x00FFCD00,0x00FFCD00,0x00FFCD00,0x00FFCD00,0x00FFCD00,
0x00FFCD00,0x00FFCD00,0x00FFCD00,0x00FFCD00,0x00FFCD00,0x00FFCD00,0x00FFCD00,0x00FFCD00,0x00FFCD00,0x00FFCD00,0x00FFCD00,0x00FFCD00,
0x00FFCD00,0x00FFCD00,0x00FFCD00,0x00FFCD00,0x00FFCD00,0x00FFCD00,0x00FFCD00,0xEBFFCD00,0xEBFFCD00,0xEBFFCD00,0xEBFFCD00,0xEBFFCD00,
0xEBFFCD00,0xEBFFCD00,0xEBFFCD00,0xEBFFCD00,0xEBFFCD00,0x00FFCD00,0x00FFCD00,0x00FFCD00,0x00FFCD00,0x00FFCD00,0x00FFCD00,0x00FFCD00,
0x00FFCD00,0x00FFCD00,0x00FFCD00,0x00FFCD00,0x00FFCD00,0x00FFCD00,0x00FFCD00,0x00FFCD00,0x00FFCD00,0x00FFCD00,0x00FFCD00,0x00FFCD00,
0x00FFCD00,0x00FFCD00,0x00FFCD00,0x00FFCD00,0x00FFCD00,0x00FFCD00,0x00FFCD00,0x00FFCD00,0x00FFCD00,0x00FFCD00,0x00FFCD00,0x00FFCD00,
0x00FFCD00,0x00FFCD00,0x00FFCD00,0x00FFCD00,0x00FFCD00,0x00FFCD00,0x00FFCD00,0x00FFCD00,0x00FFCD00,0x00FFCD00,0x00FFCD00,0x00FFCD00,
0x00FFCD00,0x00FFCD00,0x00FFCD00,0x00FFCD00,0x00FFCD00,0x00FFCD00,0x00FFCD00,0x00FFCD00,0x00FFCD00,0x00FFCD00,0x00FFCD00,0x00FFCD00,
0x00FFCD00,0x00FFCD00,0x00FFCD00,0x00FFCD00,0x00FFCD00,0x00FFCD00,0x00FFCD00,0xEBFFCD00,0xEBFFCD00,0xEBFFCD00,0xEBFFCD00,0xEBFFCD00,
0xEBFFCD00,0xEBFFCD00,0xEBFFCD00,0xEBFFCD00,0xEBFFCD00,0x00FFCD00,0x00FFCD00,0x00FFCD00,0x00FFCD00,0x00FFCD00,0x00FFCD00,0x00FFCD00,
0x00FFCD00,0x00FFCD00,0x00FFCD00,0x00FFCD00,0x00FFCD00,0x00FFCD00,0x00FFCD00,0x00FFCD00,0x00FFCD00,0x00FFCD00,0x00FFCD00,0x00FFCD00,
0x00FFCD00,0x00FFCD00,0x00FFCD00,0x00FFCD00,0x00FFCD00,0x00FFCD00,0x00FFCD00,0x00FFCD00,0x00FFCD00,0x00FFCD00,0x00FFCD00,0x00FFCD00,
0x00FFCD00,0x00FFCD00,0x00FFCD00,0x00FFCD00,0x00FFCD00,0x00FFCD00,0x00FFCD00,0x00FFCD00,0x00FFCD00,0x00FFCD00,0x00FFCD00,0x00FFCD00,
0x00FFCD00,0x00FFCD00,0x00FFCD00,0x00FFCD00,0x00FFCD00,0x00FFCD00,0x00FFCD00,0x00FFCD00,0x00FFCD00,0x00FFCD00,0x00FFCD00,0x00FFCD00,
0x00FFCD00,0x00FFCD00,0x00FFCD00,0x00FFCD00,0x00FFCD00,0x00FFCD00,0x00FFCD00,0xEBFFCD00,0xEBFFCD00,0xEBFFCD00,0xEBFFCD00,0xEBFFCD00,
0xEBFFCD00,0xEBFFCD00,0xEBFFCD00,0xEBFFCD00,0xEBFFCD00,0x00FFCD00,0x00FFCD00,0x00FFCD00,0x00FFCD00,0x00FFCD00,0x00FFCD00,0x00FFCD00,
0x00FFCD00,0x00FFCD00,0x00FFCD00,0x00FFCD00,0x00FFCD00,0x00FFCD00,0x00FFCD00,0x00FFCD00,0x00FFCD00,0x00FFCD00,0x00FFCD00,0x00FFCD00,
0x00FFCD00,0x00FFCD00,0x00FFCD00,0x00FFCD00,0x00FFCD00,0x00FFCD00,0x00FFCD00,0x00FFCD00,0x00FFCD00,0x00FFCD00,0x00FFCD00,0x00FFCD00,
0x00FFCD00,0x00FFCD00,0x00FFCD00,0x00FFCD00,0x00FFCD00,0x00FFCD00,0x00FFCD00,0x00FFCD00,0x00FFCD00,0x00FFCD00,0x00FFCD00,0x00FFCD00,
0x00FFCD00,0x00FFCD00,0x00FFCD00,0x63FFCD00,0x9FFFCD00,0xACFFCD00,0x88FFCD00,0x38FFCD00,0x00FFCD00,0x00FFCD00,0x00FFCD00,0x00FFCD00,
0x00FFCD00,0x00FFCD00,0x00FFCD00,0x00FFCD00,0x00FFCD00,0x00FFCD00,0x00FFCD00,0xEBFFCD00,0xEBFFCD00,0xEBFFCD00,0xEBFFCD00,0xEBFFCD00,
0xEBFFCD00,0xEBFFCD00,0xEBFFCD00,0xEBFFCD00,0xEBFFCD00,0x00FFCD00,0x00FFCD00,0x00FFCD00,0x00FFCD00,0x00FFCD00,0x00FFCD00,0x00FFCD00,
0x00FFCD00,0x00FFCD00,0x00FFCD00,0x00FFCD00,0x38FFCD00,0x88FFCD00,0xACFFCD00,0x9FFFCD00,0x63FFCD00,0x00FFCD00,0x00FFCD00,0x00FFCD00,
0x00FFCD00,0x00FFCD00,0x00FFCD00,0x00FFCD00,0x00FFCD00,0x00FFCD00,0x00FFCD00,0x00FFCD00,0x00FFCD00,0x00FFCD00,0x00FFCD00,0x00FFCD00,
0x00FFCD00,0x00FFCD00,0x00FFCD00,0x00FFCD00,0x00FFCD00,0x00FFCD00,0x00FFCD00,0x00FFCD00,0x00FFCD00,0x00FFCD00,0x00FFCD00,0x00FFCD00,
0x00FFCD00,0x2AFFCD00,0xC4FFCD00,0xEBFFCD00,0xEBFFCD00,0xEBFFCD00,0xEBFFCD00,0xEBFFCD00,0x7EFFCD00,0x00FFCD00,0x00FFCD00,0x00FFCD00,
0x00FFCD00,0x00FFCD00,0x00FFCD00,0x00FFCD00,0x00FFCD00,0x00FFCD00,0x00FFCD00,0xEBFFCD00,0xEBFFCD00,0xEBFFCD00,0xEBFFCD00,0xEBFFCD00,
0xEBFFCD00,0xEBFFCD00,0xEBFFCD00,0xEBFFCD00,0xEBFFCD00,0x00FFCD00,0x00FFCD00,0x00FFCD00,0x00FFCD00,0x00FFCD00,0x00FFCD00,0x00FFCD00,
0x00FFCD00,0x00FFCD00,0x00FFCD00,0x7EFFCD00,0xEBFFCD00,0xEBFFCD00,0xEBFFCD00,0xEBFFCD00,0xEBFFCD00,0xC4FFCD00,0x2AFFCD00,0x00FFCD00,
0x00FFCD00,0x00FFCD00,0x00FFCD00,0x00FFCD00,0x00FFCD00,0x00FFCD00,0x00FFCD00,0x00FFCD00,0x00FFCD00,0x00FFCD00,0x00FFCD00,0x00FFCD00,
0x00FFCD00,0x00FFCD00,0x00FFCD00,0x00FFCD00,0x00FFCD00,0x00FFCD00,0x00FFCD00,0x00FFCD00,0x00FFCD00,0x00FFCD00,0x00FFCD00,0x00FFCD00,
0x00FFCD00,0xC4FFCD00,0xEBFFCD00,0xEBFFCD00,0xEBFFCD00,0xEBFFCD00,0xEBFFCD00,0xEBFFCD00,0xEBFFCD00,0x81FFCD00,0x00FFCD00,0x00FFCD00,
0x00FFCD00,0x00FFCD00,0x00FFCD00,0x00FFCD00,0x36FFCD00,0x7FFFCD00,0xBEFFCD00,0xEBFFCD00,0xEBFFCD00,0xEBFFCD00,0xEBFFCD00,0xEBFFCD00,
0xEBFFCD00,0xEBFFCD00,0xEBFFCD00,0xEBFFCD00,0xEBFFCD00,0xBEFFCD00,0x7FFFCD00,0x36FFCD00,0x00FFCD00,0x00FFCD00,0x00FFCD00,0x00FFCD00,
0x00FFCD00,0x00FFCD00,0x81FFCD00,0xEBFFCD00,0xEBFFCD00,0xEBFFCD00,0xEBFFCD00,0xEBFFCD00,0xEBFFCD00,0xEBFFCD00,0xC4FFCD00,0x00FFCD00,
0x00FFCD00,0x00FFCD00,0x00FFCD00,0x00FFCD00,0x00FFCD00,0x00FFCD00,0x00FFCD00,0x00FFCD00,0x00FFCD00,0x00FFCD00,0x00FFCD00,0x00FFCD00,
0x00FFCD00,0x00FFCD00,0x00FFCD00,0x00FFCD00,0x00FFCD00,0x00FFCD00,0x00FFCD00,0x00FFCD00,0x00FFCD00,0x00FFCD00,0x00FFCD00,0x00FFCD00,
0x63FFCD00,0xEBFFCD00,0xEBFFCD00,0xEBFFCD00,0xEBFFCD00,0xEBFFCD00,0xEBFFCD00,0xEBFFCD00,0xEBFFCD00,0xEBFFCD00,0x81FFCD00,0x00FFCD00,
0x00FFCD00,0x00FFCD00,0x5FFFCD00,0xBEFFCD00,0xEBFFCD00,0xEBFFCD00,0xEBFFCD00,0xEBFFCD00,0xEBFFCD00,0xEBFFCD00,0xEBFFCD00,0xEBFFCD00,
0xEBFFCD00,0xEBFFCD00,0xEBFFCD00,0xEBFFCD00,0xEBFFCD00,0xEBFFCD00,0xEBFFCD00,0xEBFFCD00,0xBEFFCD00,0x5FFFCD00,0x00FFCD00,0x00FFCD00,
0x00FFCD00,0x81FFCD00,0xEBFFCD00,0xEBFFCD00,0xEBFFCD00,0xEBFFCD00,0xEBFFCD00,0xEBFFCD00,0xEBFFCD00,0xEBFFCD00,0xEBFFCD00,0x63FFCD00,
0x00FFCD00,0x00FFCD00,0x00FFCD00,0x00FFCD00,0x00FFCD00,0x00FFCD00,0x00FFCD00,0x00FFCD00,0x00FFCD00,0x00FFCD00,0x00FFCD00,0x00FFCD00,
0x00FFCD00,0x00FFCD00,0x00FFCD00,0x00FFCD00,0x00FFCD00,0x00FFCD00,0x00FFCD00,0x00FFCD00,0x00FFCD00,0x00FFCD00,0x00FFCD00,0x00FFCD00,
0x9FFFCD00,0xEBFFCD00,0xEBFFCD00,0xEBFFCD00,0xEBFFCD00,0xEBFFCD00,0xEBFFCD00,0xEBFFCD00,0xEBFFCD00,0xEBFFCD00,0xEBFFCD00,0x81FFCD00,
0x55FFCD00,0xC8FFCD00,0xEBFFCD00,0xEBFFCD00,0xEBFFCD00,0xEBFFCD00,0xEBFFCD00,0xEBFFCD00,0xEBFFCD00,0xEBFFCD00,0xEBFFCD00,0xEBFFCD00,
0xEBFFCD00,0xEBFFCD00,0xEBFFCD00,0xEBFFCD00,0xEBFFCD00,0xEBFFCD00,0xEBFFCD00,0xEBFFCD00,0xEBFFCD00,0xEBFFCD00,0xC8FFCD00,0x55FFCD00,
0x81FFCD00,0xEBFFCD00,0xEBFFCD00,0xEBFFCD00,0xEBFFCD00,0xEBFFCD00,0xEBFFCD00,0xEBFFCD00,0xEBFFCD00,0xEBFFCD00,0xEBFFCD00,0x9FFFCD00,
0x00FFCD00,0x00FFCD00,0x00FFCD00,0x00FFCD00,0x00FFCD00,0x00FFCD00,0x00FFCD00,0x00FFCD00,0x00FFCD00,0x00FFCD00,0x00FFCD00,0x00FFCD00,
0x00FFCD00,0x00FFCD00,0x00FFCD00,0x00FFCD00,0x00FFCD00,0x00FFCD00,0x00FFCD00,0x00FFCD00,0x00FFCD00,0x00FFCD00,0x00FFCD00,0x00FFCD00,
0xACFFCD00,0xEBFFCD00,0xEBFFCD00,0xEBFFCD00,0xEBFFCD00,0xEBFFCD00,0xEBFFCD00,0xEBFFCD00,0xEBFFCD00,0xEBFFCD00,0xEBFFCD00,0xEBFFCD00,
0xEBFFCD00,0xEBFFCD00,0xEBFFCD00,0xEBFFCD00,0xEBFFCD00,0xEBFFCD00,0xEBFFCD00,0xEBFFCD00,0xEBFFCD00,0xEBFFCD00,0xEBFFCD00,0xEBFFCD00,
0xEBFFCD00,0xEBFFCD00,0xEBFFCD00,0xEBFFCD00,0xEBFFCD00,0xEBFFCD00,0xEBFFCD00,0xEBFFCD00,0xEBFFCD00,0xEBFFCD00,0xEBFFCD00,0xEBFFCD00,
0xEBFFCD00,0xEBFFCD00,0xEBFFCD00,0xEBFFCD00,0xEBFFCD00,0xEBFFCD00,0xEBFFCD00,0xEBFFCD00,0xEBFFCD00,0xEBFFCD00,0xEBFFCD00,0xACFFCD00,
0x00FFCD00,0x00FFCD00,0x00FFCD00,0x00FFCD00,0x00FFCD00,0x00FFCD00,0x00FFCD00,0x00FFCD00,0x00FFCD00,0x00FFCD00,0x00FFCD00,0x00FFCD00,
0x00FFCD00,0x00FFCD00,0x00FFCD00,0x00FFCD00,0x00FFCD00,0x00FFCD00,0x00FFCD00,0x00FFCD00,0x00FFCD00,0x00FFCD00,0x00FFCD00,0x00FFCD00,
0x88FFCD00,0xEBFFCD00,0xEBFFCD00,0xEBFFCD00,0xEBFFCD00,0xEBFFCD00,0xEBFFCD00,0xEBFFCD00,0xEBFFCD00,0xEBFFCD00,0xEBFFCD00,0xEBFFCD00,
0xEBFFCD00,0xEBFFCD00,0xEBFFCD00,0xEBFFCD00,0xEBFFCD00,0xEBFFCD00,0xEBFFCD00,0xEBFFCD00,0xEBFFCD00,0xEBFFCD00,0xEBFFCD00,0xEBFFCD00,
0xEBFFCD00,0xEBFFCD00,0xEBFFCD00,0xEBFFCD00,0xEBFFCD00,0xEBFFCD00,0xEBFFCD00,0xEBFFCD00,0xEBFFCD00,0xEBFFCD00,0xEBFFCD00,0xEBFFCD00,
0xEBFFCD00,0xEBFFCD00,0xEBFFCD00,0xEBFFCD00,0xEBFFCD00,0xEBFFCD00,0xEBFFCD00,0xEBFFCD00,0xEBFFCD00,0xEBFFCD00,0xEBFFCD00,0x88FFCD00,
0x00FFCD00,0x00FFCD00,0x00FFCD00,0x00FFCD00,0x00FFCD00,0x00FFCD00,0x00FFCD00,0x00FFCD00,0x00FFCD00,0x00FFCD00,0x00FFCD00,0x00FFCD00,
0x00FFCD00,0x00FFCD00,0x00FFCD00,0x00FFCD00,0x00FFCD00,0x00FFCD00,0x00FFCD00,0x00FFCD00,0x00FFCD00,0x00FFCD00,0x00FFCD00,0x00FFCD00,
0x38FFCD00,0xEBFFCD00,0xEBFFCD00,0xEBFFCD00,0xEBFFCD00,0xEBFFCD00,0xEBFFCD00,0xEBFFCD00,0xEBFFCD00,0xEBFFCD00,0xEBFFCD00,0xEBFFCD00,
0xEBFFCD00,0xEBFFCD00,0xEBFFCD00,0xEBFFCD00,0xEBFFCD00,0xADFFCD00,0x5CFFCD00,0xEBFFCD00,0xEBFFCD00,0xEBFFCD00,0xEBFFCD00,0xEBFFCD00,
0xEBFFCD00,0xEBFFCD00,0xEBFFCD00,0xEBFFCD00,0xEBFFCD00,0x5CFFCD00,0xADFFCD00,0xEBFFCD00,0xEBFFCD00,0xEBFFCD00,0xEBFFCD00,0xEBFFCD00,
0xEBFFCD00,0xEBFFCD00,0xEBFFCD00,0xEBFFCD00,0xEBFFCD00,0xEBFFCD00,0xEBFFCD00,0xEBFFCD00,0xEBFFCD00,0xEBFFCD00,0xEBFFCD00,0x38FFCD00,
0x00FFCD00,0x00FFCD00,0x00FFCD00,0x00FFCD00,0x00FFCD00,0x00FFCD00,0x00FFCD00,0x00FFCD00,0x00FFCD00,0x00FFCD00,0x00FFCD00,0x00FFCD00,
0x00FFCD00,0x00FFCD00,0x00FFCD00,0x00FFCD00,0x00FFCD00,0x00FFCD00,0x00FFCD00,0x00FFCD00,0x00FFCD00,0x00FFCD00,0x00FFCD00,0x00FFCD00,
0x00FFCD00,0x7EFFCD00,0xEBFFCD00,0xEBFFCD00,0xEBFFCD00,0xEBFFCD00,0xEBFFCD00,0xEBFFCD00,0xEBFFCD00,0xEBFFCD00,0xEBFFCD00,0xEBFFCD00,
0xEBFFCD00,0xEBFFCD00,0xEBFFCD00,0x9FFFCD00,0x34FFCD00,0x00FFCD00,0x00FFCD00,0xE4FFCD00,0xEBFFCD00,0xEBFFCD00,0xEBFFCD00,0xEBFFCD00,
0xEBFFCD00,0xEBFFCD00,0xEBFFCD00,0xEBFFCD00,0xE4FFCD00,0x00FFCD00,0x00FFCD00,0x34FFCD00,0x9FFFCD00,0xEBFFCD00,0xEBFFCD00,0xEBFFCD00,
0xEBFFCD00,0xEBFFCD00,0xEBFFCD00,0xEBFFCD00,0xEBFFCD00,0xEBFFCD00,0xEBFFCD00,0xEBFFCD00,0xEBFFCD00,0xEBFFCD00,0x7EFFCD00,0x00FFCD00,
0x00FFCD00,0x00FFCD00,0x00FFCD00,0x00FFCD00,0x00FFCD00,0x00FFCD00,0x00FFCD00,0x00FFCD00,0x00FFCD00,0x00FFCD00,0x00FFCD00,0x00FFCD00,
0x00FFCD00,0x00FFCD00,0x00FFCD00,0x00FFCD00,0x00FFCD00,0x00FFCD00,0x00FFCD00,0x00FFCD00,0x00FFCD00,0x00FFCD00,0x00FFCD00,0x00FFCD00,
0x00FFCD00,0x00FFCD00,0x81FFCD00,0xEBFFCD00,0xEBFFCD00,0xEBFFCD00,0xEBFFCD00,0xEBFFCD00,0xEBFFCD00,0xEBFFCD00,0xEBFFCD00,0xEBFFCD00,
0xEBFFCD00,0xEBFFCD00,0xEBFFCD00,0xEBFFCD00,0x7DFFCD00,0x00FFCD00,0x00FFCD00,0xB2FFCD00,0xEBFFCD00,0xEBFFCD00,0xEBFFCD00,0xEBFFCD00,
0xEBFFCD00,0xEBFFCD00,0xEBFFCD00,0xEBFFCD00,0xB2FFCD00,0x00FFCD00,0x00FFCD00,0x7DFFCD00,0xEBFFCD00,0xEBFFCD00,0xEBFFCD00,0xEBFFCD00,
0xEBFFCD00,0xEBFFCD00,0xEBFFCD00,0xEBFFCD00,0xEBFFCD00,0xEBFFCD00,0xEBFFCD00,0xEBFFCD00,0xEBFFCD00,0x81FFCD00,0x00FFCD00,0x00FFCD00,
0x00FFCD00,0x00FFCD00,0x00FFCD00,0x00FFCD00,0x00FFCD00,0x00FFCD00,0x00FFCD00,0x00FFCD00,0x00FFCD00,0x00FFCD00,0x00FFCD00,0x00FFCD00,
0x00FFCD00,0x00FFCD00,0x00FFCD00,0x00FFCD00,0x00FFCD00,0x00FFCD00,0x00FFCD00,0x00FFCD00,0x00FFCD00,0x00FFCD00,0x00FFCD00,0x00FFCD00,
0x00FFCD00,0x00FFCD00,0x00FFCD00,0x81FFCD00,0xEBFFCD00,0xEBFFCD00,0xEBFFCD00,0xEBFFCD00,0xEBFFCD00,0xEBFFCD00,0xEBFFCD00,0xEBFFCD00,
0xEBFFCD00,0xEBFFCD00,0xEBFFCD00,0xEBFFCD00,0xEBFFCD00,0x32FFCD00,0x00FFCD00,0x53FFCD00,0xEBFFCD00,0xEBFFCD00,0xEBFFCD00,0xEBFFCD00,
0xEBFFCD00,0xEBFFCD00,0xEBFFCD00,0xEBFFCD00,0x53FFCD00,0x00FFCD00,0x32FFCD00,0xEBFFCD00,0xEBFFCD00,0xEBFFCD00,0xEBFFCD00,0xEBFFCD00,
0xEBFFCD00,0xEBFFCD00,0xEBFFCD00,0xEBFFCD00,0xEBFFCD00,0xEBFFCD00,0xEBFFCD00,0xEBFFCD00,0x81FFCD00,0x00FFCD00,0x00FFCD00,0x00FFCD00,
0x00FFCD00,0x00FFCD00,0x00FFCD00,0x00FFCD00,0x00FFCD00,0x00FFCD00,0x00FFCD00,0x00FFCD00,0x00FFCD00,0x00FFCD00,0x00FFCD00,0x00FFCD00,
0x00FFCD00,0x00FFCD00,0x00FFCD00,0x00FFCD00,0x00FFCD00,0x00FFCD00,0x00FFCD00,0x00FFCD00,0x00FFCD00,0x00FFCD00,0x00FFCD00,0x00FFCD00,
0x00FFCD00,0x00FFCD00,0x00FFCD00,0x00FFCD00,0x81FFCD00,0xEBFFCD00,0xEBFFCD00,0xEBFFCD00,0xEBFFCD00,0xEBFFCD00,0xEBFFCD00,0xEBFFCD00,
0xEBFFCD00,0xEBFFCD00,0xEBFFCD00,0xEBFFCD00,0xEBFFCD00,0x7FFFCD00,0x00FFCD00,0x00FFCD00,0x81FFCD00,0xEBFFCD00,0xEBFFCD00,0xEBFFCD00,
0xEBFFCD00,0xEBFFCD00,0xEBFFCD00,0x81FFCD00,0x00FFCD00,0x00FFCD00,0x7FFFCD00,0xEBFFCD00,0xEBFFCD00,0xEBFFCD00,0xEBFFCD00,0xEBFFCD00,
0xEBFFCD00,0xEBFFCD00,0xEBFFCD00,0xEBFFCD00,0xEBFFCD00,0xEBFFCD00,0xEBFFCD00,0x81FFCD00,0x00FFCD00,0x00FFCD00,0x00FFCD00,0x00FFCD00,
0x00FFCD00,0x00FFCD00,0x00FFCD00,0x00FFCD00,0x00FFCD00,0x00FFCD00,0x00FFCD00,0x00FFCD00,0x00FFCD00,0x00FFCD00,0x00FFCD00,0x00FFCD00,
0x00FFCD00,0x00FFCD00,0x00FFCD00,0x00FFCD00,0x00FFCD00,0x00FFCD00,0x00FFCD00,0x00FFCD00,0x00FFCD00,0x00FFCD00,0x00FFCD00,0x00FFCD00,
0x00FFCD00,0x00FFCD00,0x00FFCD00,0x00FFCD00,0x55FFCD00,0xEBFFCD00,0xEBFFCD00,0xEBFFCD00,0xEBFFCD00,0xEBFFCD00,0xEBFFCD00,0xEBFFCD00,
0xEBFFCD00,0xEBFFCD00,0xEBFFCD00,0xEBFFCD00,0xEBFFCD00,0xA0FFCD00,0x00FFCD00,0x00FFCD00,0x00FFCD00,0x53FFCD00,0xB2FFCD00,0xE4FFCD00,
0xE4FFCD00,0xB2FFCD00,0x53FFCD00,0x00FFCD00,0x00FFCD00,0x00FFCD00,0xA0FFCD00,0xEBFFCD00,0xEBFFCD00,0xEBFFCD00,0xEBFFCD00,0xEBFFCD00,
0xEBFFCD00,0xEBFFCD00,0xEBFFCD00,0xEBFFCD00,0xEBFFCD00,0xEBFFCD00,0xEBFFCD00,0x55FFCD00,0x00FFCD00,0x00FFCD00,0x00FFCD00,0x00FFCD00,
0x00FFCD00,0x00FFCD00,0x00FFCD00,0x00FFCD00,0x00FFCD00,0x00FFCD00,0x00FFCD00,0x00FFCD00,0x00FFCD00,0x00FFCD00,0x00FFCD00,0x00FFCD00,
0x00FFCD00,0x00FFCD00,0x00FFCD00,0x00FFCD00,0x00FFCD00,0x00FFCD00,0x00FFCD00,0x00FFCD00,0x00FFCD00,0x00FFCD00,0x00FFCD00,0x00FFCD00,
0x00FFCD00,0x00FFCD00,0x00FFCD00,0x00FFCD00,0xC8FFCD00,0xEBFFCD00,0xEBFFCD00,0xEBFFCD00,0xEBFFCD00,0xEBFFCD00,0xEBFFCD00,0xEBFFCD00,
0xEBFFCD00,0xEBFFCD00,0xEBFFCD00,0xEBFFCD00,0xEBFFCD00,0x91FFCD00,0x00FFCD00,0x00FFCD00,0x00FFCD00,0x00FFCD00,0x00FFCD00,0x00FFCD00,
0x00FFCD00,0x00FFCD00,0x00FFCD00,0x00FFCD00,0x00FFCD00,0x00FFCD00,0x91FFCD00,0xEBFFCD00,0xEBFFCD00,0xEBFFCD00,0xEBFFCD00,0xEBFFCD00,
0xEBFFCD00,0xEBFFCD00,0xEBFFCD00,0xEBFFCD00,0xEBFFCD00,0xEBFFCD00,0xEBFFCD00,0xC8FFCD00,0x00FFCD00,0x00FFCD00,0x00FFCD00,0x00FFCD00,
0x00FFCD00,0x00FFCD00,0x00FFCD00,0x00FFCD00,0x00FFCD00,0x00FFCD00,0x00FFCD00,0x00FFCD00,0x00FFCD00,0x00FFCD00,0x00FFCD00,0x00FFCD00,
0x00FFCD00,0x00FFCD00,0x00FFCD00,0x00FFCD00,0x00FFCD00,0x00FFCD00,0x00FFCD00,0x00FFCD00,0x00FFCD00,0x00FFCD00,0x00FFCD00,0x00FFCD00,
0x00FFCD00,0x00FFCD00,0x00FFCD00,0x5FFFCD00,0xEBFFCD00,0xEBFFCD00,0xEBFFCD00,0xEBFFCD00,0xEBFFCD00,0xEBFFCD00,0xEBFFCD00,0xEBFFCD00,
0xEBFFCD00,0xEBFFCD00,0xEBFFCD00,0xEBFFCD00,0xEBFFCD00,0x54FFCD00,0x00FFCD00,0x00FFCD00,0x00FFCD00,0x29FFCD00,0x5AFFCD00,0x72FFCD00,
0x72FFCD00,0x5AFFCD00,0x29FFCD00,0x00FFCD00,0x00FFCD00,0x00FFCD00,0x54FFCD00,0xEBFFCD00,0xEBFFCD00,0xEBFFCD00,0xEBFFCD00,0xEBFFCD00,
0xEBFFCD00,0xEBFFCD00,0xEBFFCD00,0xEBFFCD00,0xEBFFCD00,0xEBFFCD00,0xEBFFCD00,0xEBFFCD00,0x5FFFCD00,0x00FFCD00,0x00FFCD00,0x00FFCD00,
0x00FFCD00,0x00FFCD00,0x00FFCD00,0x00FFCD00,0x00FFCD00,0x00FFCD00,0x00FFCD00,0x00FFCD00,0x00FFCD00,0x00FFCD00,0x00FFCD00,0x00FFCD00,
0x00FFCD00,0x00FFCD00,0x00FFCD00,0x00FFCD00,0x00FFCD00,0x00FFCD00,0x00FFCD00,0x00FFCD00,0x00FFCD00,0x00FFCD00,0x00FFCD00,0x00FFCD00,
0x00FFCD00,0x00FFCD00,0x00FFCD00,0xBEFFCD00,0xEBFFCD00,0xEBFFCD00,0xEBFFCD00,0xEBFFCD00,0x9FFFCD00,0xEBFFCD00,0xEBFFCD00,0xEBFFCD00,
0xEBFFCD00,0xEBFFCD00,0xEBFFCD00,0xEBFFCD00,0xB3FFCD00,0x00FFCD00,0x00FFCD00,0x5AFFCD00,0xBEFFCD00,0xEBFFCD00,0xEBFFCD00,0xEBFFCD00,
0xEBFFCD00,0xEBFFCD00,0xEBFFCD00,0xBEFFCD00,0x5AFFCD00,0x00FFCD00,0x00FFCD00,0xB3FFCD00,0xEBFFCD00,0xEBFFCD00,0xEBFFCD00,0xEBFFCD00,
0xEBFFCD00,0xEBFFCD00,0xEBFFCD00,0x9FFFCD00,0xEBFFCD00,0xEBFFCD00,0xEBFFCD00,0xEBFFCD00,0xBEFFCD00,0x00FFCD00,0x00FFCD00,0x00FFCD00,
0x00FFCD00,0x00FFCD00,0x00FFCD00,0x00FFCD00,0x00FFCD00,0x00FFCD00,0x00FFCD00,0x00FFCD00,0x00FFCD00,0x00FFCD00,0x00FFCD00,0x00FFCD00,
0x00FFCD00,0x00FFCD00,0x00FFCD00,0x00FFCD00,0x00FFCD00,0x00FFCD00,0x00FFCD00,0x00FFCD00,0x00FFCD00,0x00FFCD00,0x00FFCD00,0x00FFCD00,
0x00FFCD00,0x00FFCD00,0x36FFCD00,0xEBFFCD00,0xEBFFCD00,0xEBFFCD00,0xEBFFCD00,0xEBFFCD00,0x34FFCD00,0x7DFFCD00,0xEBFFCD00,0xEBFFCD00,
0xEBFFCD00,0xEBFFCD00,0xEBFFCD00,0xB3FFCD00,0x19FFCD00,0x12FFCD00,0xA4FFCD00,0xEBFFCD00,0xEBFFCD00,0xEBFFCD00,0xEBFFCD00,0xEBFFCD00,
0xEBFFCD00,0xEBFFCD00,0xEBFFCD00,0xEBFFCD00,0xEBFFCD00,0xA4FFCD00,0x12FFCD00,0x19FFCD00,0xB3FFCD00,0xEBFFCD00,0xEBFFCD00,0xEBFFCD00,
0xEBFFCD00,0xEBFFCD00,0x7DFFCD00,0x34FFCD00,0xEBFFCD00,0xEBFFCD00,0xEBFFCD00,0xEBFFCD00,0xEBFFCD00,0x36FFCD00,0x00FFCD00,0x00FFCD00,
0x00FFCD00,0x00FFCD00,0x00FFCD00,0x00FFCD00,0x00FFCD00,0x00FFCD00,0x00FFCD00,0x00FFCD00,0x00FFCD00,0x00FFCD00,0x00FFCD00,0x00FFCD00,
0x00FFCD00,0x00FFCD00,0x00FFCD00,0x00FFCD00,0x00FFCD00,0x00FFCD00,0x00FFCD00,0x00FFCD00,0x00FFCD00,0x00FFCD00,0x00FFCD00,0x00FFCD00,
0x00FFCD00,0x00FFCD00,0x7FFFCD00,0xEBFFCD00,0xEBFFCD00,0xEBFFCD00,0xEBFFCD00,0xADFFCD00,0x00FFCD00,0x00FFCD00,0x32FFCD00,0x7FFFCD00,
0xA0FFCD00,0x91FFCD00,0x54FFCD00,0x00FFCD00,0x12FFCD00,0xBEFFCD00,0xEBFFCD00,0xEBFFCD00,0xEBFFCD00,0xEBFFCD00,0xEBFFCD00,0xEBFFCD00,
0xEBFFCD00,0xEBFFCD00,0xEBFFCD00,0xEBFFCD00,0xEBFFCD00,0xEBFFCD00,0xBEFFCD00,0x12FFCD00,0x00FFCD00,0x54FFCD00,0x91FFCD00,0xA0FFCD00,
0x7FFFCD00,0x32FFCD00,0x00FFCD00,0x00FFCD00,0xADFFCD00,0xEBFFCD00,0xEBFFCD00,0xEBFFCD00,0xEBFFCD00,0x7FFFCD00,0x00FFCD00,0x00FFCD00,
0x00FFCD00,0x00FFCD00,0x00FFCD00,0x00FFCD00,0x00FFCD00,0x00FFCD00,0x00FFCD00,0x00FFCD00,0x00FFCD00,0x00FFCD00,0x00FFCD00,0x00FFCD00,
0x00FFCD00,0x00FFCD00,0x00FFCD00,0x00FFCD00,0x00FFCD00,0x00FFCD00,0x00FFCD00,0x00FFCD00,0x00FFCD00,0x00FFCD00,0x00FFCD00,0x00FFCD00,
0x00FFCD00,0x00FFCD00,0xBEFFCD00,0xEBFFCD00,0xEBFFCD00,0xEBFFCD00,0xEBFFCD00,0x5CFFCD00,0x00FFCD00,0x00FFCD00,0x00FFCD00,0x00FFCD00,
0x00FFCD00,0x00FFCD00,0x00FFCD00,0x00FFCD00,0xA4FFCD00,0xEBFFCD00,0xEBFFCD00,0xEBFFCD00,0xEBFFCD00,0xEBFFCD00,0xEBFFCD00,0xEBFFCD00,
0xEBFFCD00,0xEBFFCD00,0xEBFFCD00,0xEBFFCD00,0xEBFFCD00,0xEBFFCD00,0xEBFFCD00,0xA4FFCD00,0x00FFCD00,0x00FFCD00,0x00FFCD00,0x00FFCD00,
0x00FFCD00,0x00FFCD00,0x00FFCD00,0x00FFCD00,0x5CFFCD00,0xEBFFCD00,0xEBFFCD00,0xEBFFCD00,0xEBFFCD00,0xBEFFCD00,0x00FFCD00,0x00FFCD00,
0x00FFCD00,0x00FFCD00,0x00FFCD00,0x00FFCD00,0x00FFCD00,0x00FFCD00,0x00FFCD00,0x00FFCD00,0x00FFCD00,0x00FFCD00,0x00FFCD00,0x00FFCD00,
0x00FFCD00,0x00FFCD00,0x00FFCD00,0x00FFCD00,0x00FFCD00,0x00FFCD00,0x16FFCD00,0x87FFCD00,0xD1FFCD00,0xEBFFCD00,0xEBFFCD00,0xEBFFCD00,
0xEBFFCD00,0xEBFFCD00,0xEBFFCD00,0xEBFFCD00,0xEBFFCD00,0xEBFFCD00,0xEBFFCD00,0xEBFFCD00,0xE4FFCD00,0xB2FFCD00,0x53FFCD00,0x00FFCD00,
0x00FFCD00,0x00FFCD00,0x00FFCD00,0x5AFFCD00,0xEBFFCD00,0xEBFFCD00,0xEBFFCD00,0xEBFFCD00,0xEBFFCD00,0xEBFFCD00,0xAFFFCD00,0x7CFFCD00,
0x7CFFCD00,0xAFFFCD00,0xEBFFCD00,0xEBFFCD00,0xEBFFCD00,0xEBFFCD00,0xEBFFCD00,0xEBFFCD00,0x5AFFCD00,0x00FFCD00,0x00FFCD00,0x00FFCD00,
0x00FFCD00,0x53FFCD00,0xB2FFCD00,0xE4FFCD00,0xEBFFCD00,0xEBFFCD00,0xEBFFCD00,0xEBFFCD00,0xEBFFCD00,0xEBFFCD00,0xEBFFCD00,0xEBFFCD00,
0xEBFFCD00,0xEBFFCD00,0xEBFFCD00,0xD1FFCD00,0x87FFCD00,0x16FFCD00,0x00FFCD00,0x00FFCD00,0x00FFCD00,0x00FFCD00,0x00FFCD00,0x00FFCD00,
0x00FFCD00,0x00FFCD00,0x00FFCD00,0x00FFCD00,0x00FFCD00,0x2BFFCD00,0xD1FFCD00,0xEBFFCD00,0xEBFFCD00,0xEBFFCD00,0xEBFFCD00,0xEBFFCD00,
0xEBFFCD00,0xEBFFCD00,0xEBFFCD00,0xEBFFCD00,0xEBFFCD00,0xEBFFCD00,0xEBFFCD00,0xEBFFCD00,0xEBFFCD00,0xEBFFCD00,0xEBFFCD00,0x81FFCD00,
0x00FFCD00,0x00FFCD00,0x00FFCD00,0xBEFFCD00,0xEBFFCD00,0xEBFFCD00,0xEBFFCD00,0xEBFFCD00,0xDFFFCD00,0x47FFCD00,0x00FFCD00,0x00FFCD00,
0x00FFCD00,0x00FFCD00,0x47FFCD00,0xDFFFCD00,0xEBFFCD00,0xEBFFCD00,0xEBFFCD00,0xEBFFCD00,0xBEFFCD00,0x00FFCD00,0x00FFCD00,0x00FFCD00,
0x81FFCD00,0xEBFFCD00,0xEBFFCD00,0xEBFFCD00,0xEBFFCD00,0xEBFFCD00,0xEBFFCD00,0xEBFFCD00,0xEBFFCD00,0xEBFFCD00,0xEBFFCD00,0xEBFFCD00,
0xEBFFCD00,0xEBFFCD00,0xEBFFCD00,0xEBFFCD00,0xEBFFCD00,0xD1FFCD00,0x2BFFCD00,0x00FFCD00,0x00FFCD00,0x00FFCD00,0x00FFCD00,0x00FFCD00,
0x00FFCD00,0x00FFCD00,0x00FFCD00,0x00FFCD00,0x00FFCD00,0xB8FFCD00,0xEBFFCD00,0xEBFFCD00,0xEBFFCD00,0xEBFFCD00,0xEBFFCD00,0xEBFFCD00,
0xEBFFCD00,0xEBFFCD00,0xEBFFCD00,0xEBFFCD00,0xEBFFCD00,0xEBFFCD00,0xEBFFCD00,0xEBFFCD00,0xEBFFCD00,0xEBFFCD00,0xEBFFCD00,0xEBFFCD00,
0x53FFCD00,0x00FFCD00,0x29FFCD00,0xEBFFCD00,0xEBFFCD00,0xEBFFCD00,0xEBFFCD00,0xEBFFCD00,0x47FFCD00,0x00FFCD00,0x00FFCD00,0x00FFCD00,
0x00FFCD00,0x00FFCD00,0x00FFCD00,0x47FFCD00,0xEBFFCD00,0xEBFFCD00,0xEBFFCD00,0xEBFFCD00,0xEBFFCD00,0x29FFCD00,0x00FFCD00,0x53FFCD00,
0xEBFFCD00,0xEBFFCD00,0xEBFFCD00,0xEBFFCD00,0xEBFFCD00,0xEBFFCD00,0xEBFFCD00,0xEBFFCD00,0xEBFFCD00,0xEBFFCD00,0xEBFFCD00,0xEBFFCD00,
0xEBFFCD00,0xEBFFCD00,0xEBFFCD00,0xEBFFCD00,0xEBFFCD00,0xEBFFCD00,0xB8FFCD00,0x00FFCD00,0x00FFCD00,0x00FFCD00,0x00FFCD00,0x00FFCD00,
0x00FFCD00,0x00FFCD00,0x00FFCD00,0x00FFCD00,0x42FFCD00,0xEBFFCD00,0xEBFFCD00,0xEBFFCD00,0xEBFFCD00,0xEBFFCD00,0xEBFFCD00,0xEBFFCD00,
0xEBFFCD00,0xEBFFCD00,0xEBFFCD00,0xEBFFCD00,0xEBFFCD00,0xEBFFCD00,0xEBFFCD00,0xEBFFCD00,0xEBFFCD00,0xEBFFCD00,0xEBFFCD00,0xEBFFCD00,
0xB2FFCD00,0x00FFCD00,0x5AFFCD00,0xEBFFCD00,0xEBFFCD00,0xEBFFCD00,0xEBFFCD00,0xAFFFCD00,0x00FFCD00,0x00FFCD00,0x00FFCD00,0x00FFCD00,
0x00FFCD00,0x00FFCD00,0x00FFCD00,0x00FFCD00,0xAFFFCD00,0xEBFFCD00,0xEBFFCD00,0xEBFFCD00,0xEBFFCD00,0x5AFFCD00,0x00FFCD00,0xB2FFCD00,
0xEBFFCD00,0xEBFFCD00,0xEBFFCD00,0xEBFFCD00,0xEBFFCD00,0xEBFFCD00,0xEBFFCD00,0xEBFFCD00,0xEBFFCD00,0xEBFFCD00,0xEBFFCD00,0xEBFFCD00,
0xEBFFCD00,0xEBFFCD00,0xEBFFCD00,0xEBFFCD00,0xEBFFCD00,0xEBFFCD00,0xEBFFCD00,0x42FFCD00,0x00FFCD00,0x00FFCD00,0x00FFCD00,0x00FFCD00,
0x00FFCD00,0x00FFCD00,0x00FFCD00,0x00FFCD00,0x70FFCD00,0xEBFFCD00,0xEBFFCD00,0xEBFFCD00,0xEBFFCD00,0xEBFFCD00,0xEBFFCD00,0xEBFFCD00,
0xEBFFCD00,0xEBFFCD00,0xEBFFCD00,0xEBFFCD00,0xEBFFCD00,0xEBFFCD00,0xEBFFCD00,0xEBFFCD00,0xEBFFCD00,0xEBFFCD00,0xEBFFCD00,0xEBFFCD00,
0xE4FFCD00,0x00FFCD00,0x72FFCD00,0xEBFFCD00,0xEBFFCD00,0xEBFFCD00,0xEBFFCD00,0x7CFFCD00,0x00FFCD00,0x00FFCD00,0x00FFCD00,0x00FFCD00,
0x00FFCD00,0x00FFCD00,0x00FFCD00,0x00FFCD00,0x7CFFCD00,0xEBFFCD00,0xEBFFCD00,0xEBFFCD00,0xEBFFCD00,0x72FFCD00,0x00FFCD00,0xE4FFCD00,
0xEBFFCD00,0xEBFFCD00,0xEBFFCD00,0xEBFFCD00,0xEBFFCD00,0xEBFFCD00,0xEBFFCD00,0xEBFFCD00,0xEBFFCD00,0xEBFFCD00,0xEBFFCD00,0xEBFFCD00,
0xEBFFCD00,0xEBFFCD00,0xEBFFCD00,0xEBFFCD00,0xEBFFCD00,0xEBFFCD00,0xEBFFCD00,0x70FFCD00,0x00FFCD00,0x00FFCD00,0x00FFCD00,0x00FFCD00,
0x00FFCD00,0x00FFCD00,0x00FFCD00,0x00FFCD00,0x70FFCD00,0xEBFFCD00,0xEBFFCD00,0xEBFFCD00,0xEBFFCD00,0xEBFFCD00,0xEBFFCD00,0xEBFFCD00,
0xEBFFCD00,0xEBFFCD00,0xEBFFCD00,0xEBFFCD00,0xEBFFCD00,0xEBFFCD00,0xEBFFCD00,0xEBFFCD00,0xEBFFCD00,0xEBFFCD00,0xEBFFCD00,0xEBFFCD00,
0xE4FFCD00,0x00FFCD00,0x72FFCD00,0xEBFFCD00,0xEBFFCD00,0xEBFFCD00,0xEBFFCD00,0x7CFFCD00,0x00FFCD00,0x00FFCD00,0x00FFCD00,0x00FFCD00,
0x00FFCD00,0x00FFCD00,0x00FFCD00,0x00FFCD00,0x7CFFCD00,0xEBFFCD00,0xEBFFCD00,0xEBFFCD00,0xEBFFCD00,0x72FFCD00,0x00FFCD00,0xE4FFCD00,
0xEBFFCD00,0xEBFFCD00,0xEBFFCD00,0xEBFFCD00,0xEBFFCD00,0xEBFFCD00,0xEBFFCD00,0xEBFFCD00,0xEBFFCD00,0xEBFFCD00,0xEBFFCD00,0xEBFFCD00,
0xEBFFCD00,0xEBFFCD00,0xEBFFCD00,0xEBFFCD00,0xEBFFCD00,0xEBFFCD00,0xEBFFCD00,0x70FFCD00,0x00FFCD00,0x00FFCD00,0x00FFCD00,0x00FFCD00,
0x00FFCD00,0x00FFCD00,0x00FFCD00,0x00FFCD00,0x42FFCD00,0xEBFFCD00,0xEBFFCD00,0xEBFFCD00,0xEBFFCD00,0xEBFFCD00,0xEBFFCD00,0xEBFFCD00,
0xEBFFCD00,0xEBFFCD00,0xEBFFCD00,0xEBFFCD00,0xEBFFCD00,0xEBFFCD00,0xEBFFCD00,0xEBFFCD00,0xEBFFCD00,0xEBFFCD00,0xEBFFCD00,0xEBFFCD00,
0xB2FFCD00,0x00FFCD00,0x5AFFCD00,0xEBFFCD00,0xEBFFCD00,0xEBFFCD00,0xEBFFCD00,0xAFFFCD00,0x00FFCD00,0x00FFCD00,0x00FFCD00,0x00FFCD00,
0x00FFCD00,0x00FFCD00,0x00FFCD00,0x00FFCD00,0xAFFFCD00,0xEBFFCD00,0xEBFFCD00,0xEBFFCD00,0xEBFFCD00,0x5AFFCD00,0x00FFCD00,0xB2FFCD00,
0xEBFFCD00,0xEBFFCD00,0xEBFFCD00,0xEBFFCD00,0xEBFFCD00,0xEBFFCD00,0xEBFFCD00,0xEBFFCD00,0xEBFFCD00,0xEBFFCD00,0xEBFFCD00,0xEBFFCD00,
0xEBFFCD00,0xEBFFCD00,0xEBFFCD00,0xEBFFCD00,0xEBFFCD00,0xEBFFCD00,0xEBFFCD00,0x42FFCD00,0x00FFCD00,0x00FFCD00,0x00FFCD00,0x00FFCD00,
0x00FFCD00,0x00FFCD00,0x00FFCD00,0x00FFCD00,0x00FFCD00,0xB8FFCD00,0xEBFFCD00,0xEBFFCD00,0xEBFFCD00,0xEBFFCD00,0xEBFFCD00,0xEBFFCD00,
0xEBFFCD00,0xEBFFCD00,0xEBFFCD00,0xEBFFCD00,0xEBFFCD00,0xEBFFCD00,0xEBFFCD00,0xEBFFCD00,0xEBFFCD00,0xEBFFCD00,0xEBFFCD00,0xEBFFCD00,
0x53FFCD00,0x00FFCD00,0x29FFCD00,0xEBFFCD00,0xEBFFCD00,0xEBFFCD00,0xEBFFCD00,0xEBFFCD00,0x47FFCD00,0x00FFCD00,0x00FFCD00,0x00FFCD00,
0x00FFCD00,0x00FFCD00,0x00FFCD00,0x47FFCD00,0xEBFFCD00,0xEBFFCD00,0xEBFFCD00,0xEBFFCD00,0xEBFFCD00,0x29FFCD00,0x00FFCD00,0x53FFCD00,
0xEBFFCD00,0xEBFFCD00,0xEBFFCD00,0xEBFFCD00,0xEBFFCD00,0xEBFFCD00,0xEBFFCD00,0xEBFFCD00,0xEBFFCD00,0xEBFFCD00,0xEBFFCD00,0xEBFFCD00,
0xEBFFCD00,0xEBFFCD00,0xEBFFCD00,0xEBFFCD00,0xEBFFCD00,0xEBFFCD00,0xB8FFCD00,0x00FFCD00,0x00FFCD00,0x00FFCD00,0x00FFCD00,0x00FFCD00,
0x00FFCD00,0x00FFCD00,0x00FFCD00,0x00FFCD00,0x00FFCD00,0x2BFFCD00,0xD1FFCD00,0xEBFFCD00,0xEBFFCD00,0xEBFFCD00,0xEBFFCD00,0xEBFFCD00,
0xEBFFCD00,0xEBFFCD00,0xEBFFCD00,0xEBFFCD00,0xEBFFCD00,0xEBFFCD00,0xEBFFCD00,0xEBFFCD00,0xEBFFCD00,0xEBFFCD00,0xEBFFCD00,0x81FFCD00,
0x00FFCD00,0x00FFCD00,0x00FFCD00,0xBEFFCD00,0xEBFFCD00,0xEBFFCD00,0xEBFFCD00,0xEBFFCD00,0xDFFFCD00,0x47FFCD00,0x00FFCD00,0x00FFCD00,
0x00FFCD00,0x00FFCD00,0x47FFCD00,0xDFFFCD00,0xEBFFCD00,0xEBFFCD00,0xEBFFCD00,0xEBFFCD00,0xBEFFCD00,0x00FFCD00,0x00FFCD00,0x00FFCD00,
0x81FFCD00,0xEBFFCD00,0xEBFFCD00,0xEBFFCD00,0xEBFFCD00,0xEBFFCD00,0xEBFFCD00,0xEBFFCD00,0xEBFFCD00,0xEBFFCD00,0xEBFFCD00,0xEBFFCD00,
0xEBFFCD00,0xEBFFCD00,0xEBFFCD00,0xEBFFCD00,0xEBFFCD00,0xD1FFCD00,0x2BFFCD00,0x00FFCD00,0x00FFCD00,0x00FFCD00,0x00FFCD00,0x00FFCD00,
0x00FFCD00,0x00FFCD00,0x00FFCD00,0x00FFCD00,0x00FFCD00,0x00FFCD00,0x16FFCD00,0x87FFCD00,0xD1FFCD00,0xEBFFCD00,0xEBFFCD00,0xEBFFCD00,
0xEBFFCD00,0xEBFFCD00,0xEBFFCD00,0xEBFFCD00,0xEBFFCD00,0xEBFFCD00,0xEBFFCD00,0xEBFFCD00,0xE4FFCD00,0xB2FFCD00,0x53FFCD00,0x00FFCD00,
0x00FFCD00,0x00FFCD00,0x00FFCD00,0x5AFFCD00,0xEBFFCD00,0xEBFFCD00,0xEBFFCD00,0xEBFFCD00,0xEBFFCD00,0xEBFFCD00,0xAFFFCD00,0x7CFFCD00,
0x7CFFCD00,0xAFFFCD00,0xEBFFCD00,0xEBFFCD00,0xEBFFCD00,0xEBFFCD00,0xEBFFCD00,0xEBFFCD00,0x5AFFCD00,0x00FFCD00,0x00FFCD00,0x00FFCD00,
0x00FFCD00,0x53FFCD00,0xB2FFCD00,0xE4FFCD00,0xEBFFCD00,0xEBFFCD00,0xEBFFCD00,0xEBFFCD00,0xEBFFCD00,0xEBFFCD00,0xEBFFCD00,0xEBFFCD00,
0xEBFFCD00,0xEBFFCD00,0xEBFFCD00,0xD1FFCD00,0x87FFCD00,0x16FFCD00,0x00FFCD00,0x00FFCD00,0x00FFCD00,0x00FFCD00,0x00FFCD00,0x00FFCD00,
0x00FFCD00,0x00FFCD00,0x00FFCD00,0x00FFCD00,0x00FFCD00,0x00FFCD00,0x00FFCD00,0x00FFCD00,0x00FFCD00,0x00FFCD00,0x00FFCD00,0x00FFCD00,
0x00FFCD00,0x00FFCD00,0xBEFFCD00,0xEBFFCD00,0xEBFFCD00,0xEBFFCD00,0xEBFFCD00,0x5CFFCD00,0x00FFCD00,0x00FFCD00,0x00FFCD00,0x00FFCD00,
0x00FFCD00,0x00FFCD00,0x00FFCD00,0x00FFCD00,0xA4FFCD00,0xEBFFCD00,0xEBFFCD00,0xEBFFCD00,0xEBFFCD00,0xEBFFCD00,0xEBFFCD00,0xEBFFCD00,
0xEBFFCD00,0xEBFFCD00,0xEBFFCD00,0xEBFFCD00,0xEBFFCD00,0xEBFFCD00,0xEBFFCD00,0xA4FFCD00,0x00FFCD00,0x00FFCD00,0x00FFCD00,0x00FFCD00,
0x00FFCD00,0x00FFCD00,0x00FFCD00,0x00FFCD00,0x5CFFCD00,0xEBFFCD00,0xEBFFCD00,0xEBFFCD00,0xEBFFCD00,0xBEFFCD00,0x00FFCD00,0x00FFCD00,
0x00FFCD00,0x00FFCD00,0x00FFCD00,0x00FFCD00,0x00FFCD00,0x00FFCD00,0x00FFCD00,0x00FFCD00,0x00FFCD00,0x00FFCD00,0x00FFCD00,0x00FFCD00,
0x00FFCD00,0x00FFCD00,0x00FFCD00,0x00FFCD00,0x00FFCD00,0x00FFCD00,0x00FFCD00,0x00FFCD00,0x00FFCD00,0x00FFCD00,0x00FFCD00,0x00FFCD00,
0x00FFCD00,0x00FFCD00,0x7FFFCD00,0xEBFFCD00,0xEBFFCD00,0xEBFFCD00,0xEBFFCD00,0xADFFCD00,0x00FFCD00,0x00FFCD00,0x32FFCD00,0x7FFFCD00,
0xA0FFCD00,0x91FFCD00,0x54FFCD00,0x00FFCD00,0x12FFCD00,0xBEFFCD00,0xEBFFCD00,0xEBFFCD00,0xEBFFCD00,0xEBFFCD00,0xEBFFCD00,0xEBFFCD00,
0xEBFFCD00,0xEBFFCD00,0xEBFFCD00,0xEBFFCD00,0xEBFFCD00,0xEBFFCD00,0xBEFFCD00,0x12FFCD00,0x00FFCD00,0x54FFCD00,0x91FFCD00,0xA0FFCD00,
0x7FFFCD00,0x32FFCD00,0x00FFCD00,0x00FFCD00,0xADFFCD00,0xEBFFCD00,0xEBFFCD00,0xEBFFCD00,0xEBFFCD00,0x7FFFCD00,0x00FFCD00,0x00FFCD00,
0x00FFCD00,0x00FFCD00,0x00FFCD00,0x00FFCD00,0x00FFCD00,0x00FFCD00,0x00FFCD00,0x00FFCD00,0x00FFCD00,0x00FFCD00,0x00FFCD00,0x00FFCD00,
0x00FFCD00,0x00FFCD00,0x00FFCD00,0x00FFCD00,0x00FFCD00,0x00FFCD00,0x00FFCD00,0x00FFCD00,0x00FFCD00,0x00FFCD00,0x00FFCD00,0x00FFCD00,
0x00FFCD00,0x00FFCD00,0x36FFCD00,0xEBFFCD00,0xEBFFCD00,0xEBFFCD00,0xEBFFCD00,0xEBFFCD00,0x34FFCD00,0x7DFFCD00,0xEBFFCD00,0xEBFFCD00,
0xEBFFCD00,0xEBFFCD00,0xEBFFCD00,0xB3FFCD00,0x19FFCD00,0x12FFCD00,0xA4FFCD00,0xEBFFCD00,0xEBFFCD00,0xEBFFCD00,0xEBFFCD00,0xEBFFCD00,
0xEBFFCD00,0xEBFFCD00,0xEBFFCD00,0xEBFFCD00,0xEBFFCD00,0xA4FFCD00,0x12FFCD00,0x19FFCD00,0xB3FFCD00,0xEBFFCD00,0xEBFFCD00,0xEBFFCD00,
0xEBFFCD00,0xEBFFCD00,0x7DFFCD00,0x34FFCD00,0xEBFFCD00,0xEBFFCD00,0xEBFFCD00,0xEBFFCD00,0xEBFFCD00,0x36FFCD00,0x00FFCD00,0x00FFCD00,
0x00FFCD00,0x00FFCD00,0x00FFCD00,0x00FFCD00,0x00FFCD00,0x00FFCD00,0x00FFCD00,0x00FFCD00,0x00FFCD00,0x00FFCD00,0x00FFCD00,0x00FFCD00,
0x00FFCD00,0x00FFCD00,0x00FFCD00,0x00FFCD00,0x00FFCD00,0x00FFCD00,0x00FFCD00,0x00FFCD00,0x00FFCD00,0x00FFCD00,0x00FFCD00,0x00FFCD00,
0x00FFCD00,0x00FFCD00,0x00FFCD00,0xBEFFCD00,0xEBFFCD00,0xEBFFCD00,0xEBFFCD00,0xEBFFCD00,0x9FFFCD00,0xEBFFCD00,0xEBFFCD00,0xEBFFCD00,
0xEBFFCD00,0xEBFFCD00,0xEBFFCD00,0xEBFFCD00,0xB3FFCD00,0x00FFCD00,0x00FFCD00,0x5AFFCD00,0xBEFFCD00,0xEBFFCD00,0xEBFFCD00,0xEBFFCD00,
0xEBFFCD00,0xEBFFCD00,0xEBFFCD00,0xBEFFCD00,0x5AFFCD00,0x00FFCD00,0x00FFCD00,0xB3FFCD00,0xEBFFCD00,0xEBFFCD00,0xEBFFCD00,0xEBFFCD00,
0xEBFFCD00,0xEBFFCD00,0xEBFFCD00,0x9FFFCD00,0xEBFFCD00,0xEBFFCD00,0xEBFFCD00,0xEBFFCD00,0xBEFFCD00,0x00FFCD00,0x00FFCD00,0x00FFCD00,
0x00FFCD00,0x00FFCD00,0x00FFCD00,0x00FFCD00,0x00FFCD00,0x00FFCD00,0x00FFCD00,0x00FFCD00,0x00FFCD00,0x00FFCD00,0x00FFCD00,0x00FFCD00,
0x00FFCD00,0x00FFCD00,0x00FFCD00,0x00FFCD00,0x00FFCD00,0x00FFCD00,0x00FFCD00,0x00FFCD00,0x00FFCD00,0x00FFCD00,0x00FFCD00,0x00FFCD00,
0x00FFCD00,0x00FFCD00,0x00FFCD00,0x5FFFCD00,0xEBFFCD00,0xEBFFCD00,0xEBFFCD00,0xEBFFCD00,0xEBFFCD00,0xEBFFCD00,0xEBFFCD00,0xEBFFCD00,
0xEBFFCD00,0xEBFFCD00,0xEBFFCD00,0xEBFFCD00,0xEBFFCD00,0x54FFCD00,0x00FFCD00,0x00FFCD00,0x00FFCD00,0x29FFCD00,0x5AFFCD00,0x72FFCD00,
0x72FFCD00,0x5AFFCD00,0x29FFCD00,0x00FFCD00,0x00FFCD00,0x00FFCD00,0x54FFCD00,0xEBFFCD00,0xEBFFCD00,0xEBFFCD00,0xEBFFCD00,0xEBFFCD00,
0xEBFFCD00,0xEBFFCD00,0xEBFFCD00,0xEBFFCD00,0xEBFFCD00,0xEBFFCD00,0xEBFFCD00,0xEBFFCD00,0x5FFFCD00,0x00FFCD00,0x00FFCD00,0x00FFCD00,
0x00FFCD00,0x00FFCD00,0x00FFCD00,0x00FFCD00,0x00FFCD00,0x00FFCD00,0x00FFCD00,0x00FFCD00,0x00FFCD00,0x00FFCD00,0x00FFCD00,0x00FFCD00,
0x00FFCD00,0x00FFCD00,0x00FFCD00,0x00FFCD00,0x00FFCD00,0x00FFCD00,0x00FFCD00,0x00FFCD00,0x00FFCD00,0x00FFCD00,0x00FFCD00,0x00FFCD00,
0x00FFCD00,0x00FFCD00,0x00FFCD00,0x00FFCD00,0xC8FFCD00,0xEBFFCD00,0xEBFFCD00,0xEBFFCD00,0xEBFFCD00,0xEBFFCD00,0xEBFFCD00,0xEBFFCD00,
0xEBFFCD00,0xEBFFCD00,0xEBFFCD00,0xEBFFCD00,0xEBFFCD00,0x91FFCD00,0x00FFCD00,0x00FFCD00,0x00FFCD00,0x00FFCD00,0x00FFCD00,0x00FFCD00,
0x00FFCD00,0x00FFCD00,0x00FFCD00,0x00FFCD00,0x00FFCD00,0x00FFCD00,0x91FFCD00,0xEBFFCD00,0xEBFFCD00,0xEBFFCD00,0xEBFFCD00,0xEBFFCD00,
0xEBFFCD00,0xEBFFCD00,0xEBFFCD00,0xEBFFCD00,0xEBFFCD00,0xEBFFCD00,0xEBFFCD00,0xC8FFCD00,0x00FFCD00,0x00FFCD00,0x00FFCD00,0x00FFCD00,
0x00FFCD00,0x00FFCD00,0x00FFCD00,0x00FFCD00,0x00FFCD00,0x00FFCD00,0x00FFCD00,0x00FFCD00,0x00FFCD00,0x00FFCD00,0x00FFCD00,0x00FFCD00,
0x00FFCD00,0x00FFCD00,0x00FFCD00,0x00FFCD00,0x00FFCD00,0x00FFCD00,0x00FFCD00,0x00FFCD00,0x00FFCD00,0x00FFCD00,0x00FFCD00,0x00FFCD00,
0x00FFCD00,0x00FFCD00,0x00FFCD00,0x00FFCD00,0x55FFCD00,0xEBFFCD00,0xEBFFCD00,0xEBFFCD00,0xEBFFCD00,0xEBFFCD00,0xEBFFCD00,0xEBFFCD00,
0xEBFFCD00,0xEBFFCD00,0xEBFFCD00,0xEBFFCD00,0xEBFFCD00,0xA0FFCD00,0x00FFCD00,0x00FFCD00,0x00FFCD00,0x53FFCD00,0xB2FFCD00,0xE4FFCD00,
0xE4FFCD00,0xB2FFCD00,0x53FFCD00,0x00FFCD00,0x00FFCD00,0x00FFCD00,0xA0FFCD00,0xEBFFCD00,0xEBFFCD00,0xEBFFCD00,0xEBFFCD00,0xEBFFCD00,
0xEBFFCD00,0xEBFFCD00,0xEBFFCD00,0xEBFFCD00,0xEBFFCD00,0xEBFFCD00,0xEBFFCD00,0x55FFCD00,0x00FFCD00,0x00FFCD00,0x00FFCD00,0x00FFCD00,
0x00FFCD00,0x00FFCD00,0x00FFCD00,0x00FFCD00,0x00FFCD00,0x00FFCD00,0x00FFCD00,0x00FFCD00,0x00FFCD00,0x00FFCD00,0x00FFCD00,0x00FFCD00,
0x00FFCD00,0x00FFCD00,0x00FFCD00,0x00FFCD00,0x00FFCD00,0x00FFCD00,0x00FFCD00,0x00FFCD00,0x00FFCD00,0x00FFCD00,0x00FFCD00,0x00FFCD00,
0x00FFCD00,0x00FFCD00,0x00FFCD00,0x00FFCD00,0x81FFCD00,0xEBFFCD00,0xEBFFCD00,0xEBFFCD00,0xEBFFCD00,0xEBFFCD00,0xEBFFCD00,0xEBFFCD00,
0xEBFFCD00,0xEBFFCD00,0xEBFFCD00,0xEBFFCD00,0xEBFFCD00,0x7FFFCD00,0x00FFCD00,0x00FFCD00,0x81FFCD00,0xEBFFCD00,0xEBFFCD00,0xEBFFCD00,
0xEBFFCD00,0xEBFFCD00,0xEBFFCD00,0x81FFCD00,0x00FFCD00,0x00FFCD00,0x7FFFCD00,0xEBFFCD00,0xEBFFCD00,0xEBFFCD00,0xEBFFCD00,0xEBFFCD00,
0xEBFFCD00,0xEBFFCD00,0xEBFFCD00,0xEBFFCD00,0xEBFFCD00,0xEBFFCD00,0xEBFFCD00,0x81FFCD00,0x00FFCD00,0x00FFCD00,0x00FFCD00,0x00FFCD00,
0x00FFCD00,0x00FFCD00,0x00FFCD00,0x00FFCD00,0x00FFCD00,0x00FFCD00,0x00FFCD00,0x00FFCD00,0x00FFCD00,0x00FFCD00,0x00FFCD00,0x00FFCD00,
0x00FFCD00,0x00FFCD00,0x00FFCD00,0x00FFCD00,0x00FFCD00,0x00FFCD00,0x00FFCD00,0x00FFCD00,0x00FFCD00,0x00FFCD00,0x00FFCD00,0x00FFCD00,
0x00FFCD00,0x00FFCD00,0x00FFCD00,0x81FFCD00,0xEBFFCD00,0xEBFFCD00,0xEBFFCD00,0xEBFFCD00,0xEBFFCD00,0xEBFFCD00,0xEBFFCD00,0xEBFFCD00,
0xEBFFCD00,0xEBFFCD00,0xEBFFCD00,0xEBFFCD00,0xEBFFCD00,0x32FFCD00,0x00FFCD00,0x53FFCD00,0xEBFFCD00,0xEBFFCD00,0xEBFFCD00,0xEBFFCD00,
0xEBFFCD00,0xEBFFCD00,0xEBFFCD00,0xEBFFCD00,0x53FFCD00,0x00FFCD00,0x32FFCD00,0xEBFFCD00,0xEBFFCD00,0xEBFFCD00,0xEBFFCD00,0xEBFFCD00,
0xEBFFCD00,0xEBFFCD00,0xEBFFCD00,0xEBFFCD00,0xEBFFCD00,0xEBFFCD00,0xEBFFCD00,0xEBFFCD00,0x81FFCD00,0x00FFCD00,0x00FFCD00,0x00FFCD00,
0x00FFCD00,0x00FFCD00,0x00FFCD00,0x00FFCD00,0x00FFCD00,0x00FFCD00,0x00FFCD00,0x00FFCD00,0x00FFCD00,0x00FFCD00,0x00FFCD00,0x00FFCD00,
0x00FFCD00,0x00FFCD00,0x00FFCD00,0x00FFCD00,0x00FFCD00,0x00FFCD00,0x00FFCD00,0x00FFCD00,0x00FFCD00,0x00FFCD00,0x00FFCD00,0x00FFCD00,
0x00FFCD00,0x00FFCD00,0x81FFCD00,0xEBFFCD00,0xEBFFCD00,0xEBFFCD00,0xEBFFCD00,0xEBFFCD00,0xEBFFCD00,0xEBFFCD00,0xEBFFCD00,0xEBFFCD00,
0xEBFFCD00,0xEBFFCD00,0xEBFFCD00,0xEBFFCD00,0x7DFFCD00,0x00FFCD00,0x00FFCD00,0xB2FFCD00,0xEBFFCD00,0xEBFFCD00,0xEBFFCD00,0xEBFFCD00,
0xEBFFCD00,0xEBFFCD00,0xEBFFCD00,0xEBFFCD00,0xB2FFCD00,0x00FFCD00,0x00FFCD00,0x7DFFCD00,0xEBFFCD00,0xEBFFCD00,0xEBFFCD00,0xEBFFCD00,
0xEBFFCD00,0xEBFFCD00,0xEBFFCD00,0xEBFFCD00,0xEBFFCD00,0xEBFFCD00,0xEBFFCD00,0xEBFFCD00,0xEBFFCD00,0x81FFCD00,0x00FFCD00,0x00FFCD00,
0x00FFCD00,0x00FFCD00,0x00FFCD00,0x00FFCD00,0x00FFCD00,0x00FFCD00,0x00FFCD00,0x00FFCD00,0x00FFCD00,0x00FFCD00,0x00FFCD00,0x00FFCD00,
0x00FFCD00,0x00FFCD00,0x00FFCD00,0x00FFCD00,0x00FFCD00,0x00FFCD00,0x00FFCD00,0x00FFCD00,0x00FFCD00,0x00FFCD00,0x00FFCD00,0x00FFCD00,
0x00FFCD00,0x7EFFCD00,0xEBFFCD00,0xEBFFCD00,0xEBFFCD00,0xEBFFCD00,0xEBFFCD00,0xEBFFCD00,0xEBFFCD00,0xEBFFCD00,0xEBFFCD00,0xEBFFCD00,
0xEBFFCD00,0xEBFFCD00,0xEBFFCD00,0x9FFFCD00,0x34FFCD00,0x00FFCD00,0x00FFCD00,0xE4FFCD00,0xEBFFCD00,0xEBFFCD00,0xEBFFCD00,0xEBFFCD00,
0xEBFFCD00,0xEBFFCD00,0xEBFFCD00,0xEBFFCD00,0xE4FFCD00,0x00FFCD00,0x00FFCD00,0x34FFCD00,0x9FFFCD00,0xEBFFCD00,0xEBFFCD00,0xEBFFCD00,
0xEBFFCD00,0xEBFFCD00,0xEBFFCD00,0xEBFFCD00,0xEBFFCD00,0xEBFFCD00,0xEBFFCD00,0xEBFFCD00,0xEBFFCD00,0xEBFFCD00,0x7EFFCD00,0x00FFCD00,
0x00FFCD00,0x00FFCD00,0x00FFCD00,0x00FFCD00,0x00FFCD00,0x00FFCD00,0x00FFCD00,0x00FFCD00,0x00FFCD00,0x00FFCD00,0x00FFCD00,0x00FFCD00,
0x00FFCD00,0x00FFCD00,0x00FFCD00,0x00FFCD00,0x00FFCD00,0x00FFCD00,0x00FFCD00,0x00FFCD00,0x00FFCD00,0x00FFCD00,0x00FFCD00,0x00FFCD00,
0x38FFCD00,0xEBFFCD00,0xEBFFCD00,0xEBFFCD00,0xEBFFCD00,0xEBFFCD00,0xEBFFCD00,0xEBFFCD00,0xEBFFCD00,0xEBFFCD00,0xEBFFCD00,0xEBFFCD00,
0xEBFFCD00,0xEBFFCD00,0xEBFFCD00,0xEBFFCD00,0xEBFFCD00,0xADFFCD00,0x5CFFCD00,0xEBFFCD00,0xEBFFCD00,0xEBFFCD00,0xEBFFCD00,0xEBFFCD00,
0xEBFFCD00,0xEBFFCD00,0xEBFFCD00,0xEBFFCD00,0xEBFFCD00,0x5CFFCD00,0xADFFCD00,0xEBFFCD00,0xEBFFCD00,0xEBFFCD00,0xEBFFCD00,0xEBFFCD00,
0xEBFFCD00,0xEBFFCD00,0xEBFFCD00,0xEBFFCD00,0xEBFFCD00,0xEBFFCD00,0xEBFFCD00,0xEBFFCD00,0xEBFFCD00,0xEBFFCD00,0xEBFFCD00,0x38FFCD00,
0x00FFCD00,0x00FFCD00,0x00FFCD00,0x00FFCD00,0x00FFCD00,0x00FFCD00,0x00FFCD00,0x00FFCD00,0x00FFCD00,0x00FFCD00,0x00FFCD00,0x00FFCD00,
0x00FFCD00,0x00FFCD00,0x00FFCD00,0x00FFCD00,0x00FFCD00,0x00FFCD00,0x00FFCD00,0x00FFCD00,0x00FFCD00,0x00FFCD00,0x00FFCD00,0x00FFCD00,
0x88FFCD00,0xEBFFCD00,0xEBFFCD00,0xEBFFCD00,0xEBFFCD00,0xEBFFCD00,0xEBFFCD00,0xEBFFCD00,0xEBFFCD00,0xEBFFCD00,0xEBFFCD00,0xEBFFCD00,
0xEBFFCD00,0xEBFFCD00,0xEBFFCD00,0xEBFFCD00,0xEBFFCD00,0xEBFFCD00,0xEBFFCD00,0xEBFFCD00,0xEBFFCD00,0xEBFFCD00,0xEBFFCD00,0xEBFFCD00,
0xEBFFCD00,0xEBFFCD00,0xEBFFCD00,0xEBFFCD00,0xEBFFCD00,0xEBFFCD00,0xEBFFCD00,0xEBFFCD00,0xEBFFCD00,0xEBFFCD00,0xEBFFCD00,0xEBFFCD00,
0xEBFFCD00,0xEBFFCD00,0xEBFFCD00,0xEBFFCD00,0xEBFFCD00,0xEBFFCD00,0xEBFFCD00,0xEBFFCD00,0xEBFFCD00,0xEBFFCD00,0xEBFFCD00,0x88FFCD00,
0x00FFCD00,0x00FFCD00,0x00FFCD00,0x00FFCD00,0x00FFCD00,0x00FFCD00,0x00FFCD00,0x00FFCD00,0x00FFCD00,0x00FFCD00,0x00FFCD00,0x00FFCD00,
0x00FFCD00,0x00FFCD00,0x00FFCD00,0x00FFCD00,0x00FFCD00,0x00FFCD00,0x00FFCD00,0x00FFCD00,0x00FFCD00,0x00FFCD00,0x00FFCD00,0x00FFCD00,
0xACFFCD00,0xEBFFCD00,0xEBFFCD00,0xEBFFCD00,0xEBFFCD00,0xEBFFCD00,0xEBFFCD00,0xEBFFCD00,0xEBFFCD00,0xEBFFCD00,0xEBFFCD00,0xEBFFCD00,
0xEBFFCD00,0xEBFFCD00,0xEBFFCD00,0xEBFFCD00,0xEBFFCD00,0xEBFFCD00,0xEBFFCD00,0xEBFFCD00,0xEBFFCD00,0xEBFFCD00,0xEBFFCD00,0xEBFFCD00,
0xEBFFCD00,0xEBFFCD00,0xEBFFCD00,0xEBFFCD00,0xEBFFCD00,0xEBFFCD00,0xEBFFCD00,0xEBFFCD00,0xEBFFCD00,0xEBFFCD00,0xEBFFCD00,0xEBFFCD00,
0xEBFFCD00,0xEBFFCD00,0xEBFFCD00,0xEBFFCD00,0xEBFFCD00,0xEBFFCD00,0xEBFFCD00,0xEBFFCD00,0xEBFFCD00,0xEBFFCD00,0xEBFFCD00,0xACFFCD00,
0x00FFCD00,0x00FFCD00,0x00FFCD00,0x00FFCD00,0x00FFCD00,0x00FFCD00,0x00FFCD00,0x00FFCD00,0x00FFCD00,0x00FFCD00,0x00FFCD00,0x00FFCD00,
0x00FFCD00,0x00FFCD00,0x00FFCD00,0x00FFCD00,0x00FFCD00,0x00FFCD00,0x00FFCD00,0x00FFCD00,0x00FFCD00,0x00FFCD00,0x00FFCD00,0x00FFCD00,
0x9FFFCD00,0xEBFFCD00,0xEBFFCD00,0xEBFFCD00,0xEBFFCD00,0xEBFFCD00,0xEBFFCD00,0xEBFFCD00,0xEBFFCD00,0xEBFFCD00,0xEBFFCD00,0x81FFCD00,
0x55FFCD00,0xC8FFCD00,0xEBFFCD00,0xEBFFCD00,0xEBFFCD00,0xEBFFCD00,0xEBFFCD00,0xEBFFCD00,0xEBFFCD00,0xEBFFCD00,0xEBFFCD00,0xEBFFCD00,
0xEBFFCD00,0xEBFFCD00,0xEBFFCD00,0xEBFFCD00,0xEBFFCD00,0xEBFFCD00,0xEBFFCD00,0xEBFFCD00,0xEBFFCD00,0xEBFFCD00,0xC8FFCD00,0x55FFCD00,
0x81FFCD00,0xEBFFCD00,0xEBFFCD00,0xEBFFCD00,0xEBFFCD00,0xEBFFCD00,0xEBFFCD00,0xEBFFCD00,0xEBFFCD00,0xEBFFCD00,0xEBFFCD00,0x9FFFCD00,
0x00FFCD00,0x00FFCD00,0x00FFCD00,0x00FFCD00,0x00FFCD00,0x00FFCD00,0x00FFCD00,0x00FFCD00,0x00FFCD00,0x00FFCD00,0x00FFCD00,0x00FFCD00,
0x00FFCD00,0x00FFCD00,0x00FFCD00,0x00FFCD00,0x00FFCD00,0x00FFCD00,0x00FFCD00,0x00FFCD00,0x00FFCD00,0x00FFCD00,0x00FFCD00,0x00FFCD00,
0x63FFCD00,0xEBFFCD00,0xEBFFCD00,0xEBFFCD00,0xEBFFCD00,0xEBFFCD00,0xEBFFCD00,0xEBFFCD00,0xEBFFCD00,0xEBFFCD00,0x81FFCD00,0x00FFCD00,
0x00FFCD00,0x00FFCD00,0x5FFFCD00,0xBEFFCD00,0xEBFFCD00,0xEBFFCD00,0xEBFFCD00,0xEBFFCD00,0xEBFFCD00,0xEBFFCD00,0xEBFFCD00,0xEBFFCD00,
0xEBFFCD00,0xEBFFCD00,0xEBFFCD00,0xEBFFCD00,0xEBFFCD00,0xEBFFCD00,0xEBFFCD00,0xEBFFCD00,0xBEFFCD00,0x5FFFCD00,0x00FFCD00,0x00FFCD00,
0x00FFCD00,0x81FFCD00,0xEBFFCD00,0xEBFFCD00,0xEBFFCD00,0xEBFFCD00,0xEBFFCD00,0xEBFFCD00,0xEBFFCD00,0xEBFFCD00,0xEBFFCD00,0x63FFCD00,
0x00FFCD00,0x00FFCD00,0x00FFCD00,0x00FFCD00,0x00FFCD00,0x00FFCD00,0x00FFCD00,0x00FFCD00,0x00FFCD00,0x00FFCD00,0x00FFCD00,0x00FFCD00,
0x00FFCD00,0x00FFCD00,0x00FFCD00,0x00FFCD00,0x00FFCD00,0x00FFCD00,0x00FFCD00,0x00FFCD00,0x00FFCD00,0x00FFCD00,0x00FFCD00,0x00FFCD00,
0x00FFCD00,0xC4FFCD00,0xEBFFCD00,0xEBFFCD00,0xEBFFCD00,0xEBFFCD00,0xEBFFCD00,0xEBFFCD00,0xEBFFCD00,0x81FFCD00,0x00FFCD00,0x00FFCD00,
0x00FFCD00,0x00FFCD00,0x00FFCD00,0x00FFCD00,0x36FFCD00,0x7FFFCD00,0xBEFFCD00,0xEBFFCD00,0xEBFFCD00,0xEBFFCD00,0xEBFFCD00,0xEBFFCD00,
0xEBFFCD00,0xEBFFCD00,0xEBFFCD00,0xEBFFCD00,0xEBFFCD00,0xBEFFCD00,0x7FFFCD00,0x36FFCD00,0x00FFCD00,0x00FFCD00,0x00FFCD00,0x00FFCD00,
0x00FFCD00,0x00FFCD00,0x81FFCD00,0xEBFFCD00,0xEBFFCD00,0xEBFFCD00,0xEBFFCD00,0xEBFFCD00,0xEBFFCD00,0xEBFFCD00,0xC4FFCD00,0x00FFCD00,
0x00FFCD00,0x00FFCD00,0x00FFCD00,0x00FFCD00,0x00FFCD00,0x00FFCD00,0x00FFCD00,0x00FFCD00,0x00FFCD00,0x00FFCD00,0x00FFCD00,0x00FFCD00,
0x00FFCD00,0x00FFCD00,0x00FFCD00,0x00FFCD00,0x00FFCD00,0x00FFCD00,0x00FFCD00,0x00FFCD00,0x00FFCD00,0x00FFCD00,0x00FFCD00,0x00FFCD00,
0x00FFCD00,0x2AFFCD00,0xC4FFCD00,0xEBFFCD00,0xEBFFCD00,0xEBFFCD00,0xEBFFCD00,0xEBFFCD00,0x7EFFCD00,0x00FFCD00,0x00FFCD00,0x00FFCD00,
0x00FFCD00,0x00FFCD00,0x00FFCD00,0x00FFCD00,0x00FFCD00,0x00FFCD00,0x00FFCD00,0xEBFFCD00,0xEBFFCD00,0xEBFFCD00,0xEBFFCD00,0xEBFFCD00,
0xEBFFCD00,0xEBFFCD00,0xEBFFCD00,0xEBFFCD00,0xEBFFCD00,0x00FFCD00,0x00FFCD00,0x00FFCD00,0x00FFCD00,0x00FFCD00,0x00FFCD00,0x00FFCD00,
0x00FFCD00,0x00FFCD00,0x00FFCD00,0x7EFFCD00,0xEBFFCD00,0xEBFFCD00,0xEBFFCD00,0xEBFFCD00,0xEBFFCD00,0xC4FFCD00,0x2AFFCD00,0x00FFCD00,
0x00FFCD00,0x00FFCD00,0x00FFCD00,0x00FFCD00,0x00FFCD00,0x00FFCD00,0x00FFCD00,0x00FFCD00,0x00FFCD00,0x00FFCD00,0x00FFCD00,0x00FFCD00,
0x00FFCD00,0x00FFCD00,0x00FFCD00,0x00FFCD00,0x00FFCD00,0x00FFCD00,0x00FFCD00,0x00FFCD00,0x00FFCD00,0x00FFCD00,0x00FFCD00,0x00FFCD00,
0x00FFCD00,0x00FFCD00,0x00FFCD00,0x63FFCD00,0x9FFFCD00,0xACFFCD00,0x88FFCD00,0x38FFCD00,0x00FFCD00,0x00FFCD00,0x00FFCD00,0x00FFCD00,
0x00FFCD00,0x00FFCD00,0x00FFCD00,0x00FFCD00,0x00FFCD00,0x00FFCD00,0x00FFCD00,0xEBFFCD00,0xEBFFCD00,0xEBFFCD00,0xEBFFCD00,0xEBFFCD00,
0xEBFFCD00,0xEBFFCD00,0xEBFFCD00,0xEBFFCD00,0xEBFFCD00,0x00FFCD00,0x00FFCD00,0x00FFCD00,0x00FFCD00,0x00FFCD00,0x00FFCD00,0x00FFCD00,
0x00FFCD00,0x00FFCD00,0x00FFCD00,0x00FFCD00,0x38FFCD00,0x88FFCD00,0xACFFCD00,0x9FFFCD00,0x63FFCD00,0x00FFCD00,0x00FFCD00,0x00FFCD00,
0x00FFCD00,0x00FFCD00,0x00FFCD00,0x00FFCD00,0x00FFCD00,0x00FFCD00,0x00FFCD00,0x00FFCD00,0x00FFCD00,0x00FFCD00,0x00FFCD00,0x00FFCD00,
0x00FFCD00,0x00FFCD00,0x00FFCD00,0x00FFCD00,0x00FFCD00,0x00FFCD00,0x00FFCD00,0x00FFCD00,0x00FFCD00,0x00FFCD00,0x00FFCD00,0x00FFCD00,
0x00FFCD00,0x00FFCD00,0x00FFCD00,0x00FFCD00,0x00FFCD00,0x00FFCD00,0x00FFCD00,0x00FFCD00,0x00FFCD00,0x00FFCD00,0x00FFCD00,0x00FFCD00,
0x00FFCD00,0x00FFCD00,0x00FFCD00,0x00FFCD00,0x00FFCD00,0x00FFCD00,0x00FFCD00,0xEBFFCD00,0xEBFFCD00,0xEBFFCD00,0xEBFFCD00,0xEBFFCD00,
0xEBFFCD00,0xEBFFCD00,0xEBFFCD00,0xEBFFCD00,0xEBFFCD00,0x00FFCD00,0x00FFCD00,0x00FFCD00,0x00FFCD00,0x00FFCD00,0x00FFCD00,0x00FFCD00,
0x00FFCD00,0x00FFCD00,0x00FFCD00,0x00FFCD00,0x00FFCD00,0x00FFCD00,0x00FFCD00,0x00FFCD00,0x00FFCD00,0x00FFCD00,0x00FFCD00,0x00FFCD00,
0x00FFCD00,0x00FFCD00,0x00FFCD00,0x00FFCD00,0x00FFCD00,0x00FFCD00,0x00FFCD00,0x00FFCD00,0x00FFCD00,0x00FFCD00,0x00FFCD00,0x00FFCD00,
0x00FFCD00,0x00FFCD00,0x00FFCD00,0x00FFCD00,0x00FFCD00,0x00FFCD00,0x00FFCD00,0x00FFCD00,0x00FFCD00,0x00FFCD00,0x00FFCD00,0x00FFCD00,
0x00FFCD00,0x00FFCD00,0x00FFCD00,0x00FFCD00,0x00FFCD00,0x00FFCD00,0x00FFCD00,0x00FFCD00,0x00FFCD00,0x00FFCD00,0x00FFCD00,0x00FFCD00,
0x00FFCD00,0x00FFCD00,0x00FFCD00,0x00FFCD00,0x00FFCD00,0x00FFCD00,0x00FFCD00,0xEBFFCD00,0xEBFFCD00,0xEBFFCD00,0xEBFFCD00,0xEBFFCD00,
0xEBFFCD00,0xEBFFCD00,0xEBFFCD00,0xEBFFCD00,0xEBFFCD00,0x00FFCD00,0x00FFCD00,0x00FFCD00,0x00FFCD00,0x00FFCD00,0x00FFCD00,0x00FFCD00,
0x00FFCD00,0x00FFCD00,0x00FFCD00,0x00FFCD00,0x00FFCD00,0x00FFCD00,0x00FFCD00,0x00FFCD00,0x00FFCD00,0x00FFCD00,0x00FFCD00,0x00FFCD00,
0x00FFCD00,0x00FFCD00,0x00FFCD00,0x00FFCD00,0x00FFCD00,0x00FFCD00,0x00FFCD00,0x00FFCD00,0x00FFCD00,0x00FFCD00,0x00FFCD00,0x00FFCD00,
0x00FFCD00,0x00FFCD00,0x00FFCD00,0x00FFCD00,0x00FFCD00,0x00FFCD00,0x00FFCD00,0x00FFCD00,0x00FFCD00,0x00FFCD00,0x00FFCD00,0x00FFCD00,
0x00FFCD00,0x00FFCD00,0x00FFCD00,0x00FFCD00,0x00FFCD00,0x00FFCD00,0x00FFCD00,0x00FFCD00,0x00FFCD00,0x00FFCD00,0x00FFCD00,0x00FFCD00,
0x00FFCD00,0x00FFCD00,0x00FFCD00,0x00FFCD00,0x00FFCD00,0x00FFCD00,0x00FFCD00,0xEBFFCD00,0xEBFFCD00,0xEBFFCD00,0xEBFFCD00,0xEBFFCD00,
0xEBFFCD00,0xEBFFCD00,0xEBFFCD00,0xEBFFCD00,0xEBFFCD00,0x00FFCD00,0x00FFCD00,0x00FFCD00,0x00FFCD00,0x00FFCD00,0x00FFCD00,0x00FFCD00,
0x00FFCD00,0x00FFCD00,0x00FFCD00,0x00FFCD00,0x00FFCD00,0x00FFCD00,0x00FFCD00,0x00FFCD00,0x00FFCD00,0x00FFCD00,0x00FFCD00,0x00FFCD00,
0x00FFCD00,0x00FFCD00,0x00FFCD00,0x00FFCD00,0x00FFCD00,0x00FFCD00,0x00FFCD00,0x00FFCD00,0x00FFCD00,0x00FFCD00,0x00FFCD00,0x00FFCD00,
0x00FFCD00,0x00FFCD00,0x00FFCD00,0x00FFCD00,0x00FFCD00,0x00FFCD00,0x00FFCD00,0x00FFCD00,0x00FFCD00,0x00FFCD00,0x00FFCD00,0x00FFCD00,
0x00FFCD00,0x00FFCD00,0x00FFCD00,0x00FFCD00,0x00FFCD00,0x00FFCD00,0x00FFCD00,0x00FFCD00,0x00FFCD00,0x00FFCD00,0x00FFCD00,0x00FFCD00,
0x00FFCD00,0x00FFCD00,0x00FFCD00,0x00FFCD00,0x00FFCD00,0x00FFCD00,0x00FFCD00,0xD1FFCD00,0xEBFFCD00,0xEBFFCD00,0xEBFFCD00,0xEBFFCD00,
0xEBFFCD00,0xEBFFCD00,0xEBFFCD00,0xEBFFCD00,0xD1FFCD00,0x00FFCD00,0x00FFCD00,0x00FFCD00,0x00FFCD00,0x00FFCD00,0x00FFCD00,0x00FFCD00,
0x00FFCD00,0x00FFCD00,0x00FFCD00,0x00FFCD00,0x00FFCD00,0x00FFCD00,0x00FFCD00,0x00FFCD00,0x00FFCD00,0x00FFCD00,0x00FFCD00,0x00FFCD00,
0x00FFCD00,0x00FFCD00,0x00FFCD00,0x00FFCD00,0x00FFCD00,0x00FFCD00,0x00FFCD00,0x00FFCD00,0x00FFCD00,0x00FFCD00,0x00FFCD00,0x00FFCD00,
0x00FFCD00,0x00FFCD00,0x00FFCD00,0x00FFCD00,0x00FFCD00,0x00FFCD00,0x00FFCD00,0x00FFCD00,0x00FFCD00,0x00FFCD00,0x00FFCD00,0x00FFCD00,
0x00FFCD00,0x00FFCD00,0x00FFCD00,0x00FFCD00,0x00FFCD00,0x00FFCD00,0x00FFCD00,0x00FFCD00,0x00FFCD00,0x00FFCD00,0x00FFCD00,0x00FFCD00,
0x00FFCD00,0x00FFCD00,0x00FFCD00,0x00FFCD00,0x00FFCD00,0x00FFCD00,0x00FFCD00,0x87FFCD00,0xEBFFCD00,0xEBFFCD00,0xEBFFCD00,0xEBFFCD00,
0xEBFFCD00,0xEBFFCD00,0xEBFFCD00,0xEBFFCD00,0x87FFCD00,0x00FFCD00,0x00FFCD00,0x00FFCD00,0x00FFCD00,0x00FFCD00,0x00FFCD00,0x00FFCD00,
0x00FFCD00,0x00FFCD00,0x00FFCD00,0x00FFCD00,0x00FFCD00,0x00FFCD00,0x00FFCD00,0x00FFCD00,0x00FFCD00,0x00FFCD00,0x00FFCD00,0x00FFCD00,
0x00FFCD00,0x00FFCD00,0x00FFCD00,0x00FFCD00,0x00FFCD00,0x00FFCD00,0x00FFCD00,0x00FFCD00,0x00FFCD00,0x00FFCD00,0x00FFCD00,0x00FFCD00,
0x00FFCD00,0x00FFCD00,0x00FFCD00,0x00FFCD00,0x00FFCD00,0x00FFCD00,0x00FFCD00,0x00FFCD00,0x00FFCD00,0x00FFCD00,0x00FFCD00,0x00FFCD00,
0x00FFCD00,0x00FFCD00,0x00FFCD00,0x00FFCD00,0x00FFCD00,0x00FFCD00,0x00FFCD00,0x00FFCD00,0x00FFCD00,0x00FFCD00,0x00FFCD00,0x00FFCD00,
0x00FFCD00,0x00FFCD00,0x00FFCD00,0x00FFCD00,0x00FFCD00,0x00FFCD00,0x00FFCD00,0x16FFCD00,0xD1FFCD00,0xEBFFCD00,0xEBFFCD00,0xEBFFCD00,
0xEBFFCD00,0xEBFFCD00,0xEBFFCD00,0xD1FFCD00,0x16FFCD00,0x00FFCD00,0x00FFCD00,0x00FFCD00,0x00FFCD00,0x00FFCD00,0x00FFCD00,0x00FFCD00,
0x00FFCD00,0x00FFCD00,0x00FFCD00,0x00FFCD00,0x00FFCD00,0x00FFCD00,0x00FFCD00,0x00FFCD00,0x00FFCD00,0x00FFCD00,0x00FFCD00,0x00FFCD00,
0x00FFCD00,0x00FFCD00,0x00FFCD00,0x00FFCD00,0x00FFCD00,0x00FFCD00,0x00FFCD00,0x00FFCD00,0x00FFCD00,0x00FFCD00,0x00FFCD00,0x00FFCD00,
0x00FFCD00,0x00FFCD00,0x00FFCD00,0x00FFCD00,0x00FFCD00,0x00FFCD00,0x00FFCD00,0x00FFCD00,0x00FFCD00,0x00FFCD00,0x00FFCD00,0x00FFCD00,
0x00FFCD00,0x00FFCD00,0x00FFCD00,0x00FFCD00,0x00FFCD00,0x00FFCD00,0x00FFCD00,0x00FFCD00,0x00FFCD00,0x00FFCD00,0x00FFCD00,0x00FFCD00,
0x00FFCD00,0x00FFCD00,0x00FFCD00,0x00FFCD00,0x00FFCD00,0x00FFCD00,0x00FFCD00,0x00FFCD00,0x2BFFCD00,0xB8FFCD00,0xEBFFCD00,0xEBFFCD00,
0xEBFFCD00,0xEBFFCD00,0xB8FFCD00,0x2BFFCD00,0x00FFCD00,0x00FFCD00,0x00FFCD00,0x00FFCD00,0x00FFCD00,0x00FFCD00,0x00FFCD00,0x00FFCD00,
0x00FFCD00,0x00FFCD00,0x00FFCD00,0x00FFCD00,0x00FFCD00,0x00FFCD00,0x00FFCD00,0x00FFCD00,0x00FFCD00,0x00FFCD00,0x00FFCD00,0x00FFCD00,
0x00FFCD00,0x00FFCD00,0x00FFCD00,0x00FFCD00,0x00FFCD00,0x00FFCD00,0x00FFCD00,0x00FFCD00,0x00FFCD00,0x00FFCD00,0x00FFCD00,0x00FFCD00,
0x00FFCD00,0x00FFCD00,0x00FFCD00,0x00FFCD00,0x00FFCD00,0x00FFCD00,0x00FFCD00,0x00FFCD00,0x00FFCD00,0x00FFCD00,0x00FFCD00,0x00FFCD00,
0x00FFCD00,0x00FFCD00,0x00FFCD00,0x00FFCD00,0x00FFCD00,0x00FFCD00,0x00FFCD00,0x00FFCD00,0x00FFCD00,0x00FFCD00,0x00FFCD00,0x00FFCD00,
0x00FFCD00,0x00FFCD00,0x00FFCD00,0x00FFCD00,0x00FFCD00,0x00FFCD00,0x00FFCD00,0x00FFCD00,0x00FFCD00,0x00FFCD00,0x42FFCD00,0x70FFCD00,
0x70FFCD00,0x42FFCD00,0x00FFCD00,0x00FFCD00,0x00FFCD00,0x00FFCD00,0x00FFCD00,0x00FFCD00,0x00FFCD00,0x00FFCD00,0x00FFCD00,0x00FFCD00,
0x00FFCD00,0x00FFCD00,0x00FFCD00,0x00FFCD00,0x00FFCD00,0x00FFCD00,0x00FFCD00,0x00FFCD00,0x00FFCD00,0x00FFCD00,0x00FFCD00,0x00FFCD00,
0x00FFCD00,0x00FFCD00,0x00FFCD00,0x00FFCD00,0x00FFCD00,0x00FFCD00,0x00FFCD00,0x00FFCD00,0x00FFCD00,0x00FFCD00,0x00FFCD00,0x00FFCD00,
0x00FFCD00,0x00FFCD00,0x00FFCD00,0x00FFCD00,0x00FFCD00,0x00FFCD00,0x00FFCD00,0x00FFCD00,0x00FFCD00,0x00FFCD00,0x00FFCD00,0x00FFCD00,
0x00FFCD00,0x00FFCD00,0x00FFCD00,0x00FFCD00,0x00FFCD00,0x00FFCD00,0x00FFCD00,0x00FFCD00,0x00FFCD00,0x00FFCD00,0x00FFCD00,0x00FFCD00,
0x00FFCD00,0x00FFCD00,0x00FFCD00,0x00FFCD00,0x00FFCD00,0x00FFCD00,0x00FFCD00,0x00FFCD00,0x00FFCD00,0x00FFCD00,0x00FFCD00,0x00FFCD00,
0x00FFCD00,0x00FFCD00,0x00FFCD00,0x00FFCD00,0x00FFCD00,0x00FFCD00,0x00FFCD00,0x00FFCD00,0x00FFCD00,0x00FFCD00,0x00FFCD00,0x00FFCD00,
0x00FFCD00,0x00FFCD00,0x00FFCD00,0x00FFCD00,0x00FFCD00,0x00FFCD00,0x00FFCD00,0x00FFCD00,0x00FFCD00,0x00FFCD00,0x00FFCD00,0x00FFCD00,
0x00FFCD00,0x00FFCD00,0x00FFCD00,0x00FFCD00,0x00FFCD00,0x00FFCD00,0x00FFCD00,0x00FFCD00,0x00FFCD00,0x00FFCD00,0x00FFCD00,0x00FFCD00,
0x00FFCD00,0x00FFCD00,0x00FFCD00,0x00FFCD00,0x00FFCD00,0x00FFCD00,0x00FFCD00,0x00FFCD00,0x00FFCD00,0x00FFCD00,0x00FFCD00,0x00FFCD00,
0x00FFCD00,0x00FFCD00,0x00FFCD00,0x00FFCD00,0x00FFCD00,0x00FFCD00,0x00FFCD00,0x00FFCD00,0x00FFCD00,0x00FFCD00,0x00FFCD00,0x00FFCD00,
0x00FFCD00,0x00FFCD00,0x00FFCD00,0x00FFCD00,0x00FFCD00,0x00FFCD00,0x00FFCD00,0x00FFCD00,0x00FFCD00,0x00FFCD00,0x00FFCD00,0x00FFCD00,
0x00FFCD00,0x00FFCD00,0x00FFCD00,0x00FFCD00,0x00FFCD00,0x00FFCD00,0x00FFCD00,0x00FFCD00,0x00FFCD00,0x00FFCD00,0x00FFCD00,0x00FFCD00,
0x00FFCD00,0x00FFCD00,0x00FFCD00,0x00FFCD00,0x00FFCD00,0x00FFCD00,0x00FFCD00,0x00FFCD00,0x00FFCD00,0x00FFCD00,0x00FFCD00,0x00FFCD00,
0x00FFCD00,0x00FFCD00,0x00FFCD00,0x00FFCD00,0x00FFCD00,0x00FFCD00,0x00FFCD00,0x00FFCD00,0x00FFCD00,0x00FFCD00,0x00FFCD00,0x00FFCD00,
0x00FFCD00,0x00FFCD00,0x00FFCD00,0x00FFCD00,0x00FFCD00,0x00FFCD00,0x00FFCD00,0x00FFCD00,0x00FFCD00,0x00FFCD00,0x00FFCD00,0x00FFCD00,
0x00FFCD00,0x00FFCD00,0x00FFCD00,0x00FFCD00,0x00FFCD00,0x00FFCD00,0x00FFCD00,0x00FFCD00,0x00FFCD00,0x00FFCD00,0x00FFCD00,0x00FFCD00,
0x00FFCD00,0x00FFCD00,0x00FFCD00,0x00FFCD00,0x00FFCD00,0x00FFCD00,0x00FFCD00,0x00FFCD00,0x00FFCD00,0x00FFCD00,0x00FFCD00,0x00FFCD00,
0x00FFCD00,0x00FFCD00,0x00FFCD00,0x00FFCD00,0x00FFCD00,0x00FFCD00,0x00FFCD00,0x00FFCD00,0x00FFCD00,0x00FFCD00,0x00FFCD00,0x00FFCD00,
0x00FFCD00,0x00FFCD00,0x00FFCD00,0x00FFCD00,0x00FFCD00,0x00FFCD00,0x00FFCD00,0x00FFCD00,0x00FFCD00,0x00FFCD00,0x00FFCD00,0x00FFCD00,
0x00FFCD00,0x00FFCD00,0x00FFCD00,0x00FFCD00,0x00FFCD00,0x00FFCD00,0x00FFCD00,0x00FFCD00,0x00FFCD00,0x00FFCD00,0x00FFCD00,0x00FFCD00,
0x00FFCD00,0x00FFCD00,0x00FFCD00,0x00FFCD00,0x00FFCD00,0x00FFCD00,0x00FFCD00,0x00FFCD00,0x00FFCD00,0x00FFCD00,0x00FFCD00,0x00FFCD00,
0x00FFCD00,0x00FFCD00,0x00FFCD00,0x00FFCD00,0x00FFCD00,0x00FFCD00,0x00FFCD00,0x00FFCD00,0x00FFCD00,0x00FFCD00,0x00FFCD00,0x00FFCD00,
0x00FFCD00,0x00FFCD00,0x00FFCD00,0x00FFCD00,0x00FFCD00,0x00FFCD00,0x00FFCD00,0x00FFCD00,0x00FFCD00,0x00FFCD00,0x00FFCD00,0x00FFCD00,
0x00FFCD00,0x00FFCD00,0x00FFCD00,0x00FFCD00,0x00FFCD00,0x00FFCD00,0x00FFCD00,0x00FFCD00,0x00FFCD00,0x00FFCD00,0x00FFCD00,0x00FFCD00,
0x00FFCD00,0x00FFCD00,0x00FFCD00,0x00FFCD00,0x00FFCD00,0x00FFCD00,0x00FFCD00,0x00FFCD00,0x00FFCD00,0x00FFCD00,0x00FFCD00,0x00FFCD00,
0x00FFCD00,0x00FFCD00,0x00FFCD00,0x00FFCD00,0x00FFCD00,0x00FFCD00,0x00FFCD00,0x00FFCD00,0x00FFCD00,0x00FFCD00,0x00FFCD00,0x00FFCD00,
};

#define EVO_ICON_DEVELOPER_TOOLS_W 72
#define EVO_ICON_DEVELOPER_TOOLS_H 72
static const unsigned int EVO_ICON_DEVELOPER_TOOLS[5184]={
0x00FFCD00,0x00FFCD00,0x00FFCD00,0x00FFCD00,0x00FFCD00,0x00FFCD00,0x00FFCD00,0x00FFCD00,0x00FFCD00,0x00FFCD00,0x00FFCD00,0x00FFCD00,
0x00FFCD00,0x00FFCD00,0x00FFCD00,0x00FFCD00,0x00FFCD00,0x00FFCD00,0x00FFCD00,0x00FFCD00,0x00FFCD00,0x00FFCD00,0x00FFCD00,0x00FFCD00,
0x00FFCD00,0x00FFCD00,0x00FFCD00,0x00FFCD00,0x00FFCD00,0x00FFCD00,0x00FFCD00,0x00FFCD00,0x00FFCD00,0x00FFCD00,0x00FFCD00,0x00FFCD00,
0x00FFCD00,0x00FFCD00,0x00FFCD00,0x00FFCD00,0x00FFCD00,0x00FFCD00,0x00FFCD00,0x00FFCD00,0x00FFCD00,0x00FFCD00,0x00FFCD00,0x00FFCD00,
0x00FFCD00,0x00FFCD00,0x00FFCD00,0x00FFCD00,0x00FFCD00,0x00FFCD00,0x00FFCD00,0x00FFCD00,0x00FFCD00,0x00FFCD00,0x00FFCD00,0x00FFCD00,
0x00FFCD00,0x00FFCD00,0x00FFCD00,0x00FFCD00,0x00FFCD00,0x00FFCD00,0x00FFCD00,0x00FFCD00,0x00FFCD00,0x00FFCD00,0x00FFCD00,0x00FFCD00,
0x00FFCD00,0x00FFCD00,0x00FFCD00,0x00FFCD00,0x00FFCD00,0x00FFCD00,0x00FFCD00,0x00FFCD00,0x00FFCD00,0x00FFCD00,0x00FFCD00,0x00FFCD00,
0x00FFCD00,0x00FFCD00,0x00FFCD00,0x00FFCD00,0x00FFCD00,0x00FFCD00,0x00FFCD00,0x00FFCD00,0x00FFCD00,0x00FFCD00,0x00FFCD00,0x00FFCD00,
0x00FFCD00,0x00FFCD00,0x00FFCD00,0x00FFCD00,0x00FFCD00,0x00FFCD00,0x00FFCD00,0x00FFCD00,0x00FFCD00,0x00FFCD00,0x00FFCD00,0x00FFCD00,
0x00FFCD00,0x00FFCD00,0x00FFCD00,0x00FFCD00,0x00FFCD00,0x00FFCD00,0x00FFCD00,0x00FFCD00,0x00FFCD00,0x00FFCD00,0x00FFCD00,0x00FFCD00,
0x00FFCD00,0x00FFCD00,0x00FFCD00,0x00FFCD00,0x00FFCD00,0x00FFCD00,0x00FFCD00,0x00FFCD00,0x00FFCD00,0x00FFCD00,0x00FFCD00,0x00FFCD00,
0x00FFCD00,0x00FFCD00,0x00FFCD00,0x00FFCD00,0x00FFCD00,0x00FFCD00,0x00FFCD00,0x00FFCD00,0x00FFCD00,0x00FFCD00,0x00FFCD00,0x00FFCD00,
0x00FFCD00,0x00FFCD00,0x00FFCD00,0x00FFCD00,0x00FFCD00,0x00FFCD00,0x00FFCD00,0x00FFCD00,0x00FFCD00,0x00FFCD00,0x00FFCD00,0x00FFCD00,
0x00FFCD00,0x00FFCD00,0x00FFCD00,0x00FFCD00,0x00FFCD00,0x00FFCD00,0x00FFCD00,0x00FFCD00,0x00FFCD00,0x00FFCD00,0x00FFCD00,0x00FFCD00,
0x00FFCD00,0x00FFCD00,0x00FFCD00,0x00FFCD00,0x00FFCD00,0x00FFCD00,0x00FFCD00,0x00FFCD00,0x00FFCD00,0x00FFCD00,0x00FFCD00,0x00FFCD00,
0x00FFCD00,0x00FFCD00,0x00FFCD00,0x00FFCD00,0x00FFCD00,0x00FFCD00,0x00FFCD00,0x00FFCD00,0x00FFCD00,0x00FFCD00,0x00FFCD00,0x00FFCD00,
0x00FFCD00,0x00FFCD00,0x00FFCD00,0x00FFCD00,0x00FFCD00,0x00FFCD00,0x00FFCD00,0x00FFCD00,0x00FFCD00,0x00FFCD00,0x00FFCD00,0x00FFCD00,
0x00FFCD00,0x00FFCD00,0x00FFCD00,0x00FFCD00,0x00FFCD00,0x00FFCD00,0x00FFCD00,0x00FFCD00,0x00FFCD00,0x00FFCD00,0x00FFCD00,0x00FFCD00,
0x00FFCD00,0x00FFCD00,0x00FFCD00,0x00FFCD00,0x00FFCD00,0x00FFCD00,0x00FFCD00,0x00FFCD00,0x00FFCD00,0x00FFCD00,0x00FFCD00,0x00FFCD00,
0x00FFCD00,0x00FFCD00,0x00FFCD00,0x00FFCD00,0x00FFCD00,0x00FFCD00,0x00FFCD00,0x00FFCD00,0x00FFCD00,0x00FFCD00,0x00FFCD00,0x00FFCD00,
0x00FFCD00,0x00FFCD00,0x00FFCD00,0x00FFCD00,0x00FFCD00,0x00FFCD00,0x00FFCD00,0x00FFCD00,0x00FFCD00,0x00FFCD00,0x00FFCD00,0x00FFCD00,
0x00FFCD00,0x00FFCD00,0x00FFCD00,0x00FFCD00,0x00FFCD00,0x00FFCD00,0x00FFCD00,0x00FFCD00,0x00FFCD00,0x00FFCD00,0x00FFCD00,0x00FFCD00,
0x00FFCD00,0x00FFCD00,0x00FFCD00,0x00FFCD00,0x00FFCD00,0x00FFCD00,0x00FFCD00,0x00FFCD00,0x00FFCD00,0x00FFCD00,0x00FFCD00,0x00FFCD00,
0x00FFCD00,0x00FFCD00,0x00FFCD00,0x00FFCD00,0x00FFCD00,0x00FFCD00,0x00FFCD00,0x00FFCD00,0x00FFCD00,0x00FFCD00,0x00FFCD00,0x00FFCD00,
0x00FFCD00,0x00FFCD00,0x00FFCD00,0x00FFCD00,0x00FFCD00,0x00FFCD00,0x00FFCD00,0x00FFCD00,0x00FFCD00,0x00FFCD00,0x00FFCD00,0x00FFCD00,
0x00FFCD00,0x00FFCD00,0x00FFCD00,0x00FFCD00,0x00FFCD00,0x00FFCD00,0x00FFCD00,0x00FFCD00,0x00FFCD00,0x00FFCD00,0x00FFCD00,0x00FFCD00,
0x00FFCD00,0x00FFCD00,0x00FFCD00,0x00FFCD00,0x00FFCD00,0x00FFCD00,0x00FFCD00,0x00FFCD00,0x00FFCD00,0x00FFCD00,0x00FFCD00,0x00FFCD00,
0x00FFCD00,0x00FFCD00,0x00FFCD00,0x00FFCD00,0x00FFCD00,0x00FFCD00,0x00FFCD00,0x00FFCD00,0x00FFCD00,0x00FFCD00,0x00FFCD00,0x00FFCD00,
0x00FFCD00,0x00FFCD00,0x00FFCD00,0x00FFCD00,0x00FFCD00,0x00FFCD00,0x00FFCD00,0x00FFCD00,0x00FFCD00,0x00FFCD00,0x00FFCD00,0x00FFCD00,
0x00FFCD00,0x00FFCD00,0x00FFCD00,0x00FFCD00,0x00FFCD00,0x00FFCD00,0x00FFCD00,0x00FFCD00,0x00FFCD00,0x00FFCD00,0x00FFCD00,0x00FFCD00,
0x00FFCD00,0x00FFCD00,0x00FFCD00,0x00FFCD00,0x00FFCD00,0x00FFCD00,0x00FFCD00,0x00FFCD00,0x00FFCD00,0x00FFCD00,0x00FFCD00,0x00FFCD00,
0x00FFCD00,0x00FFCD00,0x00FFCD00,0x00FFCD00,0x00FFCD00,0x00FFCD00,0x00FFCD00,0x00FFCD00,0x00FFCD00,0x00FFCD00,0x00FFCD00,0x00FFCD00,
0x00FFCD00,0x00FFCD00,0x00FFCD00,0x00FFCD00,0x00FFCD00,0x00FFCD00,0x00FFCD00,0x00FFCD00,0x00FFCD00,0x00FFCD00,0x00FFCD00,0x00FFCD00,
0x00FFCD00,0x00FFCD00,0x00FFCD00,0x00FFCD00,0x00FFCD00,0x00FFCD00,0x00FFCD00,0x00FFCD00,0x00FFCD00,0x00FFCD00,0x00FFCD00,0x00FFCD00,
0x00FFCD00,0x00FFCD00,0x00FFCD00,0x00FFCD00,0x00FFCD00,0x00FFCD00,0x00FFCD00,0x00FFCD00,0x00FFCD00,0x00FFCD00,0x00FFCD00,0x00FFCD00,
0x00FFCD00,0x00FFCD00,0x00FFCD00,0x00FFCD00,0x00FFCD00,0x00FFCD00,0x00FFCD00,0x00FFCD00,0x00FFCD00,0x00FFCD00,0x00FFCD00,0x00FFCD00,
0x00FFCD00,0x00FFCD00,0x00FFCD00,0x00FFCD00,0x00FFCD00,0x00FFCD00,0x00FFCD00,0x00FFCD00,0x00FFCD00,0x00FFCD00,0x00FFCD00,0x00FFCD00,
0x00FFCD00,0x00FFCD00,0x00FFCD00,0x00FFCD00,0x00FFCD00,0x00FFCD00,0x00FFCD00,0x00FFCD00,0x00FFCD00,0x00FFCD00,0x00FFCD00,0x00FFCD00,
0x00FFCD00,0x00FFCD00,0x00FFCD00,0x00FFCD00,0x00FFCD00,0x00FFCD00,0x00FFCD00,0x00FFCD00,0x00FFCD00,0x00FFCD00,0x00FFCD00,0x00FFCD00,
0x00FFCD00,0x00FFCD00,0x00FFCD00,0x00FFCD00,0x00FFCD00,0x00FFCD00,0x00FFCD00,0x00FFCD00,0x00FFCD00,0x00FFCD00,0x00FFCD00,0x00FFCD00,
0x00FFCD00,0x00FFCD00,0x00FFCD00,0x00FFCD00,0x00FFCD00,0x00FFCD00,0x00FFCD00,0x00FFCD00,0x00FFCD00,0x00FFCD00,0x00FFCD00,0x00FFCD00,
0x00FFCD00,0x00FFCD00,0x00FFCD00,0x00FFCD00,0x00FFCD00,0x00FFCD00,0x00FFCD00,0x00FFCD00,0x00FFCD00,0x00FFCD00,0x00FFCD00,0x00FFCD00,
0x00FFCD00,0x00FFCD00,0x00FFCD00,0x00FFCD00,0x00FFCD00,0x00FFCD00,0x00FFCD00,0x00FFCD00,0x00FFCD00,0x00FFCD00,0x00FFCD00,0x00FFCD00,
0x00FFCD00,0x00FFCD00,0x00FFCD00,0x00FFCD00,0x00FFCD00,0x00FFCD00,0x00FFCD00,0x00FFCD00,0x00FFCD00,0x00FFCD00,0x00FFCD00,0x00FFCD00,
0x00FFCD00,0x00FFCD00,0x00FFCD00,0x00FFCD00,0x00FFCD00,0x00FFCD00,0x00FFCD00,0x00FFCD00,0x00FFCD00,0x00FFCD00,0x00FFCD00,0x00FFCD00,
0x00FFCD00,0x00FFCD00,0x00FFCD00,0x00FFCD00,0x00FFCD00,0x00FFCD00,0x00FFCD00,0x00FFCD00,0x00FFCD00,0x00FFCD00,0x00FFCD00,0x00FFCD00,
0x00FFCD00,0x00FFCD00,0x00FFCD00,0x00FFCD00,0x00FFCD00,0x00FFCD00,0x00FFCD00,0x00FFCD00,0x00FFCD00,0x00FFCD00,0x00FFCD00,0x00FFCD00,
0x00FFCD00,0x00FFCD00,0x00FFCD00,0x00FFCD00,0x00FFCD00,0x00FFCD00,0x00FFCD00,0x00FFCD00,0x00FFCD00,0x00FFCD00,0x00FFCD00,0x00FFCD00,
0x00FFCD00,0x00FFCD00,0x00FFCD00,0x00FFCD00,0x00FFCD00,0x00FFCD00,0x00FFCD00,0x00FFCD00,0x00FFCD00,0x00FFCD00,0x00FFCD00,0x00FFCD00,
0x00FFCD00,0x00FFCD00,0x00FFCD00,0x00FFCD00,0x00FFCD00,0x00FFCD00,0x00FFCD00,0x00FFCD00,0x00FFCD00,0x00FFCD00,0x00FFCD00,0x00FFCD00,
0x00FFCD00,0x00FFCD00,0x00FFCD00,0x00FFCD00,0x00FFCD00,0x00FFCD00,0x00FFCD00,0x00FFCD00,0x00FFCD00,0x00FFCD00,0x00FFCD00,0x00FFCD00,
0x00FFCD00,0x00FFCD00,0x00FFCD00,0x00FFCD00,0x00FFCD00,0x00FFCD00,0x00FFCD00,0x00FFCD00,0x00FFCD00,0x00FFCD00,0x00FFCD00,0x00FFCD00,
0x00FFCD00,0x00FFCD00,0x00FFCD00,0x00FFCD00,0x00FFCD00,0x00FFCD00,0x00FFCD00,0x00FFCD00,0x00FFCD00,0x00FFCD00,0x00FFCD00,0x00FFCD00,
0x00FFCD00,0x00FFCD00,0x00FFCD00,0x00FFCD00,0x00FFCD00,0x00FFCD00,0x00FFCD00,0x00FFCD00,0x00FFCD00,0x00FFCD00,0x00FFCD00,0x00FFCD00,
0x00FFCD00,0x00FFCD00,0x00FFCD00,0x00FFCD00,0x00FFCD00,0x00FFCD00,0x00FFCD00,0x00FFCD00,0x00FFCD00,0x00FFCD00,0x00FFCD00,0x00FFCD00,
0x00FFCD00,0x00FFCD00,0x00FFCD00,0x00FFCD00,0x00FFCD00,0x00FFCD00,0x00FFCD00,0x00FFCD00,0x00FFCD00,0x00FFCD00,0x00FFCD00,0x00FFCD00,
0x00FFCD00,0x00FFCD00,0x00FFCD00,0x00FFCD00,0x00FFCD00,0x00FFCD00,0x00FFCD00,0x00FFCD00,0x00FFCD00,0x00FFCD00,0x00FFCD00,0x00FFCD00,
0x00FFCD00,0x00FFCD00,0x00FFCD00,0x00FFCD00,0x00FFCD00,0x00FFCD00,0x00FFCD00,0x00FFCD00,0x00FFCD00,0x00FFCD00,0x00FFCD00,0x00FFCD00,
0x00FFCD00,0x00FFCD00,0x00FFCD00,0x00FFCD00,0x00FFCD00,0x00FFCD00,0x00FFCD00,0x00FFCD00,0x00FFCD00,0x00FFCD00,0x00FFCD00,0x00FFCD00,
0x00FFCD00,0x00FFCD00,0x00FFCD00,0x00FFCD00,0x00FFCD00,0x00FFCD00,0x00FFCD00,0x00FFCD00,0x00FFCD00,0x00FFCD00,0x00FFCD00,0x00FFCD00,
0x00FFCD00,0x00FFCD00,0x00FFCD00,0x00FFCD00,0x00FFCD00,0x00FFCD00,0x00FFCD00,0x00FFCD00,0x00FFCD00,0x00FFCD00,0x00FFCD00,0x00FFCD00,
0x00FFCD00,0x00FFCD00,0x00FFCD00,0x00FFCD00,0x00FFCD00,0x00FFCD00,0x00FFCD00,0x00FFCD00,0x00FFCD00,0x00FFCD00,0x00FFCD00,0x00FFCD00,
0x00FFCD00,0x00FFCD00,0x00FFCD00,0x00FFCD00,0x00FFCD00,0x00FFCD00,0x00FFCD00,0x00FFCD00,0x00FFCD00,0x00FFCD00,0x00FFCD00,0x00FFCD00,
0x00FFCD00,0x00FFCD00,0x00FFCD00,0x00FFCD00,0x00FFCD00,0x00FFCD00,0x00FFCD00,0x00FFCD00,0x00FFCD00,0x00FFCD00,0x00FFCD00,0x00FFCD00,
0x00FFCD00,0x00FFCD00,0x00FFCD00,0x00FFCD00,0x00FFCD00,0x00FFCD00,0x00FFCD00,0x00FFCD00,0x00FFCD00,0x00FFCD00,0x00FFCD00,0x00FFCD00,
0x00FFCD00,0x00FFCD00,0x00FFCD00,0x00FFCD00,0x00FFCD00,0x00FFCD00,0x00FFCD00,0x00FFCD00,0x00FFCD00,0x00FFCD00,0x00FFCD00,0x00FFCD00,
0x00FFCD00,0x00FFCD00,0x00FFCD00,0x00FFCD00,0x00FFCD00,0x00FFCD00,0x00FFCD00,0x00FFCD00,0x00FFCD00,0x00FFCD00,0x16FFCD00,0x53FFCD00,
0x72FFCD00,0x76FFCD00,0x76FFCD00,0x76FFCD00,0x76FFCD00,0x76FFCD00,0x76FFCD00,0x76FFCD00,0x76FFCD00,0x76FFCD00,0x76FFCD00,0x76FFCD00,
0x76FFCD00,0x76FFCD00,0x76FFCD00,0x76FFCD00,0x76FFCD00,0x76FFCD00,0x76FFCD00,0x76FFCD00,0x76FFCD00,0x76FFCD00,0x76FFCD00,0x76FFCD00,
0x76FFCD00,0x76FFCD00,0x76FFCD00,0x76FFCD00,0x76FFCD00,0x76FFCD00,0x76FFCD00,0x76FFCD00,0x76FFCD00,0x76FFCD00,0x76FFCD00,0x76FFCD00,
0x76FFCD00,0x76FFCD00,0x76FFCD00,0x76FFCD00,0x76FFCD00,0x76FFCD00,0x76FFCD00,0x76FFCD00,0x76FFCD00,0x76FFCD00,0x76FFCD00,0x72FFCD00,
0x53FFCD00,0x16FFCD00,0x00FFCD00,0x00FFCD00,0x00FFCD00,0x00FFCD00,0x00FFCD00,0x00FFCD00,0x00FFCD00,0x00FFCD00,0x00FFCD00,0x00FFCD00,
0x00FFCD00,0x00FFCD00,0x00FFCD00,0x00FFCD00,0x00FFCD00,0x00FFCD00,0x00FFCD00,0x00FFCD00,0x16FFCD00,0x91FFCD00,0xEBFFCD00,0xEBFFCD00,
0xEBFFCD00,0xEBFFCD00,0xEBFFCD00,0xEBFFCD00,0xEBFFCD00,0xEBFFCD00,0xEBFFCD00,0xEBFFCD00,0xEBFFCD00,0xEBFFCD00,0xEBFFCD00,0xEBFFCD00,
0xEBFFCD00,0xEBFFCD00,0xEBFFCD00,0xEBFFCD00,0xEBFFCD00,0xEBFFCD00,0xEBFFCD00,0xEBFFCD00,0xEBFFCD00,0xEBFFCD00,0xEBFFCD00,0xEBFFCD00,
0xEBFFCD00,0xEBFFCD00,0xEBFFCD00,0xEBFFCD00,0xEBFFCD00,0xEBFFCD00,0xEBFFCD00,0xEBFFCD00,0xEBFFCD00,0xEBFFCD00,0xEBFFCD00,0xEBFFCD00,
0xEBFFCD00,0xEBFFCD00,0xEBFFCD00,0xEBFFCD00,0xEBFFCD00,0xEBFFCD00,0xEBFFCD00,0xEBFFCD00,0xEBFFCD00,0xEBFFCD00,0xEBFFCD00,0xEBFFCD00,
0xEBFFCD00,0xEBFFCD00,0x91FFCD00,0x16FFCD00,0x00FFCD00,0x00FFCD00,0x00FFCD00,0x00FFCD00,0x00FFCD00,0x00FFCD00,0x00FFCD00,0x00FFCD00,
0x00FFCD00,0x00FFCD00,0x00FFCD00,0x00FFCD00,0x00FFCD00,0x00FFCD00,0x00FFCD00,0x34FFCD00,0xD2FFCD00,0xEBFFCD00,0xEBFFCD00,0xEBFFCD00,
0xEBFFCD00,0xEBFFCD00,0xEBFFCD00,0xEBFFCD00,0xEBFFCD00,0xEBFFCD00,0xEBFFCD00,0xEBFFCD00,0xEBFFCD00,0xEBFFCD00,0xEBFFCD00,0xEBFFCD00,
0xEBFFCD00,0xEBFFCD00,0xEBFFCD00,0xEBFFCD00,0xEBFFCD00,0xEBFFCD00,0xEBFFCD00,0xEBFFCD00,0xEBFFCD00,0xEBFFCD00,0xEBFFCD00,0xEBFFCD00,
0xEBFFCD00,0xEBFFCD00,0xEBFFCD00,0xEBFFCD00,0xEBFFCD00,0xEBFFCD00,0xEBFFCD00,0xEBFFCD00,0xEBFFCD00,0xEBFFCD00,0xEBFFCD00,0xEBFFCD00,
0xEBFFCD00,0xEBFFCD00,0xEBFFCD00,0xEBFFCD00,0xEBFFCD00,0xEBFFCD00,0xEBFFCD00,0xEBFFCD00,0xEBFFCD00,0xEBFFCD00,0xEBFFCD00,0xEBFFCD00,
0xEBFFCD00,0xEBFFCD00,0xEBFFCD00,0xD2FFCD00,0x34FFCD00,0x00FFCD00,0x00FFCD00,0x00FFCD00,0x00FFCD00,0x00FFCD00,0x00FFCD00,0x00FFCD00,
0x00FFCD00,0x00FFCD00,0x00FFCD00,0x00FFCD00,0x00FFCD00,0x00FFCD00,0x16FFCD00,0xD2FFCD00,0xEBFFCD00,0xEBFFCD00,0xEBFFCD00,0xEBFFCD00,
0xEBFFCD00,0xEBFFCD00,0xEBFFCD00,0xEBFFCD00,0xEBFFCD00,0xEBFFCD00,0xEBFFCD00,0xEBFFCD00,0xEBFFCD00,0xEBFFCD00,0xEBFFCD00,0xEBFFCD00,
0xEBFFCD00,0xEBFFCD00,0xEBFFCD00,0xEBFFCD00,0xEBFFCD00,0xEBFFCD00,0xEBFFCD00,0xEBFFCD00,0xEBFFCD00,0xEBFFCD00,0xEBFFCD00,0xEBFFCD00,
0xEBFFCD00,0xEBFFCD00,0xEBFFCD00,0xEBFFCD00,0xEBFFCD00,0xEBFFCD00,0xEBFFCD00,0xEBFFCD00,0xEBFFCD00,0xEBFFCD00,0xEBFFCD00,0xEBFFCD00,
0xEBFFCD00,0xEBFFCD00,0xEBFFCD00,0xEBFFCD00,0xEBFFCD00,0xEBFFCD00,0xEBFFCD00,0xEBFFCD00,0xEBFFCD00,0xEBFFCD00,0xEBFFCD00,0xEBFFCD00,
0xEBFFCD00,0xEBFFCD00,0xEBFFCD00,0xEBFFCD00,0xD2FFCD00,0x16FFCD00,0x00FFCD00,0x00FFCD00,0x00FFCD00,0x00FFCD00,0x00FFCD00,0x00FFCD00,
0x00FFCD00,0x00FFCD00,0x00FFCD00,0x00FFCD00,0x00FFCD00,0x00FFCD00,0x91FFCD00,0xEBFFCD00,0xEBFFCD00,0xEBFFCD00,0xEBFFCD00,0xEBFFCD00,
0xEBFFCD00,0xEBFFCD00,0xEBFFCD00,0xEBFFCD00,0xEBFFCD00,0xEBFFCD00,0xEBFFCD00,0xEBFFCD00,0xEBFFCD00,0xEBFFCD00,0xEBFFCD00,0xEBFFCD00,
0xEBFFCD00,0xEBFFCD00,0xEBFFCD00,0xEBFFCD00,0xEBFFCD00,0xEBFFCD00,0xEBFFCD00,0xEBFFCD00,0xEBFFCD00,0xEBFFCD00,0xEBFFCD00,0xEBFFCD00,
0xEBFFCD00,0xEBFFCD00,0xEBFFCD00,0xEBFFCD00,0xEBFFCD00,0xEBFFCD00,0xEBFFCD00,0xEBFFCD00,0xEBFFCD00,0xEBFFCD00,0xEBFFCD00,0xEBFFCD00,
0xEBFFCD00,0xEBFFCD00,0xEBFFCD00,0xEBFFCD00,0xEBFFCD00,0xEBFFCD00,0xEBFFCD00,0xEBFFCD00,0xEBFFCD00,0xEBFFCD00,0xEBFFCD00,0xEBFFCD00,
0xEBFFCD00,0xEBFFCD00,0xEBFFCD00,0xEBFFCD00,0xEBFFCD00,0x91FFCD00,0x00FFCD00,0x00FFCD00,0x00FFCD00,0x00FFCD00,0x00FFCD00,0x00FFCD00,
0x00FFCD00,0x00FFCD00,0x00FFCD00,0x00FFCD00,0x00FFCD00,0x16FFCD00,0xEBFFCD00,0xEBFFCD00,0xEBFFCD00,0xEBFFCD00,0xEBFFCD00,0xD7FFCD00,
0x81FFCD00,0x76FFCD00,0x76FFCD00,0x76FFCD00,0x76FFCD00,0x76FFCD00,0x76FFCD00,0x76FFCD00,0x76FFCD00,0x76FFCD00,0x76FFCD00,0x76FFCD00,
0x76FFCD00,0x76FFCD00,0x76FFCD00,0x76FFCD00,0x76FFCD00,0x76FFCD00,0x76FFCD00,0x76FFCD00,0x76FFCD00,0x76FFCD00,0x76FFCD00,0x76FFCD00,
0x76FFCD00,0x76FFCD00,0x76FFCD00,0x76FFCD00,0x76FFCD00,0x76FFCD00,0x76FFCD00,0x76FFCD00,0x76FFCD00,0x76FFCD00,0x76FFCD00,0x76FFCD00,
0x76FFCD00,0x76FFCD00,0x76FFCD00,0x76FFCD00,0x76FFCD00,0x76FFCD00,0x76FFCD00,0x76FFCD00,0x76FFCD00,0x76FFCD00,0x76FFCD00,0x81FFCD00,
0xD7FFCD00,0xEBFFCD00,0xEBFFCD00,0xEBFFCD00,0xEBFFCD00,0xEBFFCD00,0x16FFCD00,0x00FFCD00,0x00FFCD00,0x00FFCD00,0x00FFCD00,0x00FFCD00,
0x00FFCD00,0x00FFCD00,0x00FFCD00,0x00FFCD00,0x00FFCD00,0x53FFCD00,0xEBFFCD00,0xEBFFCD00,0xEBFFCD00,0xEBFFCD00,0xD7FFCD00,0x1DFFCD00,
0x00FFCD00,0x00FFCD00,0x00FFCD00,0x00FFCD00,0x00FFCD00,0x00FFCD00,0x00FFCD00,0x00FFCD00,0x00FFCD00,0x00FFCD00,0x00FFCD00,0x00FFCD00,
0x00FFCD00,0x00FFCD00,0x00FFCD00,0x00FFCD00,0x00FFCD00,0x00FFCD00,0x00FFCD00,0x00FFCD00,0x00FFCD00,0x00FFCD00,0x00FFCD00,0x00FFCD00,
0x00FFCD00,0x00FFCD00,0x00FFCD00,0x00FFCD00,0x00FFCD00,0x00FFCD00,0x00FFCD00,0x00FFCD00,0x00FFCD00,0x00FFCD00,0x00FFCD00,0x00FFCD00,
0x00FFCD00,0x00FFCD00,0x00FFCD00,0x00FFCD00,0x00FFCD00,0x00FFCD00,0x00FFCD00,0x00FFCD00,0x00FFCD00,0x00FFCD00,0x00FFCD00,0x00FFCD00,
0x1DFFCD00,0xD7FFCD00,0xEBFFCD00,0xEBFFCD00,0xEBFFCD00,0xEBFFCD00,0x53FFCD00,0x00FFCD00,0x00FFCD00,0x00FFCD00,0x00FFCD00,0x00FFCD00,
0x00FFCD00,0x00FFCD00,0x00FFCD00,0x00FFCD00,0x00FFCD00,0x72FFCD00,0xEBFFCD00,0xEBFFCD00,0xEBFFCD00,0xEBFFCD00,0x81FFCD00,0x00FFCD00,
0x00FFCD00,0x00FFCD00,0x00FFCD00,0x00FFCD00,0x00FFCD00,0x00FFCD00,0x00FFCD00,0x00FFCD00,0x00FFCD00,0x00FFCD00,0x00FFCD00,0x00FFCD00,
0x00FFCD00,0x00FFCD00,0x00FFCD00,0x00FFCD00,0x00FFCD00,0x00FFCD00,0x00FFCD00,0x00FFCD00,0x00FFCD00,0x00FFCD00,0x00FFCD00,0x00FFCD00,
0x00FFCD00,0x00FFCD00,0x00FFCD00,0x00FFCD00,0x00FFCD00,0x00FFCD00,0x00FFCD00,0x00FFCD00,0x00FFCD00,0x00FFCD00,0x00FFCD00,0x00FFCD00,
0x00FFCD00,0x00FFCD00,0x00FFCD00,0x00FFCD00,0x00FFCD00,0x00FFCD00,0x00FFCD00,0x00FFCD00,0x00FFCD00,0x00FFCD00,0x00FFCD00,0x00FFCD00,
0x00FFCD00,0x81FFCD00,0xEBFFCD00,0xEBFFCD00,0xEBFFCD00,0xEBFFCD00,0x72FFCD00,0x00FFCD00,0x00FFCD00,0x00FFCD00,0x00FFCD00,0x00FFCD00,
0x00FFCD00,0x00FFCD00,0x00FFCD00,0x00FFCD00,0x00FFCD00,0x76FFCD00,0xEBFFCD00,0xEBFFCD00,0xEBFFCD00,0xEBFFCD00,0x76FFCD00,0x00FFCD00,
0x00FFCD00,0x00FFCD00,0x00FFCD00,0x00FFCD00,0x00FFCD00,0x00FFCD00,0x00FFCD00,0x00FFCD00,0x00FFCD00,0x00FFCD00,0x00FFCD00,0x00FFCD00,
0x00FFCD00,0x00FFCD00,0x00FFCD00,0x00FFCD00,0x00FFCD00,0x00FFCD00,0x00FFCD00,0x00FFCD00,0x00FFCD00,0x00FFCD00,0x00FFCD00,0x00FFCD00,
0x00FFCD00,0x00FFCD00,0x00FFCD00,0x00FFCD00,0x00FFCD00,0x00FFCD00,0x00FFCD00,0x00FFCD00,0x00FFCD00,0x00FFCD00,0x00FFCD00,0x00FFCD00,
0x00FFCD00,0x00FFCD00,0x00FFCD00,0x00FFCD00,0x00FFCD00,0x00FFCD00,0x00FFCD00,0x00FFCD00,0x00FFCD00,0x00FFCD00,0x00FFCD00,0x00FFCD00,
0x00FFCD00,0x76FFCD00,0xEBFFCD00,0xEBFFCD00,0xEBFFCD00,0xEBFFCD00,0x76FFCD00,0x00FFCD00,0x00FFCD00,0x00FFCD00,0x00FFCD00,0x00FFCD00,
0x00FFCD00,0x00FFCD00,0x00FFCD00,0x00FFCD00,0x00FFCD00,0x76FFCD00,0xEBFFCD00,0xEBFFCD00,0xEBFFCD00,0xEBFFCD00,0x76FFCD00,0x00FFCD00,
0x00FFCD00,0x00FFCD00,0x00FFCD00,0x00FFCD00,0x00FFCD00,0x00FFCD00,0x00FFCD00,0x00FFCD00,0x00FFCD00,0x00FFCD00,0x00FFCD00,0x00FFCD00,
0x00FFCD00,0x00FFCD00,0x00FFCD00,0x00FFCD00,0x00FFCD00,0x00FFCD00,0x00FFCD00,0x00FFCD00,0x00FFCD00,0x00FFCD00,0x00FFCD00,0x00FFCD00,
0x00FFCD00,0x00FFCD00,0x00FFCD00,0x00FFCD00,0x00FFCD00,0x00FFCD00,0x00FFCD00,0x00FFCD00,0x00FFCD00,0x00FFCD00,0x00FFCD00,0x00FFCD00,
0x00FFCD00,0x00FFCD00,0x00FFCD00,0x00FFCD00,0x00FFCD00,0x00FFCD00,0x00FFCD00,0x00FFCD00,0x00FFCD00,0x00FFCD00,0x00FFCD00,0x00FFCD00,
0x00FFCD00,0x76FFCD00,0xEBFFCD00,0xEBFFCD00,0xEBFFCD00,0xEBFFCD00,0x76FFCD00,0x00FFCD00,0x00FFCD00,0x00FFCD00,0x00FFCD00,0x00FFCD00,
0x00FFCD00,0x00FFCD00,0x00FFCD00,0x00FFCD00,0x00FFCD00,0x76FFCD00,0xEBFFCD00,0xEBFFCD00,0xEBFFCD00,0xEBFFCD00,0x76FFCD00,0x00FFCD00,
0x00FFCD00,0x00FFCD00,0x00FFCD00,0x00FFCD00,0x00FFCD00,0x00FFCD00,0x00FFCD00,0x00FFCD00,0x00FFCD00,0x00FFCD00,0x00FFCD00,0x00FFCD00,
0x00FFCD00,0x00FFCD00,0x00FFCD00,0x00FFCD00,0x00FFCD00,0x00FFCD00,0x00FFCD00,0x00FFCD00,0x00FFCD00,0x00FFCD00,0x00FFCD00,0x00FFCD00,
0x00FFCD00,0x00FFCD00,0x00FFCD00,0x00FFCD00,0x00FFCD00,0x00FFCD00,0x00FFCD00,0x00FFCD00,0x00FFCD00,0x00FFCD00,0x00FFCD00,0x00FFCD00,
0x00FFCD00,0x00FFCD00,0x00FFCD00,0x00FFCD00,0x00FFCD00,0x00FFCD00,0x00FFCD00,0x00FFCD00,0x00FFCD00,0x00FFCD00,0x00FFCD00,0x00FFCD00,
0x00FFCD00,0x76FFCD00,0xEBFFCD00,0xEBFFCD00,0xEBFFCD00,0xEBFFCD00,0x76FFCD00,0x00FFCD00,0x00FFCD00,0x00FFCD00,0x00FFCD00,0x00FFCD00,
0x00FFCD00,0x00FFCD00,0x00FFCD00,0x00FFCD00,0x00FFCD00,0x76FFCD00,0xEBFFCD00,0xEBFFCD00,0xEBFFCD00,0xEBFFCD00,0x76FFCD00,0x00FFCD00,
0x00FFCD00,0x00FFCD00,0x00FFCD00,0x00FFCD00,0x00FFCD00,0x00FFCD00,0x00FFCD00,0x00FFCD00,0x00FFCD00,0x00FFCD00,0x00FFCD00,0x00FFCD00,
0x00FFCD00,0x00FFCD00,0x00FFCD00,0x00FFCD00,0x00FFCD00,0x00FFCD00,0x00FFCD00,0x00FFCD00,0x00FFCD00,0x00FFCD00,0x00FFCD00,0x00FFCD00,
0x00FFCD00,0x00FFCD00,0x00FFCD00,0x00FFCD00,0x00FFCD00,0x00FFCD00,0x00FFCD00,0x00FFCD00,0x00FFCD00,0x00FFCD00,0x00FFCD00,0x00FFCD00,
0x00FFCD00,0x00FFCD00,0x00FFCD00,0x00FFCD00,0x00FFCD00,0x00FFCD00,0x00FFCD00,0x00FFCD00,0x00FFCD00,0x00FFCD00,0x00FFCD00,0x00FFCD00,
0x00FFCD00,0x76FFCD00,0xEBFFCD00,0xEBFFCD00,0xEBFFCD00,0xEBFFCD00,0x76FFCD00,0x00FFCD00,0x00FFCD00,0x00FFCD00,0x00FFCD00,0x00FFCD00,
0x00FFCD00,0x00FFCD00,0x00FFCD00,0x00FFCD00,0x00FFCD00,0x76FFCD00,0xEBFFCD00,0xEBFFCD00,0xEBFFCD00,0xEBFFCD00,0x76FFCD00,0x00FFCD00,
0x00FFCD00,0x00FFCD00,0x00FFCD00,0x00FFCD00,0x00FFCD00,0x00FFCD00,0x00FFCD00,0x00FFCD00,0x00FFCD00,0x00FFCD00,0x00FFCD00,0x00FFCD00,
0x00FFCD00,0x00FFCD00,0x00FFCD00,0x00FFCD00,0x00FFCD00,0x00FFCD00,0x00FFCD00,0x00FFCD00,0x00FFCD00,0x00FFCD00,0x00FFCD00,0x00FFCD00,
0x00FFCD00,0x00FFCD00,0x00FFCD00,0x00FFCD00,0x00FFCD00,0x00FFCD00,0x00FFCD00,0x00FFCD00,0x00FFCD00,0x00FFCD00,0x00FFCD00,0x00FFCD00,
0x00FFCD00,0x00FFCD00,0x00FFCD00,0x00FFCD00,0x00FFCD00,0x00FFCD00,0x00FFCD00,0x00FFCD00,0x00FFCD00,0x00FFCD00,0x00FFCD00,0x00FFCD00,
0x00FFCD00,0x76FFCD00,0xEBFFCD00,0xEBFFCD00,0xEBFFCD00,0xEBFFCD00,0x76FFCD00,0x00FFCD00,0x00FFCD00,0x00FFCD00,0x00FFCD00,0x00FFCD00,
0x00FFCD00,0x00FFCD00,0x00FFCD00,0x00FFCD00,0x00FFCD00,0x76FFCD00,0xEBFFCD00,0xEBFFCD00,0xEBFFCD00,0xEBFFCD00,0x76FFCD00,0x00FFCD00,
0x00FFCD00,0x00FFCD00,0x00FFCD00,0x00FFCD00,0x00FFCD00,0x00FFCD00,0x00FFCD00,0x00FFCD00,0x00FFCD00,0x00FFCD00,0x00FFCD00,0x00FFCD00,
0x00FFCD00,0x00FFCD00,0x00FFCD00,0x00FFCD00,0x00FFCD00,0x00FFCD00,0x00FFCD00,0x00FFCD00,0x00FFCD00,0x00FFCD00,0x00FFCD00,0x00FFCD00,
0x00FFCD00,0x00FFCD00,0x00FFCD00,0x00FFCD00,0x00FFCD00,0x00FFCD00,0x00FFCD00,0x00FFCD00,0x00FFCD00,0x00FFCD00,0x00FFCD00,0x00FFCD00,
0x00FFCD00,0x00FFCD00,0x00FFCD00,0x00FFCD00,0x00FFCD00,0x00FFCD00,0x00FFCD00,0x00FFCD00,0x00FFCD00,0x00FFCD00,0x00FFCD00,0x00FFCD00,
0x00FFCD00,0x76FFCD00,0xEBFFCD00,0xEBFFCD00,0xEBFFCD00,0xEBFFCD00,0x76FFCD00,0x00FFCD00,0x00FFCD00,0x00FFCD00,0x00FFCD00,0x00FFCD00,
0x00FFCD00,0x00FFCD00,0x00FFCD00,0x00FFCD00,0x00FFCD00,0x76FFCD00,0xEBFFCD00,0xEBFFCD00,0xEBFFCD00,0xEBFFCD00,0x76FFCD00,0x00FFCD00,
0x00FFCD00,0x00FFCD00,0x00FFCD00,0x00FFCD00,0x00FFCD00,0x00FFCD00,0x00FFCD00,0x00FFCD00,0x00FFCD00,0x00FFCD00,0x00FFCD00,0x00FFCD00,
0x00FFCD00,0x00FFCD00,0x00FFCD00,0x00FFCD00,0x00FFCD00,0x00FFCD00,0x00FFCD00,0x00FFCD00,0x00FFCD00,0x00FFCD00,0x00FFCD00,0x00FFCD00,
0x00FFCD00,0x00FFCD00,0x00FFCD00,0x00FFCD00,0x00FFCD00,0x00FFCD00,0x00FFCD00,0x00FFCD00,0x00FFCD00,0x00FFCD00,0x00FFCD00,0x00FFCD00,
0x00FFCD00,0x00FFCD00,0x00FFCD00,0x00FFCD00,0x00FFCD00,0x00FFCD00,0x00FFCD00,0x00FFCD00,0x00FFCD00,0x00FFCD00,0x00FFCD00,0x00FFCD00,
0x00FFCD00,0x76FFCD00,0xEBFFCD00,0xEBFFCD00,0xEBFFCD00,0xEBFFCD00,0x76FFCD00,0x00FFCD00,0x00FFCD00,0x00FFCD00,0x00FFCD00,0x00FFCD00,
0x00FFCD00,0x00FFCD00,0x00FFCD00,0x00FFCD00,0x00FFCD00,0x76FFCD00,0xEBFFCD00,0xEBFFCD00,0xEBFFCD00,0xEBFFCD00,0x76FFCD00,0x00FFCD00,
0x00FFCD00,0x00FFCD00,0x00FFCD00,0x00FFCD00,0x00FFCD00,0x00FFCD00,0x00FFCD00,0x00FFCD00,0x00FFCD00,0x00FFCD00,0x00FFCD00,0x00FFCD00,
0x00FFCD00,0x00FFCD00,0x00FFCD00,0x00FFCD00,0x00FFCD00,0x00FFCD00,0x00FFCD00,0x00FFCD00,0x00FFCD00,0x00FFCD00,0x00FFCD00,0x00FFCD00,
0x00FFCD00,0x00FFCD00,0x00FFCD00,0x00FFCD00,0x00FFCD00,0x00FFCD00,0x00FFCD00,0x00FFCD00,0x00FFCD00,0x00FFCD00,0x00FFCD00,0x00FFCD00,
0x00FFCD00,0x00FFCD00,0x00FFCD00,0x00FFCD00,0x00FFCD00,0x00FFCD00,0x00FFCD00,0x00FFCD00,0x00FFCD00,0x00FFCD00,0x00FFCD00,0x00FFCD00,
0x00FFCD00,0x76FFCD00,0xEBFFCD00,0xEBFFCD00,0xEBFFCD00,0xEBFFCD00,0x76FFCD00,0x00FFCD00,0x00FFCD00,0x00FFCD00,0x00FFCD00,0x00FFCD00,
0x00FFCD00,0x00FFCD00,0x00FFCD00,0x00FFCD00,0x00FFCD00,0x76FFCD00,0xEBFFCD00,0xEBFFCD00,0xEBFFCD00,0xEBFFCD00,0x76FFCD00,0x00FFCD00,
0x00FFCD00,0x00FFCD00,0x00FFCD00,0x00FFCD00,0x00FFCD00,0x00FFCD00,0x00FFCD00,0x00FFCD00,0x00FFCD00,0x00FFCD00,0x00FFCD00,0x00FFCD00,
0x00FFCD00,0x00FFCD00,0x00FFCD00,0x00FFCD00,0x00FFCD00,0x00FFCD00,0x00FFCD00,0x00FFCD00,0x00FFCD00,0x00FFCD00,0x00FFCD00,0x00FFCD00,
0x00FFCD00,0x00FFCD00,0x00FFCD00,0x00FFCD00,0x00FFCD00,0x00FFCD00,0x00FFCD00,0x00FFCD00,0x00FFCD00,0x00FFCD00,0x00FFCD00,0x00FFCD00,
0x00FFCD00,0x00FFCD00,0x00FFCD00,0x00FFCD00,0x00FFCD00,0x00FFCD00,0x00FFCD00,0x00FFCD00,0x00FFCD00,0x00FFCD00,0x00FFCD00,0x00FFCD00,
0x00FFCD00,0x76FFCD00,0xEBFFCD00,0xEBFFCD00,0xEBFFCD00,0xEBFFCD00,0x76FFCD00,0x00FFCD00,0x00FFCD00,0x00FFCD00,0x00FFCD00,0x00FFCD00,
0x00FFCD00,0x00FFCD00,0x00FFCD00,0x00FFCD00,0x00FFCD00,0x76FFCD00,0xEBFFCD00,0xEBFFCD00,0xEBFFCD00,0xEBFFCD00,0x76FFCD00,0x00FFCD00,
0x00FFCD00,0x00FFCD00,0x00FFCD00,0x00FFCD00,0x00FFCD00,0x00FFCD00,0x00FFCD00,0x00FFCD00,0x00FFCD00,0x00FFCD00,0x00FFCD00,0x00FFCD00,
0x00FFCD00,0x00FFCD00,0x00FFCD00,0x00FFCD00,0x00FFCD00,0x00FFCD00,0x00FFCD00,0x00FFCD00,0x00FFCD00,0x00FFCD00,0x00FFCD00,0x00FFCD00,
0x00FFCD00,0x00FFCD00,0x00FFCD00,0x00FFCD00,0x00FFCD00,0x00FFCD00,0x00FFCD00,0x00FFCD00,0x00FFCD00,0x00FFCD00,0x00FFCD00,0x00FFCD00,
0x00FFCD00,0x00FFCD00,0x00FFCD00,0x00FFCD00,0x00FFCD00,0x00FFCD00,0x00FFCD00,0x00FFCD00,0x00FFCD00,0x00FFCD00,0x00FFCD00,0x00FFCD00,
0x00FFCD00,0x76FFCD00,0xEBFFCD00,0xEBFFCD00,0xEBFFCD00,0xEBFFCD00,0x76FFCD00,0x00FFCD00,0x00FFCD00,0x00FFCD00,0x00FFCD00,0x00FFCD00,
0x00FFCD00,0x00FFCD00,0x00FFCD00,0x00FFCD00,0x00FFCD00,0x76FFCD00,0xEBFFCD00,0xEBFFCD00,0xEBFFCD00,0xEBFFCD00,0x76FFCD00,0x00FFCD00,
0x00FFCD00,0x00FFCD00,0x00FFCD00,0x00FFCD00,0x00FFCD00,0x00FFCD00,0x00FFCD00,0x00FFCD00,0x00FFCD00,0x00FFCD00,0x00FFCD00,0x00FFCD00,
0x14FFCD00,0x6AFFCD00,0x6AFFCD00,0x14FFCD00,0x00FFCD00,0x00FFCD00,0x00FFCD00,0x00FFCD00,0x00FFCD00,0x00FFCD00,0x00FFCD00,0x00FFCD00,
0x00FFCD00,0x00FFCD00,0x00FFCD00,0x00FFCD00,0x00FFCD00,0x00FFCD00,0x00FFCD00,0x00FFCD00,0x00FFCD00,0x00FFCD00,0x00FFCD00,0x00FFCD00,
0x00FFCD00,0x00FFCD00,0x00FFCD00,0x00FFCD00,0x00FFCD00,0x00FFCD00,0x00FFCD00,0x00FFCD00,0x00FFCD00,0x00FFCD00,0x00FFCD00,0x00FFCD00,
0x00FFCD00,0x76FFCD00,0xEBFFCD00,0xEBFFCD00,0xEBFFCD00,0xEBFFCD00,0x76FFCD00,0x00FFCD00,0x00FFCD00,0x00FFCD00,0x00FFCD00,0x00FFCD00,
0x00FFCD00,0x00FFCD00,0x00FFCD00,0x00FFCD00,0x00FFCD00,0x76FFCD00,0xEBFFCD00,0xEBFFCD00,0xEBFFCD00,0xEBFFCD00,0x76FFCD00,0x00FFCD00,
0x00FFCD00,0x00FFCD00,0x00FFCD00,0x00FFCD00,0x00FFCD00,0x00FFCD00,0x00FFCD00,0x00FFCD00,0x00FFCD00,0x00FFCD00,0x00FFCD00,0x14FFCD00,
0xCEFFCD00,0xEBFFCD00,0xEBFFCD00,0xD3FFCD00,0x46FFCD00,0x00FFCD00,0x00FFCD00,0x00FFCD00,0x00FFCD00,0x00FFCD00,0x00FFCD00,0x00FFCD00,
0x00FFCD00,0x00FFCD00,0x00FFCD00,0x00FFCD00,0x00FFCD00,0x00FFCD00,0x00FFCD00,0x00FFCD00,0x00FFCD00,0x00FFCD00,0x00FFCD00,0x00FFCD00,
0x00FFCD00,0x00FFCD00,0x00FFCD00,0x00FFCD00,0x00FFCD00,0x00FFCD00,0x00FFCD00,0x00FFCD00,0x00FFCD00,0x00FFCD00,0x00FFCD00,0x00FFCD00,
0x00FFCD00,0x76FFCD00,0xEBFFCD00,0xEBFFCD00,0xEBFFCD00,0xEBFFCD00,0x76FFCD00,0x00FFCD00,0x00FFCD00,0x00FFCD00,0x00FFCD00,0x00FFCD00,
0x00FFCD00,0x00FFCD00,0x00FFCD00,0x00FFCD00,0x00FFCD00,0x76FFCD00,0xEBFFCD00,0xEBFFCD00,0xEBFFCD00,0xEBFFCD00,0x76FFCD00,0x00FFCD00,
0x00FFCD00,0x00FFCD00,0x00FFCD00,0x00FFCD00,0x00FFCD00,0x00FFCD00,0x00FFCD00,0x00FFCD00,0x00FFCD00,0x00FFCD00,0x00FFCD00,0x6AFFCD00,
0xEBFFCD00,0xEBFFCD00,0xEBFFCD00,0xEBFFCD00,0xEBFFCD00,0x76FFCD00,0x00FFCD00,0x00FFCD00,0x00FFCD00,0x00FFCD00,0x00FFCD00,0x00FFCD00,
0x00FFCD00,0x00FFCD00,0x00FFCD00,0x00FFCD00,0x00FFCD00,0x00FFCD00,0x00FFCD00,0x00FFCD00,0x00FFCD00,0x00FFCD00,0x00FFCD00,0x00FFCD00,
0x00FFCD00,0x00FFCD00,0x00FFCD00,0x00FFCD00,0x00FFCD00,0x00FFCD00,0x00FFCD00,0x00FFCD00,0x00FFCD00,0x00FFCD00,0x00FFCD00,0x00FFCD00,
0x00FFCD00,0x76FFCD00,0xEBFFCD00,0xEBFFCD00,0xEBFFCD00,0xEBFFCD00,0x76FFCD00,0x00FFCD00,0x00FFCD00,0x00FFCD00,0x00FFCD00,0x00FFCD00,
0x00FFCD00,0x00FFCD00,0x00FFCD00,0x00FFCD00,0x00FFCD00,0x76FFCD00,0xEBFFCD00,0xEBFFCD00,0xEBFFCD00,0xEBFFCD00,0x76FFCD00,0x00FFCD00,
0x00FFCD00,0x00FFCD00,0x00FFCD00,0x00FFCD00,0x00FFCD00,0x00FFCD00,0x00FFCD00,0x00FFCD00,0x00FFCD00,0x00FFCD00,0x00FFCD00,0x6AFFCD00,
0xEBFFCD00,0xEBFFCD00,0xEBFFCD00,0xEBFFCD00,0xEBFFCD00,0xEBFFCD00,0xA5FFCD00,0x18FFCD00,0x00FFCD00,0x00FFCD00,0x00FFCD00,0x00FFCD00,
0x00FFCD00,0x00FFCD00,0x00FFCD00,0x00FFCD00,0x00FFCD00,0x00FFCD00,0x00FFCD00,0x00FFCD00,0x00FFCD00,0x00FFCD00,0x00FFCD00,0x00FFCD00,
0x00FFCD00,0x00FFCD00,0x00FFCD00,0x00FFCD00,0x00FFCD00,0x00FFCD00,0x00FFCD00,0x00FFCD00,0x00FFCD00,0x00FFCD00,0x00FFCD00,0x00FFCD00,
0x00FFCD00,0x76FFCD00,0xEBFFCD00,0xEBFFCD00,0xEBFFCD00,0xEBFFCD00,0x76FFCD00,0x00FFCD00,0x00FFCD00,0x00FFCD00,0x00FFCD00,0x00FFCD00,
0x00FFCD00,0x00FFCD00,0x00FFCD00,0x00FFCD00,0x00FFCD00,0x76FFCD00,0xEBFFCD00,0xEBFFCD00,0xEBFFCD00,0xEBFFCD00,0x76FFCD00,0x00FFCD00,
0x00FFCD00,0x00FFCD00,0x00FFCD00,0x00FFCD00,0x00FFCD00,0x00FFCD00,0x00FFCD00,0x00FFCD00,0x00FFCD00,0x00FFCD00,0x00FFCD00,0x14FFCD00,
0xCEFFCD00,0xEBFFCD00,0xEBFFCD00,0xEBFFCD00,0xEBFFCD00,0xEBFFCD00,0xEBFFCD00,0xD3FFCD00,0x46FFCD00,0x00FFCD00,0x00FFCD00,0x00FFCD00,
0x00FFCD00,0x00FFCD00,0x00FFCD00,0x00FFCD00,0x00FFCD00,0x00FFCD00,0x00FFCD00,0x00FFCD00,0x00FFCD00,0x00FFCD00,0x00FFCD00,0x00FFCD00,
0x00FFCD00,0x00FFCD00,0x00FFCD00,0x00FFCD00,0x00FFCD00,0x00FFCD00,0x00FFCD00,0x00FFCD00,0x00FFCD00,0x00FFCD00,0x00FFCD00,0x00FFCD00,
0x00FFCD00,0x76FFCD00,0xEBFFCD00,0xEBFFCD00,0xEBFFCD00,0xEBFFCD00,0x76FFCD00,0x00FFCD00,0x00FFCD00,0x00FFCD00,0x00FFCD00,0x00FFCD00,
0x00FFCD00,0x00FFCD00,0x00FFCD00,0x00FFCD00,0x00FFCD00,0x76FFCD00,0xEBFFCD00,0xEBFFCD00,0xEBFFCD00,0xEBFFCD00,0x76FFCD00,0x00FFCD00,
0x00FFCD00,0x00FFCD00,0x00FFCD00,0x00FFCD00,0x00FFCD00,0x00FFCD00,0x00FFCD00,0x00FFCD00,0x00FFCD00,0x00FFCD00,0x00FFCD00,0x00FFCD00,
0x18FFCD00,0xA5FFCD00,0xEBFFCD00,0xEBFFCD00,0xEBFFCD00,0xEBFFCD00,0xEBFFCD00,0xEBFFCD00,0xEBFFCD00,0x76FFCD00,0x00FFCD00,0x00FFCD00,
0x00FFCD00,0x00FFCD00,0x00FFCD00,0x00FFCD00,0x00FFCD00,0x00FFCD00,0x00FFCD00,0x00FFCD00,0x00FFCD00,0x00FFCD00,0x00FFCD00,0x00FFCD00,
0x00FFCD00,0x00FFCD00,0x00FFCD00,0x00FFCD00,0x00FFCD00,0x00FFCD00,0x00FFCD00,0x00FFCD00,0x00FFCD00,0x00FFCD00,0x00FFCD00,0x00FFCD00,
0x00FFCD00,0x76FFCD00,0xEBFFCD00,0xEBFFCD00,0xEBFFCD00,0xEBFFCD00,0x76FFCD00,0x00FFCD00,0x00FFCD00,0x00FFCD00,0x00FFCD00,0x00FFCD00,
0x00FFCD00,0x00FFCD00,0x00FFCD00,0x00FFCD00,0x00FFCD00,0x76FFCD00,0xEBFFCD00,0xEBFFCD00,0xEBFFCD00,0xEBFFCD00,0x76FFCD00,0x00FFCD00,
0x00FFCD00,0x00FFCD00,0x00FFCD00,0x00FFCD00,0x00FFCD00,0x00FFCD00,0x00FFCD00,0x00FFCD00,0x00FFCD00,0x00FFCD00,0x00FFCD00,0x00FFCD00,
0x00FFCD00,0x00FFCD00,0x76FFCD00,0xEBFFCD00,0xEBFFCD00,0xEBFFCD00,0xEBFFCD00,0xEBFFCD00,0xEBFFCD00,0xEBFFCD00,0xA5FFCD00,0x17FFCD00,
0x00FFCD00,0x00FFCD00,0x00FFCD00,0x00FFCD00,0x00FFCD00,0x00FFCD00,0x00FFCD00,0x00FFCD00,0x00FFCD00,0x00FFCD00,0x00FFCD00,0x00FFCD00,
0x00FFCD00,0x00FFCD00,0x00FFCD00,0x00FFCD00,0x00FFCD00,0x00FFCD00,0x00FFCD00,0x00FFCD00,0x00FFCD00,0x00FFCD00,0x00FFCD00,0x00FFCD00,
0x00FFCD00,0x76FFCD00,0xEBFFCD00,0xEBFFCD00,0xEBFFCD00,0xEBFFCD00,0x76FFCD00,0x00FFCD00,0x00FFCD00,0x00FFCD00,0x00FFCD00,0x00FFCD00,
0x00FFCD00,0x00FFCD00,0x00FFCD00,0x00FFCD00,0x00FFCD00,0x76FFCD00,0xEBFFCD00,0xEBFFCD00,0xEBFFCD00,0xEBFFCD00,0x76FFCD00,0x00FFCD00,
0x00FFCD00,0x00FFCD00,0x00FFCD00,0x00FFCD00,0x00FFCD00,0x00FFCD00,0x00FFCD00,0x00FFCD00,0x00FFCD00,0x00FFCD00,0x00FFCD00,0x00FFCD00,
0x00FFCD00,0x00FFCD00,0x00FFCD00,0x46FFCD00,0xD3FFCD00,0xEBFFCD00,0xEBFFCD00,0xEBFFCD00,0xEBFFCD00,0xEBFFCD00,0xEBFFCD00,0xCEFFCD00,
0x14FFCD00,0x00FFCD00,0x00FFCD00,0x00FFCD00,0x00FFCD00,0x00FFCD00,0x00FFCD00,0x00FFCD00,0x00FFCD00,0x00FFCD00,0x00FFCD00,0x00FFCD00,
0x00FFCD00,0x00FFCD00,0x00FFCD00,0x00FFCD00,0x00FFCD00,0x00FFCD00,0x00FFCD00,0x00FFCD00,0x00FFCD00,0x00FFCD00,0x00FFCD00,0x00FFCD00,
0x00FFCD00,0x76FFCD00,0xEBFFCD00,0xEBFFCD00,0xEBFFCD00,0xEBFFCD00,0x76FFCD00,0x00FFCD00,0x00FFCD00,0x00FFCD00,0x00FFCD00,0x00FFCD00,
0x00FFCD00,0x00FFCD00,0x00FFCD00,0x00FFCD00,0x00FFCD00,0x76FFCD00,0xEBFFCD00,0xEBFFCD00,0xEBFFCD00,0xEBFFCD00,0x76FFCD00,0x00FFCD00,
0x00FFCD00,0x00FFCD00,0x00FFCD00,0x00FFCD00,0x00FFCD00,0x00FFCD00,0x00FFCD00,0x00FFCD00,0x00FFCD00,0x00FFCD00,0x00FFCD00,0x00FFCD00,
0x00FFCD00,0x00FFCD00,0x00FFCD00,0x00FFCD00,0x18FFCD00,0xA5FFCD00,0xEBFFCD00,0xEBFFCD00,0xEBFFCD00,0xEBFFCD00,0xEBFFCD00,0xEBFFCD00,
0x6AFFCD00,0x00FFCD00,0x00FFCD00,0x00FFCD00,0x00FFCD00,0x00FFCD00,0x00FFCD00,0x00FFCD00,0x00FFCD00,0x00FFCD00,0x00FFCD00,0x00FFCD00,
0x00FFCD00,0x00FFCD00,0x00FFCD00,0x00FFCD00,0x00FFCD00,0x00FFCD00,0x00FFCD00,0x00FFCD00,0x00FFCD00,0x00FFCD00,0x00FFCD00,0x00FFCD00,
0x00FFCD00,0x76FFCD00,0xEBFFCD00,0xEBFFCD00,0xEBFFCD00,0xEBFFCD00,0x76FFCD00,0x00FFCD00,0x00FFCD00,0x00FFCD00,0x00FFCD00,0x00FFCD00,
0x00FFCD00,0x00FFCD00,0x00FFCD00,0x00FFCD00,0x00FFCD00,0x76FFCD00,0xEBFFCD00,0xEBFFCD00,0xEBFFCD00,0xEBFFCD00,0x76FFCD00,0x00FFCD00,
0x00FFCD00,0x00FFCD00,0x00FFCD00,0x00FFCD00,0x00FFCD00,0x00FFCD00,0x00FFCD00,0x00FFCD00,0x00FFCD00,0x00FFCD00,0x00FFCD00,0x00FFCD00,
0x00FFCD00,0x00FFCD00,0x00FFCD00,0x00FFCD00,0x18FFCD00,0xA5FFCD00,0xEBFFCD00,0xEBFFCD00,0xEBFFCD00,0xEBFFCD00,0xEBFFCD00,0xEBFFCD00,
0x6AFFCD00,0x00FFCD00,0x00FFCD00,0x00FFCD00,0x00FFCD00,0x00FFCD00,0x00FFCD00,0x00FFCD00,0x00FFCD00,0x00FFCD00,0x00FFCD00,0x00FFCD00,
0x00FFCD00,0x00FFCD00,0x00FFCD00,0x00FFCD00,0x00FFCD00,0x00FFCD00,0x00FFCD00,0x00FFCD00,0x00FFCD00,0x00FFCD00,0x00FFCD00,0x00FFCD00,
0x00FFCD00,0x76FFCD00,0xEBFFCD00,0xEBFFCD00,0xEBFFCD00,0xEBFFCD00,0x76FFCD00,0x00FFCD00,0x00FFCD00,0x00FFCD00,0x00FFCD00,0x00FFCD00,
0x00FFCD00,0x00FFCD00,0x00FFCD00,0x00FFCD00,0x00FFCD00,0x76FFCD00,0xEBFFCD00,0xEBFFCD00,0xEBFFCD00,0xEBFFCD00,0x76FFCD00,0x00FFCD00,
0x00FFCD00,0x00FFCD00,0x00FFCD00,0x00FFCD00,0x00FFCD00,0x00FFCD00,0x00FFCD00,0x00FFCD00,0x00FFCD00,0x00FFCD00,0x00FFCD00,0x00FFCD00,
0x00FFCD00,0x00FFCD00,0x00FFCD00,0x46FFCD00,0xD3FFCD00,0xEBFFCD00,0xEBFFCD00,0xEBFFCD00,0xEBFFCD00,0xEBFFCD00,0xEBFFCD00,0xCEFFCD00,
0x14FFCD00,0x00FFCD00,0x00FFCD00,0x00FFCD00,0x00FFCD00,0x00FFCD00,0x00FFCD00,0x00FFCD00,0x00FFCD00,0x00FFCD00,0x00FFCD00,0x00FFCD00,
0x00FFCD00,0x00FFCD00,0x00FFCD00,0x00FFCD00,0x00FFCD00,0x00FFCD00,0x00FFCD00,0x00FFCD00,0x00FFCD00,0x00FFCD00,0x00FFCD00,0x00FFCD00,
0x00FFCD00,0x76FFCD00,0xEBFFCD00,0xEBFFCD00,0xEBFFCD00,0xEBFFCD00,0x76FFCD00,0x00FFCD00,0x00FFCD00,0x00FFCD00,0x00FFCD00,0x00FFCD00,
0x00FFCD00,0x00FFCD00,0x00FFCD00,0x00FFCD00,0x00FFCD00,0x76FFCD00,0xEBFFCD00,0xEBFFCD00,0xEBFFCD00,0xEBFFCD00,0x76FFCD00,0x00FFCD00,
0x00FFCD00,0x00FFCD00,0x00FFCD00,0x00FFCD00,0x00FFCD00,0x00FFCD00,0x00FFCD00,0x00FFCD00,0x00FFCD00,0x00FFCD00,0x00FFCD00,0x00FFCD00,
0x00FFCD00,0x00FFCD00,0x76FFCD00,0xEBFFCD00,0xEBFFCD00,0xEBFFCD00,0xEBFFCD00,0xEBFFCD00,0xEBFFCD00,0xEBFFCD00,0xA5FFCD00,0x18FFCD00,
0x00FFCD00,0x00FFCD00,0x00FFCD00,0x00FFCD00,0x00FFCD00,0x00FFCD00,0x00FFCD00,0x00FFCD00,0x00FFCD00,0x00FFCD00,0x00FFCD00,0x00FFCD00,
0x00FFCD00,0x00FFCD00,0x00FFCD00,0x00FFCD00,0x00FFCD00,0x00FFCD00,0x00FFCD00,0x00FFCD00,0x00FFCD00,0x00FFCD00,0x00FFCD00,0x00FFCD00,
0x00FFCD00,0x76FFCD00,0xEBFFCD00,0xEBFFCD00,0xEBFFCD00,0xEBFFCD00,0x76FFCD00,0x00FFCD00,0x00FFCD00,0x00FFCD00,0x00FFCD00,0x00FFCD00,
0x00FFCD00,0x00FFCD00,0x00FFCD00,0x00FFCD00,0x00FFCD00,0x76FFCD00,0xEBFFCD00,0xEBFFCD00,0xEBFFCD00,0xEBFFCD00,0x76FFCD00,0x00FFCD00,
0x00FFCD00,0x00FFCD00,0x00FFCD00,0x00FFCD00,0x00FFCD00,0x00FFCD00,0x00FFCD00,0x00FFCD00,0x00FFCD00,0x00FFCD00,0x00FFCD00,0x00FFCD00,
0x17FFCD00,0xA5FFCD00,0xEBFFCD00,0xEBFFCD00,0xEBFFCD00,0xEBFFCD00,0xEBFFCD00,0xEBFFCD00,0xEBFFCD00,0x76FFCD00,0x00FFCD00,0x00FFCD00,
0x00FFCD00,0x00FFCD00,0x00FFCD00,0x00FFCD00,0x00FFCD00,0x00FFCD00,0x00FFCD00,0x00FFCD00,0x00FFCD00,0x00FFCD00,0x00FFCD00,0x00FFCD00,
0x00FFCD00,0x00FFCD00,0x00FFCD00,0x00FFCD00,0x00FFCD00,0x00FFCD00,0x00FFCD00,0x00FFCD00,0x00FFCD00,0x00FFCD00,0x00FFCD00,0x00FFCD00,
0x00FFCD00,0x76FFCD00,0xEBFFCD00,0xEBFFCD00,0xEBFFCD00,0xEBFFCD00,0x76FFCD00,0x00FFCD00,0x00FFCD00,0x00FFCD00,0x00FFCD00,0x00FFCD00,
0x00FFCD00,0x00FFCD00,0x00FFCD00,0x00FFCD00,0x00FFCD00,0x76FFCD00,0xEBFFCD00,0xEBFFCD00,0xEBFFCD00,0xEBFFCD00,0x76FFCD00,0x00FFCD00,
0x00FFCD00,0x00FFCD00,0x00FFCD00,0x00FFCD00,0x00FFCD00,0x00FFCD00,0x00FFCD00,0x00FFCD00,0x00FFCD00,0x00FFCD00,0x00FFCD00,0x14FFCD00,
0xCEFFCD00,0xEBFFCD00,0xEBFFCD00,0xEBFFCD00,0xEBFFCD00,0xEBFFCD00,0xEBFFCD00,0xD3FFCD00,0x46FFCD00,0x00FFCD00,0x00FFCD00,0x00FFCD00,
0x00FFCD00,0x14FFCD00,0x6AFFCD00,0x76FFCD00,0x76FFCD00,0x76FFCD00,0x76FFCD00,0x76FFCD00,0x76FFCD00,0x76FFCD00,0x76FFCD00,0x76FFCD00,
0x76FFCD00,0x6AFFCD00,0x14FFCD00,0x00FFCD00,0x00FFCD00,0x00FFCD00,0x00FFCD00,0x00FFCD00,0x00FFCD00,0x00FFCD00,0x00FFCD00,0x00FFCD00,
0x00FFCD00,0x76FFCD00,0xEBFFCD00,0xEBFFCD00,0xEBFFCD00,0xEBFFCD00,0x76FFCD00,0x00FFCD00,0x00FFCD00,0x00FFCD00,0x00FFCD00,0x00FFCD00,
0x00FFCD00,0x00FFCD00,0x00FFCD00,0x00FFCD00,0x00FFCD00,0x76FFCD00,0xEBFFCD00,0xEBFFCD00,0xEBFFCD00,0xEBFFCD00,0x76FFCD00,0x00FFCD00,
0x00FFCD00,0x00FFCD00,0x00FFCD00,0x00FFCD00,0x00FFCD00,0x00FFCD00,0x00FFCD00,0x00FFCD00,0x00FFCD00,0x00FFCD00,0x00FFCD00,0x6AFFCD00,
0xEBFFCD00,0xEBFFCD00,0xEBFFCD00,0xEBFFCD00,0xEBFFCD00,0xEBFFCD00,0xA5FFCD00,0x18FFCD00,0x00FFCD00,0x00FFCD00,0x00FFCD00,0x00FFCD00,
0x14FFCD00,0xCEFFCD00,0xEBFFCD00,0xEBFFCD00,0xEBFFCD00,0xEBFFCD00,0xEBFFCD00,0xEBFFCD00,0xEBFFCD00,0xEBFFCD00,0xEBFFCD00,0xEBFFCD00,
0xEBFFCD00,0xEBFFCD00,0xCEFFCD00,0x14FFCD00,0x00FFCD00,0x00FFCD00,0x00FFCD00,0x00FFCD00,0x00FFCD00,0x00FFCD00,0x00FFCD00,0x00FFCD00,
0x00FFCD00,0x76FFCD00,0xEBFFCD00,0xEBFFCD00,0xEBFFCD00,0xEBFFCD00,0x76FFCD00,0x00FFCD00,0x00FFCD00,0x00FFCD00,0x00FFCD00,0x00FFCD00,
0x00FFCD00,0x00FFCD00,0x00FFCD00,0x00FFCD00,0x00FFCD00,0x76FFCD00,0xEBFFCD00,0xEBFFCD00,0xEBFFCD00,0xEBFFCD00,0x76FFCD00,0x00FFCD00,
0x00FFCD00,0x00FFCD00,0x00FFCD00,0x00FFCD00,0x00FFCD00,0x00FFCD00,0x00FFCD00,0x00FFCD00,0x00FFCD00,0x00FFCD00,0x00FFCD00,0x6AFFCD00,
0xEBFFCD00,0xEBFFCD00,0xEBFFCD00,0xEBFFCD00,0xEBFFCD00,0x76FFCD00,0x00FFCD00,0x00FFCD00,0x00FFCD00,0x00FFCD00,0x00FFCD00,0x00FFCD00,
0x6AFFCD00,0xEBFFCD00,0xEBFFCD00,0xEBFFCD00,0xEBFFCD00,0xEBFFCD00,0xEBFFCD00,0xEBFFCD00,0xEBFFCD00,0xEBFFCD00,0xEBFFCD00,0xEBFFCD00,
0xEBFFCD00,0xEBFFCD00,0xEBFFCD00,0x6AFFCD00,0x00FFCD00,0x00FFCD00,0x00FFCD00,0x00FFCD00,0x00FFCD00,0x00FFCD00,0x00FFCD00,0x00FFCD00,
0x00FFCD00,0x76FFCD00,0xEBFFCD00,0xEBFFCD00,0xEBFFCD00,0xEBFFCD00,0x76FFCD00,0x00FFCD00,0x00FFCD00,0x00FFCD00,0x00FFCD00,0x00FFCD00,
0x00FFCD00,0x00FFCD00,0x00FFCD00,0x00FFCD00,0x00FFCD00,0x76FFCD00,0xEBFFCD00,0xEBFFCD00,0xEBFFCD00,0xEBFFCD00,0x76FFCD00,0x00FFCD00,
0x00FFCD00,0x00FFCD00,0x00FFCD00,0x00FFCD00,0x00FFCD00,0x00FFCD00,0x00FFCD00,0x00FFCD00,0x00FFCD00,0x00FFCD00,0x00FFCD00,0x14FFCD00,
0xCEFFCD00,0xEBFFCD00,0xEBFFCD00,0xD4FFCD00,0x46FFCD00,0x00FFCD00,0x00FFCD00,0x00FFCD00,0x00FFCD00,0x00FFCD00,0x00FFCD00,0x00FFCD00,
0x6AFFCD00,0xEBFFCD00,0xEBFFCD00,0xEBFFCD00,0xEBFFCD00,0xEBFFCD00,0xEBFFCD00,0xEBFFCD00,0xEBFFCD00,0xEBFFCD00,0xEBFFCD00,0xEBFFCD00,
0xEBFFCD00,0xEBFFCD00,0xEBFFCD00,0x6AFFCD00,0x00FFCD00,0x00FFCD00,0x00FFCD00,0x00FFCD00,0x00FFCD00,0x00FFCD00,0x00FFCD00,0x00FFCD00,
0x00FFCD00,0x76FFCD00,0xEBFFCD00,0xEBFFCD00,0xEBFFCD00,0xEBFFCD00,0x76FFCD00,0x00FFCD00,0x00FFCD00,0x00FFCD00,0x00FFCD00,0x00FFCD00,
0x00FFCD00,0x00FFCD00,0x00FFCD00,0x00FFCD00,0x00FFCD00,0x76FFCD00,0xEBFFCD00,0xEBFFCD00,0xEBFFCD00,0xEBFFCD00,0x76FFCD00,0x00FFCD00,
0x00FFCD00,0x00FFCD00,0x00FFCD00,0x00FFCD00,0x00FFCD00,0x00FFCD00,0x00FFCD00,0x00FFCD00,0x00FFCD00,0x00FFCD00,0x00FFCD00,0x00FFCD00,
0x14FFCD00,0x6AFFCD00,0x6AFFCD00,0x14FFCD00,0x00FFCD00,0x00FFCD00,0x00FFCD00,0x00FFCD00,0x00FFCD00,0x00FFCD00,0x00FFCD00,0x00FFCD00,
0x14FFCD00,0xCEFFCD00,0xEBFFCD00,0xEBFFCD00,0xEBFFCD00,0xEBFFCD00,0xEBFFCD00,0xEBFFCD00,0xEBFFCD00,0xEBFFCD00,0xEBFFCD00,0xEBFFCD00,
0xEBFFCD00,0xEBFFCD00,0xCEFFCD00,0x14FFCD00,0x00FFCD00,0x00FFCD00,0x00FFCD00,0x00FFCD00,0x00FFCD00,0x00FFCD00,0x00FFCD00,0x00FFCD00,
0x00FFCD00,0x76FFCD00,0xEBFFCD00,0xEBFFCD00,0xEBFFCD00,0xEBFFCD00,0x76FFCD00,0x00FFCD00,0x00FFCD00,0x00FFCD00,0x00FFCD00,0x00FFCD00,
0x00FFCD00,0x00FFCD00,0x00FFCD00,0x00FFCD00,0x00FFCD00,0x76FFCD00,0xEBFFCD00,0xEBFFCD00,0xEBFFCD00,0xEBFFCD00,0x76FFCD00,0x00FFCD00,
0x00FFCD00,0x00FFCD00,0x00FFCD00,0x00FFCD00,0x00FFCD00,0x00FFCD00,0x00FFCD00,0x00FFCD00,0x00FFCD00,0x00FFCD00,0x00FFCD00,0x00FFCD00,
0x00FFCD00,0x00FFCD00,0x00FFCD00,0x00FFCD00,0x00FFCD00,0x00FFCD00,0x00FFCD00,0x00FFCD00,0x00FFCD00,0x00FFCD00,0x00FFCD00,0x00FFCD00,
0x00FFCD00,0x14FFCD00,0x6AFFCD00,0x76FFCD00,0x76FFCD00,0x76FFCD00,0x76FFCD00,0x76FFCD00,0x76FFCD00,0x76FFCD00,0x76FFCD00,0x76FFCD00,
0x76FFCD00,0x6AFFCD00,0x14FFCD00,0x00FFCD00,0x00FFCD00,0x00FFCD00,0x00FFCD00,0x00FFCD00,0x00FFCD00,0x00FFCD00,0x00FFCD00,0x00FFCD00,
0x00FFCD00,0x76FFCD00,0xEBFFCD00,0xEBFFCD00,0xEBFFCD00,0xEBFFCD00,0x76FFCD00,0x00FFCD00,0x00FFCD00,0x00FFCD00,0x00FFCD00,0x00FFCD00,
0x00FFCD00,0x00FFCD00,0x00FFCD00,0x00FFCD00,0x00FFCD00,0x76FFCD00,0xEBFFCD00,0xEBFFCD00,0xEBFFCD00,0xEBFFCD00,0x76FFCD00,0x00FFCD00,
0x00FFCD00,0x00FFCD00,0x00FFCD00,0x00FFCD00,0x00FFCD00,0x00FFCD00,0x00FFCD00,0x00FFCD00,0x00FFCD00,0x00FFCD00,0x00FFCD00,0x00FFCD00,
0x00FFCD00,0x00FFCD00,0x00FFCD00,0x00FFCD00,0x00FFCD00,0x00FFCD00,0x00FFCD00,0x00FFCD00,0x00FFCD00,0x00FFCD00,0x00FFCD00,0x00FFCD00,
0x00FFCD00,0x00FFCD00,0x00FFCD00,0x00FFCD00,0x00FFCD00,0x00FFCD00,0x00FFCD00,0x00FFCD00,0x00FFCD00,0x00FFCD00,0x00FFCD00,0x00FFCD00,
0x00FFCD00,0x00FFCD00,0x00FFCD00,0x00FFCD00,0x00FFCD00,0x00FFCD00,0x00FFCD00,0x00FFCD00,0x00FFCD00,0x00FFCD00,0x00FFCD00,0x00FFCD00,
0x00FFCD00,0x76FFCD00,0xEBFFCD00,0xEBFFCD00,0xEBFFCD00,0xEBFFCD00,0x76FFCD00,0x00FFCD00,0x00FFCD00,0x00FFCD00,0x00FFCD00,0x00FFCD00,
0x00FFCD00,0x00FFCD00,0x00FFCD00,0x00FFCD00,0x00FFCD00,0x76FFCD00,0xEBFFCD00,0xEBFFCD00,0xEBFFCD00,0xEBFFCD00,0x76FFCD00,0x00FFCD00,
0x00FFCD00,0x00FFCD00,0x00FFCD00,0x00FFCD00,0x00FFCD00,0x00FFCD00,0x00FFCD00,0x00FFCD00,0x00FFCD00,0x00FFCD00,0x00FFCD00,0x00FFCD00,
0x00FFCD00,0x00FFCD00,0x00FFCD00,0x00FFCD00,0x00FFCD00,0x00FFCD00,0x00FFCD00,0x00FFCD00,0x00FFCD00,0x00FFCD00,0x00FFCD00,0x00FFCD00,
0x00FFCD00,0x00FFCD00,0x00FFCD00,0x00FFCD00,0x00FFCD00,0x00FFCD00,0x00FFCD00,0x00FFCD00,0x00FFCD00,0x00FFCD00,0x00FFCD00,0x00FFCD00,
0x00FFCD00,0x00FFCD00,0x00FFCD00,0x00FFCD00,0x00FFCD00,0x00FFCD00,0x00FFCD00,0x00FFCD00,0x00FFCD00,0x00FFCD00,0x00FFCD00,0x00FFCD00,
0x00FFCD00,0x76FFCD00,0xEBFFCD00,0xEBFFCD00,0xEBFFCD00,0xEBFFCD00,0x76FFCD00,0x00FFCD00,0x00FFCD00,0x00FFCD00,0x00FFCD00,0x00FFCD00,
0x00FFCD00,0x00FFCD00,0x00FFCD00,0x00FFCD00,0x00FFCD00,0x76FFCD00,0xEBFFCD00,0xEBFFCD00,0xEBFFCD00,0xEBFFCD00,0x76FFCD00,0x00FFCD00,
0x00FFCD00,0x00FFCD00,0x00FFCD00,0x00FFCD00,0x00FFCD00,0x00FFCD00,0x00FFCD00,0x00FFCD00,0x00FFCD00,0x00FFCD00,0x00FFCD00,0x00FFCD00,
0x00FFCD00,0x00FFCD00,0x00FFCD00,0x00FFCD00,0x00FFCD00,0x00FFCD00,0x00FFCD00,0x00FFCD00,0x00FFCD00,0x00FFCD00,0x00FFCD00,0x00FFCD00,
0x00FFCD00,0x00FFCD00,0x00FFCD00,0x00FFCD00,0x00FFCD00,0x00FFCD00,0x00FFCD00,0x00FFCD00,0x00FFCD00,0x00FFCD00,0x00FFCD00,0x00FFCD00,
0x00FFCD00,0x00FFCD00,0x00FFCD00,0x00FFCD00,0x00FFCD00,0x00FFCD00,0x00FFCD00,0x00FFCD00,0x00FFCD00,0x00FFCD00,0x00FFCD00,0x00FFCD00,
0x00FFCD00,0x76FFCD00,0xEBFFCD00,0xEBFFCD00,0xEBFFCD00,0xEBFFCD00,0x76FFCD00,0x00FFCD00,0x00FFCD00,0x00FFCD00,0x00FFCD00,0x00FFCD00,
0x00FFCD00,0x00FFCD00,0x00FFCD00,0x00FFCD00,0x00FFCD00,0x76FFCD00,0xEBFFCD00,0xEBFFCD00,0xEBFFCD00,0xEBFFCD00,0x76FFCD00,0x00FFCD00,
0x00FFCD00,0x00FFCD00,0x00FFCD00,0x00FFCD00,0x00FFCD00,0x00FFCD00,0x00FFCD00,0x00FFCD00,0x00FFCD00,0x00FFCD00,0x00FFCD00,0x00FFCD00,
0x00FFCD00,0x00FFCD00,0x00FFCD00,0x00FFCD00,0x00FFCD00,0x00FFCD00,0x00FFCD00,0x00FFCD00,0x00FFCD00,0x00FFCD00,0x00FFCD00,0x00FFCD00,
0x00FFCD00,0x00FFCD00,0x00FFCD00,0x00FFCD00,0x00FFCD00,0x00FFCD00,0x00FFCD00,0x00FFCD00,0x00FFCD00,0x00FFCD00,0x00FFCD00,0x00FFCD00,
0x00FFCD00,0x00FFCD00,0x00FFCD00,0x00FFCD00,0x00FFCD00,0x00FFCD00,0x00FFCD00,0x00FFCD00,0x00FFCD00,0x00FFCD00,0x00FFCD00,0x00FFCD00,
0x00FFCD00,0x76FFCD00,0xEBFFCD00,0xEBFFCD00,0xEBFFCD00,0xEBFFCD00,0x76FFCD00,0x00FFCD00,0x00FFCD00,0x00FFCD00,0x00FFCD00,0x00FFCD00,
0x00FFCD00,0x00FFCD00,0x00FFCD00,0x00FFCD00,0x00FFCD00,0x76FFCD00,0xEBFFCD00,0xEBFFCD00,0xEBFFCD00,0xEBFFCD00,0x76FFCD00,0x00FFCD00,
0x00FFCD00,0x00FFCD00,0x00FFCD00,0x00FFCD00,0x00FFCD00,0x00FFCD00,0x00FFCD00,0x00FFCD00,0x00FFCD00,0x00FFCD00,0x00FFCD00,0x00FFCD00,
0x00FFCD00,0x00FFCD00,0x00FFCD00,0x00FFCD00,0x00FFCD00,0x00FFCD00,0x00FFCD00,0x00FFCD00,0x00FFCD00,0x00FFCD00,0x00FFCD00,0x00FFCD00,
0x00FFCD00,0x00FFCD00,0x00FFCD00,0x00FFCD00,0x00FFCD00,0x00FFCD00,0x00FFCD00,0x00FFCD00,0x00FFCD00,0x00FFCD00,0x00FFCD00,0x00FFCD00,
0x00FFCD00,0x00FFCD00,0x00FFCD00,0x00FFCD00,0x00FFCD00,0x00FFCD00,0x00FFCD00,0x00FFCD00,0x00FFCD00,0x00FFCD00,0x00FFCD00,0x00FFCD00,
0x00FFCD00,0x76FFCD00,0xEBFFCD00,0xEBFFCD00,0xEBFFCD00,0xEBFFCD00,0x76FFCD00,0x00FFCD00,0x00FFCD00,0x00FFCD00,0x00FFCD00,0x00FFCD00,
0x00FFCD00,0x00FFCD00,0x00FFCD00,0x00FFCD00,0x00FFCD00,0x72FFCD00,0xEBFFCD00,0xEBFFCD00,0xEBFFCD00,0xEBFFCD00,0x81FFCD00,0x00FFCD00,
0x00FFCD00,0x00FFCD00,0x00FFCD00,0x00FFCD00,0x00FFCD00,0x00FFCD00,0x00FFCD00,0x00FFCD00,0x00FFCD00,0x00FFCD00,0x00FFCD00,0x00FFCD00,
0x00FFCD00,0x00FFCD00,0x00FFCD00,0x00FFCD00,0x00FFCD00,0x00FFCD00,0x00FFCD00,0x00FFCD00,0x00FFCD00,0x00FFCD00,0x00FFCD00,0x00FFCD00,
0x00FFCD00,0x00FFCD00,0x00FFCD00,0x00FFCD00,0x00FFCD00,0x00FFCD00,0x00FFCD00,0x00FFCD00,0x00FFCD00,0x00FFCD00,0x00FFCD00,0x00FFCD00,
0x00FFCD00,0x00FFCD00,0x00FFCD00,0x00FFCD00,0x00FFCD00,0x00FFCD00,0x00FFCD00,0x00FFCD00,0x00FFCD00,0x00FFCD00,0x00FFCD00,0x00FFCD00,
0x00FFCD00,0x81FFCD00,0xEBFFCD00,0xEBFFCD00,0xEBFFCD00,0xEBFFCD00,0x72FFCD00,0x00FFCD00,0x00FFCD00,0x00FFCD00,0x00FFCD00,0x00FFCD00,
0x00FFCD00,0x00FFCD00,0x00FFCD00,0x00FFCD00,0x00FFCD00,0x53FFCD00,0xEBFFCD00,0xEBFFCD00,0xEBFFCD00,0xEBFFCD00,0xD7FFCD00,0x1DFFCD00,
0x00FFCD00,0x00FFCD00,0x00FFCD00,0x00FFCD00,0x00FFCD00,0x00FFCD00,0x00FFCD00,0x00FFCD00,0x00FFCD00,0x00FFCD00,0x00FFCD00,0x00FFCD00,
0x00FFCD00,0x00FFCD00,0x00FFCD00,0x00FFCD00,0x00FFCD00,0x00FFCD00,0x00FFCD00,0x00FFCD00,0x00FFCD00,0x00FFCD00,0x00FFCD00,0x00FFCD00,
0x00FFCD00,0x00FFCD00,0x00FFCD00,0x00FFCD00,0x00FFCD00,0x00FFCD00,0x00FFCD00,0x00FFCD00,0x00FFCD00,0x00FFCD00,0x00FFCD00,0x00FFCD00,
0x00FFCD00,0x00FFCD00,0x00FFCD00,0x00FFCD00,0x00FFCD00,0x00FFCD00,0x00FFCD00,0x00FFCD00,0x00FFCD00,0x00FFCD00,0x00FFCD00,0x00FFCD00,
0x1DFFCD00,0xD7FFCD00,0xEBFFCD00,0xEBFFCD00,0xEBFFCD00,0xEBFFCD00,0x53FFCD00,0x00FFCD00,0x00FFCD00,0x00FFCD00,0x00FFCD00,0x00FFCD00,
0x00FFCD00,0x00FFCD00,0x00FFCD00,0x00FFCD00,0x00FFCD00,0x16FFCD00,0xEBFFCD00,0xEBFFCD00,0xEBFFCD00,0xEBFFCD00,0xEBFFCD00,0xD7FFCD00,
0x81FFCD00,0x76FFCD00,0x76FFCD00,0x76FFCD00,0x76FFCD00,0x76FFCD00,0x76FFCD00,0x76FFCD00,0x76FFCD00,0x76FFCD00,0x76FFCD00,0x76FFCD00,
0x76FFCD00,0x76FFCD00,0x76FFCD00,0x76FFCD00,0x76FFCD00,0x76FFCD00,0x76FFCD00,0x76FFCD00,0x76FFCD00,0x76FFCD00,0x76FFCD00,0x76FFCD00,
0x76FFCD00,0x76FFCD00,0x76FFCD00,0x76FFCD00,0x76FFCD00,0x76FFCD00,0x76FFCD00,0x76FFCD00,0x76FFCD00,0x76FFCD00,0x76FFCD00,0x76FFCD00,
0x76FFCD00,0x76FFCD00,0x76FFCD00,0x76FFCD00,0x76FFCD00,0x76FFCD00,0x76FFCD00,0x76FFCD00,0x76FFCD00,0x76FFCD00,0x76FFCD00,0x81FFCD00,
0xD7FFCD00,0xEBFFCD00,0xEBFFCD00,0xEBFFCD00,0xEBFFCD00,0xEBFFCD00,0x16FFCD00,0x00FFCD00,0x00FFCD00,0x00FFCD00,0x00FFCD00,0x00FFCD00,
0x00FFCD00,0x00FFCD00,0x00FFCD00,0x00FFCD00,0x00FFCD00,0x00FFCD00,0x91FFCD00,0xEBFFCD00,0xEBFFCD00,0xEBFFCD00,0xEBFFCD00,0xEBFFCD00,
0xEBFFCD00,0xEBFFCD00,0xEBFFCD00,0xEBFFCD00,0xEBFFCD00,0xEBFFCD00,0xEBFFCD00,0xEBFFCD00,0xEBFFCD00,0xEBFFCD00,0xEBFFCD00,0xEBFFCD00,
0xEBFFCD00,0xEBFFCD00,0xEBFFCD00,0xEBFFCD00,0xEBFFCD00,0xEBFFCD00,0xEBFFCD00,0xEBFFCD00,0xEBFFCD00,0xEBFFCD00,0xEBFFCD00,0xEBFFCD00,
0xEBFFCD00,0xEBFFCD00,0xEBFFCD00,0xEBFFCD00,0xEBFFCD00,0xEBFFCD00,0xEBFFCD00,0xEBFFCD00,0xEBFFCD00,0xEBFFCD00,0xEBFFCD00,0xEBFFCD00,
0xEBFFCD00,0xEBFFCD00,0xEBFFCD00,0xEBFFCD00,0xEBFFCD00,0xEBFFCD00,0xEBFFCD00,0xEBFFCD00,0xEBFFCD00,0xEBFFCD00,0xEBFFCD00,0xEBFFCD00,
0xEBFFCD00,0xEBFFCD00,0xEBFFCD00,0xEBFFCD00,0xEBFFCD00,0x91FFCD00,0x00FFCD00,0x00FFCD00,0x00FFCD00,0x00FFCD00,0x00FFCD00,0x00FFCD00,
0x00FFCD00,0x00FFCD00,0x00FFCD00,0x00FFCD00,0x00FFCD00,0x00FFCD00,0x16FFCD00,0xD2FFCD00,0xEBFFCD00,0xEBFFCD00,0xEBFFCD00,0xEBFFCD00,
0xEBFFCD00,0xEBFFCD00,0xEBFFCD00,0xEBFFCD00,0xEBFFCD00,0xEBFFCD00,0xEBFFCD00,0xEBFFCD00,0xEBFFCD00,0xEBFFCD00,0xEBFFCD00,0xEBFFCD00,
0xEBFFCD00,0xEBFFCD00,0xEBFFCD00,0xEBFFCD00,0xEBFFCD00,0xEBFFCD00,0xEBFFCD00,0xEBFFCD00,0xEBFFCD00,0xEBFFCD00,0xEBFFCD00,0xEBFFCD00,
0xEBFFCD00,0xEBFFCD00,0xEBFFCD00,0xEBFFCD00,0xEBFFCD00,0xEBFFCD00,0xEBFFCD00,0xEBFFCD00,0xEBFFCD00,0xEBFFCD00,0xEBFFCD00,0xEBFFCD00,
0xEBFFCD00,0xEBFFCD00,0xEBFFCD00,0xEBFFCD00,0xEBFFCD00,0xEBFFCD00,0xEBFFCD00,0xEBFFCD00,0xEBFFCD00,0xEBFFCD00,0xEBFFCD00,0xEBFFCD00,
0xEBFFCD00,0xEBFFCD00,0xEBFFCD00,0xEBFFCD00,0xD2FFCD00,0x16FFCD00,0x00FFCD00,0x00FFCD00,0x00FFCD00,0x00FFCD00,0x00FFCD00,0x00FFCD00,
0x00FFCD00,0x00FFCD00,0x00FFCD00,0x00FFCD00,0x00FFCD00,0x00FFCD00,0x00FFCD00,0x34FFCD00,0xD2FFCD00,0xEBFFCD00,0xEBFFCD00,0xEBFFCD00,
0xEBFFCD00,0xEBFFCD00,0xEBFFCD00,0xEBFFCD00,0xEBFFCD00,0xEBFFCD00,0xEBFFCD00,0xEBFFCD00,0xEBFFCD00,0xEBFFCD00,0xEBFFCD00,0xEBFFCD00,
0xEBFFCD00,0xEBFFCD00,0xEBFFCD00,0xEBFFCD00,0xEBFFCD00,0xEBFFCD00,0xEBFFCD00,0xEBFFCD00,0xEBFFCD00,0xEBFFCD00,0xEBFFCD00,0xEBFFCD00,
0xEBFFCD00,0xEBFFCD00,0xEBFFCD00,0xEBFFCD00,0xEBFFCD00,0xEBFFCD00,0xEBFFCD00,0xEBFFCD00,0xEBFFCD00,0xEBFFCD00,0xEBFFCD00,0xEBFFCD00,
0xEBFFCD00,0xEBFFCD00,0xEBFFCD00,0xEBFFCD00,0xEBFFCD00,0xEBFFCD00,0xEBFFCD00,0xEBFFCD00,0xEBFFCD00,0xEBFFCD00,0xEBFFCD00,0xEBFFCD00,
0xEBFFCD00,0xEBFFCD00,0xEBFFCD00,0xD2FFCD00,0x34FFCD00,0x00FFCD00,0x00FFCD00,0x00FFCD00,0x00FFCD00,0x00FFCD00,0x00FFCD00,0x00FFCD00,
0x00FFCD00,0x00FFCD00,0x00FFCD00,0x00FFCD00,0x00FFCD00,0x00FFCD00,0x00FFCD00,0x00FFCD00,0x16FFCD00,0x91FFCD00,0xEBFFCD00,0xEBFFCD00,
0xEBFFCD00,0xEBFFCD00,0xEBFFCD00,0xEBFFCD00,0xEBFFCD00,0xEBFFCD00,0xEBFFCD00,0xEBFFCD00,0xEBFFCD00,0xEBFFCD00,0xEBFFCD00,0xEBFFCD00,
0xEBFFCD00,0xEBFFCD00,0xEBFFCD00,0xEBFFCD00,0xEBFFCD00,0xEBFFCD00,0xEBFFCD00,0xEBFFCD00,0xEBFFCD00,0xEBFFCD00,0xEBFFCD00,0xEBFFCD00,
0xEBFFCD00,0xEBFFCD00,0xEBFFCD00,0xEBFFCD00,0xEBFFCD00,0xEBFFCD00,0xEBFFCD00,0xEBFFCD00,0xEBFFCD00,0xEBFFCD00,0xEBFFCD00,0xEBFFCD00,
0xEBFFCD00,0xEBFFCD00,0xEBFFCD00,0xEBFFCD00,0xEBFFCD00,0xEBFFCD00,0xEBFFCD00,0xEBFFCD00,0xEBFFCD00,0xEBFFCD00,0xEBFFCD00,0xEBFFCD00,
0xEBFFCD00,0xEBFFCD00,0x91FFCD00,0x16FFCD00,0x00FFCD00,0x00FFCD00,0x00FFCD00,0x00FFCD00,0x00FFCD00,0x00FFCD00,0x00FFCD00,0x00FFCD00,
0x00FFCD00,0x00FFCD00,0x00FFCD00,0x00FFCD00,0x00FFCD00,0x00FFCD00,0x00FFCD00,0x00FFCD00,0x00FFCD00,0x00FFCD00,0x16FFCD00,0x53FFCD00,
0x72FFCD00,0x76FFCD00,0x76FFCD00,0x76FFCD00,0x76FFCD00,0x76FFCD00,0x76FFCD00,0x76FFCD00,0x76FFCD00,0x76FFCD00,0x76FFCD00,0x76FFCD00,
0x76FFCD00,0x76FFCD00,0x76FFCD00,0x76FFCD00,0x76FFCD00,0x76FFCD00,0x76FFCD00,0x76FFCD00,0x76FFCD00,0x76FFCD00,0x76FFCD00,0x76FFCD00,
0x76FFCD00,0x76FFCD00,0x76FFCD00,0x76FFCD00,0x76FFCD00,0x76FFCD00,0x76FFCD00,0x76FFCD00,0x76FFCD00,0x76FFCD00,0x76FFCD00,0x76FFCD00,
0x76FFCD00,0x76FFCD00,0x76FFCD00,0x76FFCD00,0x76FFCD00,0x76FFCD00,0x76FFCD00,0x76FFCD00,0x76FFCD00,0x76FFCD00,0x76FFCD00,0x72FFCD00,
0x53FFCD00,0x16FFCD00,0x00FFCD00,0x00FFCD00,0x00FFCD00,0x00FFCD00,0x00FFCD00,0x00FFCD00,0x00FFCD00,0x00FFCD00,0x00FFCD00,0x00FFCD00,
0x00FFCD00,0x00FFCD00,0x00FFCD00,0x00FFCD00,0x00FFCD00,0x00FFCD00,0x00FFCD00,0x00FFCD00,0x00FFCD00,0x00FFCD00,0x00FFCD00,0x00FFCD00,
0x00FFCD00,0x00FFCD00,0x00FFCD00,0x00FFCD00,0x00FFCD00,0x00FFCD00,0x00FFCD00,0x00FFCD00,0x00FFCD00,0x00FFCD00,0x00FFCD00,0x00FFCD00,
0x00FFCD00,0x00FFCD00,0x00FFCD00,0x00FFCD00,0x00FFCD00,0x00FFCD00,0x00FFCD00,0x00FFCD00,0x00FFCD00,0x00FFCD00,0x00FFCD00,0x00FFCD00,
0x00FFCD00,0x00FFCD00,0x00FFCD00,0x00FFCD00,0x00FFCD00,0x00FFCD00,0x00FFCD00,0x00FFCD00,0x00FFCD00,0x00FFCD00,0x00FFCD00,0x00FFCD00,
0x00FFCD00,0x00FFCD00,0x00FFCD00,0x00FFCD00,0x00FFCD00,0x00FFCD00,0x00FFCD00,0x00FFCD00,0x00FFCD00,0x00FFCD00,0x00FFCD00,0x00FFCD00,
0x00FFCD00,0x00FFCD00,0x00FFCD00,0x00FFCD00,0x00FFCD00,0x00FFCD00,0x00FFCD00,0x00FFCD00,0x00FFCD00,0x00FFCD00,0x00FFCD00,0x00FFCD00,
0x00FFCD00,0x00FFCD00,0x00FFCD00,0x00FFCD00,0x00FFCD00,0x00FFCD00,0x00FFCD00,0x00FFCD00,0x00FFCD00,0x00FFCD00,0x00FFCD00,0x00FFCD00,
0x00FFCD00,0x00FFCD00,0x00FFCD00,0x00FFCD00,0x00FFCD00,0x00FFCD00,0x00FFCD00,0x00FFCD00,0x00FFCD00,0x00FFCD00,0x00FFCD00,0x00FFCD00,
0x00FFCD00,0x00FFCD00,0x00FFCD00,0x00FFCD00,0x00FFCD00,0x00FFCD00,0x00FFCD00,0x00FFCD00,0x00FFCD00,0x00FFCD00,0x00FFCD00,0x00FFCD00,
0x00FFCD00,0x00FFCD00,0x00FFCD00,0x00FFCD00,0x00FFCD00,0x00FFCD00,0x00FFCD00,0x00FFCD00,0x00FFCD00,0x00FFCD00,0x00FFCD00,0x00FFCD00,
0x00FFCD00,0x00FFCD00,0x00FFCD00,0x00FFCD00,0x00FFCD00,0x00FFCD00,0x00FFCD00,0x00FFCD00,0x00FFCD00,0x00FFCD00,0x00FFCD00,0x00FFCD00,
0x00FFCD00,0x00FFCD00,0x00FFCD00,0x00FFCD00,0x00FFCD00,0x00FFCD00,0x00FFCD00,0x00FFCD00,0x00FFCD00,0x00FFCD00,0x00FFCD00,0x00FFCD00,
0x00FFCD00,0x00FFCD00,0x00FFCD00,0x00FFCD00,0x00FFCD00,0x00FFCD00,0x00FFCD00,0x00FFCD00,0x00FFCD00,0x00FFCD00,0x00FFCD00,0x00FFCD00,
0x00FFCD00,0x00FFCD00,0x00FFCD00,0x00FFCD00,0x00FFCD00,0x00FFCD00,0x00FFCD00,0x00FFCD00,0x00FFCD00,0x00FFCD00,0x00FFCD00,0x00FFCD00,
0x00FFCD00,0x00FFCD00,0x00FFCD00,0x00FFCD00,0x00FFCD00,0x00FFCD00,0x00FFCD00,0x00FFCD00,0x00FFCD00,0x00FFCD00,0x00FFCD00,0x00FFCD00,
0x00FFCD00,0x00FFCD00,0x00FFCD00,0x00FFCD00,0x00FFCD00,0x00FFCD00,0x00FFCD00,0x00FFCD00,0x00FFCD00,0x00FFCD00,0x00FFCD00,0x00FFCD00,
0x00FFCD00,0x00FFCD00,0x00FFCD00,0x00FFCD00,0x00FFCD00,0x00FFCD00,0x00FFCD00,0x00FFCD00,0x00FFCD00,0x00FFCD00,0x00FFCD00,0x00FFCD00,
0x00FFCD00,0x00FFCD00,0x00FFCD00,0x00FFCD00,0x00FFCD00,0x00FFCD00,0x00FFCD00,0x00FFCD00,0x00FFCD00,0x00FFCD00,0x00FFCD00,0x00FFCD00,
0x00FFCD00,0x00FFCD00,0x00FFCD00,0x00FFCD00,0x00FFCD00,0x00FFCD00,0x00FFCD00,0x00FFCD00,0x00FFCD00,0x00FFCD00,0x00FFCD00,0x00FFCD00,
0x00FFCD00,0x00FFCD00,0x00FFCD00,0x00FFCD00,0x00FFCD00,0x00FFCD00,0x00FFCD00,0x00FFCD00,0x00FFCD00,0x00FFCD00,0x00FFCD00,0x00FFCD00,
0x00FFCD00,0x00FFCD00,0x00FFCD00,0x00FFCD00,0x00FFCD00,0x00FFCD00,0x00FFCD00,0x00FFCD00,0x00FFCD00,0x00FFCD00,0x00FFCD00,0x00FFCD00,
0x00FFCD00,0x00FFCD00,0x00FFCD00,0x00FFCD00,0x00FFCD00,0x00FFCD00,0x00FFCD00,0x00FFCD00,0x00FFCD00,0x00FFCD00,0x00FFCD00,0x00FFCD00,
0x00FFCD00,0x00FFCD00,0x00FFCD00,0x00FFCD00,0x00FFCD00,0x00FFCD00,0x00FFCD00,0x00FFCD00,0x00FFCD00,0x00FFCD00,0x00FFCD00,0x00FFCD00,
0x00FFCD00,0x00FFCD00,0x00FFCD00,0x00FFCD00,0x00FFCD00,0x00FFCD00,0x00FFCD00,0x00FFCD00,0x00FFCD00,0x00FFCD00,0x00FFCD00,0x00FFCD00,
0x00FFCD00,0x00FFCD00,0x00FFCD00,0x00FFCD00,0x00FFCD00,0x00FFCD00,0x00FFCD00,0x00FFCD00,0x00FFCD00,0x00FFCD00,0x00FFCD00,0x00FFCD00,
0x00FFCD00,0x00FFCD00,0x00FFCD00,0x00FFCD00,0x00FFCD00,0x00FFCD00,0x00FFCD00,0x00FFCD00,0x00FFCD00,0x00FFCD00,0x00FFCD00,0x00FFCD00,
0x00FFCD00,0x00FFCD00,0x00FFCD00,0x00FFCD00,0x00FFCD00,0x00FFCD00,0x00FFCD00,0x00FFCD00,0x00FFCD00,0x00FFCD00,0x00FFCD00,0x00FFCD00,
0x00FFCD00,0x00FFCD00,0x00FFCD00,0x00FFCD00,0x00FFCD00,0x00FFCD00,0x00FFCD00,0x00FFCD00,0x00FFCD00,0x00FFCD00,0x00FFCD00,0x00FFCD00,
0x00FFCD00,0x00FFCD00,0x00FFCD00,0x00FFCD00,0x00FFCD00,0x00FFCD00,0x00FFCD00,0x00FFCD00,0x00FFCD00,0x00FFCD00,0x00FFCD00,0x00FFCD00,
0x00FFCD00,0x00FFCD00,0x00FFCD00,0x00FFCD00,0x00FFCD00,0x00FFCD00,0x00FFCD00,0x00FFCD00,0x00FFCD00,0x00FFCD00,0x00FFCD00,0x00FFCD00,
0x00FFCD00,0x00FFCD00,0x00FFCD00,0x00FFCD00,0x00FFCD00,0x00FFCD00,0x00FFCD00,0x00FFCD00,0x00FFCD00,0x00FFCD00,0x00FFCD00,0x00FFCD00,
0x00FFCD00,0x00FFCD00,0x00FFCD00,0x00FFCD00,0x00FFCD00,0x00FFCD00,0x00FFCD00,0x00FFCD00,0x00FFCD00,0x00FFCD00,0x00FFCD00,0x00FFCD00,
0x00FFCD00,0x00FFCD00,0x00FFCD00,0x00FFCD00,0x00FFCD00,0x00FFCD00,0x00FFCD00,0x00FFCD00,0x00FFCD00,0x00FFCD00,0x00FFCD00,0x00FFCD00,
0x00FFCD00,0x00FFCD00,0x00FFCD00,0x00FFCD00,0x00FFCD00,0x00FFCD00,0x00FFCD00,0x00FFCD00,0x00FFCD00,0x00FFCD00,0x00FFCD00,0x00FFCD00,
0x00FFCD00,0x00FFCD00,0x00FFCD00,0x00FFCD00,0x00FFCD00,0x00FFCD00,0x00FFCD00,0x00FFCD00,0x00FFCD00,0x00FFCD00,0x00FFCD00,0x00FFCD00,
0x00FFCD00,0x00FFCD00,0x00FFCD00,0x00FFCD00,0x00FFCD00,0x00FFCD00,0x00FFCD00,0x00FFCD00,0x00FFCD00,0x00FFCD00,0x00FFCD00,0x00FFCD00,
0x00FFCD00,0x00FFCD00,0x00FFCD00,0x00FFCD00,0x00FFCD00,0x00FFCD00,0x00FFCD00,0x00FFCD00,0x00FFCD00,0x00FFCD00,0x00FFCD00,0x00FFCD00,
0x00FFCD00,0x00FFCD00,0x00FFCD00,0x00FFCD00,0x00FFCD00,0x00FFCD00,0x00FFCD00,0x00FFCD00,0x00FFCD00,0x00FFCD00,0x00FFCD00,0x00FFCD00,
0x00FFCD00,0x00FFCD00,0x00FFCD00,0x00FFCD00,0x00FFCD00,0x00FFCD00,0x00FFCD00,0x00FFCD00,0x00FFCD00,0x00FFCD00,0x00FFCD00,0x00FFCD00,
0x00FFCD00,0x00FFCD00,0x00FFCD00,0x00FFCD00,0x00FFCD00,0x00FFCD00,0x00FFCD00,0x00FFCD00,0x00FFCD00,0x00FFCD00,0x00FFCD00,0x00FFCD00,
0x00FFCD00,0x00FFCD00,0x00FFCD00,0x00FFCD00,0x00FFCD00,0x00FFCD00,0x00FFCD00,0x00FFCD00,0x00FFCD00,0x00FFCD00,0x00FFCD00,0x00FFCD00,
0x00FFCD00,0x00FFCD00,0x00FFCD00,0x00FFCD00,0x00FFCD00,0x00FFCD00,0x00FFCD00,0x00FFCD00,0x00FFCD00,0x00FFCD00,0x00FFCD00,0x00FFCD00,
0x00FFCD00,0x00FFCD00,0x00FFCD00,0x00FFCD00,0x00FFCD00,0x00FFCD00,0x00FFCD00,0x00FFCD00,0x00FFCD00,0x00FFCD00,0x00FFCD00,0x00FFCD00,
0x00FFCD00,0x00FFCD00,0x00FFCD00,0x00FFCD00,0x00FFCD00,0x00FFCD00,0x00FFCD00,0x00FFCD00,0x00FFCD00,0x00FFCD00,0x00FFCD00,0x00FFCD00,
0x00FFCD00,0x00FFCD00,0x00FFCD00,0x00FFCD00,0x00FFCD00,0x00FFCD00,0x00FFCD00,0x00FFCD00,0x00FFCD00,0x00FFCD00,0x00FFCD00,0x00FFCD00,
0x00FFCD00,0x00FFCD00,0x00FFCD00,0x00FFCD00,0x00FFCD00,0x00FFCD00,0x00FFCD00,0x00FFCD00,0x00FFCD00,0x00FFCD00,0x00FFCD00,0x00FFCD00,
0x00FFCD00,0x00FFCD00,0x00FFCD00,0x00FFCD00,0x00FFCD00,0x00FFCD00,0x00FFCD00,0x00FFCD00,0x00FFCD00,0x00FFCD00,0x00FFCD00,0x00FFCD00,
0x00FFCD00,0x00FFCD00,0x00FFCD00,0x00FFCD00,0x00FFCD00,0x00FFCD00,0x00FFCD00,0x00FFCD00,0x00FFCD00,0x00FFCD00,0x00FFCD00,0x00FFCD00,
0x00FFCD00,0x00FFCD00,0x00FFCD00,0x00FFCD00,0x00FFCD00,0x00FFCD00,0x00FFCD00,0x00FFCD00,0x00FFCD00,0x00FFCD00,0x00FFCD00,0x00FFCD00,
0x00FFCD00,0x00FFCD00,0x00FFCD00,0x00FFCD00,0x00FFCD00,0x00FFCD00,0x00FFCD00,0x00FFCD00,0x00FFCD00,0x00FFCD00,0x00FFCD00,0x00FFCD00,
0x00FFCD00,0x00FFCD00,0x00FFCD00,0x00FFCD00,0x00FFCD00,0x00FFCD00,0x00FFCD00,0x00FFCD00,0x00FFCD00,0x00FFCD00,0x00FFCD00,0x00FFCD00,
0x00FFCD00,0x00FFCD00,0x00FFCD00,0x00FFCD00,0x00FFCD00,0x00FFCD00,0x00FFCD00,0x00FFCD00,0x00FFCD00,0x00FFCD00,0x00FFCD00,0x00FFCD00,
0x00FFCD00,0x00FFCD00,0x00FFCD00,0x00FFCD00,0x00FFCD00,0x00FFCD00,0x00FFCD00,0x00FFCD00,0x00FFCD00,0x00FFCD00,0x00FFCD00,0x00FFCD00,
0x00FFCD00,0x00FFCD00,0x00FFCD00,0x00FFCD00,0x00FFCD00,0x00FFCD00,0x00FFCD00,0x00FFCD00,0x00FFCD00,0x00FFCD00,0x00FFCD00,0x00FFCD00,
0x00FFCD00,0x00FFCD00,0x00FFCD00,0x00FFCD00,0x00FFCD00,0x00FFCD00,0x00FFCD00,0x00FFCD00,0x00FFCD00,0x00FFCD00,0x00FFCD00,0x00FFCD00,
0x00FFCD00,0x00FFCD00,0x00FFCD00,0x00FFCD00,0x00FFCD00,0x00FFCD00,0x00FFCD00,0x00FFCD00,0x00FFCD00,0x00FFCD00,0x00FFCD00,0x00FFCD00,
0x00FFCD00,0x00FFCD00,0x00FFCD00,0x00FFCD00,0x00FFCD00,0x00FFCD00,0x00FFCD00,0x00FFCD00,0x00FFCD00,0x00FFCD00,0x00FFCD00,0x00FFCD00,
0x00FFCD00,0x00FFCD00,0x00FFCD00,0x00FFCD00,0x00FFCD00,0x00FFCD00,0x00FFCD00,0x00FFCD00,0x00FFCD00,0x00FFCD00,0x00FFCD00,0x00FFCD00,
0x00FFCD00,0x00FFCD00,0x00FFCD00,0x00FFCD00,0x00FFCD00,0x00FFCD00,0x00FFCD00,0x00FFCD00,0x00FFCD00,0x00FFCD00,0x00FFCD00,0x00FFCD00,
0x00FFCD00,0x00FFCD00,0x00FFCD00,0x00FFCD00,0x00FFCD00,0x00FFCD00,0x00FFCD00,0x00FFCD00,0x00FFCD00,0x00FFCD00,0x00FFCD00,0x00FFCD00,
0x00FFCD00,0x00FFCD00,0x00FFCD00,0x00FFCD00,0x00FFCD00,0x00FFCD00,0x00FFCD00,0x00FFCD00,0x00FFCD00,0x00FFCD00,0x00FFCD00,0x00FFCD00,
0x00FFCD00,0x00FFCD00,0x00FFCD00,0x00FFCD00,0x00FFCD00,0x00FFCD00,0x00FFCD00,0x00FFCD00,0x00FFCD00,0x00FFCD00,0x00FFCD00,0x00FFCD00,
0x00FFCD00,0x00FFCD00,0x00FFCD00,0x00FFCD00,0x00FFCD00,0x00FFCD00,0x00FFCD00,0x00FFCD00,0x00FFCD00,0x00FFCD00,0x00FFCD00,0x00FFCD00,
0x00FFCD00,0x00FFCD00,0x00FFCD00,0x00FFCD00,0x00FFCD00,0x00FFCD00,0x00FFCD00,0x00FFCD00,0x00FFCD00,0x00FFCD00,0x00FFCD00,0x00FFCD00,
0x00FFCD00,0x00FFCD00,0x00FFCD00,0x00FFCD00,0x00FFCD00,0x00FFCD00,0x00FFCD00,0x00FFCD00,0x00FFCD00,0x00FFCD00,0x00FFCD00,0x00FFCD00,
0x00FFCD00,0x00FFCD00,0x00FFCD00,0x00FFCD00,0x00FFCD00,0x00FFCD00,0x00FFCD00,0x00FFCD00,0x00FFCD00,0x00FFCD00,0x00FFCD00,0x00FFCD00,
};

#define EVO_ICON_ABOUT_SUPPORT_W 72
#define EVO_ICON_ABOUT_SUPPORT_H 72
static const unsigned int EVO_ICON_ABOUT_SUPPORT[5184]={
0x00FFCD00,0x00FFCD00,0x00FFCD00,0x00FFCD00,0x00FFCD00,0x00FFCD00,0x00FFCD00,0x00FFCD00,0x00FFCD00,0x00FFCD00,0x00FFCD00,0x00FFCD00,
0x00FFCD00,0x00FFCD00,0x00FFCD00,0x00FFCD00,0x00FFCD00,0x00FFCD00,0x00FFCD00,0x00FFCD00,0x00FFCD00,0x00FFCD00,0x00FFCD00,0x00FFCD00,
0x00FFCD00,0x00FFCD00,0x00FFCD00,0x00FFCD00,0x00FFCD00,0x00FFCD00,0x00FFCD00,0x00FFCD00,0x00FFCD00,0x00FFCD00,0x00FFCD00,0x00FFCD00,
0x00FFCD00,0x00FFCD00,0x00FFCD00,0x00FFCD00,0x00FFCD00,0x00FFCD00,0x00FFCD00,0x00FFCD00,0x00FFCD00,0x00FFCD00,0x00FFCD00,0x00FFCD00,
0x00FFCD00,0x00FFCD00,0x00FFCD00,0x00FFCD00,0x00FFCD00,0x00FFCD00,0x00FFCD00,0x00FFCD00,0x00FFCD00,0x00FFCD00,0x00FFCD00,0x00FFCD00,
0x00FFCD00,0x00FFCD00,0x00FFCD00,0x00FFCD00,0x00FFCD00,0x00FFCD00,0x00FFCD00,0x00FFCD00,0x00FFCD00,0x00FFCD00,0x00FFCD00,0x00FFCD00,
0x00FFCD00,0x00FFCD00,0x00FFCD00,0x00FFCD00,0x00FFCD00,0x00FFCD00,0x00FFCD00,0x00FFCD00,0x00FFCD00,0x00FFCD00,0x00FFCD00,0x00FFCD00,
0x00FFCD00,0x00FFCD00,0x00FFCD00,0x00FFCD00,0x00FFCD00,0x00FFCD00,0x00FFCD00,0x00FFCD00,0x00FFCD00,0x00FFCD00,0x00FFCD00,0x00FFCD00,
0x00FFCD00,0x00FFCD00,0x00FFCD00,0x00FFCD00,0x00FFCD00,0x00FFCD00,0x00FFCD00,0x00FFCD00,0x00FFCD00,0x00FFCD00,0x00FFCD00,0x00FFCD00,
0x00FFCD00,0x00FFCD00,0x00FFCD00,0x00FFCD00,0x00FFCD00,0x00FFCD00,0x00FFCD00,0x00FFCD00,0x00FFCD00,0x00FFCD00,0x00FFCD00,0x00FFCD00,
0x00FFCD00,0x00FFCD00,0x00FFCD00,0x00FFCD00,0x00FFCD00,0x00FFCD00,0x00FFCD00,0x00FFCD00,0x00FFCD00,0x00FFCD00,0x00FFCD00,0x00FFCD00,
0x00FFCD00,0x00FFCD00,0x00FFCD00,0x00FFCD00,0x00FFCD00,0x00FFCD00,0x00FFCD00,0x00FFCD00,0x00FFCD00,0x00FFCD00,0x00FFCD00,0x00FFCD00,
0x00FFCD00,0x00FFCD00,0x00FFCD00,0x00FFCD00,0x00FFCD00,0x00FFCD00,0x00FFCD00,0x00FFCD00,0x00FFCD00,0x00FFCD00,0x00FFCD00,0x00FFCD00,
0x00FFCD00,0x00FFCD00,0x00FFCD00,0x00FFCD00,0x00FFCD00,0x00FFCD00,0x00FFCD00,0x00FFCD00,0x00FFCD00,0x00FFCD00,0x00FFCD00,0x00FFCD00,
0x00FFCD00,0x00FFCD00,0x00FFCD00,0x00FFCD00,0x00FFCD00,0x00FFCD00,0x00FFCD00,0x00FFCD00,0x00FFCD00,0x00FFCD00,0x00FFCD00,0x00FFCD00,
0x00FFCD00,0x00FFCD00,0x00FFCD00,0x00FFCD00,0x00FFCD00,0x00FFCD00,0x00FFCD00,0x00FFCD00,0x00FFCD00,0x00FFCD00,0x00FFCD00,0x00FFCD00,
0x00FFCD00,0x00FFCD00,0x00FFCD00,0x00FFCD00,0x00FFCD00,0x00FFCD00,0x00FFCD00,0x00FFCD00,0x00FFCD00,0x00FFCD00,0x00FFCD00,0x00FFCD00,
0x00FFCD00,0x00FFCD00,0x00FFCD00,0x00FFCD00,0x00FFCD00,0x00FFCD00,0x00FFCD00,0x00FFCD00,0x00FFCD00,0x00FFCD00,0x00FFCD00,0x00FFCD00,
0x00FFCD00,0x00FFCD00,0x00FFCD00,0x00FFCD00,0x00FFCD00,0x00FFCD00,0x00FFCD00,0x00FFCD00,0x00FFCD00,0x00FFCD00,0x00FFCD00,0x00FFCD00,
0x00FFCD00,0x00FFCD00,0x00FFCD00,0x00FFCD00,0x00FFCD00,0x00FFCD00,0x00FFCD00,0x00FFCD00,0x00FFCD00,0x00FFCD00,0x00FFCD00,0x00FFCD00,
0x00FFCD00,0x00FFCD00,0x00FFCD00,0x00FFCD00,0x00FFCD00,0x00FFCD00,0x00FFCD00,0x00FFCD00,0x00FFCD00,0x00FFCD00,0x00FFCD00,0x00FFCD00,
0x00FFCD00,0x00FFCD00,0x00FFCD00,0x00FFCD00,0x00FFCD00,0x00FFCD00,0x00FFCD00,0x00FFCD00,0x00FFCD00,0x00FFCD00,0x00FFCD00,0x00FFCD00,
0x00FFCD00,0x00FFCD00,0x00FFCD00,0x00FFCD00,0x00FFCD00,0x00FFCD00,0x00FFCD00,0x00FFCD00,0x00FFCD00,0x00FFCD00,0x00FFCD00,0x00FFCD00,
0x00FFCD00,0x00FFCD00,0x00FFCD00,0x00FFCD00,0x00FFCD00,0x00FFCD00,0x00FFCD00,0x00FFCD00,0x00FFCD00,0x00FFCD00,0x00FFCD00,0x00FFCD00,
0x00FFCD00,0x00FFCD00,0x00FFCD00,0x00FFCD00,0x00FFCD00,0x00FFCD00,0x00FFCD00,0x00FFCD00,0x00FFCD00,0x00FFCD00,0x00FFCD00,0x00FFCD00,
0x00FFCD00,0x00FFCD00,0x00FFCD00,0x00FFCD00,0x00FFCD00,0x00FFCD00,0x00FFCD00,0x00FFCD00,0x00FFCD00,0x00FFCD00,0x00FFCD00,0x00FFCD00,
0x00FFCD00,0x00FFCD00,0x00FFCD00,0x00FFCD00,0x00FFCD00,0x00FFCD00,0x00FFCD00,0x00FFCD00,0x00FFCD00,0x00FFCD00,0x00FFCD00,0x00FFCD00,
0x00FFCD00,0x00FFCD00,0x00FFCD00,0x00FFCD00,0x00FFCD00,0x00FFCD00,0x00FFCD00,0x00FFCD00,0x00FFCD00,0x00FFCD00,0x00FFCD00,0x00FFCD00,
0x00FFCD00,0x00FFCD00,0x00FFCD00,0x00FFCD00,0x00FFCD00,0x00FFCD00,0x00FFCD00,0x00FFCD00,0x00FFCD00,0x00FFCD00,0x00FFCD00,0x00FFCD00,
0x00FFCD00,0x00FFCD00,0x00FFCD00,0x00FFCD00,0x00FFCD00,0x00FFCD00,0x00FFCD00,0x00FFCD00,0x00FFCD00,0x00FFCD00,0x00FFCD00,0x00FFCD00,
0x00FFCD00,0x00FFCD00,0x00FFCD00,0x00FFCD00,0x00FFCD00,0x00FFCD00,0x00FFCD00,0x00FFCD00,0x00FFCD00,0x00FFCD00,0x00FFCD00,0x00FFCD00,
0x00FFCD00,0x00FFCD00,0x00FFCD00,0x00FFCD00,0x00FFCD00,0x00FFCD00,0x00FFCD00,0x00FFCD00,0x00FFCD00,0x00FFCD00,0x00FFCD00,0x00FFCD00,
0x00FFCD00,0x00FFCD00,0x00FFCD00,0x00FFCD00,0x00FFCD00,0x00FFCD00,0x00FFCD00,0x00FFCD00,0x00FFCD00,0x00FFCD00,0x00FFCD00,0x00FFCD00,
0x00FFCD00,0x00FFCD00,0x00FFCD00,0x00FFCD00,0x00FFCD00,0x00FFCD00,0x00FFCD00,0x00FFCD00,0x00FFCD00,0x00FFCD00,0x00FFCD00,0x00FFCD00,
0x00FFCD00,0x00FFCD00,0x00FFCD00,0x00FFCD00,0x00FFCD00,0x00FFCD00,0x00FFCD00,0x00FFCD00,0x00FFCD00,0x00FFCD00,0x00FFCD00,0x00FFCD00,
0x00FFCD00,0x00FFCD00,0x00FFCD00,0x00FFCD00,0x00FFCD00,0x00FFCD00,0x00FFCD00,0x00FFCD00,0x00FFCD00,0x00FFCD00,0x00FFCD00,0x00FFCD00,
0x00FFCD00,0x00FFCD00,0x00FFCD00,0x00FFCD00,0x00FFCD00,0x00FFCD00,0x00FFCD00,0x00FFCD00,0x00FFCD00,0x00FFCD00,0x00FFCD00,0x00FFCD00,
0x00FFCD00,0x00FFCD00,0x00FFCD00,0x00FFCD00,0x00FFCD00,0x00FFCD00,0x00FFCD00,0x00FFCD00,0x00FFCD00,0x00FFCD00,0x00FFCD00,0x00FFCD00,
0x00FFCD00,0x00FFCD00,0x00FFCD00,0x00FFCD00,0x00FFCD00,0x00FFCD00,0x00FFCD00,0x00FFCD00,0x00FFCD00,0x00FFCD00,0x00FFCD00,0x00FFCD00,
0x00FFCD00,0x00FFCD00,0x00FFCD00,0x00FFCD00,0x00FFCD00,0x00FFCD00,0x00FFCD00,0x00FFCD00,0x00FFCD00,0x00FFCD00,0x00FFCD00,0x00FFCD00,
0x00FFCD00,0x00FFCD00,0x00FFCD00,0x00FFCD00,0x00FFCD00,0x00FFCD00,0x00FFCD00,0x00FFCD00,0x00FFCD00,0x00FFCD00,0x00FFCD00,0x00FFCD00,
0x00FFCD00,0x00FFCD00,0x00FFCD00,0x00FFCD00,0x00FFCD00,0x00FFCD00,0x00FFCD00,0x00FFCD00,0x00FFCD00,0x00FFCD00,0x00FFCD00,0x00FFCD00,
0x00FFCD00,0x00FFCD00,0x00FFCD00,0x00FFCD00,0x00FFCD00,0x00FFCD00,0x00FFCD00,0x00FFCD00,0x00FFCD00,0x00FFCD00,0x00FFCD00,0x00FFCD00,
0x00FFCD00,0x00FFCD00,0x00FFCD00,0x00FFCD00,0x00FFCD00,0x00FFCD00,0x00FFCD00,0x00FFCD00,0x00FFCD00,0x00FFCD00,0x00FFCD00,0x00FFCD00,
0x00FFCD00,0x00FFCD00,0x00FFCD00,0x00FFCD00,0x00FFCD00,0x00FFCD00,0x00FFCD00,0x23FFCD00,0x43FFCD00,0x5CFFCD00,0x6CFFCD00,0x74FFCD00,
0x74FFCD00,0x6CFFCD00,0x5CFFCD00,0x43FFCD00,0x23FFCD00,0x00FFCD00,0x00FFCD00,0x00FFCD00,0x00FFCD00,0x00FFCD00,0x00FFCD00,0x00FFCD00,
0x00FFCD00,0x00FFCD00,0x00FFCD00,0x00FFCD00,0x00FFCD00,0x00FFCD00,0x00FFCD00,0x00FFCD00,0x00FFCD00,0x00FFCD00,0x00FFCD00,0x00FFCD00,
0x00FFCD00,0x00FFCD00,0x00FFCD00,0x00FFCD00,0x00FFCD00,0x00FFCD00,0x00FFCD00,0x00FFCD00,0x00FFCD00,0x00FFCD00,0x00FFCD00,0x00FFCD00,
0x00FFCD00,0x00FFCD00,0x00FFCD00,0x00FFCD00,0x00FFCD00,0x00FFCD00,0x00FFCD00,0x00FFCD00,0x00FFCD00,0x00FFCD00,0x00FFCD00,0x00FFCD00,
0x00FFCD00,0x00FFCD00,0x00FFCD00,0x00FFCD00,0x00FFCD00,0x00FFCD00,0x00FFCD00,0x00FFCD00,0x00FFCD00,0x00FFCD00,0x00FFCD00,0x00FFCD00,
0x00FFCD00,0x00FFCD00,0x00FFCD00,0x33FFCD00,0x74FFCD00,0xAEFFCD00,0xE1FFCD00,0xEBFFCD00,0xEBFFCD00,0xEBFFCD00,0xEBFFCD00,0xEBFFCD00,
0xEBFFCD00,0xEBFFCD00,0xEBFFCD00,0xEBFFCD00,0xEBFFCD00,0xE1FFCD00,0xAEFFCD00,0x74FFCD00,0x33FFCD00,0x00FFCD00,0x00FFCD00,0x00FFCD00,
0x00FFCD00,0x00FFCD00,0x00FFCD00,0x00FFCD00,0x00FFCD00,0x00FFCD00,0x00FFCD00,0x00FFCD00,0x00FFCD00,0x00FFCD00,0x00FFCD00,0x00FFCD00,
0x00FFCD00,0x00FFCD00,0x00FFCD00,0x00FFCD00,0x00FFCD00,0x00FFCD00,0x00FFCD00,0x00FFCD00,0x00FFCD00,0x00FFCD00,0x00FFCD00,0x00FFCD00,
0x00FFCD00,0x00FFCD00,0x00FFCD00,0x00FFCD00,0x00FFCD00,0x00FFCD00,0x00FFCD00,0x00FFCD00,0x00FFCD00,0x00FFCD00,0x00FFCD00,0x00FFCD00,
0x00FFCD00,0x00FFCD00,0x00FFCD00,0x00FFCD00,0x00FFCD00,0x00FFCD00,0x00FFCD00,0x00FFCD00,0x00FFCD00,0x00FFCD00,0x00FFCD00,0x00FFCD00,
0x1AFFCD00,0x74FFCD00,0xC7FFCD00,0xEBFFCD00,0xEBFFCD00,0xEBFFCD00,0xEBFFCD00,0xEBFFCD00,0xEBFFCD00,0xEBFFCD00,0xEBFFCD00,0xEBFFCD00,
0xEBFFCD00,0xEBFFCD00,0xEBFFCD00,0xEBFFCD00,0xEBFFCD00,0xEBFFCD00,0xEBFFCD00,0xEBFFCD00,0xEBFFCD00,0xC7FFCD00,0x74FFCD00,0x1AFFCD00,
0x00FFCD00,0x00FFCD00,0x00FFCD00,0x00FFCD00,0x00FFCD00,0x00FFCD00,0x00FFCD00,0x00FFCD00,0x00FFCD00,0x00FFCD00,0x00FFCD00,0x00FFCD00,
0x00FFCD00,0x00FFCD00,0x00FFCD00,0x00FFCD00,0x00FFCD00,0x00FFCD00,0x00FFCD00,0x00FFCD00,0x00FFCD00,0x00FFCD00,0x00FFCD00,0x00FFCD00,
0x00FFCD00,0x00FFCD00,0x00FFCD00,0x00FFCD00,0x00FFCD00,0x00FFCD00,0x00FFCD00,0x00FFCD00,0x00FFCD00,0x00FFCD00,0x00FFCD00,0x00FFCD00,
0x00FFCD00,0x00FFCD00,0x00FFCD00,0x00FFCD00,0x00FFCD00,0x00FFCD00,0x00FFCD00,0x00FFCD00,0x00FFCD00,0x00FFCD00,0x23FFCD00,0x8DFFCD00,
0xEBFFCD00,0xEBFFCD00,0xEBFFCD00,0xEBFFCD00,0xEBFFCD00,0xEBFFCD00,0xEBFFCD00,0xEBFFCD00,0xEBFFCD00,0xEBFFCD00,0xEBFFCD00,0xEBFFCD00,
0xEBFFCD00,0xEBFFCD00,0xEBFFCD00,0xEBFFCD00,0xEBFFCD00,0xEBFFCD00,0xEBFFCD00,0xEBFFCD00,0xEBFFCD00,0xEBFFCD00,0xEBFFCD00,0xEBFFCD00,
0x8DFFCD00,0x23FFCD00,0x00FFCD00,0x00FFCD00,0x00FFCD00,0x00FFCD00,0x00FFCD00,0x00FFCD00,0x00FFCD00,0x00FFCD00,0x00FFCD00,0x00FFCD00,
0x00FFCD00,0x00FFCD00,0x00FFCD00,0x00FFCD00,0x00FFCD00,0x00FFCD00,0x00FFCD00,0x00FFCD00,0x00FFCD00,0x00FFCD00,0x00FFCD00,0x00FFCD00,
0x00FFCD00,0x00FFCD00,0x00FFCD00,0x00FFCD00,0x00FFCD00,0x00FFCD00,0x00FFCD00,0x00FFCD00,0x00FFCD00,0x00FFCD00,0x00FFCD00,0x00FFCD00,
0x00FFCD00,0x00FFCD00,0x00FFCD00,0x00FFCD00,0x00FFCD00,0x00FFCD00,0x00FFCD00,0x00FFCD00,0x02FFCD00,0x7DFFCD00,0xEBFFCD00,0xEBFFCD00,
0xEBFFCD00,0xEBFFCD00,0xEBFFCD00,0xEBFFCD00,0xEBFFCD00,0xEBFFCD00,0xEBFFCD00,0xEBFFCD00,0xEBFFCD00,0xEBFFCD00,0xEBFFCD00,0xEBFFCD00,
0xEBFFCD00,0xEBFFCD00,0xEBFFCD00,0xEBFFCD00,0xEBFFCD00,0xEBFFCD00,0xEBFFCD00,0xEBFFCD00,0xEBFFCD00,0xEBFFCD00,0xEBFFCD00,0xEBFFCD00,
0xEBFFCD00,0xEBFFCD00,0x7DFFCD00,0x02FFCD00,0x00FFCD00,0x00FFCD00,0x00FFCD00,0x00FFCD00,0x00FFCD00,0x00FFCD00,0x00FFCD00,0x00FFCD00,
0x00FFCD00,0x00FFCD00,0x00FFCD00,0x00FFCD00,0x00FFCD00,0x00FFCD00,0x00FFCD00,0x00FFCD00,0x00FFCD00,0x00FFCD00,0x00FFCD00,0x00FFCD00,
0x00FFCD00,0x00FFCD00,0x00FFCD00,0x00FFCD00,0x00FFCD00,0x00FFCD00,0x00FFCD00,0x00FFCD00,0x00FFCD00,0x00FFCD00,0x00FFCD00,0x00FFCD00,
0x00FFCD00,0x00FFCD00,0x00FFCD00,0x00FFCD00,0x00FFCD00,0x00FFCD00,0x00FFCD00,0x43FFCD00,0xC7FFCD00,0xEBFFCD00,0xEBFFCD00,0xEBFFCD00,
0xEBFFCD00,0xEBFFCD00,0xEBFFCD00,0xEBFFCD00,0xEBFFCD00,0xEBFFCD00,0xEBFFCD00,0xDAFFCD00,0xB2FFCD00,0x95FFCD00,0x81FFCD00,0x77FFCD00,
0x77FFCD00,0x81FFCD00,0x95FFCD00,0xB2FFCD00,0xDAFFCD00,0xEBFFCD00,0xEBFFCD00,0xEBFFCD00,0xEBFFCD00,0xEBFFCD00,0xEBFFCD00,0xEBFFCD00,
0xEBFFCD00,0xEBFFCD00,0xEBFFCD00,0xC7FFCD00,0x43FFCD00,0x00FFCD00,0x00FFCD00,0x00FFCD00,0x00FFCD00,0x00FFCD00,0x00FFCD00,0x00FFCD00,
0x00FFCD00,0x00FFCD00,0x00FFCD00,0x00FFCD00,0x00FFCD00,0x00FFCD00,0x00FFCD00,0x00FFCD00,0x00FFCD00,0x00FFCD00,0x00FFCD00,0x00FFCD00,
0x00FFCD00,0x00FFCD00,0x00FFCD00,0x00FFCD00,0x00FFCD00,0x00FFCD00,0x00FFCD00,0x00FFCD00,0x00FFCD00,0x00FFCD00,0x00FFCD00,0x00FFCD00,
0x00FFCD00,0x00FFCD00,0x00FFCD00,0x00FFCD00,0x00FFCD00,0x00FFCD00,0x74FFCD00,0xEBFFCD00,0xEBFFCD00,0xEBFFCD00,0xEBFFCD00,0xEBFFCD00,
0xEBFFCD00,0xEBFFCD00,0xEBFFCD00,0xEBFFCD00,0xA9FFCD00,0x63FFCD00,0x26FFCD00,0x00FFCD00,0x00FFCD00,0x00FFCD00,0x00FFCD00,0x00FFCD00,
0x00FFCD00,0x00FFCD00,0x00FFCD00,0x00FFCD00,0x00FFCD00,0x26FFCD00,0x63FFCD00,0xA9FFCD00,0xEBFFCD00,0xEBFFCD00,0xEBFFCD00,0xEBFFCD00,
0xEBFFCD00,0xEBFFCD00,0xEBFFCD00,0xEBFFCD00,0xEBFFCD00,0x74FFCD00,0x00FFCD00,0x00FFCD00,0x00FFCD00,0x00FFCD00,0x00FFCD00,0x00FFCD00,
0x00FFCD00,0x00FFCD00,0x00FFCD00,0x00FFCD00,0x00FFCD00,0x00FFCD00,0x00FFCD00,0x00FFCD00,0x00FFCD00,0x00FFCD00,0x00FFCD00,0x00FFCD00,
0x00FFCD00,0x00FFCD00,0x00FFCD00,0x00FFCD00,0x00FFCD00,0x00FFCD00,0x00FFCD00,0x00FFCD00,0x00FFCD00,0x00FFCD00,0x00FFCD00,0x00FFCD00,
0x00FFCD00,0x00FFCD00,0x00FFCD00,0x00FFCD00,0x00FFCD00,0x96FFCD00,0xEBFFCD00,0xEBFFCD00,0xEBFFCD00,0xEBFFCD00,0xEBFFCD00,0xEBFFCD00,
0xEBFFCD00,0xDAFFCD00,0x77FFCD00,0x1CFFCD00,0x00FFCD00,0x00FFCD00,0x00FFCD00,0x00FFCD00,0x00FFCD00,0x00FFCD00,0x00FFCD00,0x00FFCD00,
0x00FFCD00,0x00FFCD00,0x00FFCD00,0x00FFCD00,0x00FFCD00,0x00FFCD00,0x00FFCD00,0x00FFCD00,0x1CFFCD00,0x77FFCD00,0xDAFFCD00,0xEBFFCD00,
0xEBFFCD00,0xEBFFCD00,0xEBFFCD00,0xEBFFCD00,0xEBFFCD00,0xEBFFCD00,0x96FFCD00,0x00FFCD00,0x00FFCD00,0x00FFCD00,0x00FFCD00,0x00FFCD00,
0x00FFCD00,0x00FFCD00,0x00FFCD00,0x00FFCD00,0x00FFCD00,0x00FFCD00,0x00FFCD00,0x00FFCD00,0x00FFCD00,0x00FFCD00,0x00FFCD00,0x00FFCD00,
0x00FFCD00,0x00FFCD00,0x00FFCD00,0x00FFCD00,0x00FFCD00,0x00FFCD00,0x00FFCD00,0x00FFCD00,0x00FFCD00,0x00FFCD00,0x00FFCD00,0x00FFCD00,
0x00FFCD00,0x00FFCD00,0x00FFCD00,0x02FFCD00,0xA6FFCD00,0xEBFFCD00,0xEBFFCD00,0xEBFFCD00,0xEBFFCD00,0xEBFFCD00,0xEBFFCD00,0xEBFFCD00,
0x77FFCD00,0x08FFCD00,0x00FFCD00,0x00FFCD00,0x00FFCD00,0x00FFCD00,0x00FFCD00,0x00FFCD00,0x00FFCD00,0x00FFCD00,0x00FFCD00,0x00FFCD00,
0x00FFCD00,0x00FFCD00,0x00FFCD00,0x00FFCD00,0x00FFCD00,0x00FFCD00,0x00FFCD00,0x00FFCD00,0x00FFCD00,0x00FFCD00,0x08FFCD00,0x77FFCD00,
0xEBFFCD00,0xEBFFCD00,0xEBFFCD00,0xEBFFCD00,0xEBFFCD00,0xEBFFCD00,0xEBFFCD00,0xA6FFCD00,0x02FFCD00,0x00FFCD00,0x00FFCD00,0x00FFCD00,
0x00FFCD00,0x00FFCD00,0x00FFCD00,0x00FFCD00,0x00FFCD00,0x00FFCD00,0x00FFCD00,0x00FFCD00,0x00FFCD00,0x00FFCD00,0x00FFCD00,0x00FFCD00,
0x00FFCD00,0x00FFCD00,0x00FFCD00,0x00FFCD00,0x00FFCD00,0x00FFCD00,0x00FFCD00,0x00FFCD00,0x00FFCD00,0x00FFCD00,0x00FFCD00,0x00FFCD00,
0x00FFCD00,0x00FFCD00,0x00FFCD00,0xA6FFCD00,0xEBFFCD00,0xEBFFCD00,0xEBFFCD00,0xEBFFCD00,0xEBFFCD00,0xEBFFCD00,0xA9FFCD00,0x26FFCD00,
0x00FFCD00,0x00FFCD00,0x00FFCD00,0x00FFCD00,0x00FFCD00,0x00FFCD00,0x00FFCD00,0x00FFCD00,0x00FFCD00,0x00FFCD00,0x00FFCD00,0x00FFCD00,
0x00FFCD00,0x00FFCD00,0x00FFCD00,0x00FFCD00,0x00FFCD00,0x00FFCD00,0x00FFCD00,0x00FFCD00,0x00FFCD00,0x00FFCD00,0x00FFCD00,0x00FFCD00,
0x26FFCD00,0xA9FFCD00,0xEBFFCD00,0xEBFFCD00,0xEBFFCD00,0xEBFFCD00,0xEBFFCD00,0xEBFFCD00,0xA6FFCD00,0x00FFCD00,0x00FFCD00,0x00FFCD00,
0x00FFCD00,0x00FFCD00,0x00FFCD00,0x00FFCD00,0x00FFCD00,0x00FFCD00,0x00FFCD00,0x00FFCD00,0x00FFCD00,0x00FFCD00,0x00FFCD00,0x00FFCD00,
0x00FFCD00,0x00FFCD00,0x00FFCD00,0x00FFCD00,0x00FFCD00,0x00FFCD00,0x00FFCD00,0x00FFCD00,0x00FFCD00,0x00FFCD00,0x00FFCD00,0x00FFCD00,
0x00FFCD00,0x00FFCD00,0x96FFCD00,0xEBFFCD00,0xEBFFCD00,0xEBFFCD00,0xEBFFCD00,0xEBFFCD00,0xEBFFCD00,0x77FFCD00,0x00FFCD00,0x00FFCD00,
0x00FFCD00,0x00FFCD00,0x00FFCD00,0x00FFCD00,0x00FFCD00,0x00FFCD00,0x00FFCD00,0x00FFCD00,0x00FFCD00,0x00FFCD00,0x00FFCD00,0x00FFCD00,
0x00FFCD00,0x00FFCD00,0x00FFCD00,0x00FFCD00,0x00FFCD00,0x00FFCD00,0x00FFCD00,0x00FFCD00,0x00FFCD00,0x00FFCD00,0x00FFCD00,0x00FFCD00,
0x00FFCD00,0x00FFCD00,0x77FFCD00,0xEBFFCD00,0xEBFFCD00,0xEBFFCD00,0xEBFFCD00,0xEBFFCD00,0xEBFFCD00,0x96FFCD00,0x00FFCD00,0x00FFCD00,
0x00FFCD00,0x00FFCD00,0x00FFCD00,0x00FFCD00,0x00FFCD00,0x00FFCD00,0x00FFCD00,0x00FFCD00,0x00FFCD00,0x00FFCD00,0x00FFCD00,0x00FFCD00,
0x00FFCD00,0x00FFCD00,0x00FFCD00,0x00FFCD00,0x00FFCD00,0x00FFCD00,0x00FFCD00,0x00FFCD00,0x00FFCD00,0x00FFCD00,0x00FFCD00,0x00FFCD00,
0x00FFCD00,0x74FFCD00,0xEBFFCD00,0xEBFFCD00,0xEBFFCD00,0xEBFFCD00,0xEBFFCD00,0xEBFFCD00,0x59FFCD00,0x00FFCD00,0x00FFCD00,0x00FFCD00,
0x00FFCD00,0x00FFCD00,0x00FFCD00,0x00FFCD00,0x00FFCD00,0x00FFCD00,0x00FFCD00,0x00FFCD00,0x00FFCD00,0x00FFCD00,0x00FFCD00,0x00FFCD00,
0x00FFCD00,0x00FFCD00,0x00FFCD00,0x00FFCD00,0x00FFCD00,0x00FFCD00,0x00FFCD00,0x00FFCD00,0x00FFCD00,0x00FFCD00,0x00FFCD00,0x00FFCD00,
0x00FFCD00,0x00FFCD00,0x00FFCD00,0x59FFCD00,0xEBFFCD00,0xEBFFCD00,0xEBFFCD00,0xEBFFCD00,0xEBFFCD00,0xEBFFCD00,0x74FFCD00,0x00FFCD00,
0x00FFCD00,0x00FFCD00,0x00FFCD00,0x00FFCD00,0x00FFCD00,0x00FFCD00,0x00FFCD00,0x00FFCD00,0x00FFCD00,0x00FFCD00,0x00FFCD00,0x00FFCD00,
0x00FFCD00,0x00FFCD00,0x00FFCD00,0x00FFCD00,0x00FFCD00,0x00FFCD00,0x00FFCD00,0x00FFCD00,0x00FFCD00,0x00FFCD00,0x00FFCD00,0x00FFCD00,
0x43FFCD00,0xEBFFCD00,0xEBFFCD00,0xEBFFCD00,0xEBFFCD00,0xEBFFCD00,0xEBFFCD00,0x4FFFCD00,0x00FFCD00,0x00FFCD00,0x00FFCD00,0x00FFCD00,
0x00FFCD00,0x00FFCD00,0x00FFCD00,0x00FFCD00,0x00FFCD00,0x00FFCD00,0x00FFCD00,0x00FFCD00,0x00FFCD00,0x00FFCD00,0x00FFCD00,0x00FFCD00,
0x00FFCD00,0x00FFCD00,0x00FFCD00,0x00FFCD00,0x00FFCD00,0x00FFCD00,0x00FFCD00,0x00FFCD00,0x00FFCD00,0x00FFCD00,0x00FFCD00,0x00FFCD00,
0x00FFCD00,0x00FFCD00,0x00FFCD00,0x00FFCD00,0x4FFFCD00,0xEBFFCD00,0xEBFFCD00,0xEBFFCD00,0xEBFFCD00,0xEBFFCD00,0xEBFFCD00,0x43FFCD00,
0x00FFCD00,0x00FFCD00,0x00FFCD00,0x00FFCD00,0x00FFCD00,0x00FFCD00,0x00FFCD00,0x00FFCD00,0x00FFCD00,0x00FFCD00,0x00FFCD00,0x00FFCD00,
0x00FFCD00,0x00FFCD00,0x00FFCD00,0x00FFCD00,0x00FFCD00,0x00FFCD00,0x00FFCD00,0x00FFCD00,0x00FFCD00,0x00FFCD00,0x00FFCD00,0x02FFCD00,
0xC7FFCD00,0xEBFFCD00,0xEBFFCD00,0xEBFFCD00,0xEBFFCD00,0xEBFFCD00,0x59FFCD00,0x00FFCD00,0x00FFCD00,0x00FFCD00,0x00FFCD00,0x00FFCD00,
0x00FFCD00,0x00FFCD00,0x00FFCD00,0x00FFCD00,0x00FFCD00,0x00FFCD00,0x00FFCD00,0x00FFCD00,0x00FFCD00,0x00FFCD00,0x00FFCD00,0x00FFCD00,
0x00FFCD00,0x00FFCD00,0x00FFCD00,0x00FFCD00,0x00FFCD00,0x00FFCD00,0x00FFCD00,0x00FFCD00,0x00FFCD00,0x00FFCD00,0x00FFCD00,0x00FFCD00,
0x00FFCD00,0x00FFCD00,0x00FFCD00,0x00FFCD00,0x00FFCD00,0x59FFCD00,0xEBFFCD00,0xEBFFCD00,0xEBFFCD00,0xEBFFCD00,0xEBFFCD00,0xC7FFCD00,
0x02FFCD00,0x00FFCD00,0x00FFCD00,0x00FFCD00,0x00FFCD00,0x00FFCD00,0x00FFCD00,0x00FFCD00,0x00FFCD00,0x00FFCD00,0x00FFCD00,0x00FFCD00,
0x00FFCD00,0x00FFCD00,0x00FFCD00,0x00FFCD00,0x00FFCD00,0x00FFCD00,0x00FFCD00,0x00FFCD00,0x00FFCD00,0x00FFCD00,0x00FFCD00,0x7DFFCD00,
0xEBFFCD00,0xEBFFCD00,0xEBFFCD00,0xEBFFCD00,0xEBFFCD00,0x77FFCD00,0x00FFCD00,0x00FFCD00,0x00FFCD00,0x00FFCD00,0x00FFCD00,0x00FFCD00,
0x00FFCD00,0x00FFCD00,0x00FFCD00,0x00FFCD00,0x00FFCD00,0x00FFCD00,0x00FFCD00,0x00FFCD00,0x00FFCD00,0x00FFCD00,0x2BFFCD00,0x81FFCD00,
0x81FFCD00,0x2BFFCD00,0x00FFCD00,0x00FFCD00,0x00FFCD00,0x00FFCD00,0x00FFCD00,0x00FFCD00,0x00FFCD00,0x00FFCD00,0x00FFCD00,0x00FFCD00,
0x00FFCD00,0x00FFCD00,0x00FFCD00,0x00FFCD00,0x00FFCD00,0x00FFCD00,0x77FFCD00,0xEBFFCD00,0xEBFFCD00,0xEBFFCD00,0xEBFFCD00,0xEBFFCD00,
0x7DFFCD00,0x00FFCD00,0x00FFCD00,0x00FFCD00,0x00FFCD00,0x00FFCD00,0x00FFCD00,0x00FFCD00,0x00FFCD00,0x00FFCD00,0x00FFCD00,0x00FFCD00,
0x00FFCD00,0x00FFCD00,0x00FFCD00,0x00FFCD00,0x00FFCD00,0x00FFCD00,0x00FFCD00,0x00FFCD00,0x00FFCD00,0x00FFCD00,0x23FFCD00,0xEBFFCD00,
0xEBFFCD00,0xEBFFCD00,0xEBFFCD00,0xEBFFCD00,0xA9FFCD00,0x00FFCD00,0x00FFCD00,0x00FFCD00,0x00FFCD00,0x00FFCD00,0x00FFCD00,0x00FFCD00,
0x00FFCD00,0x00FFCD00,0x00FFCD00,0x00FFCD00,0x00FFCD00,0x00FFCD00,0x00FFCD00,0x00FFCD00,0x00FFCD00,0x2BFFCD00,0xE6FFCD00,0xEBFFCD00,
0xEBFFCD00,0xE6FFCD00,0x2BFFCD00,0x00FFCD00,0x00FFCD00,0x00FFCD00,0x00FFCD00,0x00FFCD00,0x00FFCD00,0x00FFCD00,0x00FFCD00,0x00FFCD00,
0x00FFCD00,0x00FFCD00,0x00FFCD00,0x00FFCD00,0x00FFCD00,0x00FFCD00,0x00FFCD00,0xA9FFCD00,0xEBFFCD00,0xEBFFCD00,0xEBFFCD00,0xEBFFCD00,
0xEBFFCD00,0x23FFCD00,0x00FFCD00,0x00FFCD00,0x00FFCD00,0x00FFCD00,0x00FFCD00,0x00FFCD00,0x00FFCD00,0x00FFCD00,0x00FFCD00,0x00FFCD00,
0x00FFCD00,0x00FFCD00,0x00FFCD00,0x00FFCD00,0x00FFCD00,0x00FFCD00,0x00FFCD00,0x00FFCD00,0x00FFCD00,0x00FFCD00,0x8DFFCD00,0xEBFFCD00,
0xEBFFCD00,0xEBFFCD00,0xEBFFCD00,0xEBFFCD00,0x26FFCD00,0x00FFCD00,0x00FFCD00,0x00FFCD00,0x00FFCD00,0x00FFCD00,0x00FFCD00,0x00FFCD00,
0x00FFCD00,0x00FFCD00,0x00FFCD00,0x00FFCD00,0x00FFCD00,0x00FFCD00,0x00FFCD00,0x00FFCD00,0x00FFCD00,0x81FFCD00,0xEBFFCD00,0xEBFFCD00,
0xEBFFCD00,0xEBFFCD00,0x81FFCD00,0x00FFCD00,0x00FFCD00,0x00FFCD00,0x00FFCD00,0x00FFCD00,0x00FFCD00,0x00FFCD00,0x00FFCD00,0x00FFCD00,
0x00FFCD00,0x00FFCD00,0x00FFCD00,0x00FFCD00,0x00FFCD00,0x00FFCD00,0x00FFCD00,0x26FFCD00,0xEBFFCD00,0xEBFFCD00,0xEBFFCD00,0xEBFFCD00,
0xEBFFCD00,0x8DFFCD00,0x00FFCD00,0x00FFCD00,0x00FFCD00,0x00FFCD00,0x00FFCD00,0x00FFCD00,0x00FFCD00,0x00FFCD00,0x00FFCD00,0x00FFCD00,
0x00FFCD00,0x00FFCD00,0x00FFCD00,0x00FFCD00,0x00FFCD00,0x00FFCD00,0x00FFCD00,0x00FFCD00,0x00FFCD00,0x1AFFCD00,0xEBFFCD00,0xEBFFCD00,
0xEBFFCD00,0xEBFFCD00,0xEBFFCD00,0x77FFCD00,0x00FFCD00,0x00FFCD00,0x00FFCD00,0x00FFCD00,0x00FFCD00,0x00FFCD00,0x00FFCD00,0x00FFCD00,
0x00FFCD00,0x00FFCD00,0x00FFCD00,0x00FFCD00,0x00FFCD00,0x00FFCD00,0x00FFCD00,0x00FFCD00,0x00FFCD00,0x81FFCD00,0xEBFFCD00,0xEBFFCD00,
0xEBFFCD00,0xEBFFCD00,0x81FFCD00,0x00FFCD00,0x00FFCD00,0x00FFCD00,0x00FFCD00,0x00FFCD00,0x00FFCD00,0x00FFCD00,0x00FFCD00,0x00FFCD00,
0x00FFCD00,0x00FFCD00,0x00FFCD00,0x00FFCD00,0x00FFCD00,0x00FFCD00,0x00FFCD00,0x00FFCD00,0x77FFCD00,0xEBFFCD00,0xEBFFCD00,0xEBFFCD00,
0xEBFFCD00,0xEBFFCD00,0x1AFFCD00,0x00FFCD00,0x00FFCD00,0x00FFCD00,0x00FFCD00,0x00FFCD00,0x00FFCD00,0x00FFCD00,0x00FFCD00,0x00FFCD00,
0x00FFCD00,0x00FFCD00,0x00FFCD00,0x00FFCD00,0x00FFCD00,0x00FFCD00,0x00FFCD00,0x00FFCD00,0x00FFCD00,0x74FFCD00,0xEBFFCD00,0xEBFFCD00,
0xEBFFCD00,0xEBFFCD00,0xDAFFCD00,0x08FFCD00,0x00FFCD00,0x00FFCD00,0x00FFCD00,0x00FFCD00,0x00FFCD00,0x00FFCD00,0x00FFCD00,0x00FFCD00,
0x00FFCD00,0x00FFCD00,0x00FFCD00,0x00FFCD00,0x00FFCD00,0x00FFCD00,0x00FFCD00,0x00FFCD00,0x00FFCD00,0x2BFFCD00,0xE6FFCD00,0xEBFFCD00,
0xEBFFCD00,0xE6FFCD00,0x2BFFCD00,0x00FFCD00,0x00FFCD00,0x00FFCD00,0x00FFCD00,0x00FFCD00,0x00FFCD00,0x00FFCD00,0x00FFCD00,0x00FFCD00,
0x00FFCD00,0x00FFCD00,0x00FFCD00,0x00FFCD00,0x00FFCD00,0x00FFCD00,0x00FFCD00,0x00FFCD00,0x08FFCD00,0xDAFFCD00,0xEBFFCD00,0xEBFFCD00,
0xEBFFCD00,0xEBFFCD00,0x74FFCD00,0x00FFCD00,0x00FFCD00,0x00FFCD00,0x00FFCD00,0x00FFCD00,0x00FFCD00,0x00FFCD00,0x00FFCD00,0x00FFCD00,
0x00FFCD00,0x00FFCD00,0x00FFCD00,0x00FFCD00,0x00FFCD00,0x00FFCD00,0x00FFCD00,0x00FFCD00,0x00FFCD00,0xC7FFCD00,0xEBFFCD00,0xEBFFCD00,
0xEBFFCD00,0xEBFFCD00,0x77FFCD00,0x00FFCD00,0x00FFCD00,0x00FFCD00,0x00FFCD00,0x00FFCD00,0x00FFCD00,0x00FFCD00,0x00FFCD00,0x00FFCD00,
0x00FFCD00,0x00FFCD00,0x00FFCD00,0x00FFCD00,0x00FFCD00,0x00FFCD00,0x00FFCD00,0x00FFCD00,0x00FFCD00,0x00FFCD00,0x2BFFCD00,0x81FFCD00,
0x81FFCD00,0x2BFFCD00,0x00FFCD00,0x00FFCD00,0x00FFCD00,0x00FFCD00,0x00FFCD00,0x00FFCD00,0x00FFCD00,0x00FFCD00,0x00FFCD00,0x00FFCD00,
0x00FFCD00,0x00FFCD00,0x00FFCD00,0x00FFCD00,0x00FFCD00,0x00FFCD00,0x00FFCD00,0x00FFCD00,0x00FFCD00,0x77FFCD00,0xEBFFCD00,0xEBFFCD00,
0xEBFFCD00,0xEBFFCD00,0xC7FFCD00,0x00FFCD00,0x00FFCD00,0x00FFCD00,0x00FFCD00,0x00FFCD00,0x00FFCD00,0x00FFCD00,0x00FFCD00,0x00FFCD00,
0x00FFCD00,0x00FFCD00,0x00FFCD00,0x00FFCD00,0x00FFCD00,0x00FFCD00,0x00FFCD00,0x00FFCD00,0x33FFCD00,0xEBFFCD00,0xEBFFCD00,0xEBFFCD00,
0xEBFFCD00,0xEBFFCD00,0x1CFFCD00,0x00FFCD00,0x00FFCD00,0x00FFCD00,0x00FFCD00,0x00FFCD00,0x00FFCD00,0x00FFCD00,0x00FFCD00,0x00FFCD00,
0x00FFCD00,0x00FFCD00,0x00FFCD00,0x00FFCD00,0x00FFCD00,0x00FFCD00,0x00FFCD00,0x00FFCD00,0x00FFCD00,0x00FFCD00,0x00FFCD00,0x00FFCD00,
0x00FFCD00,0x00FFCD00,0x00FFCD00,0x00FFCD00,0x00FFCD00,0x00FFCD00,0x00FFCD00,0x00FFCD00,0x00FFCD00,0x00FFCD00,0x00FFCD00,0x00FFCD00,
0x00FFCD00,0x00FFCD00,0x00FFCD00,0x00FFCD00,0x00FFCD00,0x00FFCD00,0x00FFCD00,0x00FFCD00,0x00FFCD00,0x1CFFCD00,0xEBFFCD00,0xEBFFCD00,
0xEBFFCD00,0xEBFFCD00,0xEBFFCD00,0x33FFCD00,0x00FFCD00,0x00FFCD00,0x00FFCD00,0x00FFCD00,0x00FFCD00,0x00FFCD00,0x00FFCD00,0x00FFCD00,
0x00FFCD00,0x00FFCD00,0x00FFCD00,0x00FFCD00,0x00FFCD00,0x00FFCD00,0x00FFCD00,0x00FFCD00,0x74FFCD00,0xEBFFCD00,0xEBFFCD00,0xEBFFCD00,
0xEBFFCD00,0xA9FFCD00,0x00FFCD00,0x00FFCD00,0x00FFCD00,0x00FFCD00,0x00FFCD00,0x00FFCD00,0x00FFCD00,0x00FFCD00,0x00FFCD00,0x00FFCD00,
0x00FFCD00,0x00FFCD00,0x00FFCD00,0x00FFCD00,0x00FFCD00,0x00FFCD00,0x00FFCD00,0x00FFCD00,0x00FFCD00,0x00FFCD00,0x00FFCD00,0x00FFCD00,
0x00FFCD00,0x00FFCD00,0x00FFCD00,0x00FFCD00,0x00FFCD00,0x00FFCD00,0x00FFCD00,0x00FFCD00,0x00FFCD00,0x00FFCD00,0x00FFCD00,0x00FFCD00,
0x00FFCD00,0x00FFCD00,0x00FFCD00,0x00FFCD00,0x00FFCD00,0x00FFCD00,0x00FFCD00,0x00FFCD00,0x00FFCD00,0x00FFCD00,0xA9FFCD00,0xEBFFCD00,
0xEBFFCD00,0xEBFFCD00,0xEBFFCD00,0x74FFCD00,0x00FFCD00,0x00FFCD00,0x00FFCD00,0x00FFCD00,0x00FFCD00,0x00FFCD00,0x00FFCD00,0x00FFCD00,
0x00FFCD00,0x00FFCD00,0x00FFCD00,0x00FFCD00,0x00FFCD00,0x00FFCD00,0x00FFCD00,0x00FFCD00,0xAEFFCD00,0xEBFFCD00,0xEBFFCD00,0xEBFFCD00,
0xEBFFCD00,0x63FFCD00,0x00FFCD00,0x00FFCD00,0x00FFCD00,0x00FFCD00,0x00FFCD00,0x00FFCD00,0x00FFCD00,0x00FFCD00,0x00FFCD00,0x00FFCD00,
0x00FFCD00,0x00FFCD00,0x00FFCD00,0x00FFCD00,0x00FFCD00,0x00FFCD00,0x00FFCD00,0x00FFCD00,0x00FFCD00,0x00FFCD00,0x00FFCD00,0x00FFCD00,
0x00FFCD00,0x00FFCD00,0x00FFCD00,0x00FFCD00,0x00FFCD00,0x00FFCD00,0x00FFCD00,0x00FFCD00,0x00FFCD00,0x00FFCD00,0x00FFCD00,0x00FFCD00,
0x00FFCD00,0x00FFCD00,0x00FFCD00,0x00FFCD00,0x00FFCD00,0x00FFCD00,0x00FFCD00,0x00FFCD00,0x00FFCD00,0x00FFCD00,0x63FFCD00,0xEBFFCD00,
0xEBFFCD00,0xEBFFCD00,0xEBFFCD00,0xAEFFCD00,0x00FFCD00,0x00FFCD00,0x00FFCD00,0x00FFCD00,0x00FFCD00,0x00FFCD00,0x00FFCD00,0x00FFCD00,
0x00FFCD00,0x00FFCD00,0x00FFCD00,0x00FFCD00,0x00FFCD00,0x00FFCD00,0x00FFCD00,0x00FFCD00,0xE1FFCD00,0xEBFFCD00,0xEBFFCD00,0xEBFFCD00,
0xEBFFCD00,0x26FFCD00,0x00FFCD00,0x00FFCD00,0x00FFCD00,0x00FFCD00,0x00FFCD00,0x00FFCD00,0x00FFCD00,0x00FFCD00,0x00FFCD00,0x00FFCD00,
0x00FFCD00,0x00FFCD00,0x00FFCD00,0x00FFCD00,0x00FFCD00,0x00FFCD00,0x00FFCD00,0x00FFCD00,0x00FFCD00,0x00FFCD00,0x2BFFCD00,0x81FFCD00,
0x81FFCD00,0x2BFFCD00,0x00FFCD00,0x00FFCD00,0x00FFCD00,0x00FFCD00,0x00FFCD00,0x00FFCD00,0x00FFCD00,0x00FFCD00,0x00FFCD00,0x00FFCD00,
0x00FFCD00,0x00FFCD00,0x00FFCD00,0x00FFCD00,0x00FFCD00,0x00FFCD00,0x00FFCD00,0x00FFCD00,0x00FFCD00,0x00FFCD00,0x26FFCD00,0xEBFFCD00,
0xEBFFCD00,0xEBFFCD00,0xEBFFCD00,0xE1FFCD00,0x00FFCD00,0x00FFCD00,0x00FFCD00,0x00FFCD00,0x00FFCD00,0x00FFCD00,0x00FFCD00,0x00FFCD00,
0x00FFCD00,0x00FFCD00,0x00FFCD00,0x00FFCD00,0x00FFCD00,0x00FFCD00,0x00FFCD00,0x23FFCD00,0xEBFFCD00,0xEBFFCD00,0xEBFFCD00,0xEBFFCD00,
0xDAFFCD00,0x00FFCD00,0x00FFCD00,0x00FFCD00,0x00FFCD00,0x00FFCD00,0x00FFCD00,0x00FFCD00,0x00FFCD00,0x00FFCD00,0x00FFCD00,0x00FFCD00,
0x00FFCD00,0x00FFCD00,0x00FFCD00,0x00FFCD00,0x00FFCD00,0x00FFCD00,0x00FFCD00,0x00FFCD00,0x00FFCD00,0x2BFFCD00,0xE6FFCD00,0xEBFFCD00,
0xEBFFCD00,0xE6FFCD00,0x2BFFCD00,0x00FFCD00,0x00FFCD00,0x00FFCD00,0x00FFCD00,0x00FFCD00,0x00FFCD00,0x00FFCD00,0x00FFCD00,0x00FFCD00,
0x00FFCD00,0x00FFCD00,0x00FFCD00,0x00FFCD00,0x00FFCD00,0x00FFCD00,0x00FFCD00,0x00FFCD00,0x00FFCD00,0x00FFCD00,0x00FFCD00,0xDAFFCD00,
0xEBFFCD00,0xEBFFCD00,0xEBFFCD00,0xEBFFCD00,0x23FFCD00,0x00FFCD00,0x00FFCD00,0x00FFCD00,0x00FFCD00,0x00FFCD00,0x00FFCD00,0x00FFCD00,
0x00FFCD00,0x00FFCD00,0x00FFCD00,0x00FFCD00,0x00FFCD00,0x00FFCD00,0x00FFCD00,0x43FFCD00,0xEBFFCD00,0xEBFFCD00,0xEBFFCD00,0xEBFFCD00,
0xB2FFCD00,0x00FFCD00,0x00FFCD00,0x00FFCD00,0x00FFCD00,0x00FFCD00,0x00FFCD00,0x00FFCD00,0x00FFCD00,0x00FFCD00,0x00FFCD00,0x00FFCD00,
0x00FFCD00,0x00FFCD00,0x00FFCD00,0x00FFCD00,0x00FFCD00,0x00FFCD00,0x00FFCD00,0x00FFCD00,0x00FFCD00,0x81FFCD00,0xEBFFCD00,0xEBFFCD00,
0xEBFFCD00,0xEBFFCD00,0x81FFCD00,0x00FFCD00,0x00FFCD00,0x00FFCD00,0x00FFCD00,0x00FFCD00,0x00FFCD00,0x00FFCD00,0x00FFCD00,0x00FFCD00,
0x00FFCD00,0x00FFCD00,0x00FFCD00,0x00FFCD00,0x00FFCD00,0x00FFCD00,0x00FFCD00,0x00FFCD00,0x00FFCD00,0x00FFCD00,0x00FFCD00,0xB2FFCD00,
0xEBFFCD00,0xEBFFCD00,0xEBFFCD00,0xEBFFCD00,0x43FFCD00,0x00FFCD00,0x00FFCD00,0x00FFCD00,0x00FFCD00,0x00FFCD00,0x00FFCD00,0x00FFCD00,
0x00FFCD00,0x00FFCD00,0x00FFCD00,0x00FFCD00,0x00FFCD00,0x00FFCD00,0x00FFCD00,0x5CFFCD00,0xEBFFCD00,0xEBFFCD00,0xEBFFCD00,0xEBFFCD00,
0x95FFCD00,0x00FFCD00,0x00FFCD00,0x00FFCD00,0x00FFCD00,0x00FFCD00,0x00FFCD00,0x00FFCD00,0x00FFCD00,0x00FFCD00,0x00FFCD00,0x00FFCD00,
0x00FFCD00,0x00FFCD00,0x00FFCD00,0x00FFCD00,0x00FFCD00,0x00FFCD00,0x00FFCD00,0x00FFCD00,0x00FFCD00,0x8DFFCD00,0xEBFFCD00,0xEBFFCD00,
0xEBFFCD00,0xEBFFCD00,0x8DFFCD00,0x00FFCD00,0x00FFCD00,0x00FFCD00,0x00FFCD00,0x00FFCD00,0x00FFCD00,0x00FFCD00,0x00FFCD00,0x00FFCD00,
0x00FFCD00,0x00FFCD00,0x00FFCD00,0x00FFCD00,0x00FFCD00,0x00FFCD00,0x00FFCD00,0x00FFCD00,0x00FFCD00,0x00FFCD00,0x00FFCD00,0x95FFCD00,
0xEBFFCD00,0xEBFFCD00,0xEBFFCD00,0xEBFFCD00,0x5CFFCD00,0x00FFCD00,0x00FFCD00,0x00FFCD00,0x00FFCD00,0x00FFCD00,0x00FFCD00,0x00FFCD00,
0x00FFCD00,0x00FFCD00,0x00FFCD00,0x00FFCD00,0x00FFCD00,0x00FFCD00,0x00FFCD00,0x6CFFCD00,0xEBFFCD00,0xEBFFCD00,0xEBFFCD00,0xEBFFCD00,
0x81FFCD00,0x00FFCD00,0x00FFCD00,0x00FFCD00,0x00FFCD00,0x00FFCD00,0x00FFCD00,0x00FFCD00,0x00FFCD00,0x00FFCD00,0x00FFCD00,0x00FFCD00,
0x00FFCD00,0x00FFCD00,0x00FFCD00,0x00FFCD00,0x00FFCD00,0x00FFCD00,0x00FFCD00,0x00FFCD00,0x00FFCD00,0x8DFFCD00,0xEBFFCD00,0xEBFFCD00,
0xEBFFCD00,0xEBFFCD00,0x8DFFCD00,0x00FFCD00,0x00FFCD00,0x00FFCD00,0x00FFCD00,0x00FFCD00,0x00FFCD00,0x00FFCD00,0x00FFCD00,0x00FFCD00,
0x00FFCD00,0x00FFCD00,0x00FFCD00,0x00FFCD00,0x00FFCD00,0x00FFCD00,0x00FFCD00,0x00FFCD00,0x00FFCD00,0x00FFCD00,0x00FFCD00,0x81FFCD00,
0xEBFFCD00,0xEBFFCD00,0xEBFFCD00,0xEBFFCD00,0x6CFFCD00,0x00FFCD00,0x00FFCD00,0x00FFCD00,0x00FFCD00,0x00FFCD00,0x00FFCD00,0x00FFCD00,
0x00FFCD00,0x00FFCD00,0x00FFCD00,0x00FFCD00,0x00FFCD00,0x00FFCD00,0x00FFCD00,0x74FFCD00,0xEBFFCD00,0xEBFFCD00,0xEBFFCD00,0xEBFFCD00,
0x77FFCD00,0x00FFCD00,0x00FFCD00,0x00FFCD00,0x00FFCD00,0x00FFCD00,0x00FFCD00,0x00FFCD00,0x00FFCD00,0x00FFCD00,0x00FFCD00,0x00FFCD00,
0x00FFCD00,0x00FFCD00,0x00FFCD00,0x00FFCD00,0x00FFCD00,0x00FFCD00,0x00FFCD00,0x00FFCD00,0x00FFCD00,0x8DFFCD00,0xEBFFCD00,0xEBFFCD00,
0xEBFFCD00,0xEBFFCD00,0x8DFFCD00,0x00FFCD00,0x00FFCD00,0x00FFCD00,0x00FFCD00,0x00FFCD00,0x00FFCD00,0x00FFCD00,0x00FFCD00,0x00FFCD00,
0x00FFCD00,0x00FFCD00,0x00FFCD00,0x00FFCD00,0x00FFCD00,0x00FFCD00,0x00FFCD00,0x00FFCD00,0x00FFCD00,0x00FFCD00,0x00FFCD00,0x77FFCD00,
0xEBFFCD00,0xEBFFCD00,0xEBFFCD00,0xEBFFCD00,0x74FFCD00,0x00FFCD00,0x00FFCD00,0x00FFCD00,0x00FFCD00,0x00FFCD00,0x00FFCD00,0x00FFCD00,
0x00FFCD00,0x00FFCD00,0x00FFCD00,0x00FFCD00,0x00FFCD00,0x00FFCD00,0x00FFCD00,0x74FFCD00,0xEBFFCD00,0xEBFFCD00,0xEBFFCD00,0xEBFFCD00,
0x77FFCD00,0x00FFCD00,0x00FFCD00,0x00FFCD00,0x00FFCD00,0x00FFCD00,0x00FFCD00,0x00FFCD00,0x00FFCD00,0x00FFCD00,0x00FFCD00,0x00FFCD00,
0x00FFCD00,0x00FFCD00,0x00FFCD00,0x00FFCD00,0x00FFCD00,0x00FFCD00,0x00FFCD00,0x00FFCD00,0x00FFCD00,0x8DFFCD00,0xEBFFCD00,0xEBFFCD00,
0xEBFFCD00,0xEBFFCD00,0x8DFFCD00,0x00FFCD00,0x00FFCD00,0x00FFCD00,0x00FFCD00,0x00FFCD00,0x00FFCD00,0x00FFCD00,0x00FFCD00,0x00FFCD00,
0x00FFCD00,0x00FFCD00,0x00FFCD00,0x00FFCD00,0x00FFCD00,0x00FFCD00,0x00FFCD00,0x00FFCD00,0x00FFCD00,0x00FFCD00,0x00FFCD00,0x77FFCD00,
0xEBFFCD00,0xEBFFCD00,0xEBFFCD00,0xEBFFCD00,0x74FFCD00,0x00FFCD00,0x00FFCD00,0x00FFCD00,0x00FFCD00,0x00FFCD00,0x00FFCD00,0x00FFCD00,
0x00FFCD00,0x00FFCD00,0x00FFCD00,0x00FFCD00,0x00FFCD00,0x00FFCD00,0x00FFCD00,0x6CFFCD00,0xEBFFCD00,0xEBFFCD00,0xEBFFCD00,0xEBFFCD00,
0x81FFCD00,0x00FFCD00,0x00FFCD00,0x00FFCD00,0x00FFCD00,0x00FFCD00,0x00FFCD00,0x00FFCD00,0x00FFCD00,0x00FFCD00,0x00FFCD00,0x00FFCD00,
0x00FFCD00,0x00FFCD00,0x00FFCD00,0x00FFCD00,0x00FFCD00,0x00FFCD00,0x00FFCD00,0x00FFCD00,0x00FFCD00,0x8DFFCD00,0xEBFFCD00,0xEBFFCD00,
0xEBFFCD00,0xEBFFCD00,0x8DFFCD00,0x00FFCD00,0x00FFCD00,0x00FFCD00,0x00FFCD00,0x00FFCD00,0x00FFCD00,0x00FFCD00,0x00FFCD00,0x00FFCD00,
0x00FFCD00,0x00FFCD00,0x00FFCD00,0x00FFCD00,0x00FFCD00,0x00FFCD00,0x00FFCD00,0x00FFCD00,0x00FFCD00,0x00FFCD00,0x00FFCD00,0x81FFCD00,
0xEBFFCD00,0xEBFFCD00,0xEBFFCD00,0xEBFFCD00,0x6CFFCD00,0x00FFCD00,0x00FFCD00,0x00FFCD00,0x00FFCD00,0x00FFCD00,0x00FFCD00,0x00FFCD00,
0x00FFCD00,0x00FFCD00,0x00FFCD00,0x00FFCD00,0x00FFCD00,0x00FFCD00,0x00FFCD00,0x5CFFCD00,0xEBFFCD00,0xEBFFCD00,0xEBFFCD00,0xEBFFCD00,
0x95FFCD00,0x00FFCD00,0x00FFCD00,0x00FFCD00,0x00FFCD00,0x00FFCD00,0x00FFCD00,0x00FFCD00,0x00FFCD00,0x00FFCD00,0x00FFCD00,0x00FFCD00,
0x00FFCD00,0x00FFCD00,0x00FFCD00,0x00FFCD00,0x00FFCD00,0x00FFCD00,0x00FFCD00,0x00FFCD00,0x00FFCD00,0x8DFFCD00,0xEBFFCD00,0xEBFFCD00,
0xEBFFCD00,0xEBFFCD00,0x8DFFCD00,0x00FFCD00,0x00FFCD00,0x00FFCD00,0x00FFCD00,0x00FFCD00,0x00FFCD00,0x00FFCD00,0x00FFCD00,0x00FFCD00,
0x00FFCD00,0x00FFCD00,0x00FFCD00,0x00FFCD00,0x00FFCD00,0x00FFCD00,0x00FFCD00,0x00FFCD00,0x00FFCD00,0x00FFCD00,0x00FFCD00,0x95FFCD00,
0xEBFFCD00,0xEBFFCD00,0xEBFFCD00,0xEBFFCD00,0x5CFFCD00,0x00FFCD00,0x00FFCD00,0x00FFCD00,0x00FFCD00,0x00FFCD00,0x00FFCD00,0x00FFCD00,
0x00FFCD00,0x00FFCD00,0x00FFCD00,0x00FFCD00,0x00FFCD00,0x00FFCD00,0x00FFCD00,0x43FFCD00,0xEBFFCD00,0xEBFFCD00,0xEBFFCD00,0xEBFFCD00,
0xB2FFCD00,0x00FFCD00,0x00FFCD00,0x00FFCD00,0x00FFCD00,0x00FFCD00,0x00FFCD00,0x00FFCD00,0x00FFCD00,0x00FFCD00,0x00FFCD00,0x00FFCD00,
0x00FFCD00,0x00FFCD00,0x00FFCD00,0x00FFCD00,0x00FFCD00,0x00FFCD00,0x00FFCD00,0x00FFCD00,0x00FFCD00,0x8DFFCD00,0xEBFFCD00,0xEBFFCD00,
0xEBFFCD00,0xEBFFCD00,0x8DFFCD00,0x00FFCD00,0x00FFCD00,0x00FFCD00,0x00FFCD00,0x00FFCD00,0x00FFCD00,0x00FFCD00,0x00FFCD00,0x00FFCD00,
0x00FFCD00,0x00FFCD00,0x00FFCD00,0x00FFCD00,0x00FFCD00,0x00FFCD00,0x00FFCD00,0x00FFCD00,0x00FFCD00,0x00FFCD00,0x00FFCD00,0xB2FFCD00,
0xEBFFCD00,0xEBFFCD00,0xEBFFCD00,0xEBFFCD00,0x43FFCD00,0x00FFCD00,0x00FFCD00,0x00FFCD00,0x00FFCD00,0x00FFCD00,0x00FFCD00,0x00FFCD00,
0x00FFCD00,0x00FFCD00,0x00FFCD00,0x00FFCD00,0x00FFCD00,0x00FFCD00,0x00FFCD00,0x23FFCD00,0xEBFFCD00,0xEBFFCD00,0xEBFFCD00,0xEBFFCD00,
0xDAFFCD00,0x00FFCD00,0x00FFCD00,0x00FFCD00,0x00FFCD00,0x00FFCD00,0x00FFCD00,0x00FFCD00,0x00FFCD00,0x00FFCD00,0x00FFCD00,0x00FFCD00,
0x00FFCD00,0x00FFCD00,0x00FFCD00,0x00FFCD00,0x00FFCD00,0x00FFCD00,0x00FFCD00,0x00FFCD00,0x00FFCD00,0x8DFFCD00,0xEBFFCD00,0xEBFFCD00,
0xEBFFCD00,0xEBFFCD00,0x8DFFCD00,0x00FFCD00,0x00FFCD00,0x00FFCD00,0x00FFCD00,0x00FFCD00,0x00FFCD00,0x00FFCD00,0x00FFCD00,0x00FFCD00,
0x00FFCD00,0x00FFCD00,0x00FFCD00,0x00FFCD00,0x00FFCD00,0x00FFCD00,0x00FFCD00,0x00FFCD00,0x00FFCD00,0x00FFCD00,0x00FFCD00,0xDAFFCD00,
0xEBFFCD00,0xEBFFCD00,0xEBFFCD00,0xEBFFCD00,0x23FFCD00,0x00FFCD00,0x00FFCD00,0x00FFCD00,0x00FFCD00,0x00FFCD00,0x00FFCD00,0x00FFCD00,
0x00FFCD00,0x00FFCD00,0x00FFCD00,0x00FFCD00,0x00FFCD00,0x00FFCD00,0x00FFCD00,0x00FFCD00,0xE1FFCD00,0xEBFFCD00,0xEBFFCD00,0xEBFFCD00,
0xEBFFCD00,0x26FFCD00,0x00FFCD00,0x00FFCD00,0x00FFCD00,0x00FFCD00,0x00FFCD00,0x00FFCD00,0x00FFCD00,0x00FFCD00,0x00FFCD00,0x00FFCD00,
0x00FFCD00,0x00FFCD00,0x00FFCD00,0x00FFCD00,0x00FFCD00,0x00FFCD00,0x00FFCD00,0x00FFCD00,0x00FFCD00,0x8DFFCD00,0xEBFFCD00,0xEBFFCD00,
0xEBFFCD00,0xEBFFCD00,0x8DFFCD00,0x00FFCD00,0x00FFCD00,0x00FFCD00,0x00FFCD00,0x00FFCD00,0x00FFCD00,0x00FFCD00,0x00FFCD00,0x00FFCD00,
0x00FFCD00,0x00FFCD00,0x00FFCD00,0x00FFCD00,0x00FFCD00,0x00FFCD00,0x00FFCD00,0x00FFCD00,0x00FFCD00,0x00FFCD00,0x26FFCD00,0xEBFFCD00,
0xEBFFCD00,0xEBFFCD00,0xEBFFCD00,0xE1FFCD00,0x00FFCD00,0x00FFCD00,0x00FFCD00,0x00FFCD00,0x00FFCD00,0x00FFCD00,0x00FFCD00,0x00FFCD00,
0x00FFCD00,0x00FFCD00,0x00FFCD00,0x00FFCD00,0x00FFCD00,0x00FFCD00,0x00FFCD00,0x00FFCD00,0xAEFFCD00,0xEBFFCD00,0xEBFFCD00,0xEBFFCD00,
0xEBFFCD00,0x63FFCD00,0x00FFCD00,0x00FFCD00,0x00FFCD00,0x00FFCD00,0x00FFCD00,0x00FFCD00,0x00FFCD00,0x00FFCD00,0x00FFCD00,0x00FFCD00,
0x00FFCD00,0x00FFCD00,0x00FFCD00,0x00FFCD00,0x00FFCD00,0x00FFCD00,0x00FFCD00,0x00FFCD00,0x00FFCD00,0x8DFFCD00,0xEBFFCD00,0xEBFFCD00,
0xEBFFCD00,0xEBFFCD00,0x8DFFCD00,0x00FFCD00,0x00FFCD00,0x00FFCD00,0x00FFCD00,0x00FFCD00,0x00FFCD00,0x00FFCD00,0x00FFCD00,0x00FFCD00,
0x00FFCD00,0x00FFCD00,0x00FFCD00,0x00FFCD00,0x00FFCD00,0x00FFCD00,0x00FFCD00,0x00FFCD00,0x00FFCD00,0x00FFCD00,0x63FFCD00,0xEBFFCD00,
0xEBFFCD00,0xEBFFCD00,0xEBFFCD00,0xAEFFCD00,0x00FFCD00,0x00FFCD00,0x00FFCD00,0x00FFCD00,0x00FFCD00,0x00FFCD00,0x00FFCD00,0x00FFCD00,
0x00FFCD00,0x00FFCD00,0x00FFCD00,0x00FFCD00,0x00FFCD00,0x00FFCD00,0x00FFCD00,0x00FFCD00,0x74FFCD00,0xEBFFCD00,0xEBFFCD00,0xEBFFCD00,
0xEBFFCD00,0xA9FFCD00,0x00FFCD00,0x00FFCD00,0x00FFCD00,0x00FFCD00,0x00FFCD00,0x00FFCD00,0x00FFCD00,0x00FFCD00,0x00FFCD00,0x00FFCD00,
0x00FFCD00,0x00FFCD00,0x00FFCD00,0x00FFCD00,0x00FFCD00,0x00FFCD00,0x00FFCD00,0x00FFCD00,0x00FFCD00,0x8DFFCD00,0xEBFFCD00,0xEBFFCD00,
0xEBFFCD00,0xEBFFCD00,0x8DFFCD00,0x00FFCD00,0x00FFCD00,0x00FFCD00,0x00FFCD00,0x00FFCD00,0x00FFCD00,0x00FFCD00,0x00FFCD00,0x00FFCD00,
0x00FFCD00,0x00FFCD00,0x00FFCD00,0x00FFCD00,0x00FFCD00,0x00FFCD00,0x00FFCD00,0x00FFCD00,0x00FFCD00,0x00FFCD00,0xA9FFCD00,0xEBFFCD00,
0xEBFFCD00,0xEBFFCD00,0xEBFFCD00,0x74FFCD00,0x00FFCD00,0x00FFCD00,0x00FFCD00,0x00FFCD00,0x00FFCD00,0x00FFCD00,0x00FFCD00,0x00FFCD00,
0x00FFCD00,0x00FFCD00,0x00FFCD00,0x00FFCD00,0x00FFCD00,0x00FFCD00,0x00FFCD00,0x00FFCD00,0x33FFCD00,0xEBFFCD00,0xEBFFCD00,0xEBFFCD00,
0xEBFFCD00,0xEBFFCD00,0x1CFFCD00,0x00FFCD00,0x00FFCD00,0x00FFCD00,0x00FFCD00,0x00FFCD00,0x00FFCD00,0x00FFCD00,0x00FFCD00,0x00FFCD00,
0x00FFCD00,0x00FFCD00,0x00FFCD00,0x00FFCD00,0x00FFCD00,0x00FFCD00,0x00FFCD00,0x00FFCD00,0x00FFCD00,0x8DFFCD00,0xEBFFCD00,0xEBFFCD00,
0xEBFFCD00,0xEBFFCD00,0x8DFFCD00,0x00FFCD00,0x00FFCD00,0x00FFCD00,0x00FFCD00,0x00FFCD00,0x00FFCD00,0x00FFCD00,0x00FFCD00,0x00FFCD00,
0x00FFCD00,0x00FFCD00,0x00FFCD00,0x00FFCD00,0x00FFCD00,0x00FFCD00,0x00FFCD00,0x00FFCD00,0x00FFCD00,0x1CFFCD00,0xEBFFCD00,0xEBFFCD00,
0xEBFFCD00,0xEBFFCD00,0xEBFFCD00,0x33FFCD00,0x00FFCD00,0x00FFCD00,0x00FFCD00,0x00FFCD00,0x00FFCD00,0x00FFCD00,0x00FFCD00,0x00FFCD00,
0x00FFCD00,0x00FFCD00,0x00FFCD00,0x00FFCD00,0x00FFCD00,0x00FFCD00,0x00FFCD00,0x00FFCD00,0x00FFCD00,0xC7FFCD00,0xEBFFCD00,0xEBFFCD00,
0xEBFFCD00,0xEBFFCD00,0x77FFCD00,0x00FFCD00,0x00FFCD00,0x00FFCD00,0x00FFCD00,0x00FFCD00,0x00FFCD00,0x00FFCD00,0x00FFCD00,0x00FFCD00,
0x00FFCD00,0x00FFCD00,0x00FFCD00,0x00FFCD00,0x00FFCD00,0x00FFCD00,0x00FFCD00,0x00FFCD00,0x00FFCD00,0x8DFFCD00,0xEBFFCD00,0xEBFFCD00,
0xEBFFCD00,0xEBFFCD00,0x8DFFCD00,0x00FFCD00,0x00FFCD00,0x00FFCD00,0x00FFCD00,0x00FFCD00,0x00FFCD00,0x00FFCD00,0x00FFCD00,0x00FFCD00,
0x00FFCD00,0x00FFCD00,0x00FFCD00,0x00FFCD00,0x00FFCD00,0x00FFCD00,0x00FFCD00,0x00FFCD00,0x00FFCD00,0x77FFCD00,0xEBFFCD00,0xEBFFCD00,
0xEBFFCD00,0xEBFFCD00,0xC7FFCD00,0x00FFCD00,0x00FFCD00,0x00FFCD00,0x00FFCD00,0x00FFCD00,0x00FFCD00,0x00FFCD00,0x00FFCD00,0x00FFCD00,
0x00FFCD00,0x00FFCD00,0x00FFCD00,0x00FFCD00,0x00FFCD00,0x00FFCD00,0x00FFCD00,0x00FFCD00,0x00FFCD00,0x74FFCD00,0xEBFFCD00,0xEBFFCD00,
0xEBFFCD00,0xEBFFCD00,0xDAFFCD00,0x08FFCD00,0x00FFCD00,0x00FFCD00,0x00FFCD00,0x00FFCD00,0x00FFCD00,0x00FFCD00,0x00FFCD00,0x00FFCD00,
0x00FFCD00,0x00FFCD00,0x00FFCD00,0x00FFCD00,0x00FFCD00,0x00FFCD00,0x00FFCD00,0x00FFCD00,0x00FFCD00,0x8DFFCD00,0xEBFFCD00,0xEBFFCD00,
0xEBFFCD00,0xEBFFCD00,0x8DFFCD00,0x00FFCD00,0x00FFCD00,0x00FFCD00,0x00FFCD00,0x00FFCD00,0x00FFCD00,0x00FFCD00,0x00FFCD00,0x00FFCD00,
0x00FFCD00,0x00FFCD00,0x00FFCD00,0x00FFCD00,0x00FFCD00,0x00FFCD00,0x00FFCD00,0x00FFCD00,0x08FFCD00,0xDAFFCD00,0xEBFFCD00,0xEBFFCD00,
0xEBFFCD00,0xEBFFCD00,0x74FFCD00,0x00FFCD00,0x00FFCD00,0x00FFCD00,0x00FFCD00,0x00FFCD00,0x00FFCD00,0x00FFCD00,0x00FFCD00,0x00FFCD00,
0x00FFCD00,0x00FFCD00,0x00FFCD00,0x00FFCD00,0x00FFCD00,0x00FFCD00,0x00FFCD00,0x00FFCD00,0x00FFCD00,0x1AFFCD00,0xEBFFCD00,0xEBFFCD00,
0xEBFFCD00,0xEBFFCD00,0xEBFFCD00,0x77FFCD00,0x00FFCD00,0x00FFCD00,0x00FFCD00,0x00FFCD00,0x00FFCD00,0x00FFCD00,0x00FFCD00,0x00FFCD00,
0x00FFCD00,0x00FFCD00,0x00FFCD00,0x00FFCD00,0x00FFCD00,0x00FFCD00,0x00FFCD00,0x00FFCD00,0x00FFCD00,0x8DFFCD00,0xEBFFCD00,0xEBFFCD00,
0xEBFFCD00,0xEBFFCD00,0x8DFFCD00,0x00FFCD00,0x00FFCD00,0x00FFCD00,0x00FFCD00,0x00FFCD00,0x00FFCD00,0x00FFCD00,0x00FFCD00,0x00FFCD00,
0x00FFCD00,0x00FFCD00,0x00FFCD00,0x00FFCD00,0x00FFCD00,0x00FFCD00,0x00FFCD00,0x00FFCD00,0x77FFCD00,0xEBFFCD00,0xEBFFCD00,0xEBFFCD00,
0xEBFFCD00,0xEBFFCD00,0x1AFFCD00,0x00FFCD00,0x00FFCD00,0x00FFCD00,0x00FFCD00,0x00FFCD00,0x00FFCD00,0x00FFCD00,0x00FFCD00,0x00FFCD00,
0x00FFCD00,0x00FFCD00,0x00FFCD00,0x00FFCD00,0x00FFCD00,0x00FFCD00,0x00FFCD00,0x00FFCD00,0x00FFCD00,0x00FFCD00,0x8DFFCD00,0xEBFFCD00,
0xEBFFCD00,0xEBFFCD00,0xEBFFCD00,0xEBFFCD00,0x26FFCD00,0x00FFCD00,0x00FFCD00,0x00FFCD00,0x00FFCD00,0x00FFCD00,0x00FFCD00,0x00FFCD00,
0x00FFCD00,0x00FFCD00,0x00FFCD00,0x00FFCD00,0x00FFCD00,0x00FFCD00,0x00FFCD00,0x00FFCD00,0x00FFCD00,0x8DFFCD00,0xEBFFCD00,0xEBFFCD00,
0xEBFFCD00,0xEBFFCD00,0x8DFFCD00,0x00FFCD00,0x00FFCD00,0x00FFCD00,0x00FFCD00,0x00FFCD00,0x00FFCD00,0x00FFCD00,0x00FFCD00,0x00FFCD00,
0x00FFCD00,0x00FFCD00,0x00FFCD00,0x00FFCD00,0x00FFCD00,0x00FFCD00,0x00FFCD00,0x26FFCD00,0xEBFFCD00,0xEBFFCD00,0xEBFFCD00,0xEBFFCD00,
0xEBFFCD00,0x8DFFCD00,0x00FFCD00,0x00FFCD00,0x00FFCD00,0x00FFCD00,0x00FFCD00,0x00FFCD00,0x00FFCD00,0x00FFCD00,0x00FFCD00,0x00FFCD00,
0x00FFCD00,0x00FFCD00,0x00FFCD00,0x00FFCD00,0x00FFCD00,0x00FFCD00,0x00FFCD00,0x00FFCD00,0x00FFCD00,0x00FFCD00,0x23FFCD00,0xEBFFCD00,
0xEBFFCD00,0xEBFFCD00,0xEBFFCD00,0xEBFFCD00,0xA9FFCD00,0x00FFCD00,0x00FFCD00,0x00FFCD00,0x00FFCD00,0x00FFCD00,0x00FFCD00,0x00FFCD00,
0x00FFCD00,0x00FFCD00,0x00FFCD00,0x00FFCD00,0x00FFCD00,0x00FFCD00,0x00FFCD00,0x00FFCD00,0x00FFCD00,0x8DFFCD00,0xEBFFCD00,0xEBFFCD00,
0xEBFFCD00,0xEBFFCD00,0x8DFFCD00,0x00FFCD00,0x00FFCD00,0x00FFCD00,0x00FFCD00,0x00FFCD00,0x00FFCD00,0x00FFCD00,0x00FFCD00,0x00FFCD00,
0x00FFCD00,0x00FFCD00,0x00FFCD00,0x00FFCD00,0x00FFCD00,0x00FFCD00,0x00FFCD00,0xA9FFCD00,0xEBFFCD00,0xEBFFCD00,0xEBFFCD00,0xEBFFCD00,
0xEBFFCD00,0x23FFCD00,0x00FFCD00,0x00FFCD00,0x00FFCD00,0x00FFCD00,0x00FFCD00,0x00FFCD00,0x00FFCD00,0x00FFCD00,0x00FFCD00,0x00FFCD00,
0x00FFCD00,0x00FFCD00,0x00FFCD00,0x00FFCD00,0x00FFCD00,0x00FFCD00,0x00FFCD00,0x00FFCD00,0x00FFCD00,0x00FFCD00,0x00FFCD00,0x7DFFCD00,
0xEBFFCD00,0xEBFFCD00,0xEBFFCD00,0xEBFFCD00,0xEBFFCD00,0x77FFCD00,0x00FFCD00,0x00FFCD00,0x00FFCD00,0x00FFCD00,0x00FFCD00,0x00FFCD00,
0x00FFCD00,0x00FFCD00,0x00FFCD00,0x00FFCD00,0x00FFCD00,0x00FFCD00,0x00FFCD00,0x00FFCD00,0x00FFCD00,0x8DFFCD00,0xEBFFCD00,0xEBFFCD00,
0xEBFFCD00,0xEBFFCD00,0x8DFFCD00,0x00FFCD00,0x00FFCD00,0x00FFCD00,0x00FFCD00,0x00FFCD00,0x00FFCD00,0x00FFCD00,0x00FFCD00,0x00FFCD00,
0x00FFCD00,0x00FFCD00,0x00FFCD00,0x00FFCD00,0x00FFCD00,0x00FFCD00,0x77FFCD00,0xEBFFCD00,0xEBFFCD00,0xEBFFCD00,0xEBFFCD00,0xEBFFCD00,
0x7DFFCD00,0x00FFCD00,0x00FFCD00,0x00FFCD00,0x00FFCD00,0x00FFCD00,0x00FFCD00,0x00FFCD00,0x00FFCD00,0x00FFCD00,0x00FFCD00,0x00FFCD00,
0x00FFCD00,0x00FFCD00,0x00FFCD00,0x00FFCD00,0x00FFCD00,0x00FFCD00,0x00FFCD00,0x00FFCD00,0x00FFCD00,0x00FFCD00,0x00FFCD00,0x02FFCD00,
0xC7FFCD00,0xEBFFCD00,0xEBFFCD00,0xEBFFCD00,0xEBFFCD00,0xEBFFCD00,0x59FFCD00,0x00FFCD00,0x00FFCD00,0x00FFCD00,0x00FFCD00,0x00FFCD00,
0x00FFCD00,0x00FFCD00,0x00FFCD00,0x00FFCD00,0x00FFCD00,0x00FFCD00,0x00FFCD00,0x00FFCD00,0x00FFCD00,0x81FFCD00,0xEBFFCD00,0xEBFFCD00,
0xEBFFCD00,0xEBFFCD00,0x81FFCD00,0x00FFCD00,0x00FFCD00,0x00FFCD00,0x00FFCD00,0x00FFCD00,0x00FFCD00,0x00FFCD00,0x00FFCD00,0x00FFCD00,
0x00FFCD00,0x00FFCD00,0x00FFCD00,0x00FFCD00,0x00FFCD00,0x59FFCD00,0xEBFFCD00,0xEBFFCD00,0xEBFFCD00,0xEBFFCD00,0xEBFFCD00,0xC7FFCD00,
0x02FFCD00,0x00FFCD00,0x00FFCD00,0x00FFCD00,0x00FFCD00,0x00FFCD00,0x00FFCD00,0x00FFCD00,0x00FFCD00,0x00FFCD00,0x00FFCD00,0x00FFCD00,
0x00FFCD00,0x00FFCD00,0x00FFCD00,0x00FFCD00,0x00FFCD00,0x00FFCD00,0x00FFCD00,0x00FFCD00,0x00FFCD00,0x00FFCD00,0x00FFCD00,0x00FFCD00,
0x43FFCD00,0xEBFFCD00,0xEBFFCD00,0xEBFFCD00,0xEBFFCD00,0xEBFFCD00,0xEBFFCD00,0x4FFFCD00,0x00FFCD00,0x00FFCD00,0x00FFCD00,0x00FFCD00,
0x00FFCD00,0x00FFCD00,0x00FFCD00,0x00FFCD00,0x00FFCD00,0x00FFCD00,0x00FFCD00,0x00FFCD00,0x00FFCD00,0x2BFFCD00,0xE6FFCD00,0xEBFFCD00,
0xEBFFCD00,0xE6FFCD00,0x2BFFCD00,0x00FFCD00,0x00FFCD00,0x00FFCD00,0x00FFCD00,0x00FFCD00,0x00FFCD00,0x00FFCD00,0x00FFCD00,0x00FFCD00,
0x00FFCD00,0x00FFCD00,0x00FFCD00,0x00FFCD00,0x4FFFCD00,0xEBFFCD00,0xEBFFCD00,0xEBFFCD00,0xEBFFCD00,0xEBFFCD00,0xEBFFCD00,0x43FFCD00,
0x00FFCD00,0x00FFCD00,0x00FFCD00,0x00FFCD00,0x00FFCD00,0x00FFCD00,0x00FFCD00,0x00FFCD00,0x00FFCD00,0x00FFCD00,0x00FFCD00,0x00FFCD00,
0x00FFCD00,0x00FFCD00,0x00FFCD00,0x00FFCD00,0x00FFCD00,0x00FFCD00,0x00FFCD00,0x00FFCD00,0x00FFCD00,0x00FFCD00,0x00FFCD00,0x00FFCD00,
0x00FFCD00,0x74FFCD00,0xEBFFCD00,0xEBFFCD00,0xEBFFCD00,0xEBFFCD00,0xEBFFCD00,0xEBFFCD00,0x59FFCD00,0x00FFCD00,0x00FFCD00,0x00FFCD00,
0x00FFCD00,0x00FFCD00,0x00FFCD00,0x00FFCD00,0x00FFCD00,0x00FFCD00,0x00FFCD00,0x00FFCD00,0x00FFCD00,0x00FFCD00,0x2BFFCD00,0x81FFCD00,
0x81FFCD00,0x2BFFCD00,0x00FFCD00,0x00FFCD00,0x00FFCD00,0x00FFCD00,0x00FFCD00,0x00FFCD00,0x00FFCD00,0x00FFCD00,0x00FFCD00,0x00FFCD00,
0x00FFCD00,0x00FFCD00,0x00FFCD00,0x59FFCD00,0xEBFFCD00,0xEBFFCD00,0xEBFFCD00,0xEBFFCD00,0xEBFFCD00,0xEBFFCD00,0x74FFCD00,0x00FFCD00,
0x00FFCD00,0x00FFCD00,0x00FFCD00,0x00FFCD00,0x00FFCD00,0x00FFCD00,0x00FFCD00,0x00FFCD00,0x00FFCD00,0x00FFCD00,0x00FFCD00,0x00FFCD00,
0x00FFCD00,0x00FFCD00,0x00FFCD00,0x00FFCD00,0x00FFCD00,0x00FFCD00,0x00FFCD00,0x00FFCD00,0x00FFCD00,0x00FFCD00,0x00FFCD00,0x00FFCD00,
0x00FFCD00,0x00FFCD00,0x96FFCD00,0xEBFFCD00,0xEBFFCD00,0xEBFFCD00,0xEBFFCD00,0xEBFFCD00,0xEBFFCD00,0x77FFCD00,0x00FFCD00,0x00FFCD00,
0x00FFCD00,0x00FFCD00,0x00FFCD00,0x00FFCD00,0x00FFCD00,0x00FFCD00,0x00FFCD00,0x00FFCD00,0x00FFCD00,0x00FFCD00,0x00FFCD00,0x00FFCD00,
0x00FFCD00,0x00FFCD00,0x00FFCD00,0x00FFCD00,0x00FFCD00,0x00FFCD00,0x00FFCD00,0x00FFCD00,0x00FFCD00,0x00FFCD00,0x00FFCD00,0x00FFCD00,
0x00FFCD00,0x00FFCD00,0x77FFCD00,0xEBFFCD00,0xEBFFCD00,0xEBFFCD00,0xEBFFCD00,0xEBFFCD00,0xEBFFCD00,0x96FFCD00,0x00FFCD00,0x00FFCD00,
0x00FFCD00,0x00FFCD00,0x00FFCD00,0x00FFCD00,0x00FFCD00,0x00FFCD00,0x00FFCD00,0x00FFCD00,0x00FFCD00,0x00FFCD00,0x00FFCD00,0x00FFCD00,
0x00FFCD00,0x00FFCD00,0x00FFCD00,0x00FFCD00,0x00FFCD00,0x00FFCD00,0x00FFCD00,0x00FFCD00,0x00FFCD00,0x00FFCD00,0x00FFCD00,0x00FFCD00,
0x00FFCD00,0x00FFCD00,0x00FFCD00,0xA6FFCD00,0xEBFFCD00,0xEBFFCD00,0xEBFFCD00,0xEBFFCD00,0xEBFFCD00,0xEBFFCD00,0xA9FFCD00,0x26FFCD00,
0x00FFCD00,0x00FFCD00,0x00FFCD00,0x00FFCD00,0x00FFCD00,0x00FFCD00,0x00FFCD00,0x00FFCD00,0x00FFCD00,0x00FFCD00,0x00FFCD00,0x00FFCD00,
0x00FFCD00,0x00FFCD00,0x00FFCD00,0x00FFCD00,0x00FFCD00,0x00FFCD00,0x00FFCD00,0x00FFCD00,0x00FFCD00,0x00FFCD00,0x00FFCD00,0x00FFCD00,
0x26FFCD00,0xA9FFCD00,0xEBFFCD00,0xEBFFCD00,0xEBFFCD00,0xEBFFCD00,0xEBFFCD00,0xEBFFCD00,0xA6FFCD00,0x00FFCD00,0x00FFCD00,0x00FFCD00,
0x00FFCD00,0x00FFCD00,0x00FFCD00,0x00FFCD00,0x00FFCD00,0x00FFCD00,0x00FFCD00,0x00FFCD00,0x00FFCD00,0x00FFCD00,0x00FFCD00,0x00FFCD00,
0x00FFCD00,0x00FFCD00,0x00FFCD00,0x00FFCD00,0x00FFCD00,0x00FFCD00,0x00FFCD00,0x00FFCD00,0x00FFCD00,0x00FFCD00,0x00FFCD00,0x00FFCD00,
0x00FFCD00,0x00FFCD00,0x00FFCD00,0x02FFCD00,0xA6FFCD00,0xEBFFCD00,0xEBFFCD00,0xEBFFCD00,0xEBFFCD00,0xEBFFCD00,0xEBFFCD00,0xEBFFCD00,
0x77FFCD00,0x08FFCD00,0x00FFCD00,0x00FFCD00,0x00FFCD00,0x00FFCD00,0x00FFCD00,0x00FFCD00,0x00FFCD00,0x00FFCD00,0x00FFCD00,0x00FFCD00,
0x00FFCD00,0x00FFCD00,0x00FFCD00,0x00FFCD00,0x00FFCD00,0x00FFCD00,0x00FFCD00,0x00FFCD00,0x00FFCD00,0x00FFCD00,0x08FFCD00,0x77FFCD00,
0xEBFFCD00,0xEBFFCD00,0xEBFFCD00,0xEBFFCD00,0xEBFFCD00,0xEBFFCD00,0xEBFFCD00,0xA6FFCD00,0x02FFCD00,0x00FFCD00,0x00FFCD00,0x00FFCD00,
0x00FFCD00,0x00FFCD00,0x00FFCD00,0x00FFCD00,0x00FFCD00,0x00FFCD00,0x00FFCD00,0x00FFCD00,0x00FFCD00,0x00FFCD00,0x00FFCD00,0x00FFCD00,
0x00FFCD00,0x00FFCD00,0x00FFCD00,0x00FFCD00,0x00FFCD00,0x00FFCD00,0x00FFCD00,0x00FFCD00,0x00FFCD00,0x00FFCD00,0x00FFCD00,0x00FFCD00,
0x00FFCD00,0x00FFCD00,0x00FFCD00,0x00FFCD00,0x00FFCD00,0x96FFCD00,0xEBFFCD00,0xEBFFCD00,0xEBFFCD00,0xEBFFCD00,0xEBFFCD00,0xEBFFCD00,
0xEBFFCD00,0xDAFFCD00,0x77FFCD00,0x1CFFCD00,0x00FFCD00,0x00FFCD00,0x00FFCD00,0x00FFCD00,0x00FFCD00,0x00FFCD00,0x00FFCD00,0x00FFCD00,
0x00FFCD00,0x00FFCD00,0x00FFCD00,0x00FFCD00,0x00FFCD00,0x00FFCD00,0x00FFCD00,0x00FFCD00,0x1CFFCD00,0x77FFCD00,0xDAFFCD00,0xEBFFCD00,
0xEBFFCD00,0xEBFFCD00,0xEBFFCD00,0xEBFFCD00,0xEBFFCD00,0xEBFFCD00,0x96FFCD00,0x00FFCD00,0x00FFCD00,0x00FFCD00,0x00FFCD00,0x00FFCD00,
0x00FFCD00,0x00FFCD00,0x00FFCD00,0x00FFCD00,0x00FFCD00,0x00FFCD00,0x00FFCD00,0x00FFCD00,0x00FFCD00,0x00FFCD00,0x00FFCD00,0x00FFCD00,
0x00FFCD00,0x00FFCD00,0x00FFCD00,0x00FFCD00,0x00FFCD00,0x00FFCD00,0x00FFCD00,0x00FFCD00,0x00FFCD00,0x00FFCD00,0x00FFCD00,0x00FFCD00,
0x00FFCD00,0x00FFCD00,0x00FFCD00,0x00FFCD00,0x00FFCD00,0x00FFCD00,0x74FFCD00,0xEBFFCD00,0xEBFFCD00,0xEBFFCD00,0xEBFFCD00,0xEBFFCD00,
0xEBFFCD00,0xEBFFCD00,0xEBFFCD00,0xEBFFCD00,0xA9FFCD00,0x63FFCD00,0x26FFCD00,0x00FFCD00,0x00FFCD00,0x00FFCD00,0x00FFCD00,0x00FFCD00,
0x00FFCD00,0x00FFCD00,0x00FFCD00,0x00FFCD00,0x00FFCD00,0x26FFCD00,0x63FFCD00,0xA9FFCD00,0xEBFFCD00,0xEBFFCD00,0xEBFFCD00,0xEBFFCD00,
0xEBFFCD00,0xEBFFCD00,0xEBFFCD00,0xEBFFCD00,0xEBFFCD00,0x74FFCD00,0x00FFCD00,0x00FFCD00,0x00FFCD00,0x00FFCD00,0x00FFCD00,0x00FFCD00,
0x00FFCD00,0x00FFCD00,0x00FFCD00,0x00FFCD00,0x00FFCD00,0x00FFCD00,0x00FFCD00,0x00FFCD00,0x00FFCD00,0x00FFCD00,0x00FFCD00,0x00FFCD00,
0x00FFCD00,0x00FFCD00,0x00FFCD00,0x00FFCD00,0x00FFCD00,0x00FFCD00,0x00FFCD00,0x00FFCD00,0x00FFCD00,0x00FFCD00,0x00FFCD00,0x00FFCD00,
0x00FFCD00,0x00FFCD00,0x00FFCD00,0x00FFCD00,0x00FFCD00,0x00FFCD00,0x00FFCD00,0x43FFCD00,0xC7FFCD00,0xEBFFCD00,0xEBFFCD00,0xEBFFCD00,
0xEBFFCD00,0xEBFFCD00,0xEBFFCD00,0xEBFFCD00,0xEBFFCD00,0xEBFFCD00,0xEBFFCD00,0xDAFFCD00,0xB2FFCD00,0x95FFCD00,0x81FFCD00,0x77FFCD00,
0x77FFCD00,0x81FFCD00,0x95FFCD00,0xB2FFCD00,0xDAFFCD00,0xEBFFCD00,0xEBFFCD00,0xEBFFCD00,0xEBFFCD00,0xEBFFCD00,0xEBFFCD00,0xEBFFCD00,
0xEBFFCD00,0xEBFFCD00,0xEBFFCD00,0xC7FFCD00,0x43FFCD00,0x00FFCD00,0x00FFCD00,0x00FFCD00,0x00FFCD00,0x00FFCD00,0x00FFCD00,0x00FFCD00,
0x00FFCD00,0x00FFCD00,0x00FFCD00,0x00FFCD00,0x00FFCD00,0x00FFCD00,0x00FFCD00,0x00FFCD00,0x00FFCD00,0x00FFCD00,0x00FFCD00,0x00FFCD00,
0x00FFCD00,0x00FFCD00,0x00FFCD00,0x00FFCD00,0x00FFCD00,0x00FFCD00,0x00FFCD00,0x00FFCD00,0x00FFCD00,0x00FFCD00,0x00FFCD00,0x00FFCD00,
0x00FFCD00,0x00FFCD00,0x00FFCD00,0x00FFCD00,0x00FFCD00,0x00FFCD00,0x00FFCD00,0x00FFCD00,0x02FFCD00,0x7DFFCD00,0xEBFFCD00,0xEBFFCD00,
0xEBFFCD00,0xEBFFCD00,0xEBFFCD00,0xEBFFCD00,0xEBFFCD00,0xEBFFCD00,0xEBFFCD00,0xEBFFCD00,0xEBFFCD00,0xEBFFCD00,0xEBFFCD00,0xEBFFCD00,
0xEBFFCD00,0xEBFFCD00,0xEBFFCD00,0xEBFFCD00,0xEBFFCD00,0xEBFFCD00,0xEBFFCD00,0xEBFFCD00,0xEBFFCD00,0xEBFFCD00,0xEBFFCD00,0xEBFFCD00,
0xEBFFCD00,0xEBFFCD00,0x7DFFCD00,0x02FFCD00,0x00FFCD00,0x00FFCD00,0x00FFCD00,0x00FFCD00,0x00FFCD00,0x00FFCD00,0x00FFCD00,0x00FFCD00,
0x00FFCD00,0x00FFCD00,0x00FFCD00,0x00FFCD00,0x00FFCD00,0x00FFCD00,0x00FFCD00,0x00FFCD00,0x00FFCD00,0x00FFCD00,0x00FFCD00,0x00FFCD00,
0x00FFCD00,0x00FFCD00,0x00FFCD00,0x00FFCD00,0x00FFCD00,0x00FFCD00,0x00FFCD00,0x00FFCD00,0x00FFCD00,0x00FFCD00,0x00FFCD00,0x00FFCD00,
0x00FFCD00,0x00FFCD00,0x00FFCD00,0x00FFCD00,0x00FFCD00,0x00FFCD00,0x00FFCD00,0x00FFCD00,0x00FFCD00,0x00FFCD00,0x23FFCD00,0x8DFFCD00,
0xEBFFCD00,0xEBFFCD00,0xEBFFCD00,0xEBFFCD00,0xEBFFCD00,0xEBFFCD00,0xEBFFCD00,0xEBFFCD00,0xEBFFCD00,0xEBFFCD00,0xEBFFCD00,0xEBFFCD00,
0xEBFFCD00,0xEBFFCD00,0xEBFFCD00,0xEBFFCD00,0xEBFFCD00,0xEBFFCD00,0xEBFFCD00,0xEBFFCD00,0xEBFFCD00,0xEBFFCD00,0xEBFFCD00,0xEBFFCD00,
0x8DFFCD00,0x23FFCD00,0x00FFCD00,0x00FFCD00,0x00FFCD00,0x00FFCD00,0x00FFCD00,0x00FFCD00,0x00FFCD00,0x00FFCD00,0x00FFCD00,0x00FFCD00,
0x00FFCD00,0x00FFCD00,0x00FFCD00,0x00FFCD00,0x00FFCD00,0x00FFCD00,0x00FFCD00,0x00FFCD00,0x00FFCD00,0x00FFCD00,0x00FFCD00,0x00FFCD00,
0x00FFCD00,0x00FFCD00,0x00FFCD00,0x00FFCD00,0x00FFCD00,0x00FFCD00,0x00FFCD00,0x00FFCD00,0x00FFCD00,0x00FFCD00,0x00FFCD00,0x00FFCD00,
0x00FFCD00,0x00FFCD00,0x00FFCD00,0x00FFCD00,0x00FFCD00,0x00FFCD00,0x00FFCD00,0x00FFCD00,0x00FFCD00,0x00FFCD00,0x00FFCD00,0x00FFCD00,
0x1AFFCD00,0x74FFCD00,0xC7FFCD00,0xEBFFCD00,0xEBFFCD00,0xEBFFCD00,0xEBFFCD00,0xEBFFCD00,0xEBFFCD00,0xEBFFCD00,0xEBFFCD00,0xEBFFCD00,
0xEBFFCD00,0xEBFFCD00,0xEBFFCD00,0xEBFFCD00,0xEBFFCD00,0xEBFFCD00,0xEBFFCD00,0xEBFFCD00,0xEBFFCD00,0xC7FFCD00,0x74FFCD00,0x1AFFCD00,
0x00FFCD00,0x00FFCD00,0x00FFCD00,0x00FFCD00,0x00FFCD00,0x00FFCD00,0x00FFCD00,0x00FFCD00,0x00FFCD00,0x00FFCD00,0x00FFCD00,0x00FFCD00,
0x00FFCD00,0x00FFCD00,0x00FFCD00,0x00FFCD00,0x00FFCD00,0x00FFCD00,0x00FFCD00,0x00FFCD00,0x00FFCD00,0x00FFCD00,0x00FFCD00,0x00FFCD00,
0x00FFCD00,0x00FFCD00,0x00FFCD00,0x00FFCD00,0x00FFCD00,0x00FFCD00,0x00FFCD00,0x00FFCD00,0x00FFCD00,0x00FFCD00,0x00FFCD00,0x00FFCD00,
0x00FFCD00,0x00FFCD00,0x00FFCD00,0x00FFCD00,0x00FFCD00,0x00FFCD00,0x00FFCD00,0x00FFCD00,0x00FFCD00,0x00FFCD00,0x00FFCD00,0x00FFCD00,
0x00FFCD00,0x00FFCD00,0x00FFCD00,0x33FFCD00,0x74FFCD00,0xAEFFCD00,0xE1FFCD00,0xEBFFCD00,0xEBFFCD00,0xEBFFCD00,0xEBFFCD00,0xEBFFCD00,
0xEBFFCD00,0xEBFFCD00,0xEBFFCD00,0xEBFFCD00,0xEBFFCD00,0xE1FFCD00,0xAEFFCD00,0x74FFCD00,0x33FFCD00,0x00FFCD00,0x00FFCD00,0x00FFCD00,
0x00FFCD00,0x00FFCD00,0x00FFCD00,0x00FFCD00,0x00FFCD00,0x00FFCD00,0x00FFCD00,0x00FFCD00,0x00FFCD00,0x00FFCD00,0x00FFCD00,0x00FFCD00,
0x00FFCD00,0x00FFCD00,0x00FFCD00,0x00FFCD00,0x00FFCD00,0x00FFCD00,0x00FFCD00,0x00FFCD00,0x00FFCD00,0x00FFCD00,0x00FFCD00,0x00FFCD00,
0x00FFCD00,0x00FFCD00,0x00FFCD00,0x00FFCD00,0x00FFCD00,0x00FFCD00,0x00FFCD00,0x00FFCD00,0x00FFCD00,0x00FFCD00,0x00FFCD00,0x00FFCD00,
0x00FFCD00,0x00FFCD00,0x00FFCD00,0x00FFCD00,0x00FFCD00,0x00FFCD00,0x00FFCD00,0x00FFCD00,0x00FFCD00,0x00FFCD00,0x00FFCD00,0x00FFCD00,
0x00FFCD00,0x00FFCD00,0x00FFCD00,0x00FFCD00,0x00FFCD00,0x00FFCD00,0x00FFCD00,0x23FFCD00,0x43FFCD00,0x5CFFCD00,0x6CFFCD00,0x74FFCD00,
0x74FFCD00,0x6CFFCD00,0x5CFFCD00,0x43FFCD00,0x23FFCD00,0x00FFCD00,0x00FFCD00,0x00FFCD00,0x00FFCD00,0x00FFCD00,0x00FFCD00,0x00FFCD00,
0x00FFCD00,0x00FFCD00,0x00FFCD00,0x00FFCD00,0x00FFCD00,0x00FFCD00,0x00FFCD00,0x00FFCD00,0x00FFCD00,0x00FFCD00,0x00FFCD00,0x00FFCD00,
0x00FFCD00,0x00FFCD00,0x00FFCD00,0x00FFCD00,0x00FFCD00,0x00FFCD00,0x00FFCD00,0x00FFCD00,0x00FFCD00,0x00FFCD00,0x00FFCD00,0x00FFCD00,
0x00FFCD00,0x00FFCD00,0x00FFCD00,0x00FFCD00,0x00FFCD00,0x00FFCD00,0x00FFCD00,0x00FFCD00,0x00FFCD00,0x00FFCD00,0x00FFCD00,0x00FFCD00,
0x00FFCD00,0x00FFCD00,0x00FFCD00,0x00FFCD00,0x00FFCD00,0x00FFCD00,0x00FFCD00,0x00FFCD00,0x00FFCD00,0x00FFCD00,0x00FFCD00,0x00FFCD00,
0x00FFCD00,0x00FFCD00,0x00FFCD00,0x00FFCD00,0x00FFCD00,0x00FFCD00,0x00FFCD00,0x00FFCD00,0x00FFCD00,0x00FFCD00,0x00FFCD00,0x00FFCD00,
0x00FFCD00,0x00FFCD00,0x00FFCD00,0x00FFCD00,0x00FFCD00,0x00FFCD00,0x00FFCD00,0x00FFCD00,0x00FFCD00,0x00FFCD00,0x00FFCD00,0x00FFCD00,
0x00FFCD00,0x00FFCD00,0x00FFCD00,0x00FFCD00,0x00FFCD00,0x00FFCD00,0x00FFCD00,0x00FFCD00,0x00FFCD00,0x00FFCD00,0x00FFCD00,0x00FFCD00,
0x00FFCD00,0x00FFCD00,0x00FFCD00,0x00FFCD00,0x00FFCD00,0x00FFCD00,0x00FFCD00,0x00FFCD00,0x00FFCD00,0x00FFCD00,0x00FFCD00,0x00FFCD00,
0x00FFCD00,0x00FFCD00,0x00FFCD00,0x00FFCD00,0x00FFCD00,0x00FFCD00,0x00FFCD00,0x00FFCD00,0x00FFCD00,0x00FFCD00,0x00FFCD00,0x00FFCD00,
0x00FFCD00,0x00FFCD00,0x00FFCD00,0x00FFCD00,0x00FFCD00,0x00FFCD00,0x00FFCD00,0x00FFCD00,0x00FFCD00,0x00FFCD00,0x00FFCD00,0x00FFCD00,
0x00FFCD00,0x00FFCD00,0x00FFCD00,0x00FFCD00,0x00FFCD00,0x00FFCD00,0x00FFCD00,0x00FFCD00,0x00FFCD00,0x00FFCD00,0x00FFCD00,0x00FFCD00,
0x00FFCD00,0x00FFCD00,0x00FFCD00,0x00FFCD00,0x00FFCD00,0x00FFCD00,0x00FFCD00,0x00FFCD00,0x00FFCD00,0x00FFCD00,0x00FFCD00,0x00FFCD00,
0x00FFCD00,0x00FFCD00,0x00FFCD00,0x00FFCD00,0x00FFCD00,0x00FFCD00,0x00FFCD00,0x00FFCD00,0x00FFCD00,0x00FFCD00,0x00FFCD00,0x00FFCD00,
0x00FFCD00,0x00FFCD00,0x00FFCD00,0x00FFCD00,0x00FFCD00,0x00FFCD00,0x00FFCD00,0x00FFCD00,0x00FFCD00,0x00FFCD00,0x00FFCD00,0x00FFCD00,
0x00FFCD00,0x00FFCD00,0x00FFCD00,0x00FFCD00,0x00FFCD00,0x00FFCD00,0x00FFCD00,0x00FFCD00,0x00FFCD00,0x00FFCD00,0x00FFCD00,0x00FFCD00,
0x00FFCD00,0x00FFCD00,0x00FFCD00,0x00FFCD00,0x00FFCD00,0x00FFCD00,0x00FFCD00,0x00FFCD00,0x00FFCD00,0x00FFCD00,0x00FFCD00,0x00FFCD00,
0x00FFCD00,0x00FFCD00,0x00FFCD00,0x00FFCD00,0x00FFCD00,0x00FFCD00,0x00FFCD00,0x00FFCD00,0x00FFCD00,0x00FFCD00,0x00FFCD00,0x00FFCD00,
0x00FFCD00,0x00FFCD00,0x00FFCD00,0x00FFCD00,0x00FFCD00,0x00FFCD00,0x00FFCD00,0x00FFCD00,0x00FFCD00,0x00FFCD00,0x00FFCD00,0x00FFCD00,
0x00FFCD00,0x00FFCD00,0x00FFCD00,0x00FFCD00,0x00FFCD00,0x00FFCD00,0x00FFCD00,0x00FFCD00,0x00FFCD00,0x00FFCD00,0x00FFCD00,0x00FFCD00,
0x00FFCD00,0x00FFCD00,0x00FFCD00,0x00FFCD00,0x00FFCD00,0x00FFCD00,0x00FFCD00,0x00FFCD00,0x00FFCD00,0x00FFCD00,0x00FFCD00,0x00FFCD00,
0x00FFCD00,0x00FFCD00,0x00FFCD00,0x00FFCD00,0x00FFCD00,0x00FFCD00,0x00FFCD00,0x00FFCD00,0x00FFCD00,0x00FFCD00,0x00FFCD00,0x00FFCD00,
0x00FFCD00,0x00FFCD00,0x00FFCD00,0x00FFCD00,0x00FFCD00,0x00FFCD00,0x00FFCD00,0x00FFCD00,0x00FFCD00,0x00FFCD00,0x00FFCD00,0x00FFCD00,
0x00FFCD00,0x00FFCD00,0x00FFCD00,0x00FFCD00,0x00FFCD00,0x00FFCD00,0x00FFCD00,0x00FFCD00,0x00FFCD00,0x00FFCD00,0x00FFCD00,0x00FFCD00,
0x00FFCD00,0x00FFCD00,0x00FFCD00,0x00FFCD00,0x00FFCD00,0x00FFCD00,0x00FFCD00,0x00FFCD00,0x00FFCD00,0x00FFCD00,0x00FFCD00,0x00FFCD00,
0x00FFCD00,0x00FFCD00,0x00FFCD00,0x00FFCD00,0x00FFCD00,0x00FFCD00,0x00FFCD00,0x00FFCD00,0x00FFCD00,0x00FFCD00,0x00FFCD00,0x00FFCD00,
0x00FFCD00,0x00FFCD00,0x00FFCD00,0x00FFCD00,0x00FFCD00,0x00FFCD00,0x00FFCD00,0x00FFCD00,0x00FFCD00,0x00FFCD00,0x00FFCD00,0x00FFCD00,
0x00FFCD00,0x00FFCD00,0x00FFCD00,0x00FFCD00,0x00FFCD00,0x00FFCD00,0x00FFCD00,0x00FFCD00,0x00FFCD00,0x00FFCD00,0x00FFCD00,0x00FFCD00,
0x00FFCD00,0x00FFCD00,0x00FFCD00,0x00FFCD00,0x00FFCD00,0x00FFCD00,0x00FFCD00,0x00FFCD00,0x00FFCD00,0x00FFCD00,0x00FFCD00,0x00FFCD00,
0x00FFCD00,0x00FFCD00,0x00FFCD00,0x00FFCD00,0x00FFCD00,0x00FFCD00,0x00FFCD00,0x00FFCD00,0x00FFCD00,0x00FFCD00,0x00FFCD00,0x00FFCD00,
0x00FFCD00,0x00FFCD00,0x00FFCD00,0x00FFCD00,0x00FFCD00,0x00FFCD00,0x00FFCD00,0x00FFCD00,0x00FFCD00,0x00FFCD00,0x00FFCD00,0x00FFCD00,
0x00FFCD00,0x00FFCD00,0x00FFCD00,0x00FFCD00,0x00FFCD00,0x00FFCD00,0x00FFCD00,0x00FFCD00,0x00FFCD00,0x00FFCD00,0x00FFCD00,0x00FFCD00,
0x00FFCD00,0x00FFCD00,0x00FFCD00,0x00FFCD00,0x00FFCD00,0x00FFCD00,0x00FFCD00,0x00FFCD00,0x00FFCD00,0x00FFCD00,0x00FFCD00,0x00FFCD00,
0x00FFCD00,0x00FFCD00,0x00FFCD00,0x00FFCD00,0x00FFCD00,0x00FFCD00,0x00FFCD00,0x00FFCD00,0x00FFCD00,0x00FFCD00,0x00FFCD00,0x00FFCD00,
0x00FFCD00,0x00FFCD00,0x00FFCD00,0x00FFCD00,0x00FFCD00,0x00FFCD00,0x00FFCD00,0x00FFCD00,0x00FFCD00,0x00FFCD00,0x00FFCD00,0x00FFCD00,
0x00FFCD00,0x00FFCD00,0x00FFCD00,0x00FFCD00,0x00FFCD00,0x00FFCD00,0x00FFCD00,0x00FFCD00,0x00FFCD00,0x00FFCD00,0x00FFCD00,0x00FFCD00,
0x00FFCD00,0x00FFCD00,0x00FFCD00,0x00FFCD00,0x00FFCD00,0x00FFCD00,0x00FFCD00,0x00FFCD00,0x00FFCD00,0x00FFCD00,0x00FFCD00,0x00FFCD00,
0x00FFCD00,0x00FFCD00,0x00FFCD00,0x00FFCD00,0x00FFCD00,0x00FFCD00,0x00FFCD00,0x00FFCD00,0x00FFCD00,0x00FFCD00,0x00FFCD00,0x00FFCD00,
0x00FFCD00,0x00FFCD00,0x00FFCD00,0x00FFCD00,0x00FFCD00,0x00FFCD00,0x00FFCD00,0x00FFCD00,0x00FFCD00,0x00FFCD00,0x00FFCD00,0x00FFCD00,
0x00FFCD00,0x00FFCD00,0x00FFCD00,0x00FFCD00,0x00FFCD00,0x00FFCD00,0x00FFCD00,0x00FFCD00,0x00FFCD00,0x00FFCD00,0x00FFCD00,0x00FFCD00,
0x00FFCD00,0x00FFCD00,0x00FFCD00,0x00FFCD00,0x00FFCD00,0x00FFCD00,0x00FFCD00,0x00FFCD00,0x00FFCD00,0x00FFCD00,0x00FFCD00,0x00FFCD00,
0x00FFCD00,0x00FFCD00,0x00FFCD00,0x00FFCD00,0x00FFCD00,0x00FFCD00,0x00FFCD00,0x00FFCD00,0x00FFCD00,0x00FFCD00,0x00FFCD00,0x00FFCD00,
0x00FFCD00,0x00FFCD00,0x00FFCD00,0x00FFCD00,0x00FFCD00,0x00FFCD00,0x00FFCD00,0x00FFCD00,0x00FFCD00,0x00FFCD00,0x00FFCD00,0x00FFCD00,
0x00FFCD00,0x00FFCD00,0x00FFCD00,0x00FFCD00,0x00FFCD00,0x00FFCD00,0x00FFCD00,0x00FFCD00,0x00FFCD00,0x00FFCD00,0x00FFCD00,0x00FFCD00,
0x00FFCD00,0x00FFCD00,0x00FFCD00,0x00FFCD00,0x00FFCD00,0x00FFCD00,0x00FFCD00,0x00FFCD00,0x00FFCD00,0x00FFCD00,0x00FFCD00,0x00FFCD00,
};

#define EVO_ICON_CHEVRON_W 72
#define EVO_ICON_CHEVRON_H 72
static const unsigned int EVO_ICON_CHEVRON[5184]={
0x00FFCD00,0x00FFCD00,0x00FFCD00,0x00FFCD00,0x00FFCD00,0x00FFCD00,0x00FFCD00,0x00FFCD00,0x00FFCD00,0x00FFCD00,0x00FFCD00,0x00FFCD00,
0x00FFCD00,0x00FFCD00,0x00FFCD00,0x00FFCD00,0x00FFCD00,0x00FFCD00,0x00FFCD00,0x00FFCD00,0x00FFCD00,0x00FFCD00,0x00FFCD00,0x00FFCD00,
0x00FFCD00,0x00FFCD00,0x00FFCD00,0x00FFCD00,0x00FFCD00,0x00FFCD00,0x00FFCD00,0x00FFCD00,0x00FFCD00,0x00FFCD00,0x00FFCD00,0x00FFCD00,
0x00FFCD00,0x00FFCD00,0x00FFCD00,0x00FFCD00,0x00FFCD00,0x00FFCD00,0x00FFCD00,0x00FFCD00,0x00FFCD00,0x00FFCD00,0x00FFCD00,0x00FFCD00,
0x00FFCD00,0x00FFCD00,0x00FFCD00,0x00FFCD00,0x00FFCD00,0x00FFCD00,0x00FFCD00,0x00FFCD00,0x00FFCD00,0x00FFCD00,0x00FFCD00,0x00FFCD00,
0x00FFCD00,0x00FFCD00,0x00FFCD00,0x00FFCD00,0x00FFCD00,0x00FFCD00,0x00FFCD00,0x00FFCD00,0x00FFCD00,0x00FFCD00,0x00FFCD00,0x00FFCD00,
0x00FFCD00,0x00FFCD00,0x00FFCD00,0x00FFCD00,0x00FFCD00,0x00FFCD00,0x00FFCD00,0x00FFCD00,0x00FFCD00,0x00FFCD00,0x00FFCD00,0x00FFCD00,
0x00FFCD00,0x00FFCD00,0x00FFCD00,0x00FFCD00,0x00FFCD00,0x00FFCD00,0x00FFCD00,0x00FFCD00,0x00FFCD00,0x00FFCD00,0x00FFCD00,0x00FFCD00,
0x00FFCD00,0x00FFCD00,0x00FFCD00,0x00FFCD00,0x00FFCD00,0x00FFCD00,0x00FFCD00,0x00FFCD00,0x00FFCD00,0x00FFCD00,0x00FFCD00,0x00FFCD00,
0x00FFCD00,0x00FFCD00,0x00FFCD00,0x00FFCD00,0x00FFCD00,0x00FFCD00,0x00FFCD00,0x00FFCD00,0x00FFCD00,0x00FFCD00,0x00FFCD00,0x00FFCD00,
0x00FFCD00,0x00FFCD00,0x00FFCD00,0x00FFCD00,0x00FFCD00,0x00FFCD00,0x00FFCD00,0x00FFCD00,0x00FFCD00,0x00FFCD00,0x00FFCD00,0x00FFCD00,
0x00FFCD00,0x00FFCD00,0x00FFCD00,0x00FFCD00,0x00FFCD00,0x00FFCD00,0x00FFCD00,0x00FFCD00,0x00FFCD00,0x00FFCD00,0x00FFCD00,0x00FFCD00,
0x00FFCD00,0x00FFCD00,0x00FFCD00,0x00FFCD00,0x00FFCD00,0x00FFCD00,0x00FFCD00,0x00FFCD00,0x00FFCD00,0x00FFCD00,0x00FFCD00,0x00FFCD00,
0x00FFCD00,0x00FFCD00,0x00FFCD00,0x00FFCD00,0x00FFCD00,0x00FFCD00,0x00FFCD00,0x00FFCD00,0x00FFCD00,0x00FFCD00,0x00FFCD00,0x00FFCD00,
0x00FFCD00,0x00FFCD00,0x00FFCD00,0x00FFCD00,0x00FFCD00,0x00FFCD00,0x00FFCD00,0x00FFCD00,0x00FFCD00,0x00FFCD00,0x00FFCD00,0x00FFCD00,
0x00FFCD00,0x00FFCD00,0x00FFCD00,0x00FFCD00,0x00FFCD00,0x00FFCD00,0x00FFCD00,0x00FFCD00,0x00FFCD00,0x00FFCD00,0x00FFCD00,0x00FFCD00,
0x00FFCD00,0x00FFCD00,0x00FFCD00,0x00FFCD00,0x00FFCD00,0x00FFCD00,0x00FFCD00,0x00FFCD00,0x00FFCD00,0x00FFCD00,0x00FFCD00,0x00FFCD00,
0x00FFCD00,0x00FFCD00,0x00FFCD00,0x00FFCD00,0x00FFCD00,0x00FFCD00,0x00FFCD00,0x00FFCD00,0x00FFCD00,0x00FFCD00,0x00FFCD00,0x00FFCD00,
0x00FFCD00,0x00FFCD00,0x00FFCD00,0x00FFCD00,0x00FFCD00,0x00FFCD00,0x00FFCD00,0x00FFCD00,0x00FFCD00,0x00FFCD00,0x00FFCD00,0x00FFCD00,
0x00FFCD00,0x00FFCD00,0x00FFCD00,0x00FFCD00,0x00FFCD00,0x00FFCD00,0x00FFCD00,0x00FFCD00,0x00FFCD00,0x00FFCD00,0x00FFCD00,0x00FFCD00,
0x00FFCD00,0x00FFCD00,0x00FFCD00,0x00FFCD00,0x00FFCD00,0x00FFCD00,0x00FFCD00,0x00FFCD00,0x00FFCD00,0x00FFCD00,0x00FFCD00,0x00FFCD00,
0x00FFCD00,0x00FFCD00,0x00FFCD00,0x00FFCD00,0x00FFCD00,0x00FFCD00,0x00FFCD00,0x00FFCD00,0x00FFCD00,0x00FFCD00,0x00FFCD00,0x00FFCD00,
0x00FFCD00,0x00FFCD00,0x00FFCD00,0x00FFCD00,0x00FFCD00,0x00FFCD00,0x00FFCD00,0x00FFCD00,0x00FFCD00,0x00FFCD00,0x00FFCD00,0x00FFCD00,
0x00FFCD00,0x00FFCD00,0x00FFCD00,0x00FFCD00,0x00FFCD00,0x00FFCD00,0x00FFCD00,0x00FFCD00,0x00FFCD00,0x00FFCD00,0x00FFCD00,0x00FFCD00,
0x00FFCD00,0x00FFCD00,0x00FFCD00,0x00FFCD00,0x00FFCD00,0x00FFCD00,0x00FFCD00,0x00FFCD00,0x00FFCD00,0x00FFCD00,0x00FFCD00,0x00FFCD00,
0x00FFCD00,0x00FFCD00,0x00FFCD00,0x00FFCD00,0x00FFCD00,0x00FFCD00,0x00FFCD00,0x00FFCD00,0x00FFCD00,0x00FFCD00,0x00FFCD00,0x00FFCD00,
0x00FFCD00,0x00FFCD00,0x00FFCD00,0x00FFCD00,0x00FFCD00,0x00FFCD00,0x00FFCD00,0x00FFCD00,0x00FFCD00,0x00FFCD00,0x00FFCD00,0x00FFCD00,
0x00FFCD00,0x00FFCD00,0x00FFCD00,0x00FFCD00,0x00FFCD00,0x00FFCD00,0x00FFCD00,0x00FFCD00,0x00FFCD00,0x00FFCD00,0x00FFCD00,0x00FFCD00,
0x00FFCD00,0x00FFCD00,0x00FFCD00,0x00FFCD00,0x00FFCD00,0x00FFCD00,0x00FFCD00,0x00FFCD00,0x00FFCD00,0x00FFCD00,0x00FFCD00,0x00FFCD00,
0x00FFCD00,0x00FFCD00,0x00FFCD00,0x00FFCD00,0x00FFCD00,0x00FFCD00,0x00FFCD00,0x00FFCD00,0x00FFCD00,0x00FFCD00,0x00FFCD00,0x00FFCD00,
0x00FFCD00,0x00FFCD00,0x00FFCD00,0x00FFCD00,0x00FFCD00,0x00FFCD00,0x00FFCD00,0x00FFCD00,0x00FFCD00,0x00FFCD00,0x00FFCD00,0x00FFCD00,
0x00FFCD00,0x00FFCD00,0x00FFCD00,0x00FFCD00,0x00FFCD00,0x00FFCD00,0x00FFCD00,0x00FFCD00,0x00FFCD00,0x00FFCD00,0x00FFCD00,0x00FFCD00,
0x00FFCD00,0x00FFCD00,0x00FFCD00,0x00FFCD00,0x00FFCD00,0x00FFCD00,0x00FFCD00,0x00FFCD00,0x00FFCD00,0x00FFCD00,0x00FFCD00,0x00FFCD00,
0x00FFCD00,0x00FFCD00,0x00FFCD00,0x00FFCD00,0x00FFCD00,0x00FFCD00,0x00FFCD00,0x00FFCD00,0x00FFCD00,0x00FFCD00,0x00FFCD00,0x00FFCD00,
0x00FFCD00,0x00FFCD00,0x00FFCD00,0x00FFCD00,0x00FFCD00,0x00FFCD00,0x00FFCD00,0x00FFCD00,0x00FFCD00,0x00FFCD00,0x00FFCD00,0x00FFCD00,
0x00FFCD00,0x00FFCD00,0x00FFCD00,0x00FFCD00,0x00FFCD00,0x00FFCD00,0x00FFCD00,0x00FFCD00,0x00FFCD00,0x00FFCD00,0x00FFCD00,0x00FFCD00,
0x00FFCD00,0x00FFCD00,0x00FFCD00,0x00FFCD00,0x00FFCD00,0x00FFCD00,0x00FFCD00,0x00FFCD00,0x00FFCD00,0x00FFCD00,0x00FFCD00,0x00FFCD00,
0x00FFCD00,0x00FFCD00,0x00FFCD00,0x00FFCD00,0x00FFCD00,0x00FFCD00,0x00FFCD00,0x00FFCD00,0x00FFCD00,0x00FFCD00,0x00FFCD00,0x00FFCD00,
0x00FFCD00,0x00FFCD00,0x00FFCD00,0x00FFCD00,0x00FFCD00,0x00FFCD00,0x00FFCD00,0x00FFCD00,0x00FFCD00,0x00FFCD00,0x00FFCD00,0x00FFCD00,
0x00FFCD00,0x00FFCD00,0x00FFCD00,0x00FFCD00,0x00FFCD00,0x00FFCD00,0x00FFCD00,0x00FFCD00,0x00FFCD00,0x00FFCD00,0x00FFCD00,0x00FFCD00,
0x00FFCD00,0x00FFCD00,0x00FFCD00,0x00FFCD00,0x00FFCD00,0x00FFCD00,0x00FFCD00,0x00FFCD00,0x00FFCD00,0x00FFCD00,0x00FFCD00,0x00FFCD00,
0x00FFCD00,0x00FFCD00,0x00FFCD00,0x00FFCD00,0x00FFCD00,0x00FFCD00,0x00FFCD00,0x00FFCD00,0x00FFCD00,0x00FFCD00,0x00FFCD00,0x00FFCD00,
0x00FFCD00,0x00FFCD00,0x00FFCD00,0x00FFCD00,0x00FFCD00,0x00FFCD00,0x00FFCD00,0x00FFCD00,0x00FFCD00,0x00FFCD00,0x00FFCD00,0x00FFCD00,
0x00FFCD00,0x00FFCD00,0x00FFCD00,0x00FFCD00,0x00FFCD00,0x00FFCD00,0x00FFCD00,0x00FFCD00,0x00FFCD00,0x00FFCD00,0x00FFCD00,0x00FFCD00,
0x00FFCD00,0x00FFCD00,0x00FFCD00,0x00FFCD00,0x00FFCD00,0x00FFCD00,0x00FFCD00,0x00FFCD00,0x00FFCD00,0x00FFCD00,0x00FFCD00,0x00FFCD00,
0x00FFCD00,0x00FFCD00,0x00FFCD00,0x00FFCD00,0x00FFCD00,0x00FFCD00,0x00FFCD00,0x00FFCD00,0x00FFCD00,0x00FFCD00,0x00FFCD00,0x00FFCD00,
0x00FFCD00,0x00FFCD00,0x00FFCD00,0x00FFCD00,0x00FFCD00,0x00FFCD00,0x00FFCD00,0x00FFCD00,0x00FFCD00,0x00FFCD00,0x00FFCD00,0x00FFCD00,
0x00FFCD00,0x00FFCD00,0x00FFCD00,0x00FFCD00,0x00FFCD00,0x00FFCD00,0x00FFCD00,0x00FFCD00,0x00FFCD00,0x00FFCD00,0x00FFCD00,0x00FFCD00,
0x00FFCD00,0x00FFCD00,0x00FFCD00,0x00FFCD00,0x00FFCD00,0x00FFCD00,0x00FFCD00,0x00FFCD00,0x00FFCD00,0x00FFCD00,0x00FFCD00,0x00FFCD00,
0x00FFCD00,0x00FFCD00,0x00FFCD00,0x00FFCD00,0x00FFCD00,0x00FFCD00,0x00FFCD00,0x00FFCD00,0x00FFCD00,0x00FFCD00,0x00FFCD00,0x00FFCD00,
0x00FFCD00,0x00FFCD00,0x00FFCD00,0x00FFCD00,0x00FFCD00,0x00FFCD00,0x00FFCD00,0x00FFCD00,0x00FFCD00,0x00FFCD00,0x00FFCD00,0x00FFCD00,
0x00FFCD00,0x00FFCD00,0x00FFCD00,0x00FFCD00,0x00FFCD00,0x00FFCD00,0x00FFCD00,0x00FFCD00,0x00FFCD00,0x00FFCD00,0x00FFCD00,0x00FFCD00,
0x00FFCD00,0x00FFCD00,0x00FFCD00,0x00FFCD00,0x00FFCD00,0x00FFCD00,0x00FFCD00,0x00FFCD00,0x00FFCD00,0x00FFCD00,0x00FFCD00,0x00FFCD00,
0x00FFCD00,0x00FFCD00,0x00FFCD00,0x00FFCD00,0x00FFCD00,0x00FFCD00,0x00FFCD00,0x00FFCD00,0x00FFCD00,0x00FFCD00,0x00FFCD00,0x00FFCD00,
0x00FFCD00,0x00FFCD00,0x00FFCD00,0x00FFCD00,0x00FFCD00,0x00FFCD00,0x00FFCD00,0x00FFCD00,0x00FFCD00,0x00FFCD00,0x00FFCD00,0x00FFCD00,
0x00FFCD00,0x00FFCD00,0x00FFCD00,0x00FFCD00,0x00FFCD00,0x00FFCD00,0x00FFCD00,0x00FFCD00,0x00FFCD00,0x00FFCD00,0x00FFCD00,0x00FFCD00,
0x00FFCD00,0x00FFCD00,0x00FFCD00,0x00FFCD00,0x00FFCD00,0x00FFCD00,0x00FFCD00,0x00FFCD00,0x00FFCD00,0x00FFCD00,0x00FFCD00,0x00FFCD00,
0x00FFCD00,0x00FFCD00,0x00FFCD00,0x00FFCD00,0x00FFCD00,0x00FFCD00,0x00FFCD00,0x00FFCD00,0x00FFCD00,0x00FFCD00,0x00FFCD00,0x00FFCD00,
0x00FFCD00,0x00FFCD00,0x00FFCD00,0x00FFCD00,0x00FFCD00,0x00FFCD00,0x00FFCD00,0x00FFCD00,0x00FFCD00,0x00FFCD00,0x00FFCD00,0x00FFCD00,
0x00FFCD00,0x00FFCD00,0x00FFCD00,0x00FFCD00,0x00FFCD00,0x00FFCD00,0x00FFCD00,0x00FFCD00,0x00FFCD00,0x00FFCD00,0x00FFCD00,0x00FFCD00,
0x00FFCD00,0x00FFCD00,0x00FFCD00,0x00FFCD00,0x00FFCD00,0x00FFCD00,0x00FFCD00,0x00FFCD00,0x00FFCD00,0x00FFCD00,0x00FFCD00,0x00FFCD00,
0x00FFCD00,0x00FFCD00,0x00FFCD00,0x00FFCD00,0x00FFCD00,0x00FFCD00,0x00FFCD00,0x00FFCD00,0x00FFCD00,0x00FFCD00,0x00FFCD00,0x00FFCD00,
0x00FFCD00,0x00FFCD00,0x00FFCD00,0x00FFCD00,0x00FFCD00,0x00FFCD00,0x00FFCD00,0x00FFCD00,0x00FFCD00,0x00FFCD00,0x00FFCD00,0x00FFCD00,
0x00FFCD00,0x00FFCD00,0x00FFCD00,0x00FFCD00,0x00FFCD00,0x00FFCD00,0x00FFCD00,0x00FFCD00,0x00FFCD00,0x00FFCD00,0x00FFCD00,0x00FFCD00,
0x00FFCD00,0x00FFCD00,0x00FFCD00,0x00FFCD00,0x00FFCD00,0x00FFCD00,0x00FFCD00,0x00FFCD00,0x00FFCD00,0x00FFCD00,0x00FFCD00,0x00FFCD00,
0x00FFCD00,0x00FFCD00,0x00FFCD00,0x00FFCD00,0x00FFCD00,0x00FFCD00,0x00FFCD00,0x00FFCD00,0x00FFCD00,0x00FFCD00,0x00FFCD00,0x00FFCD00,
0x00FFCD00,0x00FFCD00,0x00FFCD00,0x00FFCD00,0x00FFCD00,0x00FFCD00,0x00FFCD00,0x00FFCD00,0x00FFCD00,0x00FFCD00,0x00FFCD00,0x00FFCD00,
0x00FFCD00,0x00FFCD00,0x00FFCD00,0x00FFCD00,0x00FFCD00,0x00FFCD00,0x00FFCD00,0x00FFCD00,0x00FFCD00,0x00FFCD00,0x00FFCD00,0x00FFCD00,
0x00FFCD00,0x00FFCD00,0x00FFCD00,0x00FFCD00,0x00FFCD00,0x00FFCD00,0x00FFCD00,0x00FFCD00,0x00FFCD00,0x00FFCD00,0x00FFCD00,0x00FFCD00,
0x00FFCD00,0x00FFCD00,0x00FFCD00,0x00FFCD00,0x00FFCD00,0x00FFCD00,0x00FFCD00,0x00FFCD00,0x00FFCD00,0x00FFCD00,0x00FFCD00,0x00FFCD00,
0x00FFCD00,0x00FFCD00,0x00FFCD00,0x00FFCD00,0x00FFCD00,0x00FFCD00,0x00FFCD00,0x00FFCD00,0x00FFCD00,0x00FFCD00,0x00FFCD00,0x00FFCD00,
0x00FFCD00,0x00FFCD00,0x00FFCD00,0x00FFCD00,0x00FFCD00,0x00FFCD00,0x00FFCD00,0x00FFCD00,0x00FFCD00,0x00FFCD00,0x00FFCD00,0x00FFCD00,
0x00FFCD00,0x00FFCD00,0x00FFCD00,0x00FFCD00,0x00FFCD00,0x00FFCD00,0x00FFCD00,0x00FFCD00,0x00FFCD00,0x00FFCD00,0x00FFCD00,0x00FFCD00,
0x00FFCD00,0x00FFCD00,0x00FFCD00,0x00FFCD00,0x00FFCD00,0x00FFCD00,0x00FFCD00,0x00FFCD00,0x00FFCD00,0x00FFCD00,0x00FFCD00,0x00FFCD00,
0x00FFCD00,0x00FFCD00,0x00FFCD00,0x00FFCD00,0x00FFCD00,0x00FFCD00,0x00FFCD00,0x00FFCD00,0x00FFCD00,0x00FFCD00,0x00FFCD00,0x00FFCD00,
0x00FFCD00,0x00FFCD00,0x00FFCD00,0x00FFCD00,0x00FFCD00,0x00FFCD00,0x00FFCD00,0x00FFCD00,0x00FFCD00,0x00FFCD00,0x00FFCD00,0x00FFCD00,
0x00FFCD00,0x00FFCD00,0x00FFCD00,0x00FFCD00,0x00FFCD00,0x00FFCD00,0x00FFCD00,0x00FFCD00,0x00FFCD00,0x00FFCD00,0x00FFCD00,0x00FFCD00,
0x00FFCD00,0x00FFCD00,0x00FFCD00,0x00FFCD00,0x00FFCD00,0x00FFCD00,0x00FFCD00,0x00FFCD00,0x00FFCD00,0x00FFCD00,0x00FFCD00,0x00FFCD00,
0x00FFCD00,0x00FFCD00,0x00FFCD00,0x00FFCD00,0x00FFCD00,0x00FFCD00,0x00FFCD00,0x00FFCD00,0x00FFCD00,0x00FFCD00,0x00FFCD00,0x00FFCD00,
0x00FFCD00,0x00FFCD00,0x00FFCD00,0x00FFCD00,0x00FFCD00,0x00FFCD00,0x00FFCD00,0x00FFCD00,0x00FFCD00,0x00FFCD00,0x00FFCD00,0x00FFCD00,
0x00FFCD00,0x00FFCD00,0x00FFCD00,0x00FFCD00,0x00FFCD00,0x00FFCD00,0x00FFCD00,0x00FFCD00,0x00FFCD00,0x00FFCD00,0x00FFCD00,0x00FFCD00,
0x00FFCD00,0x00FFCD00,0x00FFCD00,0x00FFCD00,0x00FFCD00,0x00FFCD00,0x00FFCD00,0x00FFCD00,0x00FFCD00,0x00FFCD00,0x00FFCD00,0x00FFCD00,
0x00FFCD00,0x00FFCD00,0x00FFCD00,0x00FFCD00,0x00FFCD00,0x00FFCD00,0x00FFCD00,0x00FFCD00,0x00FFCD00,0x00FFCD00,0x00FFCD00,0x00FFCD00,
0x00FFCD00,0x00FFCD00,0x00FFCD00,0x00FFCD00,0x00FFCD00,0x00FFCD00,0x00FFCD00,0x00FFCD00,0x00FFCD00,0x00FFCD00,0x00FFCD00,0x00FFCD00,
0x00FFCD00,0x00FFCD00,0x00FFCD00,0x00FFCD00,0x00FFCD00,0x00FFCD00,0x00FFCD00,0x00FFCD00,0x00FFCD00,0x00FFCD00,0x00FFCD00,0x00FFCD00,
0x00FFCD00,0x00FFCD00,0x00FFCD00,0x00FFCD00,0x00FFCD00,0x00FFCD00,0x00FFCD00,0x00FFCD00,0x00FFCD00,0x00FFCD00,0x00FFCD00,0x00FFCD00,
0x00FFCD00,0x00FFCD00,0x00FFCD00,0x00FFCD00,0x00FFCD00,0x00FFCD00,0x00FFCD00,0x00FFCD00,0x00FFCD00,0x00FFCD00,0x00FFCD00,0x00FFCD00,
0x00FFCD00,0x00FFCD00,0x00FFCD00,0x00FFCD00,0x00FFCD00,0x00FFCD00,0x00FFCD00,0x00FFCD00,0x00FFCD00,0x00FFCD00,0x00FFCD00,0x00FFCD00,
0x00FFCD00,0x00FFCD00,0x00FFCD00,0x00FFCD00,0x00FFCD00,0x00FFCD00,0x00FFCD00,0x00FFCD00,0x00FFCD00,0x00FFCD00,0x00FFCD00,0x00FFCD00,
0x00FFCD00,0x00FFCD00,0x00FFCD00,0x00FFCD00,0x00FFCD00,0x00FFCD00,0x00FFCD00,0x00FFCD00,0x00FFCD00,0x00FFCD00,0x00FFCD00,0x00FFCD00,
0x00FFCD00,0x00FFCD00,0x00FFCD00,0x00FFCD00,0x00FFCD00,0x00FFCD00,0x00FFCD00,0x00FFCD00,0x00FFCD00,0x00FFCD00,0x00FFCD00,0x00FFCD00,
0x00FFCD00,0x00FFCD00,0x00FFCD00,0x00FFCD00,0x00FFCD00,0x00FFCD00,0x00FFCD00,0x00FFCD00,0x00FFCD00,0x00FFCD00,0x00FFCD00,0x00FFCD00,
0x00FFCD00,0x00FFCD00,0x00FFCD00,0x00FFCD00,0x00FFCD00,0x00FFCD00,0x00FFCD00,0x00FFCD00,0x00FFCD00,0x00FFCD00,0x00FFCD00,0x00FFCD00,
0x00FFCD00,0x00FFCD00,0x00FFCD00,0x00FFCD00,0x00FFCD00,0x00FFCD00,0x00FFCD00,0x00FFCD00,0x00FFCD00,0x00FFCD00,0x00FFCD00,0x00FFCD00,
0x00FFCD00,0x00FFCD00,0x00FFCD00,0x00FFCD00,0x00FFCD00,0x00FFCD00,0x00FFCD00,0x00FFCD00,0x00FFCD00,0x00FFCD00,0x00FFCD00,0x00FFCD00,
0x00FFCD00,0x00FFCD00,0x00FFCD00,0x00FFCD00,0x00FFCD00,0x00FFCD00,0x00FFCD00,0x00FFCD00,0x00FFCD00,0x00FFCD00,0x00FFCD00,0x00FFCD00,
0x00FFCD00,0x00FFCD00,0x00FFCD00,0x00FFCD00,0x00FFCD00,0x00FFCD00,0x00FFCD00,0x00FFCD00,0x00FFCD00,0x00FFCD00,0x00FFCD00,0x00FFCD00,
0x00FFCD00,0x00FFCD00,0x00FFCD00,0x00FFCD00,0x00FFCD00,0x00FFCD00,0x00FFCD00,0x00FFCD00,0x00FFCD00,0x00FFCD00,0x00FFCD00,0x00FFCD00,
0x00FFCD00,0x00FFCD00,0x00FFCD00,0x00FFCD00,0x00FFCD00,0x00FFCD00,0x00FFCD00,0x00FFCD00,0x00FFCD00,0x00FFCD00,0x00FFCD00,0x00FFCD00,
0x00FFCD00,0x00FFCD00,0x00FFCD00,0x00FFCD00,0x00FFCD00,0x00FFCD00,0x00FFCD00,0x00FFCD00,0x00FFCD00,0x00FFCD00,0x00FFCD00,0x00FFCD00,
0x00FFCD00,0x00FFCD00,0x00FFCD00,0x00FFCD00,0x00FFCD00,0x00FFCD00,0x00FFCD00,0x00FFCD00,0x00FFCD00,0x00FFCD00,0x00FFCD00,0x00FFCD00,
0x00FFCD00,0x00FFCD00,0x00FFCD00,0x00FFCD00,0x00FFCD00,0x00FFCD00,0x00FFCD00,0x00FFCD00,0x00FFCD00,0x00FFCD00,0x00FFCD00,0x00FFCD00,
0x00FFCD00,0x00FFCD00,0x00FFCD00,0x00FFCD00,0x00FFCD00,0x00FFCD00,0x00FFCD00,0x00FFCD00,0x00FFCD00,0x00FFCD00,0x00FFCD00,0x00FFCD00,
0x00FFCD00,0x00FFCD00,0x00FFCD00,0x00FFCD00,0x00FFCD00,0x00FFCD00,0x00FFCD00,0x00FFCD00,0x00FFCD00,0x00FFCD00,0x00FFCD00,0x00FFCD00,
0x00FFCD00,0x00FFCD00,0x00FFCD00,0x00FFCD00,0x00FFCD00,0x00FFCD00,0x00FFCD00,0x00FFCD00,0x00FFCD00,0x00FFCD00,0x00FFCD00,0x00FFCD00,
0x00FFCD00,0x00FFCD00,0x00FFCD00,0x00FFCD00,0x00FFCD00,0x00FFCD00,0x00FFCD00,0x00FFCD00,0x00FFCD00,0x00FFCD00,0x00FFCD00,0x00FFCD00,
0x00FFCD00,0x00FFCD00,0x00FFCD00,0x00FFCD00,0x00FFCD00,0x00FFCD00,0x00FFCD00,0x00FFCD00,0x00FFCD00,0x00FFCD00,0x00FFCD00,0x00FFCD00,
0x00FFCD00,0x00FFCD00,0x00FFCD00,0x00FFCD00,0x00FFCD00,0x00FFCD00,0x00FFCD00,0x00FFCD00,0x00FFCD00,0x00FFCD00,0x00FFCD00,0x00FFCD00,
0x00FFCD00,0x00FFCD00,0x00FFCD00,0x00FFCD00,0x00FFCD00,0x00FFCD00,0x00FFCD00,0x00FFCD00,0x00FFCD00,0x00FFCD00,0x00FFCD00,0x00FFCD00,
0x00FFCD00,0x00FFCD00,0x00FFCD00,0x00FFCD00,0x00FFCD00,0x00FFCD00,0x00FFCD00,0x00FFCD00,0x00FFCD00,0x00FFCD00,0x00FFCD00,0x00FFCD00,
0x00FFCD00,0x00FFCD00,0x00FFCD00,0x00FFCD00,0x00FFCD00,0x00FFCD00,0x00FFCD00,0x00FFCD00,0x00FFCD00,0x00FFCD00,0x00FFCD00,0x00FFCD00,
0x00FFCD00,0x00FFCD00,0x00FFCD00,0x00FFCD00,0x00FFCD00,0x00FFCD00,0x00FFCD00,0x00FFCD00,0x00FFCD00,0x00FFCD00,0x00FFCD00,0x00FFCD00,
0x00FFCD00,0x00FFCD00,0x00FFCD00,0x00FFCD00,0x00FFCD00,0x00FFCD00,0x00FFCD00,0x00FFCD00,0x00FFCD00,0x00FFCD00,0x00FFCD00,0x00FFCD00,
0x00FFCD00,0x00FFCD00,0x00FFCD00,0x00FFCD00,0x00FFCD00,0x00FFCD00,0x00FFCD00,0x00FFCD00,0x00FFCD00,0x00FFCD00,0x00FFCD00,0x00FFCD00,
0x00FFCD00,0x00FFCD00,0x00FFCD00,0x00FFCD00,0x00FFCD00,0x00FFCD00,0x00FFCD00,0x00FFCD00,0x00FFCD00,0x00FFCD00,0x00FFCD00,0x00FFCD00,
0x00FFCD00,0x00FFCD00,0x00FFCD00,0x00FFCD00,0x00FFCD00,0x00FFCD00,0x00FFCD00,0x00FFCD00,0x00FFCD00,0x00FFCD00,0x00FFCD00,0x00FFCD00,
0x00FFCD00,0x00FFCD00,0x00FFCD00,0x00FFCD00,0x00FFCD00,0x00FFCD00,0x00FFCD00,0x00FFCD00,0x00FFCD00,0x00FFCD00,0x00FFCD00,0x00FFCD00,
0x00FFCD00,0x00FFCD00,0x00FFCD00,0x00FFCD00,0x00FFCD00,0x00FFCD00,0x00FFCD00,0x00FFCD00,0x00FFCD00,0x00FFCD00,0x00FFCD00,0x00FFCD00,
0x00FFCD00,0x00FFCD00,0x00FFCD00,0x00FFCD00,0x00FFCD00,0x00FFCD00,0x00FFCD00,0x00FFCD00,0x00FFCD00,0x00FFCD00,0x00FFCD00,0x00FFCD00,
0x00FFCD00,0x00FFCD00,0x00FFCD00,0x00FFCD00,0x00FFCD00,0x00FFCD00,0x00FFCD00,0x00FFCD00,0x00FFCD00,0x00FFCD00,0x00FFCD00,0x00FFCD00,
0x00FFCD00,0x00FFCD00,0x00FFCD00,0x00FFCD00,0x00FFCD00,0x00FFCD00,0x00FFCD00,0x00FFCD00,0x00FFCD00,0x00FFCD00,0x00FFCD00,0x00FFCD00,
0x00FFCD00,0x00FFCD00,0x00FFCD00,0x00FFCD00,0x00FFCD00,0x00FFCD00,0x00FFCD00,0x00FFCD00,0x00FFCD00,0x00FFCD00,0x00FFCD00,0x00FFCD00,
0x00FFCD00,0x00FFCD00,0x00FFCD00,0x00FFCD00,0x89FFCD00,0xDFFFCD00,0xDFFFCD00,0x89FFCD00,0x00FFCD00,0x00FFCD00,0x00FFCD00,0x00FFCD00,
0x00FFCD00,0x00FFCD00,0x00FFCD00,0x00FFCD00,0x00FFCD00,0x00FFCD00,0x00FFCD00,0x00FFCD00,0x00FFCD00,0x00FFCD00,0x00FFCD00,0x00FFCD00,
0x00FFCD00,0x00FFCD00,0x00FFCD00,0x00FFCD00,0x00FFCD00,0x00FFCD00,0x00FFCD00,0x00FFCD00,0x00FFCD00,0x00FFCD00,0x00FFCD00,0x00FFCD00,
0x00FFCD00,0x00FFCD00,0x00FFCD00,0x00FFCD00,0x00FFCD00,0x00FFCD00,0x00FFCD00,0x00FFCD00,0x00FFCD00,0x00FFCD00,0x00FFCD00,0x00FFCD00,
0x00FFCD00,0x00FFCD00,0x00FFCD00,0x00FFCD00,0x00FFCD00,0x00FFCD00,0x00FFCD00,0x00FFCD00,0x00FFCD00,0x00FFCD00,0x00FFCD00,0x00FFCD00,
0x00FFCD00,0x00FFCD00,0x00FFCD00,0x00FFCD00,0x00FFCD00,0x00FFCD00,0x00FFCD00,0x00FFCD00,0x00FFCD00,0x00FFCD00,0x00FFCD00,0x00FFCD00,
0x00FFCD00,0x00FFCD00,0x00FFCD00,0x89FFCD00,0xEBFFCD00,0xEBFFCD00,0xEBFFCD00,0xEBFFCD00,0x9EFFCD00,0x00FFCD00,0x00FFCD00,0x00FFCD00,
0x00FFCD00,0x00FFCD00,0x00FFCD00,0x00FFCD00,0x00FFCD00,0x00FFCD00,0x00FFCD00,0x00FFCD00,0x00FFCD00,0x00FFCD00,0x00FFCD00,0x00FFCD00,
0x00FFCD00,0x00FFCD00,0x00FFCD00,0x00FFCD00,0x00FFCD00,0x00FFCD00,0x00FFCD00,0x00FFCD00,0x00FFCD00,0x00FFCD00,0x00FFCD00,0x00FFCD00,
0x00FFCD00,0x00FFCD00,0x00FFCD00,0x00FFCD00,0x00FFCD00,0x00FFCD00,0x00FFCD00,0x00FFCD00,0x00FFCD00,0x00FFCD00,0x00FFCD00,0x00FFCD00,
0x00FFCD00,0x00FFCD00,0x00FFCD00,0x00FFCD00,0x00FFCD00,0x00FFCD00,0x00FFCD00,0x00FFCD00,0x00FFCD00,0x00FFCD00,0x00FFCD00,0x00FFCD00,
0x00FFCD00,0x00FFCD00,0x00FFCD00,0x00FFCD00,0x00FFCD00,0x00FFCD00,0x00FFCD00,0x00FFCD00,0x00FFCD00,0x00FFCD00,0x00FFCD00,0x00FFCD00,
0x00FFCD00,0x00FFCD00,0x00FFCD00,0xDFFFCD00,0xEBFFCD00,0xEBFFCD00,0xEBFFCD00,0xEBFFCD00,0xEBFFCD00,0x9EFFCD00,0x00FFCD00,0x00FFCD00,
0x00FFCD00,0x00FFCD00,0x00FFCD00,0x00FFCD00,0x00FFCD00,0x00FFCD00,0x00FFCD00,0x00FFCD00,0x00FFCD00,0x00FFCD00,0x00FFCD00,0x00FFCD00,
0x00FFCD00,0x00FFCD00,0x00FFCD00,0x00FFCD00,0x00FFCD00,0x00FFCD00,0x00FFCD00,0x00FFCD00,0x00FFCD00,0x00FFCD00,0x00FFCD00,0x00FFCD00,
0x00FFCD00,0x00FFCD00,0x00FFCD00,0x00FFCD00,0x00FFCD00,0x00FFCD00,0x00FFCD00,0x00FFCD00,0x00FFCD00,0x00FFCD00,0x00FFCD00,0x00FFCD00,
0x00FFCD00,0x00FFCD00,0x00FFCD00,0x00FFCD00,0x00FFCD00,0x00FFCD00,0x00FFCD00,0x00FFCD00,0x00FFCD00,0x00FFCD00,0x00FFCD00,0x00FFCD00,
0x00FFCD00,0x00FFCD00,0x00FFCD00,0x00FFCD00,0x00FFCD00,0x00FFCD00,0x00FFCD00,0x00FFCD00,0x00FFCD00,0x00FFCD00,0x00FFCD00,0x00FFCD00,
0x00FFCD00,0x00FFCD00,0x00FFCD00,0xDFFFCD00,0xEBFFCD00,0xEBFFCD00,0xEBFFCD00,0xEBFFCD00,0xEBFFCD00,0xEBFFCD00,0x9EFFCD00,0x00FFCD00,
0x00FFCD00,0x00FFCD00,0x00FFCD00,0x00FFCD00,0x00FFCD00,0x00FFCD00,0x00FFCD00,0x00FFCD00,0x00FFCD00,0x00FFCD00,0x00FFCD00,0x00FFCD00,
0x00FFCD00,0x00FFCD00,0x00FFCD00,0x00FFCD00,0x00FFCD00,0x00FFCD00,0x00FFCD00,0x00FFCD00,0x00FFCD00,0x00FFCD00,0x00FFCD00,0x00FFCD00,
0x00FFCD00,0x00FFCD00,0x00FFCD00,0x00FFCD00,0x00FFCD00,0x00FFCD00,0x00FFCD00,0x00FFCD00,0x00FFCD00,0x00FFCD00,0x00FFCD00,0x00FFCD00,
0x00FFCD00,0x00FFCD00,0x00FFCD00,0x00FFCD00,0x00FFCD00,0x00FFCD00,0x00FFCD00,0x00FFCD00,0x00FFCD00,0x00FFCD00,0x00FFCD00,0x00FFCD00,
0x00FFCD00,0x00FFCD00,0x00FFCD00,0x00FFCD00,0x00FFCD00,0x00FFCD00,0x00FFCD00,0x00FFCD00,0x00FFCD00,0x00FFCD00,0x00FFCD00,0x00FFCD00,
0x00FFCD00,0x00FFCD00,0x00FFCD00,0x89FFCD00,0xEBFFCD00,0xEBFFCD00,0xEBFFCD00,0xEBFFCD00,0xEBFFCD00,0xEBFFCD00,0xEBFFCD00,0x9EFFCD00,
0x00FFCD00,0x00FFCD00,0x00FFCD00,0x00FFCD00,0x00FFCD00,0x00FFCD00,0x00FFCD00,0x00FFCD00,0x00FFCD00,0x00FFCD00,0x00FFCD00,0x00FFCD00,
0x00FFCD00,0x00FFCD00,0x00FFCD00,0x00FFCD00,0x00FFCD00,0x00FFCD00,0x00FFCD00,0x00FFCD00,0x00FFCD00,0x00FFCD00,0x00FFCD00,0x00FFCD00,
0x00FFCD00,0x00FFCD00,0x00FFCD00,0x00FFCD00,0x00FFCD00,0x00FFCD00,0x00FFCD00,0x00FFCD00,0x00FFCD00,0x00FFCD00,0x00FFCD00,0x00FFCD00,
0x00FFCD00,0x00FFCD00,0x00FFCD00,0x00FFCD00,0x00FFCD00,0x00FFCD00,0x00FFCD00,0x00FFCD00,0x00FFCD00,0x00FFCD00,0x00FFCD00,0x00FFCD00,
0x00FFCD00,0x00FFCD00,0x00FFCD00,0x00FFCD00,0x00FFCD00,0x00FFCD00,0x00FFCD00,0x00FFCD00,0x00FFCD00,0x00FFCD00,0x00FFCD00,0x00FFCD00,
0x00FFCD00,0x00FFCD00,0x00FFCD00,0x00FFCD00,0x9EFFCD00,0xEBFFCD00,0xEBFFCD00,0xEBFFCD00,0xEBFFCD00,0xEBFFCD00,0xEBFFCD00,0xEBFFCD00,
0x9EFFCD00,0x00FFCD00,0x00FFCD00,0x00FFCD00,0x00FFCD00,0x00FFCD00,0x00FFCD00,0x00FFCD00,0x00FFCD00,0x00FFCD00,0x00FFCD00,0x00FFCD00,
0x00FFCD00,0x00FFCD00,0x00FFCD00,0x00FFCD00,0x00FFCD00,0x00FFCD00,0x00FFCD00,0x00FFCD00,0x00FFCD00,0x00FFCD00,0x00FFCD00,0x00FFCD00,
0x00FFCD00,0x00FFCD00,0x00FFCD00,0x00FFCD00,0x00FFCD00,0x00FFCD00,0x00FFCD00,0x00FFCD00,0x00FFCD00,0x00FFCD00,0x00FFCD00,0x00FFCD00,
0x00FFCD00,0x00FFCD00,0x00FFCD00,0x00FFCD00,0x00FFCD00,0x00FFCD00,0x00FFCD00,0x00FFCD00,0x00FFCD00,0x00FFCD00,0x00FFCD00,0x00FFCD00,
0x00FFCD00,0x00FFCD00,0x00FFCD00,0x00FFCD00,0x00FFCD00,0x00FFCD00,0x00FFCD00,0x00FFCD00,0x00FFCD00,0x00FFCD00,0x00FFCD00,0x00FFCD00,
0x00FFCD00,0x00FFCD00,0x00FFCD00,0x00FFCD00,0x00FFCD00,0x9EFFCD00,0xEBFFCD00,0xEBFFCD00,0xEBFFCD00,0xEBFFCD00,0xEBFFCD00,0xEBFFCD00,
0xEBFFCD00,0x9EFFCD00,0x00FFCD00,0x00FFCD00,0x00FFCD00,0x00FFCD00,0x00FFCD00,0x00FFCD00,0x00FFCD00,0x00FFCD00,0x00FFCD00,0x00FFCD00,
0x00FFCD00,0x00FFCD00,0x00FFCD00,0x00FFCD00,0x00FFCD00,0x00FFCD00,0x00FFCD00,0x00FFCD00,0x00FFCD00,0x00FFCD00,0x00FFCD00,0x00FFCD00,
0x00FFCD00,0x00FFCD00,0x00FFCD00,0x00FFCD00,0x00FFCD00,0x00FFCD00,0x00FFCD00,0x00FFCD00,0x00FFCD00,0x00FFCD00,0x00FFCD00,0x00FFCD00,
0x00FFCD00,0x00FFCD00,0x00FFCD00,0x00FFCD00,0x00FFCD00,0x00FFCD00,0x00FFCD00,0x00FFCD00,0x00FFCD00,0x00FFCD00,0x00FFCD00,0x00FFCD00,
0x00FFCD00,0x00FFCD00,0x00FFCD00,0x00FFCD00,0x00FFCD00,0x00FFCD00,0x00FFCD00,0x00FFCD00,0x00FFCD00,0x00FFCD00,0x00FFCD00,0x00FFCD00,
0x00FFCD00,0x00FFCD00,0x00FFCD00,0x00FFCD00,0x00FFCD00,0x00FFCD00,0x9EFFCD00,0xEBFFCD00,0xEBFFCD00,0xEBFFCD00,0xEBFFCD00,0xEBFFCD00,
0xEBFFCD00,0xEBFFCD00,0x9EFFCD00,0x00FFCD00,0x00FFCD00,0x00FFCD00,0x00FFCD00,0x00FFCD00,0x00FFCD00,0x00FFCD00,0x00FFCD00,0x00FFCD00,
0x00FFCD00,0x00FFCD00,0x00FFCD00,0x00FFCD00,0x00FFCD00,0x00FFCD00,0x00FFCD00,0x00FFCD00,0x00FFCD00,0x00FFCD00,0x00FFCD00,0x00FFCD00,
0x00FFCD00,0x00FFCD00,0x00FFCD00,0x00FFCD00,0x00FFCD00,0x00FFCD00,0x00FFCD00,0x00FFCD00,0x00FFCD00,0x00FFCD00,0x00FFCD00,0x00FFCD00,
0x00FFCD00,0x00FFCD00,0x00FFCD00,0x00FFCD00,0x00FFCD00,0x00FFCD00,0x00FFCD00,0x00FFCD00,0x00FFCD00,0x00FFCD00,0x00FFCD00,0x00FFCD00,
0x00FFCD00,0x00FFCD00,0x00FFCD00,0x00FFCD00,0x00FFCD00,0x00FFCD00,0x00FFCD00,0x00FFCD00,0x00FFCD00,0x00FFCD00,0x00FFCD00,0x00FFCD00,
0x00FFCD00,0x00FFCD00,0x00FFCD00,0x00FFCD00,0x00FFCD00,0x00FFCD00,0x00FFCD00,0x9EFFCD00,0xEBFFCD00,0xEBFFCD00,0xEBFFCD00,0xEBFFCD00,
0xEBFFCD00,0xEBFFCD00,0xEBFFCD00,0x9EFFCD00,0x00FFCD00,0x00FFCD00,0x00FFCD00,0x00FFCD00,0x00FFCD00,0x00FFCD00,0x00FFCD00,0x00FFCD00,
0x00FFCD00,0x00FFCD00,0x00FFCD00,0x00FFCD00,0x00FFCD00,0x00FFCD00,0x00FFCD00,0x00FFCD00,0x00FFCD00,0x00FFCD00,0x00FFCD00,0x00FFCD00,
0x00FFCD00,0x00FFCD00,0x00FFCD00,0x00FFCD00,0x00FFCD00,0x00FFCD00,0x00FFCD00,0x00FFCD00,0x00FFCD00,0x00FFCD00,0x00FFCD00,0x00FFCD00,
0x00FFCD00,0x00FFCD00,0x00FFCD00,0x00FFCD00,0x00FFCD00,0x00FFCD00,0x00FFCD00,0x00FFCD00,0x00FFCD00,0x00FFCD00,0x00FFCD00,0x00FFCD00,
0x00FFCD00,0x00FFCD00,0x00FFCD00,0x00FFCD00,0x00FFCD00,0x00FFCD00,0x00FFCD00,0x00FFCD00,0x00FFCD00,0x00FFCD00,0x00FFCD00,0x00FFCD00,
0x00FFCD00,0x00FFCD00,0x00FFCD00,0x00FFCD00,0x00FFCD00,0x00FFCD00,0x00FFCD00,0x00FFCD00,0x9EFFCD00,0xEBFFCD00,0xEBFFCD00,0xEBFFCD00,
0xEBFFCD00,0xEBFFCD00,0xEBFFCD00,0xEBFFCD00,0x9EFFCD00,0x00FFCD00,0x00FFCD00,0x00FFCD00,0x00FFCD00,0x00FFCD00,0x00FFCD00,0x00FFCD00,
0x00FFCD00,0x00FFCD00,0x00FFCD00,0x00FFCD00,0x00FFCD00,0x00FFCD00,0x00FFCD00,0x00FFCD00,0x00FFCD00,0x00FFCD00,0x00FFCD00,0x00FFCD00,
0x00FFCD00,0x00FFCD00,0x00FFCD00,0x00FFCD00,0x00FFCD00,0x00FFCD00,0x00FFCD00,0x00FFCD00,0x00FFCD00,0x00FFCD00,0x00FFCD00,0x00FFCD00,
0x00FFCD00,0x00FFCD00,0x00FFCD00,0x00FFCD00,0x00FFCD00,0x00FFCD00,0x00FFCD00,0x00FFCD00,0x00FFCD00,0x00FFCD00,0x00FFCD00,0x00FFCD00,
0x00FFCD00,0x00FFCD00,0x00FFCD00,0x00FFCD00,0x00FFCD00,0x00FFCD00,0x00FFCD00,0x00FFCD00,0x00FFCD00,0x00FFCD00,0x00FFCD00,0x00FFCD00,
0x00FFCD00,0x00FFCD00,0x00FFCD00,0x00FFCD00,0x00FFCD00,0x00FFCD00,0x00FFCD00,0x00FFCD00,0x00FFCD00,0x9EFFCD00,0xEBFFCD00,0xEBFFCD00,
0xEBFFCD00,0xEBFFCD00,0xEBFFCD00,0xEBFFCD00,0xEBFFCD00,0x9EFFCD00,0x00FFCD00,0x00FFCD00,0x00FFCD00,0x00FFCD00,0x00FFCD00,0x00FFCD00,
0x00FFCD00,0x00FFCD00,0x00FFCD00,0x00FFCD00,0x00FFCD00,0x00FFCD00,0x00FFCD00,0x00FFCD00,0x00FFCD00,0x00FFCD00,0x00FFCD00,0x00FFCD00,
0x00FFCD00,0x00FFCD00,0x00FFCD00,0x00FFCD00,0x00FFCD00,0x00FFCD00,0x00FFCD00,0x00FFCD00,0x00FFCD00,0x00FFCD00,0x00FFCD00,0x00FFCD00,
0x00FFCD00,0x00FFCD00,0x00FFCD00,0x00FFCD00,0x00FFCD00,0x00FFCD00,0x00FFCD00,0x00FFCD00,0x00FFCD00,0x00FFCD00,0x00FFCD00,0x00FFCD00,
0x00FFCD00,0x00FFCD00,0x00FFCD00,0x00FFCD00,0x00FFCD00,0x00FFCD00,0x00FFCD00,0x00FFCD00,0x00FFCD00,0x00FFCD00,0x00FFCD00,0x00FFCD00,
0x00FFCD00,0x00FFCD00,0x00FFCD00,0x00FFCD00,0x00FFCD00,0x00FFCD00,0x00FFCD00,0x00FFCD00,0x00FFCD00,0x00FFCD00,0x9EFFCD00,0xEBFFCD00,
0xEBFFCD00,0xEBFFCD00,0xEBFFCD00,0xEBFFCD00,0xEBFFCD00,0xEBFFCD00,0x9EFFCD00,0x00FFCD00,0x00FFCD00,0x00FFCD00,0x00FFCD00,0x00FFCD00,
0x00FFCD00,0x00FFCD00,0x00FFCD00,0x00FFCD00,0x00FFCD00,0x00FFCD00,0x00FFCD00,0x00FFCD00,0x00FFCD00,0x00FFCD00,0x00FFCD00,0x00FFCD00,
0x00FFCD00,0x00FFCD00,0x00FFCD00,0x00FFCD00,0x00FFCD00,0x00FFCD00,0x00FFCD00,0x00FFCD00,0x00FFCD00,0x00FFCD00,0x00FFCD00,0x00FFCD00,
0x00FFCD00,0x00FFCD00,0x00FFCD00,0x00FFCD00,0x00FFCD00,0x00FFCD00,0x00FFCD00,0x00FFCD00,0x00FFCD00,0x00FFCD00,0x00FFCD00,0x00FFCD00,
0x00FFCD00,0x00FFCD00,0x00FFCD00,0x00FFCD00,0x00FFCD00,0x00FFCD00,0x00FFCD00,0x00FFCD00,0x00FFCD00,0x00FFCD00,0x00FFCD00,0x00FFCD00,
0x00FFCD00,0x00FFCD00,0x00FFCD00,0x00FFCD00,0x00FFCD00,0x00FFCD00,0x00FFCD00,0x00FFCD00,0x00FFCD00,0x00FFCD00,0x00FFCD00,0x9EFFCD00,
0xEBFFCD00,0xEBFFCD00,0xEBFFCD00,0xEBFFCD00,0xEBFFCD00,0xEBFFCD00,0xEBFFCD00,0x9EFFCD00,0x00FFCD00,0x00FFCD00,0x00FFCD00,0x00FFCD00,
0x00FFCD00,0x00FFCD00,0x00FFCD00,0x00FFCD00,0x00FFCD00,0x00FFCD00,0x00FFCD00,0x00FFCD00,0x00FFCD00,0x00FFCD00,0x00FFCD00,0x00FFCD00,
0x00FFCD00,0x00FFCD00,0x00FFCD00,0x00FFCD00,0x00FFCD00,0x00FFCD00,0x00FFCD00,0x00FFCD00,0x00FFCD00,0x00FFCD00,0x00FFCD00,0x00FFCD00,
0x00FFCD00,0x00FFCD00,0x00FFCD00,0x00FFCD00,0x00FFCD00,0x00FFCD00,0x00FFCD00,0x00FFCD00,0x00FFCD00,0x00FFCD00,0x00FFCD00,0x00FFCD00,
0x00FFCD00,0x00FFCD00,0x00FFCD00,0x00FFCD00,0x00FFCD00,0x00FFCD00,0x00FFCD00,0x00FFCD00,0x00FFCD00,0x00FFCD00,0x00FFCD00,0x00FFCD00,
0x00FFCD00,0x00FFCD00,0x00FFCD00,0x00FFCD00,0x00FFCD00,0x00FFCD00,0x00FFCD00,0x00FFCD00,0x00FFCD00,0x00FFCD00,0x00FFCD00,0x00FFCD00,
0x9EFFCD00,0xEBFFCD00,0xEBFFCD00,0xEBFFCD00,0xEBFFCD00,0xEBFFCD00,0xEBFFCD00,0xEBFFCD00,0x9EFFCD00,0x00FFCD00,0x00FFCD00,0x00FFCD00,
0x00FFCD00,0x00FFCD00,0x00FFCD00,0x00FFCD00,0x00FFCD00,0x00FFCD00,0x00FFCD00,0x00FFCD00,0x00FFCD00,0x00FFCD00,0x00FFCD00,0x00FFCD00,
0x00FFCD00,0x00FFCD00,0x00FFCD00,0x00FFCD00,0x00FFCD00,0x00FFCD00,0x00FFCD00,0x00FFCD00,0x00FFCD00,0x00FFCD00,0x00FFCD00,0x00FFCD00,
0x00FFCD00,0x00FFCD00,0x00FFCD00,0x00FFCD00,0x00FFCD00,0x00FFCD00,0x00FFCD00,0x00FFCD00,0x00FFCD00,0x00FFCD00,0x00FFCD00,0x00FFCD00,
0x00FFCD00,0x00FFCD00,0x00FFCD00,0x00FFCD00,0x00FFCD00,0x00FFCD00,0x00FFCD00,0x00FFCD00,0x00FFCD00,0x00FFCD00,0x00FFCD00,0x00FFCD00,
0x00FFCD00,0x00FFCD00,0x00FFCD00,0x00FFCD00,0x00FFCD00,0x00FFCD00,0x00FFCD00,0x00FFCD00,0x00FFCD00,0x00FFCD00,0x00FFCD00,0x00FFCD00,
0x00FFCD00,0x9EFFCD00,0xEBFFCD00,0xEBFFCD00,0xEBFFCD00,0xEBFFCD00,0xEBFFCD00,0xEBFFCD00,0xEBFFCD00,0x89FFCD00,0x00FFCD00,0x00FFCD00,
0x00FFCD00,0x00FFCD00,0x00FFCD00,0x00FFCD00,0x00FFCD00,0x00FFCD00,0x00FFCD00,0x00FFCD00,0x00FFCD00,0x00FFCD00,0x00FFCD00,0x00FFCD00,
0x00FFCD00,0x00FFCD00,0x00FFCD00,0x00FFCD00,0x00FFCD00,0x00FFCD00,0x00FFCD00,0x00FFCD00,0x00FFCD00,0x00FFCD00,0x00FFCD00,0x00FFCD00,
0x00FFCD00,0x00FFCD00,0x00FFCD00,0x00FFCD00,0x00FFCD00,0x00FFCD00,0x00FFCD00,0x00FFCD00,0x00FFCD00,0x00FFCD00,0x00FFCD00,0x00FFCD00,
0x00FFCD00,0x00FFCD00,0x00FFCD00,0x00FFCD00,0x00FFCD00,0x00FFCD00,0x00FFCD00,0x00FFCD00,0x00FFCD00,0x00FFCD00,0x00FFCD00,0x00FFCD00,
0x00FFCD00,0x00FFCD00,0x00FFCD00,0x00FFCD00,0x00FFCD00,0x00FFCD00,0x00FFCD00,0x00FFCD00,0x00FFCD00,0x00FFCD00,0x00FFCD00,0x00FFCD00,
0x00FFCD00,0x00FFCD00,0x9EFFCD00,0xEBFFCD00,0xEBFFCD00,0xEBFFCD00,0xEBFFCD00,0xEBFFCD00,0xEBFFCD00,0xDFFFCD00,0x00FFCD00,0x00FFCD00,
0x00FFCD00,0x00FFCD00,0x00FFCD00,0x00FFCD00,0x00FFCD00,0x00FFCD00,0x00FFCD00,0x00FFCD00,0x00FFCD00,0x00FFCD00,0x00FFCD00,0x00FFCD00,
0x00FFCD00,0x00FFCD00,0x00FFCD00,0x00FFCD00,0x00FFCD00,0x00FFCD00,0x00FFCD00,0x00FFCD00,0x00FFCD00,0x00FFCD00,0x00FFCD00,0x00FFCD00,
0x00FFCD00,0x00FFCD00,0x00FFCD00,0x00FFCD00,0x00FFCD00,0x00FFCD00,0x00FFCD00,0x00FFCD00,0x00FFCD00,0x00FFCD00,0x00FFCD00,0x00FFCD00,
0x00FFCD00,0x00FFCD00,0x00FFCD00,0x00FFCD00,0x00FFCD00,0x00FFCD00,0x00FFCD00,0x00FFCD00,0x00FFCD00,0x00FFCD00,0x00FFCD00,0x00FFCD00,
0x00FFCD00,0x00FFCD00,0x00FFCD00,0x00FFCD00,0x00FFCD00,0x00FFCD00,0x00FFCD00,0x00FFCD00,0x00FFCD00,0x00FFCD00,0x00FFCD00,0x00FFCD00,
0x00FFCD00,0x00FFCD00,0x9EFFCD00,0xEBFFCD00,0xEBFFCD00,0xEBFFCD00,0xEBFFCD00,0xEBFFCD00,0xEBFFCD00,0xDFFFCD00,0x00FFCD00,0x00FFCD00,
0x00FFCD00,0x00FFCD00,0x00FFCD00,0x00FFCD00,0x00FFCD00,0x00FFCD00,0x00FFCD00,0x00FFCD00,0x00FFCD00,0x00FFCD00,0x00FFCD00,0x00FFCD00,
0x00FFCD00,0x00FFCD00,0x00FFCD00,0x00FFCD00,0x00FFCD00,0x00FFCD00,0x00FFCD00,0x00FFCD00,0x00FFCD00,0x00FFCD00,0x00FFCD00,0x00FFCD00,
0x00FFCD00,0x00FFCD00,0x00FFCD00,0x00FFCD00,0x00FFCD00,0x00FFCD00,0x00FFCD00,0x00FFCD00,0x00FFCD00,0x00FFCD00,0x00FFCD00,0x00FFCD00,
0x00FFCD00,0x00FFCD00,0x00FFCD00,0x00FFCD00,0x00FFCD00,0x00FFCD00,0x00FFCD00,0x00FFCD00,0x00FFCD00,0x00FFCD00,0x00FFCD00,0x00FFCD00,
0x00FFCD00,0x00FFCD00,0x00FFCD00,0x00FFCD00,0x00FFCD00,0x00FFCD00,0x00FFCD00,0x00FFCD00,0x00FFCD00,0x00FFCD00,0x00FFCD00,0x00FFCD00,
0x00FFCD00,0x9EFFCD00,0xEBFFCD00,0xEBFFCD00,0xEBFFCD00,0xEBFFCD00,0xEBFFCD00,0xEBFFCD00,0xEBFFCD00,0x89FFCD00,0x00FFCD00,0x00FFCD00,
0x00FFCD00,0x00FFCD00,0x00FFCD00,0x00FFCD00,0x00FFCD00,0x00FFCD00,0x00FFCD00,0x00FFCD00,0x00FFCD00,0x00FFCD00,0x00FFCD00,0x00FFCD00,
0x00FFCD00,0x00FFCD00,0x00FFCD00,0x00FFCD00,0x00FFCD00,0x00FFCD00,0x00FFCD00,0x00FFCD00,0x00FFCD00,0x00FFCD00,0x00FFCD00,0x00FFCD00,
0x00FFCD00,0x00FFCD00,0x00FFCD00,0x00FFCD00,0x00FFCD00,0x00FFCD00,0x00FFCD00,0x00FFCD00,0x00FFCD00,0x00FFCD00,0x00FFCD00,0x00FFCD00,
0x00FFCD00,0x00FFCD00,0x00FFCD00,0x00FFCD00,0x00FFCD00,0x00FFCD00,0x00FFCD00,0x00FFCD00,0x00FFCD00,0x00FFCD00,0x00FFCD00,0x00FFCD00,
0x00FFCD00,0x00FFCD00,0x00FFCD00,0x00FFCD00,0x00FFCD00,0x00FFCD00,0x00FFCD00,0x00FFCD00,0x00FFCD00,0x00FFCD00,0x00FFCD00,0x00FFCD00,
0x9EFFCD00,0xEBFFCD00,0xEBFFCD00,0xEBFFCD00,0xEBFFCD00,0xEBFFCD00,0xEBFFCD00,0xEBFFCD00,0x9EFFCD00,0x00FFCD00,0x00FFCD00,0x00FFCD00,
0x00FFCD00,0x00FFCD00,0x00FFCD00,0x00FFCD00,0x00FFCD00,0x00FFCD00,0x00FFCD00,0x00FFCD00,0x00FFCD00,0x00FFCD00,0x00FFCD00,0x00FFCD00,
0x00FFCD00,0x00FFCD00,0x00FFCD00,0x00FFCD00,0x00FFCD00,0x00FFCD00,0x00FFCD00,0x00FFCD00,0x00FFCD00,0x00FFCD00,0x00FFCD00,0x00FFCD00,
0x00FFCD00,0x00FFCD00,0x00FFCD00,0x00FFCD00,0x00FFCD00,0x00FFCD00,0x00FFCD00,0x00FFCD00,0x00FFCD00,0x00FFCD00,0x00FFCD00,0x00FFCD00,
0x00FFCD00,0x00FFCD00,0x00FFCD00,0x00FFCD00,0x00FFCD00,0x00FFCD00,0x00FFCD00,0x00FFCD00,0x00FFCD00,0x00FFCD00,0x00FFCD00,0x00FFCD00,
0x00FFCD00,0x00FFCD00,0x00FFCD00,0x00FFCD00,0x00FFCD00,0x00FFCD00,0x00FFCD00,0x00FFCD00,0x00FFCD00,0x00FFCD00,0x00FFCD00,0x9EFFCD00,
0xEBFFCD00,0xEBFFCD00,0xEBFFCD00,0xEBFFCD00,0xEBFFCD00,0xEBFFCD00,0xEBFFCD00,0x9EFFCD00,0x00FFCD00,0x00FFCD00,0x00FFCD00,0x00FFCD00,
0x00FFCD00,0x00FFCD00,0x00FFCD00,0x00FFCD00,0x00FFCD00,0x00FFCD00,0x00FFCD00,0x00FFCD00,0x00FFCD00,0x00FFCD00,0x00FFCD00,0x00FFCD00,
0x00FFCD00,0x00FFCD00,0x00FFCD00,0x00FFCD00,0x00FFCD00,0x00FFCD00,0x00FFCD00,0x00FFCD00,0x00FFCD00,0x00FFCD00,0x00FFCD00,0x00FFCD00,
0x00FFCD00,0x00FFCD00,0x00FFCD00,0x00FFCD00,0x00FFCD00,0x00FFCD00,0x00FFCD00,0x00FFCD00,0x00FFCD00,0x00FFCD00,0x00FFCD00,0x00FFCD00,
0x00FFCD00,0x00FFCD00,0x00FFCD00,0x00FFCD00,0x00FFCD00,0x00FFCD00,0x00FFCD00,0x00FFCD00,0x00FFCD00,0x00FFCD00,0x00FFCD00,0x00FFCD00,
0x00FFCD00,0x00FFCD00,0x00FFCD00,0x00FFCD00,0x00FFCD00,0x00FFCD00,0x00FFCD00,0x00FFCD00,0x00FFCD00,0x00FFCD00,0x9EFFCD00,0xEBFFCD00,
0xEBFFCD00,0xEBFFCD00,0xEBFFCD00,0xEBFFCD00,0xEBFFCD00,0xEBFFCD00,0x9EFFCD00,0x00FFCD00,0x00FFCD00,0x00FFCD00,0x00FFCD00,0x00FFCD00,
0x00FFCD00,0x00FFCD00,0x00FFCD00,0x00FFCD00,0x00FFCD00,0x00FFCD00,0x00FFCD00,0x00FFCD00,0x00FFCD00,0x00FFCD00,0x00FFCD00,0x00FFCD00,
0x00FFCD00,0x00FFCD00,0x00FFCD00,0x00FFCD00,0x00FFCD00,0x00FFCD00,0x00FFCD00,0x00FFCD00,0x00FFCD00,0x00FFCD00,0x00FFCD00,0x00FFCD00,
0x00FFCD00,0x00FFCD00,0x00FFCD00,0x00FFCD00,0x00FFCD00,0x00FFCD00,0x00FFCD00,0x00FFCD00,0x00FFCD00,0x00FFCD00,0x00FFCD00,0x00FFCD00,
0x00FFCD00,0x00FFCD00,0x00FFCD00,0x00FFCD00,0x00FFCD00,0x00FFCD00,0x00FFCD00,0x00FFCD00,0x00FFCD00,0x00FFCD00,0x00FFCD00,0x00FFCD00,
0x00FFCD00,0x00FFCD00,0x00FFCD00,0x00FFCD00,0x00FFCD00,0x00FFCD00,0x00FFCD00,0x00FFCD00,0x00FFCD00,0x9EFFCD00,0xEBFFCD00,0xEBFFCD00,
0xEBFFCD00,0xEBFFCD00,0xEBFFCD00,0xEBFFCD00,0xEBFFCD00,0x9EFFCD00,0x00FFCD00,0x00FFCD00,0x00FFCD00,0x00FFCD00,0x00FFCD00,0x00FFCD00,
0x00FFCD00,0x00FFCD00,0x00FFCD00,0x00FFCD00,0x00FFCD00,0x00FFCD00,0x00FFCD00,0x00FFCD00,0x00FFCD00,0x00FFCD00,0x00FFCD00,0x00FFCD00,
0x00FFCD00,0x00FFCD00,0x00FFCD00,0x00FFCD00,0x00FFCD00,0x00FFCD00,0x00FFCD00,0x00FFCD00,0x00FFCD00,0x00FFCD00,0x00FFCD00,0x00FFCD00,
0x00FFCD00,0x00FFCD00,0x00FFCD00,0x00FFCD00,0x00FFCD00,0x00FFCD00,0x00FFCD00,0x00FFCD00,0x00FFCD00,0x00FFCD00,0x00FFCD00,0x00FFCD00,
0x00FFCD00,0x00FFCD00,0x00FFCD00,0x00FFCD00,0x00FFCD00,0x00FFCD00,0x00FFCD00,0x00FFCD00,0x00FFCD00,0x00FFCD00,0x00FFCD00,0x00FFCD00,
0x00FFCD00,0x00FFCD00,0x00FFCD00,0x00FFCD00,0x00FFCD00,0x00FFCD00,0x00FFCD00,0x00FFCD00,0x9EFFCD00,0xEBFFCD00,0xEBFFCD00,0xEBFFCD00,
0xEBFFCD00,0xEBFFCD00,0xEBFFCD00,0xEBFFCD00,0x9EFFCD00,0x00FFCD00,0x00FFCD00,0x00FFCD00,0x00FFCD00,0x00FFCD00,0x00FFCD00,0x00FFCD00,
0x00FFCD00,0x00FFCD00,0x00FFCD00,0x00FFCD00,0x00FFCD00,0x00FFCD00,0x00FFCD00,0x00FFCD00,0x00FFCD00,0x00FFCD00,0x00FFCD00,0x00FFCD00,
0x00FFCD00,0x00FFCD00,0x00FFCD00,0x00FFCD00,0x00FFCD00,0x00FFCD00,0x00FFCD00,0x00FFCD00,0x00FFCD00,0x00FFCD00,0x00FFCD00,0x00FFCD00,
0x00FFCD00,0x00FFCD00,0x00FFCD00,0x00FFCD00,0x00FFCD00,0x00FFCD00,0x00FFCD00,0x00FFCD00,0x00FFCD00,0x00FFCD00,0x00FFCD00,0x00FFCD00,
0x00FFCD00,0x00FFCD00,0x00FFCD00,0x00FFCD00,0x00FFCD00,0x00FFCD00,0x00FFCD00,0x00FFCD00,0x00FFCD00,0x00FFCD00,0x00FFCD00,0x00FFCD00,
0x00FFCD00,0x00FFCD00,0x00FFCD00,0x00FFCD00,0x00FFCD00,0x00FFCD00,0x00FFCD00,0x9EFFCD00,0xEBFFCD00,0xEBFFCD00,0xEBFFCD00,0xEBFFCD00,
0xEBFFCD00,0xEBFFCD00,0xEBFFCD00,0x9EFFCD00,0x00FFCD00,0x00FFCD00,0x00FFCD00,0x00FFCD00,0x00FFCD00,0x00FFCD00,0x00FFCD00,0x00FFCD00,
0x00FFCD00,0x00FFCD00,0x00FFCD00,0x00FFCD00,0x00FFCD00,0x00FFCD00,0x00FFCD00,0x00FFCD00,0x00FFCD00,0x00FFCD00,0x00FFCD00,0x00FFCD00,
0x00FFCD00,0x00FFCD00,0x00FFCD00,0x00FFCD00,0x00FFCD00,0x00FFCD00,0x00FFCD00,0x00FFCD00,0x00FFCD00,0x00FFCD00,0x00FFCD00,0x00FFCD00,
0x00FFCD00,0x00FFCD00,0x00FFCD00,0x00FFCD00,0x00FFCD00,0x00FFCD00,0x00FFCD00,0x00FFCD00,0x00FFCD00,0x00FFCD00,0x00FFCD00,0x00FFCD00,
0x00FFCD00,0x00FFCD00,0x00FFCD00,0x00FFCD00,0x00FFCD00,0x00FFCD00,0x00FFCD00,0x00FFCD00,0x00FFCD00,0x00FFCD00,0x00FFCD00,0x00FFCD00,
0x00FFCD00,0x00FFCD00,0x00FFCD00,0x00FFCD00,0x00FFCD00,0x00FFCD00,0x9EFFCD00,0xEBFFCD00,0xEBFFCD00,0xEBFFCD00,0xEBFFCD00,0xEBFFCD00,
0xEBFFCD00,0xEBFFCD00,0x9EFFCD00,0x00FFCD00,0x00FFCD00,0x00FFCD00,0x00FFCD00,0x00FFCD00,0x00FFCD00,0x00FFCD00,0x00FFCD00,0x00FFCD00,
0x00FFCD00,0x00FFCD00,0x00FFCD00,0x00FFCD00,0x00FFCD00,0x00FFCD00,0x00FFCD00,0x00FFCD00,0x00FFCD00,0x00FFCD00,0x00FFCD00,0x00FFCD00,
0x00FFCD00,0x00FFCD00,0x00FFCD00,0x00FFCD00,0x00FFCD00,0x00FFCD00,0x00FFCD00,0x00FFCD00,0x00FFCD00,0x00FFCD00,0x00FFCD00,0x00FFCD00,
0x00FFCD00,0x00FFCD00,0x00FFCD00,0x00FFCD00,0x00FFCD00,0x00FFCD00,0x00FFCD00,0x00FFCD00,0x00FFCD00,0x00FFCD00,0x00FFCD00,0x00FFCD00,
0x00FFCD00,0x00FFCD00,0x00FFCD00,0x00FFCD00,0x00FFCD00,0x00FFCD00,0x00FFCD00,0x00FFCD00,0x00FFCD00,0x00FFCD00,0x00FFCD00,0x00FFCD00,
0x00FFCD00,0x00FFCD00,0x00FFCD00,0x00FFCD00,0x00FFCD00,0x9EFFCD00,0xEBFFCD00,0xEBFFCD00,0xEBFFCD00,0xEBFFCD00,0xEBFFCD00,0xEBFFCD00,
0xEBFFCD00,0x9EFFCD00,0x00FFCD00,0x00FFCD00,0x00FFCD00,0x00FFCD00,0x00FFCD00,0x00FFCD00,0x00FFCD00,0x00FFCD00,0x00FFCD00,0x00FFCD00,
0x00FFCD00,0x00FFCD00,0x00FFCD00,0x00FFCD00,0x00FFCD00,0x00FFCD00,0x00FFCD00,0x00FFCD00,0x00FFCD00,0x00FFCD00,0x00FFCD00,0x00FFCD00,
0x00FFCD00,0x00FFCD00,0x00FFCD00,0x00FFCD00,0x00FFCD00,0x00FFCD00,0x00FFCD00,0x00FFCD00,0x00FFCD00,0x00FFCD00,0x00FFCD00,0x00FFCD00,
0x00FFCD00,0x00FFCD00,0x00FFCD00,0x00FFCD00,0x00FFCD00,0x00FFCD00,0x00FFCD00,0x00FFCD00,0x00FFCD00,0x00FFCD00,0x00FFCD00,0x00FFCD00,
0x00FFCD00,0x00FFCD00,0x00FFCD00,0x00FFCD00,0x00FFCD00,0x00FFCD00,0x00FFCD00,0x00FFCD00,0x00FFCD00,0x00FFCD00,0x00FFCD00,0x00FFCD00,
0x00FFCD00,0x00FFCD00,0x00FFCD00,0x00FFCD00,0x9EFFCD00,0xEBFFCD00,0xEBFFCD00,0xEBFFCD00,0xEBFFCD00,0xEBFFCD00,0xEBFFCD00,0xEBFFCD00,
0x9EFFCD00,0x00FFCD00,0x00FFCD00,0x00FFCD00,0x00FFCD00,0x00FFCD00,0x00FFCD00,0x00FFCD00,0x00FFCD00,0x00FFCD00,0x00FFCD00,0x00FFCD00,
0x00FFCD00,0x00FFCD00,0x00FFCD00,0x00FFCD00,0x00FFCD00,0x00FFCD00,0x00FFCD00,0x00FFCD00,0x00FFCD00,0x00FFCD00,0x00FFCD00,0x00FFCD00,
0x00FFCD00,0x00FFCD00,0x00FFCD00,0x00FFCD00,0x00FFCD00,0x00FFCD00,0x00FFCD00,0x00FFCD00,0x00FFCD00,0x00FFCD00,0x00FFCD00,0x00FFCD00,
0x00FFCD00,0x00FFCD00,0x00FFCD00,0x00FFCD00,0x00FFCD00,0x00FFCD00,0x00FFCD00,0x00FFCD00,0x00FFCD00,0x00FFCD00,0x00FFCD00,0x00FFCD00,
0x00FFCD00,0x00FFCD00,0x00FFCD00,0x00FFCD00,0x00FFCD00,0x00FFCD00,0x00FFCD00,0x00FFCD00,0x00FFCD00,0x00FFCD00,0x00FFCD00,0x00FFCD00,
0x00FFCD00,0x00FFCD00,0x00FFCD00,0x89FFCD00,0xEBFFCD00,0xEBFFCD00,0xEBFFCD00,0xEBFFCD00,0xEBFFCD00,0xEBFFCD00,0xEBFFCD00,0x9EFFCD00,
0x00FFCD00,0x00FFCD00,0x00FFCD00,0x00FFCD00,0x00FFCD00,0x00FFCD00,0x00FFCD00,0x00FFCD00,0x00FFCD00,0x00FFCD00,0x00FFCD00,0x00FFCD00,
0x00FFCD00,0x00FFCD00,0x00FFCD00,0x00FFCD00,0x00FFCD00,0x00FFCD00,0x00FFCD00,0x00FFCD00,0x00FFCD00,0x00FFCD00,0x00FFCD00,0x00FFCD00,
0x00FFCD00,0x00FFCD00,0x00FFCD00,0x00FFCD00,0x00FFCD00,0x00FFCD00,0x00FFCD00,0x00FFCD00,0x00FFCD00,0x00FFCD00,0x00FFCD00,0x00FFCD00,
0x00FFCD00,0x00FFCD00,0x00FFCD00,0x00FFCD00,0x00FFCD00,0x00FFCD00,0x00FFCD00,0x00FFCD00,0x00FFCD00,0x00FFCD00,0x00FFCD00,0x00FFCD00,
0x00FFCD00,0x00FFCD00,0x00FFCD00,0x00FFCD00,0x00FFCD00,0x00FFCD00,0x00FFCD00,0x00FFCD00,0x00FFCD00,0x00FFCD00,0x00FFCD00,0x00FFCD00,
0x00FFCD00,0x00FFCD00,0x00FFCD00,0xDFFFCD00,0xEBFFCD00,0xEBFFCD00,0xEBFFCD00,0xEBFFCD00,0xEBFFCD00,0xEBFFCD00,0x9EFFCD00,0x00FFCD00,
0x00FFCD00,0x00FFCD00,0x00FFCD00,0x00FFCD00,0x00FFCD00,0x00FFCD00,0x00FFCD00,0x00FFCD00,0x00FFCD00,0x00FFCD00,0x00FFCD00,0x00FFCD00,
0x00FFCD00,0x00FFCD00,0x00FFCD00,0x00FFCD00,0x00FFCD00,0x00FFCD00,0x00FFCD00,0x00FFCD00,0x00FFCD00,0x00FFCD00,0x00FFCD00,0x00FFCD00,
0x00FFCD00,0x00FFCD00,0x00FFCD00,0x00FFCD00,0x00FFCD00,0x00FFCD00,0x00FFCD00,0x00FFCD00,0x00FFCD00,0x00FFCD00,0x00FFCD00,0x00FFCD00,
0x00FFCD00,0x00FFCD00,0x00FFCD00,0x00FFCD00,0x00FFCD00,0x00FFCD00,0x00FFCD00,0x00FFCD00,0x00FFCD00,0x00FFCD00,0x00FFCD00,0x00FFCD00,
0x00FFCD00,0x00FFCD00,0x00FFCD00,0x00FFCD00,0x00FFCD00,0x00FFCD00,0x00FFCD00,0x00FFCD00,0x00FFCD00,0x00FFCD00,0x00FFCD00,0x00FFCD00,
0x00FFCD00,0x00FFCD00,0x00FFCD00,0xDFFFCD00,0xEBFFCD00,0xEBFFCD00,0xEBFFCD00,0xEBFFCD00,0xEBFFCD00,0x9EFFCD00,0x00FFCD00,0x00FFCD00,
0x00FFCD00,0x00FFCD00,0x00FFCD00,0x00FFCD00,0x00FFCD00,0x00FFCD00,0x00FFCD00,0x00FFCD00,0x00FFCD00,0x00FFCD00,0x00FFCD00,0x00FFCD00,
0x00FFCD00,0x00FFCD00,0x00FFCD00,0x00FFCD00,0x00FFCD00,0x00FFCD00,0x00FFCD00,0x00FFCD00,0x00FFCD00,0x00FFCD00,0x00FFCD00,0x00FFCD00,
0x00FFCD00,0x00FFCD00,0x00FFCD00,0x00FFCD00,0x00FFCD00,0x00FFCD00,0x00FFCD00,0x00FFCD00,0x00FFCD00,0x00FFCD00,0x00FFCD00,0x00FFCD00,
0x00FFCD00,0x00FFCD00,0x00FFCD00,0x00FFCD00,0x00FFCD00,0x00FFCD00,0x00FFCD00,0x00FFCD00,0x00FFCD00,0x00FFCD00,0x00FFCD00,0x00FFCD00,
0x00FFCD00,0x00FFCD00,0x00FFCD00,0x00FFCD00,0x00FFCD00,0x00FFCD00,0x00FFCD00,0x00FFCD00,0x00FFCD00,0x00FFCD00,0x00FFCD00,0x00FFCD00,
0x00FFCD00,0x00FFCD00,0x00FFCD00,0x89FFCD00,0xEBFFCD00,0xEBFFCD00,0xEBFFCD00,0xEBFFCD00,0x9EFFCD00,0x00FFCD00,0x00FFCD00,0x00FFCD00,
0x00FFCD00,0x00FFCD00,0x00FFCD00,0x00FFCD00,0x00FFCD00,0x00FFCD00,0x00FFCD00,0x00FFCD00,0x00FFCD00,0x00FFCD00,0x00FFCD00,0x00FFCD00,
0x00FFCD00,0x00FFCD00,0x00FFCD00,0x00FFCD00,0x00FFCD00,0x00FFCD00,0x00FFCD00,0x00FFCD00,0x00FFCD00,0x00FFCD00,0x00FFCD00,0x00FFCD00,
0x00FFCD00,0x00FFCD00,0x00FFCD00,0x00FFCD00,0x00FFCD00,0x00FFCD00,0x00FFCD00,0x00FFCD00,0x00FFCD00,0x00FFCD00,0x00FFCD00,0x00FFCD00,
0x00FFCD00,0x00FFCD00,0x00FFCD00,0x00FFCD00,0x00FFCD00,0x00FFCD00,0x00FFCD00,0x00FFCD00,0x00FFCD00,0x00FFCD00,0x00FFCD00,0x00FFCD00,
0x00FFCD00,0x00FFCD00,0x00FFCD00,0x00FFCD00,0x00FFCD00,0x00FFCD00,0x00FFCD00,0x00FFCD00,0x00FFCD00,0x00FFCD00,0x00FFCD00,0x00FFCD00,
0x00FFCD00,0x00FFCD00,0x00FFCD00,0x00FFCD00,0x89FFCD00,0xDFFFCD00,0xDFFFCD00,0x89FFCD00,0x00FFCD00,0x00FFCD00,0x00FFCD00,0x00FFCD00,
0x00FFCD00,0x00FFCD00,0x00FFCD00,0x00FFCD00,0x00FFCD00,0x00FFCD00,0x00FFCD00,0x00FFCD00,0x00FFCD00,0x00FFCD00,0x00FFCD00,0x00FFCD00,
0x00FFCD00,0x00FFCD00,0x00FFCD00,0x00FFCD00,0x00FFCD00,0x00FFCD00,0x00FFCD00,0x00FFCD00,0x00FFCD00,0x00FFCD00,0x00FFCD00,0x00FFCD00,
0x00FFCD00,0x00FFCD00,0x00FFCD00,0x00FFCD00,0x00FFCD00,0x00FFCD00,0x00FFCD00,0x00FFCD00,0x00FFCD00,0x00FFCD00,0x00FFCD00,0x00FFCD00,
0x00FFCD00,0x00FFCD00,0x00FFCD00,0x00FFCD00,0x00FFCD00,0x00FFCD00,0x00FFCD00,0x00FFCD00,0x00FFCD00,0x00FFCD00,0x00FFCD00,0x00FFCD00,
0x00FFCD00,0x00FFCD00,0x00FFCD00,0x00FFCD00,0x00FFCD00,0x00FFCD00,0x00FFCD00,0x00FFCD00,0x00FFCD00,0x00FFCD00,0x00FFCD00,0x00FFCD00,
0x00FFCD00,0x00FFCD00,0x00FFCD00,0x00FFCD00,0x00FFCD00,0x00FFCD00,0x00FFCD00,0x00FFCD00,0x00FFCD00,0x00FFCD00,0x00FFCD00,0x00FFCD00,
0x00FFCD00,0x00FFCD00,0x00FFCD00,0x00FFCD00,0x00FFCD00,0x00FFCD00,0x00FFCD00,0x00FFCD00,0x00FFCD00,0x00FFCD00,0x00FFCD00,0x00FFCD00,
0x00FFCD00,0x00FFCD00,0x00FFCD00,0x00FFCD00,0x00FFCD00,0x00FFCD00,0x00FFCD00,0x00FFCD00,0x00FFCD00,0x00FFCD00,0x00FFCD00,0x00FFCD00,
0x00FFCD00,0x00FFCD00,0x00FFCD00,0x00FFCD00,0x00FFCD00,0x00FFCD00,0x00FFCD00,0x00FFCD00,0x00FFCD00,0x00FFCD00,0x00FFCD00,0x00FFCD00,
0x00FFCD00,0x00FFCD00,0x00FFCD00,0x00FFCD00,0x00FFCD00,0x00FFCD00,0x00FFCD00,0x00FFCD00,0x00FFCD00,0x00FFCD00,0x00FFCD00,0x00FFCD00,
0x00FFCD00,0x00FFCD00,0x00FFCD00,0x00FFCD00,0x00FFCD00,0x00FFCD00,0x00FFCD00,0x00FFCD00,0x00FFCD00,0x00FFCD00,0x00FFCD00,0x00FFCD00,
0x00FFCD00,0x00FFCD00,0x00FFCD00,0x00FFCD00,0x00FFCD00,0x00FFCD00,0x00FFCD00,0x00FFCD00,0x00FFCD00,0x00FFCD00,0x00FFCD00,0x00FFCD00,
0x00FFCD00,0x00FFCD00,0x00FFCD00,0x00FFCD00,0x00FFCD00,0x00FFCD00,0x00FFCD00,0x00FFCD00,0x00FFCD00,0x00FFCD00,0x00FFCD00,0x00FFCD00,
0x00FFCD00,0x00FFCD00,0x00FFCD00,0x00FFCD00,0x00FFCD00,0x00FFCD00,0x00FFCD00,0x00FFCD00,0x00FFCD00,0x00FFCD00,0x00FFCD00,0x00FFCD00,
0x00FFCD00,0x00FFCD00,0x00FFCD00,0x00FFCD00,0x00FFCD00,0x00FFCD00,0x00FFCD00,0x00FFCD00,0x00FFCD00,0x00FFCD00,0x00FFCD00,0x00FFCD00,
0x00FFCD00,0x00FFCD00,0x00FFCD00,0x00FFCD00,0x00FFCD00,0x00FFCD00,0x00FFCD00,0x00FFCD00,0x00FFCD00,0x00FFCD00,0x00FFCD00,0x00FFCD00,
0x00FFCD00,0x00FFCD00,0x00FFCD00,0x00FFCD00,0x00FFCD00,0x00FFCD00,0x00FFCD00,0x00FFCD00,0x00FFCD00,0x00FFCD00,0x00FFCD00,0x00FFCD00,
0x00FFCD00,0x00FFCD00,0x00FFCD00,0x00FFCD00,0x00FFCD00,0x00FFCD00,0x00FFCD00,0x00FFCD00,0x00FFCD00,0x00FFCD00,0x00FFCD00,0x00FFCD00,
0x00FFCD00,0x00FFCD00,0x00FFCD00,0x00FFCD00,0x00FFCD00,0x00FFCD00,0x00FFCD00,0x00FFCD00,0x00FFCD00,0x00FFCD00,0x00FFCD00,0x00FFCD00,
0x00FFCD00,0x00FFCD00,0x00FFCD00,0x00FFCD00,0x00FFCD00,0x00FFCD00,0x00FFCD00,0x00FFCD00,0x00FFCD00,0x00FFCD00,0x00FFCD00,0x00FFCD00,
0x00FFCD00,0x00FFCD00,0x00FFCD00,0x00FFCD00,0x00FFCD00,0x00FFCD00,0x00FFCD00,0x00FFCD00,0x00FFCD00,0x00FFCD00,0x00FFCD00,0x00FFCD00,
0x00FFCD00,0x00FFCD00,0x00FFCD00,0x00FFCD00,0x00FFCD00,0x00FFCD00,0x00FFCD00,0x00FFCD00,0x00FFCD00,0x00FFCD00,0x00FFCD00,0x00FFCD00,
0x00FFCD00,0x00FFCD00,0x00FFCD00,0x00FFCD00,0x00FFCD00,0x00FFCD00,0x00FFCD00,0x00FFCD00,0x00FFCD00,0x00FFCD00,0x00FFCD00,0x00FFCD00,
0x00FFCD00,0x00FFCD00,0x00FFCD00,0x00FFCD00,0x00FFCD00,0x00FFCD00,0x00FFCD00,0x00FFCD00,0x00FFCD00,0x00FFCD00,0x00FFCD00,0x00FFCD00,
0x00FFCD00,0x00FFCD00,0x00FFCD00,0x00FFCD00,0x00FFCD00,0x00FFCD00,0x00FFCD00,0x00FFCD00,0x00FFCD00,0x00FFCD00,0x00FFCD00,0x00FFCD00,
0x00FFCD00,0x00FFCD00,0x00FFCD00,0x00FFCD00,0x00FFCD00,0x00FFCD00,0x00FFCD00,0x00FFCD00,0x00FFCD00,0x00FFCD00,0x00FFCD00,0x00FFCD00,
0x00FFCD00,0x00FFCD00,0x00FFCD00,0x00FFCD00,0x00FFCD00,0x00FFCD00,0x00FFCD00,0x00FFCD00,0x00FFCD00,0x00FFCD00,0x00FFCD00,0x00FFCD00,
0x00FFCD00,0x00FFCD00,0x00FFCD00,0x00FFCD00,0x00FFCD00,0x00FFCD00,0x00FFCD00,0x00FFCD00,0x00FFCD00,0x00FFCD00,0x00FFCD00,0x00FFCD00,
0x00FFCD00,0x00FFCD00,0x00FFCD00,0x00FFCD00,0x00FFCD00,0x00FFCD00,0x00FFCD00,0x00FFCD00,0x00FFCD00,0x00FFCD00,0x00FFCD00,0x00FFCD00,
0x00FFCD00,0x00FFCD00,0x00FFCD00,0x00FFCD00,0x00FFCD00,0x00FFCD00,0x00FFCD00,0x00FFCD00,0x00FFCD00,0x00FFCD00,0x00FFCD00,0x00FFCD00,
0x00FFCD00,0x00FFCD00,0x00FFCD00,0x00FFCD00,0x00FFCD00,0x00FFCD00,0x00FFCD00,0x00FFCD00,0x00FFCD00,0x00FFCD00,0x00FFCD00,0x00FFCD00,
0x00FFCD00,0x00FFCD00,0x00FFCD00,0x00FFCD00,0x00FFCD00,0x00FFCD00,0x00FFCD00,0x00FFCD00,0x00FFCD00,0x00FFCD00,0x00FFCD00,0x00FFCD00,
0x00FFCD00,0x00FFCD00,0x00FFCD00,0x00FFCD00,0x00FFCD00,0x00FFCD00,0x00FFCD00,0x00FFCD00,0x00FFCD00,0x00FFCD00,0x00FFCD00,0x00FFCD00,
0x00FFCD00,0x00FFCD00,0x00FFCD00,0x00FFCD00,0x00FFCD00,0x00FFCD00,0x00FFCD00,0x00FFCD00,0x00FFCD00,0x00FFCD00,0x00FFCD00,0x00FFCD00,
0x00FFCD00,0x00FFCD00,0x00FFCD00,0x00FFCD00,0x00FFCD00,0x00FFCD00,0x00FFCD00,0x00FFCD00,0x00FFCD00,0x00FFCD00,0x00FFCD00,0x00FFCD00,
0x00FFCD00,0x00FFCD00,0x00FFCD00,0x00FFCD00,0x00FFCD00,0x00FFCD00,0x00FFCD00,0x00FFCD00,0x00FFCD00,0x00FFCD00,0x00FFCD00,0x00FFCD00,
0x00FFCD00,0x00FFCD00,0x00FFCD00,0x00FFCD00,0x00FFCD00,0x00FFCD00,0x00FFCD00,0x00FFCD00,0x00FFCD00,0x00FFCD00,0x00FFCD00,0x00FFCD00,
0x00FFCD00,0x00FFCD00,0x00FFCD00,0x00FFCD00,0x00FFCD00,0x00FFCD00,0x00FFCD00,0x00FFCD00,0x00FFCD00,0x00FFCD00,0x00FFCD00,0x00FFCD00,
0x00FFCD00,0x00FFCD00,0x00FFCD00,0x00FFCD00,0x00FFCD00,0x00FFCD00,0x00FFCD00,0x00FFCD00,0x00FFCD00,0x00FFCD00,0x00FFCD00,0x00FFCD00,
0x00FFCD00,0x00FFCD00,0x00FFCD00,0x00FFCD00,0x00FFCD00,0x00FFCD00,0x00FFCD00,0x00FFCD00,0x00FFCD00,0x00FFCD00,0x00FFCD00,0x00FFCD00,
0x00FFCD00,0x00FFCD00,0x00FFCD00,0x00FFCD00,0x00FFCD00,0x00FFCD00,0x00FFCD00,0x00FFCD00,0x00FFCD00,0x00FFCD00,0x00FFCD00,0x00FFCD00,
0x00FFCD00,0x00FFCD00,0x00FFCD00,0x00FFCD00,0x00FFCD00,0x00FFCD00,0x00FFCD00,0x00FFCD00,0x00FFCD00,0x00FFCD00,0x00FFCD00,0x00FFCD00,
0x00FFCD00,0x00FFCD00,0x00FFCD00,0x00FFCD00,0x00FFCD00,0x00FFCD00,0x00FFCD00,0x00FFCD00,0x00FFCD00,0x00FFCD00,0x00FFCD00,0x00FFCD00,
0x00FFCD00,0x00FFCD00,0x00FFCD00,0x00FFCD00,0x00FFCD00,0x00FFCD00,0x00FFCD00,0x00FFCD00,0x00FFCD00,0x00FFCD00,0x00FFCD00,0x00FFCD00,
0x00FFCD00,0x00FFCD00,0x00FFCD00,0x00FFCD00,0x00FFCD00,0x00FFCD00,0x00FFCD00,0x00FFCD00,0x00FFCD00,0x00FFCD00,0x00FFCD00,0x00FFCD00,
0x00FFCD00,0x00FFCD00,0x00FFCD00,0x00FFCD00,0x00FFCD00,0x00FFCD00,0x00FFCD00,0x00FFCD00,0x00FFCD00,0x00FFCD00,0x00FFCD00,0x00FFCD00,
0x00FFCD00,0x00FFCD00,0x00FFCD00,0x00FFCD00,0x00FFCD00,0x00FFCD00,0x00FFCD00,0x00FFCD00,0x00FFCD00,0x00FFCD00,0x00FFCD00,0x00FFCD00,
0x00FFCD00,0x00FFCD00,0x00FFCD00,0x00FFCD00,0x00FFCD00,0x00FFCD00,0x00FFCD00,0x00FFCD00,0x00FFCD00,0x00FFCD00,0x00FFCD00,0x00FFCD00,
0x00FFCD00,0x00FFCD00,0x00FFCD00,0x00FFCD00,0x00FFCD00,0x00FFCD00,0x00FFCD00,0x00FFCD00,0x00FFCD00,0x00FFCD00,0x00FFCD00,0x00FFCD00,
0x00FFCD00,0x00FFCD00,0x00FFCD00,0x00FFCD00,0x00FFCD00,0x00FFCD00,0x00FFCD00,0x00FFCD00,0x00FFCD00,0x00FFCD00,0x00FFCD00,0x00FFCD00,
0x00FFCD00,0x00FFCD00,0x00FFCD00,0x00FFCD00,0x00FFCD00,0x00FFCD00,0x00FFCD00,0x00FFCD00,0x00FFCD00,0x00FFCD00,0x00FFCD00,0x00FFCD00,
0x00FFCD00,0x00FFCD00,0x00FFCD00,0x00FFCD00,0x00FFCD00,0x00FFCD00,0x00FFCD00,0x00FFCD00,0x00FFCD00,0x00FFCD00,0x00FFCD00,0x00FFCD00,
0x00FFCD00,0x00FFCD00,0x00FFCD00,0x00FFCD00,0x00FFCD00,0x00FFCD00,0x00FFCD00,0x00FFCD00,0x00FFCD00,0x00FFCD00,0x00FFCD00,0x00FFCD00,
0x00FFCD00,0x00FFCD00,0x00FFCD00,0x00FFCD00,0x00FFCD00,0x00FFCD00,0x00FFCD00,0x00FFCD00,0x00FFCD00,0x00FFCD00,0x00FFCD00,0x00FFCD00,
0x00FFCD00,0x00FFCD00,0x00FFCD00,0x00FFCD00,0x00FFCD00,0x00FFCD00,0x00FFCD00,0x00FFCD00,0x00FFCD00,0x00FFCD00,0x00FFCD00,0x00FFCD00,
0x00FFCD00,0x00FFCD00,0x00FFCD00,0x00FFCD00,0x00FFCD00,0x00FFCD00,0x00FFCD00,0x00FFCD00,0x00FFCD00,0x00FFCD00,0x00FFCD00,0x00FFCD00,
0x00FFCD00,0x00FFCD00,0x00FFCD00,0x00FFCD00,0x00FFCD00,0x00FFCD00,0x00FFCD00,0x00FFCD00,0x00FFCD00,0x00FFCD00,0x00FFCD00,0x00FFCD00,
0x00FFCD00,0x00FFCD00,0x00FFCD00,0x00FFCD00,0x00FFCD00,0x00FFCD00,0x00FFCD00,0x00FFCD00,0x00FFCD00,0x00FFCD00,0x00FFCD00,0x00FFCD00,
0x00FFCD00,0x00FFCD00,0x00FFCD00,0x00FFCD00,0x00FFCD00,0x00FFCD00,0x00FFCD00,0x00FFCD00,0x00FFCD00,0x00FFCD00,0x00FFCD00,0x00FFCD00,
0x00FFCD00,0x00FFCD00,0x00FFCD00,0x00FFCD00,0x00FFCD00,0x00FFCD00,0x00FFCD00,0x00FFCD00,0x00FFCD00,0x00FFCD00,0x00FFCD00,0x00FFCD00,
0x00FFCD00,0x00FFCD00,0x00FFCD00,0x00FFCD00,0x00FFCD00,0x00FFCD00,0x00FFCD00,0x00FFCD00,0x00FFCD00,0x00FFCD00,0x00FFCD00,0x00FFCD00,
0x00FFCD00,0x00FFCD00,0x00FFCD00,0x00FFCD00,0x00FFCD00,0x00FFCD00,0x00FFCD00,0x00FFCD00,0x00FFCD00,0x00FFCD00,0x00FFCD00,0x00FFCD00,
0x00FFCD00,0x00FFCD00,0x00FFCD00,0x00FFCD00,0x00FFCD00,0x00FFCD00,0x00FFCD00,0x00FFCD00,0x00FFCD00,0x00FFCD00,0x00FFCD00,0x00FFCD00,
0x00FFCD00,0x00FFCD00,0x00FFCD00,0x00FFCD00,0x00FFCD00,0x00FFCD00,0x00FFCD00,0x00FFCD00,0x00FFCD00,0x00FFCD00,0x00FFCD00,0x00FFCD00,
0x00FFCD00,0x00FFCD00,0x00FFCD00,0x00FFCD00,0x00FFCD00,0x00FFCD00,0x00FFCD00,0x00FFCD00,0x00FFCD00,0x00FFCD00,0x00FFCD00,0x00FFCD00,
0x00FFCD00,0x00FFCD00,0x00FFCD00,0x00FFCD00,0x00FFCD00,0x00FFCD00,0x00FFCD00,0x00FFCD00,0x00FFCD00,0x00FFCD00,0x00FFCD00,0x00FFCD00,
0x00FFCD00,0x00FFCD00,0x00FFCD00,0x00FFCD00,0x00FFCD00,0x00FFCD00,0x00FFCD00,0x00FFCD00,0x00FFCD00,0x00FFCD00,0x00FFCD00,0x00FFCD00,
0x00FFCD00,0x00FFCD00,0x00FFCD00,0x00FFCD00,0x00FFCD00,0x00FFCD00,0x00FFCD00,0x00FFCD00,0x00FFCD00,0x00FFCD00,0x00FFCD00,0x00FFCD00,
0x00FFCD00,0x00FFCD00,0x00FFCD00,0x00FFCD00,0x00FFCD00,0x00FFCD00,0x00FFCD00,0x00FFCD00,0x00FFCD00,0x00FFCD00,0x00FFCD00,0x00FFCD00,
0x00FFCD00,0x00FFCD00,0x00FFCD00,0x00FFCD00,0x00FFCD00,0x00FFCD00,0x00FFCD00,0x00FFCD00,0x00FFCD00,0x00FFCD00,0x00FFCD00,0x00FFCD00,
0x00FFCD00,0x00FFCD00,0x00FFCD00,0x00FFCD00,0x00FFCD00,0x00FFCD00,0x00FFCD00,0x00FFCD00,0x00FFCD00,0x00FFCD00,0x00FFCD00,0x00FFCD00,
0x00FFCD00,0x00FFCD00,0x00FFCD00,0x00FFCD00,0x00FFCD00,0x00FFCD00,0x00FFCD00,0x00FFCD00,0x00FFCD00,0x00FFCD00,0x00FFCD00,0x00FFCD00,
0x00FFCD00,0x00FFCD00,0x00FFCD00,0x00FFCD00,0x00FFCD00,0x00FFCD00,0x00FFCD00,0x00FFCD00,0x00FFCD00,0x00FFCD00,0x00FFCD00,0x00FFCD00,
0x00FFCD00,0x00FFCD00,0x00FFCD00,0x00FFCD00,0x00FFCD00,0x00FFCD00,0x00FFCD00,0x00FFCD00,0x00FFCD00,0x00FFCD00,0x00FFCD00,0x00FFCD00,
0x00FFCD00,0x00FFCD00,0x00FFCD00,0x00FFCD00,0x00FFCD00,0x00FFCD00,0x00FFCD00,0x00FFCD00,0x00FFCD00,0x00FFCD00,0x00FFCD00,0x00FFCD00,
0x00FFCD00,0x00FFCD00,0x00FFCD00,0x00FFCD00,0x00FFCD00,0x00FFCD00,0x00FFCD00,0x00FFCD00,0x00FFCD00,0x00FFCD00,0x00FFCD00,0x00FFCD00,
0x00FFCD00,0x00FFCD00,0x00FFCD00,0x00FFCD00,0x00FFCD00,0x00FFCD00,0x00FFCD00,0x00FFCD00,0x00FFCD00,0x00FFCD00,0x00FFCD00,0x00FFCD00,
0x00FFCD00,0x00FFCD00,0x00FFCD00,0x00FFCD00,0x00FFCD00,0x00FFCD00,0x00FFCD00,0x00FFCD00,0x00FFCD00,0x00FFCD00,0x00FFCD00,0x00FFCD00,
0x00FFCD00,0x00FFCD00,0x00FFCD00,0x00FFCD00,0x00FFCD00,0x00FFCD00,0x00FFCD00,0x00FFCD00,0x00FFCD00,0x00FFCD00,0x00FFCD00,0x00FFCD00,
0x00FFCD00,0x00FFCD00,0x00FFCD00,0x00FFCD00,0x00FFCD00,0x00FFCD00,0x00FFCD00,0x00FFCD00,0x00FFCD00,0x00FFCD00,0x00FFCD00,0x00FFCD00,
0x00FFCD00,0x00FFCD00,0x00FFCD00,0x00FFCD00,0x00FFCD00,0x00FFCD00,0x00FFCD00,0x00FFCD00,0x00FFCD00,0x00FFCD00,0x00FFCD00,0x00FFCD00,
0x00FFCD00,0x00FFCD00,0x00FFCD00,0x00FFCD00,0x00FFCD00,0x00FFCD00,0x00FFCD00,0x00FFCD00,0x00FFCD00,0x00FFCD00,0x00FFCD00,0x00FFCD00,
0x00FFCD00,0x00FFCD00,0x00FFCD00,0x00FFCD00,0x00FFCD00,0x00FFCD00,0x00FFCD00,0x00FFCD00,0x00FFCD00,0x00FFCD00,0x00FFCD00,0x00FFCD00,
0x00FFCD00,0x00FFCD00,0x00FFCD00,0x00FFCD00,0x00FFCD00,0x00FFCD00,0x00FFCD00,0x00FFCD00,0x00FFCD00,0x00FFCD00,0x00FFCD00,0x00FFCD00,
0x00FFCD00,0x00FFCD00,0x00FFCD00,0x00FFCD00,0x00FFCD00,0x00FFCD00,0x00FFCD00,0x00FFCD00,0x00FFCD00,0x00FFCD00,0x00FFCD00,0x00FFCD00,
0x00FFCD00,0x00FFCD00,0x00FFCD00,0x00FFCD00,0x00FFCD00,0x00FFCD00,0x00FFCD00,0x00FFCD00,0x00FFCD00,0x00FFCD00,0x00FFCD00,0x00FFCD00,
0x00FFCD00,0x00FFCD00,0x00FFCD00,0x00FFCD00,0x00FFCD00,0x00FFCD00,0x00FFCD00,0x00FFCD00,0x00FFCD00,0x00FFCD00,0x00FFCD00,0x00FFCD00,
0x00FFCD00,0x00FFCD00,0x00FFCD00,0x00FFCD00,0x00FFCD00,0x00FFCD00,0x00FFCD00,0x00FFCD00,0x00FFCD00,0x00FFCD00,0x00FFCD00,0x00FFCD00,
0x00FFCD00,0x00FFCD00,0x00FFCD00,0x00FFCD00,0x00FFCD00,0x00FFCD00,0x00FFCD00,0x00FFCD00,0x00FFCD00,0x00FFCD00,0x00FFCD00,0x00FFCD00,
0x00FFCD00,0x00FFCD00,0x00FFCD00,0x00FFCD00,0x00FFCD00,0x00FFCD00,0x00FFCD00,0x00FFCD00,0x00FFCD00,0x00FFCD00,0x00FFCD00,0x00FFCD00,
0x00FFCD00,0x00FFCD00,0x00FFCD00,0x00FFCD00,0x00FFCD00,0x00FFCD00,0x00FFCD00,0x00FFCD00,0x00FFCD00,0x00FFCD00,0x00FFCD00,0x00FFCD00,
0x00FFCD00,0x00FFCD00,0x00FFCD00,0x00FFCD00,0x00FFCD00,0x00FFCD00,0x00FFCD00,0x00FFCD00,0x00FFCD00,0x00FFCD00,0x00FFCD00,0x00FFCD00,
0x00FFCD00,0x00FFCD00,0x00FFCD00,0x00FFCD00,0x00FFCD00,0x00FFCD00,0x00FFCD00,0x00FFCD00,0x00FFCD00,0x00FFCD00,0x00FFCD00,0x00FFCD00,
0x00FFCD00,0x00FFCD00,0x00FFCD00,0x00FFCD00,0x00FFCD00,0x00FFCD00,0x00FFCD00,0x00FFCD00,0x00FFCD00,0x00FFCD00,0x00FFCD00,0x00FFCD00,
0x00FFCD00,0x00FFCD00,0x00FFCD00,0x00FFCD00,0x00FFCD00,0x00FFCD00,0x00FFCD00,0x00FFCD00,0x00FFCD00,0x00FFCD00,0x00FFCD00,0x00FFCD00,
0x00FFCD00,0x00FFCD00,0x00FFCD00,0x00FFCD00,0x00FFCD00,0x00FFCD00,0x00FFCD00,0x00FFCD00,0x00FFCD00,0x00FFCD00,0x00FFCD00,0x00FFCD00,
0x00FFCD00,0x00FFCD00,0x00FFCD00,0x00FFCD00,0x00FFCD00,0x00FFCD00,0x00FFCD00,0x00FFCD00,0x00FFCD00,0x00FFCD00,0x00FFCD00,0x00FFCD00,
0x00FFCD00,0x00FFCD00,0x00FFCD00,0x00FFCD00,0x00FFCD00,0x00FFCD00,0x00FFCD00,0x00FFCD00,0x00FFCD00,0x00FFCD00,0x00FFCD00,0x00FFCD00,
0x00FFCD00,0x00FFCD00,0x00FFCD00,0x00FFCD00,0x00FFCD00,0x00FFCD00,0x00FFCD00,0x00FFCD00,0x00FFCD00,0x00FFCD00,0x00FFCD00,0x00FFCD00,
0x00FFCD00,0x00FFCD00,0x00FFCD00,0x00FFCD00,0x00FFCD00,0x00FFCD00,0x00FFCD00,0x00FFCD00,0x00FFCD00,0x00FFCD00,0x00FFCD00,0x00FFCD00,
0x00FFCD00,0x00FFCD00,0x00FFCD00,0x00FFCD00,0x00FFCD00,0x00FFCD00,0x00FFCD00,0x00FFCD00,0x00FFCD00,0x00FFCD00,0x00FFCD00,0x00FFCD00,
0x00FFCD00,0x00FFCD00,0x00FFCD00,0x00FFCD00,0x00FFCD00,0x00FFCD00,0x00FFCD00,0x00FFCD00,0x00FFCD00,0x00FFCD00,0x00FFCD00,0x00FFCD00,
0x00FFCD00,0x00FFCD00,0x00FFCD00,0x00FFCD00,0x00FFCD00,0x00FFCD00,0x00FFCD00,0x00FFCD00,0x00FFCD00,0x00FFCD00,0x00FFCD00,0x00FFCD00,
0x00FFCD00,0x00FFCD00,0x00FFCD00,0x00FFCD00,0x00FFCD00,0x00FFCD00,0x00FFCD00,0x00FFCD00,0x00FFCD00,0x00FFCD00,0x00FFCD00,0x00FFCD00,
0x00FFCD00,0x00FFCD00,0x00FFCD00,0x00FFCD00,0x00FFCD00,0x00FFCD00,0x00FFCD00,0x00FFCD00,0x00FFCD00,0x00FFCD00,0x00FFCD00,0x00FFCD00,
0x00FFCD00,0x00FFCD00,0x00FFCD00,0x00FFCD00,0x00FFCD00,0x00FFCD00,0x00FFCD00,0x00FFCD00,0x00FFCD00,0x00FFCD00,0x00FFCD00,0x00FFCD00,
0x00FFCD00,0x00FFCD00,0x00FFCD00,0x00FFCD00,0x00FFCD00,0x00FFCD00,0x00FFCD00,0x00FFCD00,0x00FFCD00,0x00FFCD00,0x00FFCD00,0x00FFCD00,
0x00FFCD00,0x00FFCD00,0x00FFCD00,0x00FFCD00,0x00FFCD00,0x00FFCD00,0x00FFCD00,0x00FFCD00,0x00FFCD00,0x00FFCD00,0x00FFCD00,0x00FFCD00,
0x00FFCD00,0x00FFCD00,0x00FFCD00,0x00FFCD00,0x00FFCD00,0x00FFCD00,0x00FFCD00,0x00FFCD00,0x00FFCD00,0x00FFCD00,0x00FFCD00,0x00FFCD00,
0x00FFCD00,0x00FFCD00,0x00FFCD00,0x00FFCD00,0x00FFCD00,0x00FFCD00,0x00FFCD00,0x00FFCD00,0x00FFCD00,0x00FFCD00,0x00FFCD00,0x00FFCD00,
0x00FFCD00,0x00FFCD00,0x00FFCD00,0x00FFCD00,0x00FFCD00,0x00FFCD00,0x00FFCD00,0x00FFCD00,0x00FFCD00,0x00FFCD00,0x00FFCD00,0x00FFCD00,
0x00FFCD00,0x00FFCD00,0x00FFCD00,0x00FFCD00,0x00FFCD00,0x00FFCD00,0x00FFCD00,0x00FFCD00,0x00FFCD00,0x00FFCD00,0x00FFCD00,0x00FFCD00,
0x00FFCD00,0x00FFCD00,0x00FFCD00,0x00FFCD00,0x00FFCD00,0x00FFCD00,0x00FFCD00,0x00FFCD00,0x00FFCD00,0x00FFCD00,0x00FFCD00,0x00FFCD00,
0x00FFCD00,0x00FFCD00,0x00FFCD00,0x00FFCD00,0x00FFCD00,0x00FFCD00,0x00FFCD00,0x00FFCD00,0x00FFCD00,0x00FFCD00,0x00FFCD00,0x00FFCD00,
0x00FFCD00,0x00FFCD00,0x00FFCD00,0x00FFCD00,0x00FFCD00,0x00FFCD00,0x00FFCD00,0x00FFCD00,0x00FFCD00,0x00FFCD00,0x00FFCD00,0x00FFCD00,
0x00FFCD00,0x00FFCD00,0x00FFCD00,0x00FFCD00,0x00FFCD00,0x00FFCD00,0x00FFCD00,0x00FFCD00,0x00FFCD00,0x00FFCD00,0x00FFCD00,0x00FFCD00,
0x00FFCD00,0x00FFCD00,0x00FFCD00,0x00FFCD00,0x00FFCD00,0x00FFCD00,0x00FFCD00,0x00FFCD00,0x00FFCD00,0x00FFCD00,0x00FFCD00,0x00FFCD00,
0x00FFCD00,0x00FFCD00,0x00FFCD00,0x00FFCD00,0x00FFCD00,0x00FFCD00,0x00FFCD00,0x00FFCD00,0x00FFCD00,0x00FFCD00,0x00FFCD00,0x00FFCD00,
0x00FFCD00,0x00FFCD00,0x00FFCD00,0x00FFCD00,0x00FFCD00,0x00FFCD00,0x00FFCD00,0x00FFCD00,0x00FFCD00,0x00FFCD00,0x00FFCD00,0x00FFCD00,
0x00FFCD00,0x00FFCD00,0x00FFCD00,0x00FFCD00,0x00FFCD00,0x00FFCD00,0x00FFCD00,0x00FFCD00,0x00FFCD00,0x00FFCD00,0x00FFCD00,0x00FFCD00,
0x00FFCD00,0x00FFCD00,0x00FFCD00,0x00FFCD00,0x00FFCD00,0x00FFCD00,0x00FFCD00,0x00FFCD00,0x00FFCD00,0x00FFCD00,0x00FFCD00,0x00FFCD00,
0x00FFCD00,0x00FFCD00,0x00FFCD00,0x00FFCD00,0x00FFCD00,0x00FFCD00,0x00FFCD00,0x00FFCD00,0x00FFCD00,0x00FFCD00,0x00FFCD00,0x00FFCD00,
0x00FFCD00,0x00FFCD00,0x00FFCD00,0x00FFCD00,0x00FFCD00,0x00FFCD00,0x00FFCD00,0x00FFCD00,0x00FFCD00,0x00FFCD00,0x00FFCD00,0x00FFCD00,
};
